experiment,seed,data_seed,epoch,cosine,main_grad_norm,weighted_aux_grad_norm,norm_ratio,step,projection_scope,enc_cls_aux_cosine_raw,enc_cls_aux_dot_raw,enc_cls_aux_dot_projected,enc_cls_grad_norm,enc_aux_grad_norm,enc_aux_grad_norm_projected,projection_applied,projection_removed_ratio,projection_vector_numel,projection_vector_mb,grad_scale,optimizer_step_skipped
shared_e2e_rep_projected,44,42,1,-0.0006206777179613709,3.07028865814209,0.6247025728225708,0.20346704899095525,0,encoder_output_representation,-0.0006206777179613709,-0.0023809410631656647,-1.1641532182693481e-10,3.07028865814209,1.2494051456451416,1.2494049072265625,True,1.7881393432617188e-07,3194880,12.1875,65536.0,True
shared_e2e_rep_projected,44,42,1,-0.0004310524382162839,6.2592291831970215,1.0910099744796753,0.1743042062445173,1,encoder_output_representation,-0.0004310524382162839,-0.005887211766093969,-3.958120942115784e-09,6.2592291831970215,2.1820199489593506,2.1820199489593506,True,0.0,2088960,7.96875,32768.0,True
shared_e2e_rep_projected,44,42,1,0.0003595834714360535,1.6750619411468506,0.3329896628856659,0.19879244743491734,2,encoder_output_representation,0.0003595834714360535,0.0004011357086710632,0.0004011357086710632,1.6750619411468506,0.6659793257713318,0.6659793257713318,False,0.0,2350080,8.96484375,16384.0,True
shared_e2e_rep_projected,44,42,1,0.0008423332474194467,3.5495448112487793,2.2850072383880615,0.6437465534021992,3,encoder_output_representation,0.0008423332474194467,0.013663885183632374,0.013663885183632374,3.5495448112487793,4.570014476776123,4.570014476776123,False,0.0,2355200,8.984375,8192.0,True
shared_e2e_rep_projected,44,42,1,0.002499478170648217,0.539850652217865,0.44252410531044006,0.8197157926778843,4,encoder_output_representation,0.002499478170648217,0.0011942352866753936,0.0011942352866753936,0.539850652217865,0.8850482106208801,0.8850482106208801,False,0.0,2088960,7.96875,4096.0,True
shared_e2e_rep_projected,44,42,1,0.00027361285174265504,2.3086373805999756,0.8011948466300964,0.34704230875005565,5,encoder_output_representation,0.00027361285174265504,0.0010121860541403294,0.0010121860541403294,2.3086373805999756,1.6023896932601929,1.6023896932601929,False,0.0,2587648,9.87109375,2048.0,True
shared_e2e_rep_projected,44,42,1,0.0006534847198054194,2.46376895904541,0.7391056418418884,0.2999898343261276,6,encoder_output_representation,0.0006534847198054194,0.0023799724876880646,0.0023799724876880646,2.46376895904541,1.4782112836837769,1.4782112836837769,False,0.0,2345472,8.947265625,1024.0,True
shared_e2e_rep_projected,44,42,1,-0.00018129580712411553,2.3431549072265625,0.29721009731292725,0.12684184745801344,7,encoder_output_representation,-0.00018129580712411553,-0.0002525121672078967,-1.8917489796876907e-10,2.3431549072265625,0.5944201946258545,0.5944201946258545,True,0.0,2350080,8.96484375,512.0,True
shared_e2e_rep_projected,44,42,1,0.0002477211819496006,2.2035763263702393,0.7511206269264221,0.34086435669949233,8,encoder_output_representation,0.0002477211819496006,0.0008200322045013309,0.0008200322045013309,2.2035763263702393,1.5022412538528442,1.5022412538528442,False,0.0,2088960,7.96875,256.0,False
shared_e2e_rep_projected,44,42,1,-0.0003597024187911302,1.0595951080322266,0.7943344712257385,0.7496584923847909,9,encoder_output_representation,-0.0003597024187911302,-0.0006055035628378391,-3.7834979593753815e-10,1.0595951080322266,1.588668942451477,1.588668704032898,True,1.7881393432617188e-07,2437120,9.296875,256.0,False
shared_e2e_rep_projected,44,42,1,-0.006055552512407303,4.476666450500488,0.5878234505653381,0.13130829760605012,10,encoder_output_representation,-0.006055552512407303,-0.031870245933532715,-1.862645149230957e-09,4.476666450500488,1.1756469011306763,1.1756253242492676,True,1.8358230590820312e-05,2350080,8.96484375,256.0,True
shared_e2e_rep_projected,44,42,1,-8.034998609218746e-05,3.688117265701294,1.6668308973312378,0.4519462851228757,11,encoder_output_representation,-8.034998609218746e-05,-0.0009878978598862886,-8.149072527885437e-10,3.688117265701294,3.3336617946624756,3.3336617946624756,True,0.0,2396160,9.140625,128.0,False
shared_e2e_rep_projected,44,42,1,-0.003870622254908085,0.7375125288963318,0.3529419004917145,0.4785571589134666,12,encoder_output_representation,-0.003870622254908085,-0.0020150388590991497,-5.238689482212067e-10,0.7375125288963318,0.705883800983429,0.705878496170044,True,7.510185241699219e-06,2088960,7.96875,128.0,False
shared_e2e_rep_projected,44,42,1,-0.002122209407389164,0.3297770917415619,0.40796008706092834,1.237078309189034,13,encoder_output_representation,-0.002122209407389164,-0.0005710266996175051,-3.637978807091713e-11,0.3297770917415619,0.8159201741218567,0.8159183263778687,True,2.2649765014648438e-06,2350080,8.96484375,128.0,False
shared_e2e_rep_projected,44,42,1,-0.0003185092646162957,1.0596160888671875,1.0319501161575317,0.973890569423844,14,encoder_output_representation,-0.0003185092646162957,-0.0006965612410567701,-6.402842700481415e-10,1.0596160888671875,2.0639002323150635,2.0638999938964844,True,1.1920928955078125e-07,2396160,9.140625,128.0,False
shared_e2e_rep_projected,44,42,1,0.000269297044724226,0.6273687481880188,1.079153060913086,1.7201256263241056,15,encoder_output_representation,0.000269297044724226,0.00036464270669966936,0.00036464270669966936,0.6273687481880188,2.158306121826172,2.158306121826172,False,0.0,2350080,8.96484375,128.0,False
shared_e2e_rep_projected,44,42,1,-0.0008500044932588935,0.5180448293685913,0.9523960947990417,1.8384433948696117,16,encoder_output_representation,-0.0008500044932588935,-0.0008387570269405842,-1.7462298274040222e-10,0.5180448293685913,1.9047921895980835,1.9047913551330566,True,4.172325134277344e-07,2396160,9.140625,128.0,False
shared_e2e_rep_projected,44,42,1,-2.7013047656510025e-05,0.18870890140533447,1.5011807680130005,7.9550077226540665,17,encoder_output_representation,-2.7013047656510025e-05,-1.530484587419778e-05,-4.3655745685100555e-11,0.18870890140533447,3.002361536026001,3.002361536026001,True,0.0,2088960,7.96875,128.0,False
shared_e2e_rep_projected,44,42,1,-0.0011562309227883816,0.19722038507461548,1.6322377920150757,8.276212377323684,18,encoder_output_representation,-0.0011562309227883816,-0.0007444059010595083,2.9103830456733704e-11,0.19722038507461548,3.2644755840301514,3.2644731998443604,True,7.152557373046875e-07,2758144,10.521484375,128.0,False
shared_e2e_rep_projected,44,42,1,-0.0006814972730353475,0.0671723410487175,0.575322687625885,8.564874748203666,19,encoder_output_representation,-0.0006814972730353475,-5.267397500574589e-05,7.275957614183426e-12,0.0671723410487175,1.15064537525177,1.150645136833191,True,1.7881393432617188e-07,3100672,11.828125,128.0,False
shared_e2e_rep_projected,44,42,1,0.00042862488771788776,0.13265074789524078,2.637220859527588,19.8809347204759,20,encoder_output_representation,0.00042862488771788776,0.0002998911077156663,0.0002998911077156663,0.13265074789524078,5.274441719055176,5.274441719055176,False,0.0,2457600,9.375,128.0,False
shared_e2e_rep_projected,44,42,1,0.0009126554941758513,0.16284170746803284,0.46911752223968506,2.8808192295071375,21,encoder_output_representation,0.0009126554941758513,0.00013943896919954568,0.00013943896919954568,0.16284170746803284,0.9382350444793701,0.9382350444793701,False,0.0,3004416,11.4609375,128.0,False
shared_e2e_rep_projected,44,42,1,0.00036192344850860536,0.046302247792482376,1.6691310405731201,36.048596345772225,22,encoder_output_representation,0.00036192344850860536,5.594216054305434e-05,5.594216054305434e-05,0.046302247792482376,3.3382620811462402,3.3382620811462402,False,0.0,2350080,8.96484375,128.0,False
shared_e2e_rep_projected,44,42,1,0.0005350768333300948,0.07120855152606964,2.844116449356079,39.94065864848888,23,encoder_output_representation,0.0005350768333300948,0.000216733300476335,0.000216733300476335,0.07120855152606964,5.688232898712158,5.688232898712158,False,0.0,2325504,8.87109375,128.0,False
shared_e2e_rep_projected,44,42,1,0.002184805227443576,0.0301107969135046,1.3244402408599854,43.98555922198054,24,encoder_output_representation,0.002184805227443576,0.00017425985424779356,0.00017425985424779356,0.0301107969135046,2.6488804817199707,2.6488804817199707,False,0.0,2420736,9.234375,128.0,False
shared_e2e_rep_projected,44,42,1,-0.0013729626080021262,0.013398312963545322,1.3955185413360596,104.15628782019374,25,encoder_output_representation,-0.0013729626080021262,-5.1342194637982175e-05,0.0,0.013398312963545322,2.791037082672119,2.791034698486328,True,8.344650268554688e-07,2088960,7.96875,128.0,False
shared_e2e_rep_projected,44,42,1,0.0016750150825828314,0.021439380943775177,1.6421769857406616,76.59628746031774,26,encoder_output_representation,0.0016750150825828314,0.00011794536840170622,0.00011794536840170622,0.021439380943775177,3.2843539714813232,3.2843539714813232,False,0.0,2846720,10.859375,128.0,False
shared_e2e_rep_projected,44,42,1,0.002982979640364647,0.013026004657149315,1.3153703212738037,100.98033555913581,27,encoder_output_representation,0.002982979640364647,0.00010222086712019518,0.00010222086712019518,0.013026004657149315,2.6307406425476074,2.6307406425476074,False,0.0,2903040,11.07421875,128.0,False
shared_e2e_rep_projected,44,42,1,0.00036125219776295125,0.022456705570220947,1.7458913326263428,77.74476657615836,28,encoder_output_representation,0.00036125219776295125,2.8327205654932186e-05,2.8327205654932186e-05,0.022456705570220947,3.4917826652526855,3.4917826652526855,False,0.0,2088960,7.96875,128.0,False
shared_e2e_rep_projected,44,42,1,0.00014924723654985428,0.023821977898478508,2.570932626724243,107.92271899842736,29,encoder_output_representation,0.00014924723654985428,1.828120366553776e-05,1.828120366553776e-05,0.023821977898478508,5.141865253448486,5.141865253448486,False,0.0,2350080,8.96484375,128.0,False
shared_e2e_rep_projected,44,42,1,-0.0014744652435183525,0.008746474049985409,1.0030080080032349,114.6756970032865,30,encoder_output_representation,-0.0014744652435183525,-2.587032940937206e-05,7.275957614183426e-12,0.008746474049985409,2.0060160160064697,2.006013870239258,True,1.0728836059570312e-06,2088960,7.96875,128.0,False
shared_e2e_rep_projected,44,42,1,0.0008600626606494188,0.036435775458812714,3.574326515197754,98.09936717933176,31,encoder_output_representation,0.0008600626606494188,0.00022401769820135087,0.00022401769820135087,0.036435775458812714,7.148653030395508,7.148653030395508,False,0.0,2350080,8.96484375,128.0,False
shared_e2e_rep_projected,44,42,1,0.0017452064203098416,0.0067717526108026505,0.9103729724884033,134.43683265040266,32,encoder_output_representation,0.0017452064203098416,2.1517767891054973e-05,2.1517767891054973e-05,0.0067717526108026505,1.8207459449768066,1.8207459449768066,False,0.0,3525120,13.447265625,128.0,False
shared_e2e_rep_projected,44,42,1,0.001338703790679574,0.014751426875591278,1.5065590143203735,102.12971443550518,33,encoder_output_representation,0.001338703790679574,5.950242484686896e-05,5.950242484686896e-05,0.014751426875591278,3.013118028640747,3.013118028640747,False,0.0,2350080,8.96484375,128.0,False
shared_e2e_rep_projected,44,42,1,-0.00032881609513424337,0.02898300625383854,2.4015564918518066,82.86084855444359,34,encoder_output_representation,-0.00032881609513424337,-4.5774046157021075e-05,3.637978807091713e-12,0.02898300625383854,4.803112983703613,4.803112506866455,True,1.1920928955078125e-07,2396160,9.140625,128.0,False
shared_e2e_rep_projected,44,42,1,-0.0015174683649092913,0.007533291820436716,1.391823172569275,184.75630650514066,35,encoder_output_representation,-0.0015174683649092913,-3.18213424179703e-05,-1.8189894035458565e-12,0.007533291820436716,2.78364634513855,2.7836430072784424,True,1.1920928955078125e-06,2611200,9.9609375,128.0,False
shared_e2e_rep_projected,44,42,1,-0.0004448322288226336,0.011194045655429363,1.7046459913253784,152.28149355444043,36,encoder_output_representation,-0.0004448322288226336,-1.697647530818358e-05,-1.8189894035458565e-12,0.011194045655429363,3.409291982650757,3.4092915058135986,True,1.1920928955078125e-07,2482176,9.46875,128.0,False
shared_e2e_rep_projected,44,42,1,0.0009223941597156227,0.02611594833433628,3.4516749382019043,132.16732143951174,37,encoder_output_representation,0.0009223941597156227,0.00016629615856800228,0.00016629615856800228,0.02611594833433628,6.903349876403809,6.903349876403809,False,0.0,2264064,8.63671875,128.0,False
shared_e2e_rep_projected,44,42,1,-5.729431450163247e-06,0.004740357864648104,0.39971455931663513,84.3215999149692,38,encoder_output_representation,-5.729431450163247e-06,-2.1712139641749673e-08,-5.229594535194337e-12,0.004740357864648104,0.7994291186332703,0.7994291186332703,True,0.0,3594240,13.7109375,128.0,False
shared_e2e_rep_projected,44,42,1,0.0018920641159638762,0.008432569913566113,1.21305251121521,143.85324090390057,39,encoder_output_representation,0.0018920641159638762,3.870841464959085e-05,3.870841464959085e-05,0.008432569913566113,2.42610502243042,2.42610502243042,False,0.0,3133440,11.953125,128.0,False
shared_e2e_rep_projected,44,42,1,0.0016045649535953999,0.01835433952510357,2.192305088043213,119.44342018108343,40,encoder_output_representation,0.0016045649535953999,0.00012912997044622898,0.00012912997044622898,0.01835433952510357,4.384610176086426,4.384610176086426,False,0.0,2088960,7.96875,128.0,False
shared_e2e_rep_projected,44,42,1,-0.00032616392127238214,0.013767262920737267,1.7948068380355835,130.36773165217272,41,encoder_output_representation,-0.00032616392127238214,-1.611874540685676e-05,-3.865352482534945e-12,0.013767262920737267,3.589613676071167,3.589613437652588,True,5.960464477539063e-08,2088960,7.96875,128.0,False
shared_e2e_rep_projected,44,42,1,0.00031366178882308304,0.01507483422756195,0.7331684231758118,48.63525609026793,42,encoder_output_representation,0.00031366178882308304,6.933426448085811e-06,6.933426448085811e-06,0.01507483422756195,1.4663368463516235,1.4663368463516235,False,0.0,2088960,7.96875,128.0,False
shared_e2e_rep_projected,44,42,1,2.1393461793195456e-05,0.020830348134040833,1.000195026397705,48.016241493496324,43,encoder_output_representation,2.1393461793195456e-05,8.914403224480338e-07,8.914403224480338e-07,0.020830348134040833,2.00039005279541,2.00039005279541,False,0.0,3133440,11.953125,128.0,False
shared_e2e_rep_projected,44,42,1,-0.0007363792974501848,0.00924309529364109,1.7982722520828247,194.55303607223112,44,encoder_output_representation,-0.0007363792974501848,-2.4479608327965252e-05,-7.73070496506989e-12,0.00924309529364109,3.5965445041656494,3.596543550491333,True,2.384185791015625e-07,2785280,10.625,128.0,False
shared_e2e_rep_projected,44,42,1,-0.00013973975728731602,0.010966239497065544,1.3174649477005005,120.13826143894093,45,encoder_output_representation,-0.00013973975728731602,-4.037818143842742e-06,-1.8189894035458565e-12,0.010966239497065544,2.634929895401001,2.634929895401001,True,0.0,2785280,10.625,128.0,False
shared_e2e_rep_projected,44,42,1,3.1894276617094874e-05,0.014053309336304665,2.3183889389038086,164.97103162132714,46,encoder_output_representation,3.1894276617094874e-05,2.0782972569577396e-06,2.0782972569577396e-06,0.014053309336304665,4.636777877807617,4.636777877807617,False,0.0,3133440,11.953125,128.0,False
shared_e2e_rep_projected,44,42,1,-0.0009459482971578836,0.0065803672187030315,0.5349037051200867,81.28781986509172,47,encoder_output_representation,-0.0009459482971578836,-6.6592165239853784e-06,-1.8189894035458565e-12,0.0065803672187030315,1.0698074102401733,1.0698069334030151,True,4.172325134277344e-07,2088960,7.96875,128.0,False
shared_e2e_rep_projected,44,42,1,0.009330600500106812,0.016604173928499222,2.359964609146118,142.1308051402365,48,encoder_output_representation,0.009330600500106812,0.0007312441011890769,0.0007312441011890769,0.016604173928499222,4.719929218292236,4.719929218292236,False,0.0,2088960,7.96875,128.0,False
shared_e2e_rep_projected,44,42,1,-0.0013472746359184384,0.008751679211854935,0.9850262999534607,112.55283427426752,49,encoder_output_representation,-0.0013472746359184384,-2.322872205695603e-05,3.637978807091713e-12,0.008751679211854935,1.9700525999069214,1.9700506925582886,True,9.5367431640625e-07,3133440,11.953125,128.0,False
shared_e2e_rep_projected,44,42,1,0.001191263902001083,0.008785827085375786,1.3869366645812988,157.8606830186639,50,encoder_output_representation,0.001191263902001083,2.903202039306052e-05,2.903202039306052e-05,0.008785827085375786,2.7738733291625977,2.7738733291625977,False,0.0,2611200,9.9609375,128.0,False
shared_e2e_rep_projected,44,42,1,-0.0003366867604199797,0.009187025018036366,1.0392601490020752,113.12259920504785,51,encoder_output_representation,-0.0003366867604199797,-6.429174391087145e-06,-2.7284841053187847e-11,0.009187025018036366,2.0785202980041504,2.0785200595855713,True,1.1920928955078125e-07,2350080,8.96484375,128.0,False
shared_e2e_rep_projected,44,42,1,-0.00033858444658108056,0.009628110565245152,1.5646226406097412,162.5056785552091,52,encoder_output_representation,-0.00033858444658108056,-1.0201115401287097e-05,-2.000888343900442e-11,0.009628110565245152,3.1292452812194824,3.1292450428009033,True,5.960464477539063e-08,2810880,10.72265625,128.0,False
shared_e2e_rep_projected,44,42,1,-2.8814692996093072e-05,0.006779227405786514,0.9646803140640259,142.2994474622002,53,encoder_output_representation,-2.8814692996093072e-05,-3.7688391785195563e-07,-1.9895196601282805e-12,0.006779227405786514,1.9293606281280518,1.9293606281280518,True,0.0,3525120,13.447265625,128.0,False
shared_e2e_rep_projected,44,42,1,0.0007263392908498645,0.005834454670548439,0.8858396410942078,151.82903820742837,54,encoder_output_representation,0.0007263392908498645,7.5080115493619815e-06,7.5080115493619815e-06,0.005834454670548439,1.7716792821884155,1.7716792821884155,False,0.0,2088960,7.96875,128.0,False
shared_e2e_rep_projected,44,42,1,0.0004468780825845897,0.012530835345387459,1.6578369140625,132.30059037307052,55,encoder_output_representation,0.0004468780825845897,1.8566963262856007e-05,1.8566963262856007e-05,0.012530835345387459,3.315673828125,3.315673828125,False,0.0,2457600,9.375,128.0,False
shared_e2e_rep_projected,44,42,1,0.0003961336624342948,0.011800670064985752,1.240373134613037,105.11039862841336,56,encoder_output_representation,0.0003961336624342948,1.1596602234931197e-05,1.1596602234931197e-05,0.011800670064985752,2.480746269226074,2.480746269226074,False,0.0,2325504,8.87109375,128.0,False
shared_e2e_rep_projected,44,42,1,0.0028654644265770912,0.005909406580030918,0.3905307352542877,66.0862863242428,57,encoder_output_representation,0.0028654644265770912,1.3225866496213712e-05,1.3225866496213712e-05,0.005909406580030918,0.7810614705085754,0.7810614705085754,False,0.0,3194880,12.1875,128.0,False
shared_e2e_rep_projected,44,42,1,-0.006538460496813059,0.009489482268691063,1.068567156791687,112.60542214376048,58,encoder_output_representation,-0.006538460496813059,-0.00013260192645248026,7.275957614183426e-12,0.009489482268691063,2.137134313583374,2.1370885372161865,True,2.1398067474365234e-05,2396160,9.140625,128.0,False
shared_e2e_rep_projected,44,42,1,7.123454270185903e-05,0.014921213500201702,2.638620615005493,176.83686484144368,59,encoder_output_representation,7.123454270185903e-05,5.6092103477567434e-06,5.6092103477567434e-06,0.014921213500201702,5.277241230010986,5.277241230010986,False,0.0,2088960,7.96875,128.0,False
shared_e2e_rep_projected,44,42,1,-0.011067459359765053,0.01507876068353653,0.954951286315918,63.330886825371806,60,encoder_output_representation,-0.011067459359765053,-0.00031873135594651103,-1.4551915228366852e-11,0.01507876068353653,1.909902572631836,1.9097856283187866,True,6.121397018432617e-05,2088960,7.96875,128.0,False
shared_e2e_rep_projected,44,42,1,-0.0001593754714122042,0.014453891664743423,2.1283652782440186,147.25205692772846,61,encoder_output_representation,-0.0001593754714122042,-9.80578624876216e-06,-2.2737367544323206e-12,0.014453891664743423,4.256730556488037,4.256730556488037,True,0.0,2396160,9.140625,128.0,False
shared_e2e_rep_projected,44,42,1,-0.0034058024175465107,0.009755623526871204,0.5821070671081543,59.66887359939422,62,encoder_output_representation,-0.0034058024175465107,-3.868186104227789e-05,7.275957614183426e-12,0.009755623526871204,1.1642141342163086,1.1642074584960938,True,5.7220458984375e-06,2350080,8.96484375,128.0,False
shared_e2e_rep_projected,44,42,1,-9.1447163867997e-06,0.009740366600453854,1.3132975101470947,134.83039848683944,63,encoder_output_representation,-9.1447163867997e-06,-2.3395841708406806e-07,-2.8194335754960775e-11,0.009740366600453854,2.6265950202941895,2.6265950202941895,True,0.0,2088960,7.96875,128.0,False
shared_e2e_rep_projected,44,42,1,-0.0005382825620472431,0.008201402612030506,0.5692376494407654,69.40735339657144,64,encoder_output_representation,-0.0005382825620472431,-5.02599505125545e-06,-2.1373125491663814e-11,0.008201402612030506,1.1384752988815308,1.1384751796722412,True,1.1920928955078125e-07,2350080,8.96484375,128.0,False
shared_e2e_rep_projected,44,42,1,-0.00033061730209738016,0.007381259463727474,0.9241774082183838,125.20592356357595,65,encoder_output_representation,-0.00033061730209738016,-4.510673534241505e-06,-3.694822225952521e-12,0.007381259463727474,1.8483548164367676,1.848354697227478,True,5.960464477539063e-08,2088960,7.96875,128.0,False
shared_e2e_rep_projected,44,42,1,-4.0425333281746134e-05,0.01671687513589859,2.5269479751586914,151.1615032484275,66,encoder_output_representation,-4.0425333281746134e-05,-3.4153481465182267e-06,-3.069544618483633e-12,0.01671687513589859,5.053895950317383,5.053895950317383,True,0.0,2265088,8.640625,128.0,False
shared_e2e_rep_projected,44,42,1,-0.001186311012133956,0.005955359898507595,0.3755028545856476,63.05292391812426,67,encoder_output_representation,-0.001186311012133956,-5.3057874538353644e-06,-5.4569682106375694e-12,0.005955359898507595,0.7510057091712952,0.751005232334137,True,6.556510925292969e-07,2785280,10.625,128.0,False
shared_e2e_rep_projected,44,42,1,-0.0037067767698317766,0.009568966925144196,1.1664849519729614,121.90291398205282,68,encoder_output_representation,-0.0037067767698317766,-8.275049913208932e-05,-7.275957614183426e-12,0.009568966925144196,2.332969903945923,2.332953691482544,True,6.973743438720703e-06,2350080,8.96484375,128.0,False
shared_e2e_rep_projected,44,42,1,-0.007324898149818182,0.006278619635850191,0.7583004832267761,120.77503132965217,69,encoder_output_representation,-0.007324898149818182,-6.97488576406613e-05,3.637978807091713e-12,0.006278619635850191,1.5166009664535522,1.5165603160858154,True,2.682209014892578e-05,2785280,10.625,128.0,False
shared_e2e_rep_projected,44,42,1,-0.0007523937965743244,0.006309099029749632,1.0009284019470215,158.648389766477,70,encoder_output_representation,-0.0007523937965743244,-9.502668035565875e-06,-8.185452315956354e-12,0.006309099029749632,2.001856803894043,2.0018563270568848,True,2.384185791015625e-07,2350080,8.96484375,128.0,False
shared_e2e_rep_projected,44,42,1,0.0018421618733555079,0.007796571124345064,1.3534578084945679,173.59654480266957,71,encoder_output_representation,0.0018421618733555079,3.887819912051782e-05,3.887819912051782e-05,0.007796571124345064,2.7069156169891357,2.7069156169891357,False,0.0,2396160,9.140625,128.0,False
shared_e2e_rep_projected,44,42,1,4.8053749196697026e-05,0.011526097543537617,1.9338347911834717,167.77879797379666,72,encoder_output_representation,4.8053749196697026e-05,2.1421947167254984e-06,2.1421947167254984e-06,0.011526097543537617,3.8676695823669434,3.8676695823669434,False,0.0,2350080,8.96484375,128.0,False
shared_e2e_rep_projected,44,42,1,-0.00016188617155421525,0.016102727502584457,2.782822608947754,172.8168478601601,73,encoder_output_representation,-0.00016188617155421525,-1.4508573258353863e-05,4.547473508864641e-13,0.016102727502584457,5.565645217895508,5.56564474105835,True,5.960464477539063e-08,3133440,11.953125,128.0,False
shared_e2e_rep_projected,44,42,1,0.00033897662069648504,0.00786849670112133,1.1491011381149292,146.03820548735467,74,encoder_output_representation,0.00033897662069648504,6.129848770797253e-06,6.129848770797253e-06,0.00786849670112133,2.2982022762298584,2.2982022762298584,False,0.0,2135040,8.14453125,128.0,False
shared_e2e_rep_projected,44,42,1,-0.0006854711100459099,0.011885350570082664,2.5066895484924316,210.90581499566127,75,encoder_output_representation,-0.0006854711100459099,-4.0844322938937694e-05,-3.637978807091713e-12,0.011885350570082664,5.013379096984863,5.013378143310547,True,1.7881393432617188e-07,2088960,7.96875,128.0,False
shared_e2e_rep_projected,44,42,1,-0.0002743045042734593,0.010293852537870407,1.934568166732788,187.93431901376465,76,encoder_output_representation,-0.0002743045042734593,-1.0925087735813577e-05,-4.092726157978177e-12,0.010293852537870407,3.869136333465576,3.869136333465576,True,0.0,2611200,9.9609375,128.0,False
shared_e2e_rep_projected,44,42,1,0.0013935952447354794,0.011121362447738647,0.9078118801116943,81.627757783965,77,encoder_output_representation,0.0013935952447354794,2.8139767891843803e-05,2.8139767891843803e-05,0.011121362447738647,1.8156237602233887,1.8156237602233887,False,0.0,2350080,8.96484375,128.0,False
shared_e2e_rep_projected,44,42,1,8.33340163808316e-05,0.011666800826787949,2.035484552383423,174.46809820476068,78,encoder_output_representation,8.33340163808316e-05,3.957964509027079e-06,3.957964509027079e-06,0.011666800826787949,4.070969104766846,4.070969104766846,False,0.0,2350080,8.96484375,128.0,False
shared_e2e_rep_projected,44,42,1,-0.0002412803441984579,0.008465232327580452,1.5876638889312744,187.55113002138518,79,encoder_output_representation,-0.0002412803441984579,-6.485588528448716e-06,-2.7284841053187847e-12,0.008465232327580452,3.175327777862549,3.1753275394439697,True,5.960464477539063e-08,2350080,8.96484375,128.0,False
shared_e2e_rep_projected,44,42,1,0.0024848647881299257,0.00810166448354721,0.43517258763313293,53.713973038117985,80,encoder_output_representation,0.0024848647881299257,1.752138814481441e-05,1.752138814481441e-05,0.00810166448354721,0.8703451752662659,0.8703451752662659,False,0.0,2088960,7.96875,128.0,False
shared_e2e_rep_projected,44,42,1,0.0006800405099056661,0.010099724866449833,1.1954058408737183,118.3602381926981,81,encoder_output_representation,0.0006800405099056661,1.642062488826923e-05,1.642062488826923e-05,0.010099724866449833,2.3908116817474365,2.3908116817474365,False,0.0,2088960,7.96875,128.0,False
shared_e2e_rep_projected,44,42,1,0.0065064202062785625,0.006205907091498375,0.5942663550376892,95.75817785796202,82,encoder_output_representation,0.0065064202062785625,4.7990855819080025e-05,4.7990855819080025e-05,0.006205907091498375,1.1885327100753784,1.1885327100753784,False,0.0,2088960,7.96875,128.0,False
shared_e2e_rep_projected,44,42,1,0.00047822215128690004,0.011364331468939781,1.7348136901855469,152.65426698675782,83,encoder_output_representation,0.00047822215128690004,1.885629717435222e-05,1.885629717435222e-05,0.011364331468939781,3.4696273803710938,3.4696273803710938,False,0.0,2088960,7.96875,128.0,False
shared_e2e_rep_projected,44,42,1,-0.0024703494273126125,0.009698853828012943,1.9943102598190308,205.62329272959215,84,encoder_output_representation,-0.0024703494273126125,-9.556558507028967e-05,-4.3655745685100555e-11,0.009698853828012943,3.9886205196380615,3.9886081218719482,True,3.0994415283203125e-06,2396160,9.140625,128.0,False
shared_e2e_rep_projected,44,42,1,0.00033922737929970026,0.009933742694556713,1.1446270942687988,115.22616696081809,85,encoder_output_representation,0.00033922737929970026,7.714323146501556e-06,7.714323146501556e-06,0.009933742694556713,2.2892541885375977,2.2892541885375977,False,0.0,2420736,9.234375,128.0,False
shared_e2e_rep_projected,44,42,1,-0.0003364978765603155,0.011357978917658329,1.642704725265503,144.6300206378776,86,encoder_output_representation,-0.0003364978765603155,-1.255662391486112e-05,-2.000888343900442e-11,0.011357978917658329,3.285409450531006,3.2854089736938477,True,1.1920928955078125e-07,2088960,7.96875,128.0,False
shared_e2e_rep_projected,44,42,1,0.0009587680106051266,0.010867560282349586,0.9606717824935913,88.39810937638455,87,encoder_output_representation,0.0009587680106051266,2.0019380826852284e-05,2.0019380826852284e-05,0.010867560282349586,1.9213435649871826,1.9213435649871826,False,0.0,3133440,11.953125,128.0,False
shared_e2e_rep_projected,44,42,1,-0.008110539987683296,0.010282879695296288,0.6520127654075623,63.407604166157206,88,encoder_output_representation,-0.008110539987683296,-0.00010875535372179002,2.1827872842550278e-11,0.010282879695296288,1.3040255308151245,1.3039826154708862,True,3.2901763916015625e-05,2088960,7.96875,128.0,False
shared_e2e_rep_projected,44,42,1,0.005156735889613628,0.005028173327445984,0.27224820852279663,54.14455524767733,89,encoder_output_representation,0.005156735889613628,1.411822722729994e-05,1.411822722729994e-05,0.005028173327445984,0.5444964170455933,0.5444964170455933,False,0.0,2088960,7.96875,128.0,False
shared_e2e_rep_projected,44,42,1,0.0010532070882618427,0.0063277343288064,0.7888914346694946,124.67202219254725,90,encoder_output_representation,0.0010532070882618427,1.0514999303268269e-05,1.0514999303268269e-05,0.0063277343288064,1.5777828693389893,1.5777828693389893,False,0.0,2135040,8.14453125,128.0,False
shared_e2e_rep_projected,44,42,1,4.938664642395452e-05,0.01213641557842493,1.7952513694763184,147.92270072456657,91,encoder_output_representation,4.938664642395452e-05,2.152064325855463e-06,2.152064325855463e-06,0.01213641557842493,3.5905027389526367,3.5905027389526367,False,0.0,3594240,13.7109375,128.0,False
shared_e2e_rep_projected,44,42,1,0.0008286992087960243,0.008860343135893345,0.6681469082832336,75.40869445299057,92,encoder_output_representation,0.0008286992087960243,9.811817108129617e-06,9.811817108129617e-06,0.008860343135893345,1.3362938165664673,1.3362938165664673,False,0.0,2350080,8.96484375,128.0,False
shared_e2e_rep_projected,44,42,1,0.007651553023606539,0.006958449725061655,0.4077025353908539,58.59100108497823,93,encoder_output_representation,0.007651553023606539,4.341456951806322e-05,4.341456951806322e-05,0.006958449725061655,0.8154050707817078,0.8154050707817078,False,0.0,2088960,7.96875,128.0,False
shared_e2e_rep_projected,44,42,1,-0.0021494978573173285,0.013115623965859413,1.4821937084197998,113.00977462284828,94,encoder_output_representation,-0.0021494978573173285,-8.357202023034915e-05,1.0913936421275139e-11,0.013115623965859413,2.9643874168395996,2.9643805027008057,True,2.3245811462402344e-06,3525120,13.447265625,128.0,False
shared_e2e_rep_projected,44,42,1,-0.00041084663826040924,0.0108659528195858,1.4533801078796387,133.75542228196792,95,encoder_output_representation,-0.00041084663826040924,-1.2976476682524662e-05,-7.275957614183426e-12,0.0108659528195858,2.9067602157592773,2.906759738922119,True,1.7881393432617188e-07,2350080,8.96484375,128.0,False
shared_e2e_rep_projected,44,42,1,-0.01911347731947899,0.013075288385152817,0.5427709817886353,41.51120539757729,96,encoder_output_representation,-0.01911347731947899,-0.0002712923742365092,-1.4551915228366852e-11,0.013075288385152817,1.0855419635772705,1.085343599319458,True,0.00018274784088134766,3133440,11.953125,128.0,False
shared_e2e_rep_projected,44,42,1,0.004234200809150934,0.012110165320336819,1.63850736618042,135.3001650133417,97,encoder_output_representation,0.004234200809150934,0.00016803506878204644,0.00016803506878204644,0.012110165320336819,3.27701473236084,3.27701473236084,False,0.0,2350080,8.96484375,128.0,False
shared_e2e_rep_projected,44,42,1,0.002004913054406643,0.006240756716579199,0.7026907801628113,112.59704745356319,98,encoder_output_representation,0.002004913054406643,1.7584379747859202e-05,1.7584379747859202e-05,0.006240756716579199,1.4053815603256226,1.4053815603256226,False,0.0,2088960,7.96875,128.0,False
shared_e2e_rep_projected,44,42,1,-0.0015683231176808476,0.013637060299515724,1.7480047941207886,128.18046967078845,99,encoder_output_representation,-0.0015683231176808476,-7.4770265200641e-05,7.275957614183426e-12,0.013637060299515724,3.496009588241577,3.4960052967071533,True,1.2516975402832031e-06,2350080,8.96484375,128.0,False
shared_e2e_rep_projected,44,42,1,0.00010572042083367705,0.00955108366906643,1.4788981676101685,154.8408765803141,100,encoder_output_representation,0.00010572042083367705,2.9866187105653808e-06,2.9866187105653808e-06,0.00955108366906643,2.957796335220337,2.957796335220337,False,0.0,2350080,8.96484375,128.0,False
shared_e2e_rep_projected,44,42,1,-0.00022555803298018873,0.007668973412364721,1.0158777236938477,132.46593371362368,101,encoder_output_representation,-0.00022555803298018873,-3.5145276342518628e-06,-2.7284841053187847e-12,0.007668973412364721,2.0317554473876953,2.031755208969116,True,1.1920928955078125e-07,2088960,7.96875,128.0,False
shared_e2e_rep_projected,44,42,1,0.00245085172355175,0.008647660724818707,0.4965565502643585,57.42091023983466,102,encoder_output_representation,0.00245085172355175,2.1048173948656768e-05,2.1048173948656768e-05,0.008647660724818707,0.993113100528717,0.993113100528717,False,0.0,2088960,7.96875,128.0,False
shared_e2e_rep_projected,44,42,1,0.0008640302112326026,0.01113822590559721,1.124427080154419,100.9520806710671,103,encoder_output_representation,0.0008640302112326026,2.1642439605784602e-05,2.1642439605784602e-05,0.01113822590559721,2.248854160308838,2.248854160308838,False,0.0,2350080,8.96484375,128.0,False
shared_e2e_rep_projected,44,42,1,-0.0005041923141106963,0.01207751128822565,1.4211125373840332,117.66600779495639,104,encoder_output_representation,-0.0005041923141106963,-1.7307411326328292e-05,-1.1368683772161603e-11,0.01207751128822565,2.8422250747680664,2.842224597930908,True,1.7881393432617188e-07,2396160,9.140625,128.0,False
shared_e2e_rep_projected,44,42,1,0.000702532532159239,0.010163497179746628,0.9854227304458618,96.95705257926072,105,encoder_output_representation,0.000702532532159239,1.407220679539023e-05,1.407220679539023e-05,0.010163497179746628,1.9708454608917236,1.9708454608917236,False,0.0,3133440,11.953125,128.0,False
shared_e2e_rep_projected,44,42,1,-0.0038916352204978466,0.00625402620062232,0.6182857155799866,98.86202835518385,106,encoder_output_representation,-0.0038916352204978466,-3.0096154659986496e-05,-1.8189894035458565e-11,0.00625402620062232,1.2365714311599731,1.2365621328353882,True,7.510185241699219e-06,2785280,10.625,128.0,False
shared_e2e_rep_projected,44,42,1,-0.00044310177327133715,0.004640534054487944,0.481854647397995,103.83603303847856,107,encoder_output_representation,-0.00044310177327133715,-1.9816068288491806e-06,-1.8189894035458565e-12,0.004640534054487944,0.96370929479599,0.9637091159820557,True,1.7881393432617188e-07,2396160,9.140625,128.0,False
shared_e2e_rep_projected,44,42,1,-0.005525864195078611,0.00801361259073019,0.7327811121940613,91.44204363481605,108,encoder_output_representation,-0.005525864195078611,-6.489822408184409e-05,0.0,0.00801361259073019,1.4655622243881226,1.465539813041687,True,1.531839370727539e-05,2088960,7.96875,128.0,False
shared_e2e_rep_projected,44,42,1,0.0014680327149108052,0.007630815263837576,0.7953705191612244,104.23139489832552,109,encoder_output_representation,0.0014680327149108052,1.7819937056628987e-05,1.7819937056628987e-05,0.007630815263837576,1.5907410383224487,1.5907410383224487,False,0.0,2396160,9.140625,128.0,False
shared_e2e_rep_projected,44,42,1,-0.0008208606741391122,0.0150213111191988,0.8617297410964966,57.367145534660835,110,encoder_output_representation,-0.0008208606741391122,-2.1250951249385253e-05,-7.275957614183426e-12,0.0150213111191988,1.7234594821929932,1.7234588861465454,True,3.5762786865234375e-07,2350080,8.96484375,128.0,False
shared_e2e_rep_projected,44,42,1,-0.0012945686466991901,0.008266161195933819,0.8221344351768494,99.45782760457936,111,encoder_output_representation,-0.0012945686466991901,-1.7595506506040692e-05,-2.2737367544323206e-12,0.008266161195933819,1.6442688703536987,1.6442675590515137,True,7.748603820800781e-07,2088960,7.96875,128.0,False
shared_e2e_rep_projected,44,42,1,-0.002285802038386464,0.010184342972934246,0.9763500690460205,95.86775225861437,112,encoder_output_representation,-0.002285802038386464,-4.545767296804115e-05,1.8189894035458565e-12,0.010184342972934246,1.952700138092041,1.9526950120925903,True,2.6226043701171875e-06,2350080,8.96484375,128.0,False
shared_e2e_rep_projected,44,42,1,-0.0007122296374291182,0.0097093116492033,1.2183834314346313,125.4860772271746,113,encoder_output_representation,-0.0007122296374291182,-1.685087408986874e-05,-2.546585164964199e-11,0.0097093116492033,2.4367668628692627,2.4367661476135254,True,2.980232238769531e-07,2396160,9.140625,128.0,False
shared_e2e_rep_projected,44,42,1,0.005030639469623566,0.013160651549696922,0.749656617641449,56.96196839576023,114,encoder_output_representation,0.005030639469623566,9.926427446771413e-05,9.926427446771413e-05,0.013160651549696922,1.499313235282898,1.499313235282898,False,0.0,2350080,8.96484375,128.0,False
shared_e2e_rep_projected,44,42,1,-0.0018683710368350148,0.013480843044817448,1.4136037826538086,104.8601914549589,115,encoder_output_representation,-0.0018683710368350148,-7.12094915797934e-05,-2.1827872842550278e-11,0.013480843044817448,2.827207565307617,2.827202320098877,True,1.8477439880371094e-06,2088960,7.96875,128.0,False
shared_e2e_rep_projected,44,42,1,0.004698372446000576,0.006916174665093422,0.5915309190750122,85.52862640391717,116,encoder_output_representation,0.004698372446000576,3.844331513391808e-05,3.844331513391808e-05,0.006916174665093422,1.1830618381500244,1.1830618381500244,False,0.0,2088960,7.96875,128.0,False
shared_e2e_rep_projected,44,42,1,-0.0015986093785613775,0.010772147215902805,1.1964073181152344,111.06488744871506,117,encoder_output_representation,-0.0015986093785613775,-4.1205355955753475e-05,-5.4569682106375694e-12,0.010772147215902805,2.3928146362304688,2.3928115367889404,True,1.3113021850585938e-06,2785280,10.625,128.0,False
shared_e2e_rep_projected,44,42,1,0.002020840300247073,0.00691805686801672,0.44071653485298157,63.70524892480783,118,encoder_output_representation,0.002020840300247073,1.2322688235144597e-05,1.2322688235144597e-05,0.00691805686801672,0.8814330697059631,0.8814330697059631,False,0.0,2350080,8.96484375,128.0,False
shared_e2e_rep_projected,44,42,1,-0.0007975084008648992,0.0082015972584486,0.8253809213638306,100.6366071576597,119,encoder_output_representation,-0.0007975084008648992,-1.0797373761306517e-05,9.094947017729282e-13,0.0082015972584486,1.6507618427276611,1.650761365890503,True,2.980232238769531e-07,2264064,8.63671875,128.0,False
shared_e2e_rep_projected,44,42,1,0.004900070838630199,0.00926376786082983,0.4643493592739105,50.12532332954153,120,encoder_output_representation,0.004900070838630199,4.2156530980719253e-05,4.2156530980719253e-05,0.00926376786082983,0.928698718547821,0.928698718547821,False,0.0,2088960,7.96875,128.0,False
shared_e2e_rep_projected,44,42,1,-0.00135718728415668,0.011424737051129341,0.8248124718666077,72.1953133954251,121,encoder_output_representation,-0.00135718728415668,-2.557827247073874e-05,-1.0913936421275139e-11,0.011424737051129341,1.6496249437332153,1.6496233940124512,True,9.5367431640625e-07,2350080,8.96484375,128.0,False
shared_e2e_rep_projected,44,42,1,0.023181308060884476,0.008533941581845284,0.7977757453918457,93.48268179957984,122,encoder_output_representation,0.023181308060884476,0.0003156446327921003,0.0003156446327921003,0.008533941581845284,1.5955514907836914,1.5955514907836914,False,0.0,2088960,7.96875,128.0,False
shared_e2e_rep_projected,44,42,1,-0.00029748788801953197,0.012769033201038837,2.148181676864624,168.2336981228819,123,encoder_output_representation,-0.00029748788801953197,-1.6320305803674273e-05,-4.547473508864641e-12,0.012769033201038837,4.296363353729248,4.296363353729248,True,0.0,2350080,8.96484375,128.0,False
shared_e2e_rep_projected,44,42,1,-7.410908438032493e-05,0.011903815902769566,1.357645034790039,114.05124590965546,124,encoder_output_representation,-7.410908438032493e-05,-2.395377123320941e-06,-5.343281372915953e-12,0.011903815902769566,2.715290069580078,2.715290069580078,True,0.0,3133440,11.953125,128.0,False
shared_e2e_rep_projected,44,42,1,-0.008543242700397968,0.008533538319170475,0.5051687359809875,59.198039205628575,125,encoder_output_representation,-0.008543242700397968,-7.365772762568668e-05,1.2732925824820995e-11,0.008533538319170475,1.010337471961975,1.010300636291504,True,3.647804260253906e-05,2752512,10.5,128.0,False
shared_e2e_rep_projected,44,42,1,0.0033630661200731993,0.0049633183516561985,0.17144280672073364,34.54197264286408,126,encoder_output_representation,0.0033630661200731993,5.723435606341809e-06,5.723435606341809e-06,0.0049633183516561985,0.3428856134414673,0.3428856134414673,False,0.0,2396160,9.140625,128.0,False
shared_e2e_rep_projected,44,42,1,0.002294661244377494,0.0126851387321949,1.5773372650146484,124.34529084111348,127,encoder_output_representation,0.002294661244377494,9.182657231576741e-05,9.182657231576741e-05,0.0126851387321949,3.154674530029297,3.154674530029297,False,0.0,2611200,9.9609375,128.0,False
shared_e2e_rep_projected,44,42,1,-0.0038751913234591484,0.005918936338275671,0.5754834413528442,97.22750988744313,128,encoder_output_representation,-0.0038751913234591484,-2.6399740818305872e-05,-9.094947017729282e-12,0.005918936338275671,1.1509668827056885,1.1509582996368408,True,7.450580596923828e-06,2396160,9.140625,128.0,False
shared_e2e_rep_projected,44,42,1,-0.00737927807494998,0.010544967837631702,1.6582671403884888,157.2567281306113,129,encoder_output_representation,-0.00737927807494998,-0.00025807361816987395,-4.3655745685100555e-11,0.010544967837631702,3.3165342807769775,3.316444158554077,True,2.7179718017578125e-05,2670592,10.1875,128.0,False
shared_e2e_rep_projected,44,42,1,0.0016961970832198858,0.012864948250353336,1.1084247827529907,86.15851079871602,130,encoder_output_representation,0.0016961970832198858,4.837495362153277e-05,4.837495362153277e-05,0.012864948250353336,2.2168495655059814,2.2168495655059814,False,0.0,2350080,8.96484375,128.0,False
shared_e2e_rep_projected,44,42,1,0.001114618731662631,0.009410801343619823,0.9783293604850769,103.95813541939744,131,encoder_output_representation,0.001114618731662631,2.052428317256272e-05,2.052428317256272e-05,0.009410801343619823,1.9566587209701538,1.9566587209701538,False,0.0,2785280,10.625,128.0,False
shared_e2e_rep_projected,44,42,1,0.0003015300026163459,0.009999614208936691,1.006744146347046,100.67829871349586,132,encoder_output_representation,0.0003015300026163459,6.071037205401808e-06,6.071037205401808e-06,0.009999614208936691,2.013488292694092,2.013488292694092,False,0.0,2396160,9.140625,128.0,False
shared_e2e_rep_projected,44,42,1,-5.423130642157048e-05,0.015056539326906204,2.614016056060791,173.61333831802338,133,encoder_output_representation,-5.423130642157048e-05,-4.268875272828154e-06,-5.002220859751105e-12,0.015056539326906204,5.228032112121582,5.228032112121582,True,0.0,3061760,11.6796875,128.0,False
shared_e2e_rep_projected,44,42,1,0.0057199569419026375,0.009987949393689632,1.0140293836593628,101.52528248691615,134,encoder_output_representation,0.0057199569419026375,0.00011586429900489748,0.00011586429900489748,0.009987949393689632,2.0280587673187256,2.0280587673187256,False,0.0,2785280,10.625,128.0,False
shared_e2e_rep_projected,44,42,1,0.0018932184902951121,0.013126532547175884,1.0877923965454102,82.86974436211213,135,encoder_output_representation,0.0018932184902951121,5.4066316806711257e-05,5.4066316806711257e-05,0.013126532547175884,2.1755847930908203,2.1755847930908203,False,0.0,3133440,11.953125,128.0,False
shared_e2e_rep_projected,44,42,1,-0.0012015972752124071,0.011387655511498451,0.7858609557151794,69.00989891393118,136,encoder_output_representation,-0.0012015972752124071,-2.1506461052922532e-05,0.0,0.011387655511498451,1.5717219114303589,1.571720838546753,True,6.556510925292969e-07,2350080,8.96484375,128.0,False
shared_e2e_rep_projected,44,42,1,0.022815581411123276,0.01589317061007023,1.2368098497390747,77.82020844572118,137,encoder_output_representation,0.022815581411123276,0.0008969639893621206,0.0008969639893621206,0.01589317061007023,2.4736196994781494,2.4736196994781494,False,0.0,2350080,8.96484375,128.0,False
shared_e2e_rep_projected,44,42,1,0.0021062353625893593,0.014512262307107449,1.0414046049118042,71.76032122860482,138,encoder_output_representation,0.0021062353625893593,6.366364686982706e-05,6.366364686982706e-05,0.014512262307107449,2.0828092098236084,2.0828092098236084,False,0.0,2350080,8.96484375,128.0,False
shared_e2e_rep_projected,44,42,1,-0.0014398579951375723,0.00988595187664032,1.1389867067337036,115.2126493175669,139,encoder_output_representation,-0.0014398579951375723,-3.2425508834421635e-05,-3.637978807091713e-12,0.00988595187664032,2.2779734134674072,2.277971029281616,True,1.0728836059570312e-06,2396160,9.140625,128.0,False
shared_e2e_rep_projected,44,42,1,-4.0792372601572424e-05,0.017620328813791275,1.9772452116012573,112.2138657284128,140,encoder_output_representation,-4.0792372601572424e-05,-2.842388994395151e-06,-6.821210263296962e-12,0.017620328813791275,3.9544904232025146,3.9544904232025146,True,0.0,2350080,8.96484375,128.0,False
shared_e2e_rep_projected,44,42,1,-8.090225310297683e-05,0.010747240856289864,0.910846471786499,84.7516570965675,141,encoder_output_representation,-8.090225310297683e-05,-1.583918333381007e-06,-1.0231815394945443e-12,0.010747240856289864,1.821692943572998,1.821692943572998,True,0.0,2350080,8.96484375,128.0,False
shared_e2e_rep_projected,44,42,1,0.001807906199246645,0.012760469689965248,1.8174521923065186,142.42831466742572,142,encoder_output_representation,0.001807906199246645,8.385627006646246e-05,8.385627006646246e-05,0.012760469689965248,3.634904384613037,3.634904384613037,False,0.0,2482176,9.46875,128.0,False
shared_e2e_rep_projected,44,42,1,-9.935830166796222e-05,0.014850826933979988,1.9733495712280273,132.87809359038664,143,encoder_output_representation,-9.935830166796222e-05,-5.823563697049394e-06,-9.777068044058979e-12,0.014850826933979988,3.9466991424560547,3.946699380874634,True,-1.1920928955078125e-07,3100672,11.828125,128.0,False
shared_e2e_rep_projected,44,42,1,-0.0027256770990788937,0.011764172464609146,1.179336667060852,100.248162002786,144,encoder_output_representation,-0.0027256770990788937,-7.563165127066895e-05,-3.637978807091713e-11,0.011764172464609146,2.358673334121704,2.3586647510528564,True,3.635883331298828e-06,2350080,8.96484375,128.0,False
shared_e2e_rep_projected,44,42,1,-0.002708037383854389,0.01625278778374195,0.6421516537666321,39.51024663036526,145,encoder_output_representation,-0.002708037383854389,-5.652624531649053e-05,3.637978807091713e-12,0.01625278778374195,1.2843033075332642,1.2842986583709717,True,3.635883331298828e-06,2350080,8.96484375,128.0,False
shared_e2e_rep_projected,44,42,1,0.0002641260507516563,0.013574774377048016,0.9021254181861877,66.45601563083694,146,encoder_output_representation,0.0002641260507516563,6.469053914770484e-06,6.469053914770484e-06,0.013574774377048016,1.8042508363723755,1.8042508363723755,False,0.0,2088960,7.96875,128.0,False
shared_e2e_rep_projected,44,42,1,-0.0003259387449361384,0.017104148864746094,1.3166335821151733,76.97743936437134,147,encoder_output_representation,-0.0003259387449361384,-1.4680214917461853e-05,-1.3642420526593924e-12,0.017104148864746094,2.6332671642303467,2.6332669258117676,True,1.1920928955078125e-07,2350080,8.96484375,128.0,False
shared_e2e_rep_projected,44,42,1,0.0007262471481226385,0.007951715029776096,0.8884225487709045,111.72716142921443,148,encoder_output_representation,0.0007262471481226385,1.026112113322597e-05,1.026112113322597e-05,0.007951715029776096,1.776845097541809,1.776845097541809,False,0.0,2325504,8.87109375,128.0,False
shared_e2e_rep_projected,44,42,1,-0.00018890365026891232,0.012222698889672756,1.2636940479278564,103.38911719371416,149,encoder_output_representation,-0.00018890365026891232,-5.835518095409498e-06,-2.7284841053187847e-12,0.012222698889672756,2.527388095855713,2.527388095855713,True,0.0,2396160,9.140625,128.0,False
shared_e2e_rep_projected,44,42,1,-0.00021577208826784045,0.011197218671441078,0.9405419826507568,83.9978221600373,150,encoder_output_representation,-0.00021577208826784045,-4.544787771010306e-06,-1.1368683772161603e-11,0.011197218671441078,1.8810839653015137,1.8810839653015137,True,0.0,2611200,9.9609375,128.0,False
shared_e2e_rep_projected,44,42,1,-0.003290441120043397,0.012491097673773766,1.55753755569458,124.69180822793314,151,encoder_output_representation,-0.003290441120043397,-0.00012803339632228017,-1.8189894035458565e-11,0.012491097673773766,3.11507511138916,3.115058183670044,True,5.424022674560547e-06,2396160,9.140625,128.0,False
shared_e2e_rep_projected,44,42,1,-0.0007891507702879608,0.010636313818395138,1.1217947006225586,105.46837182280701,152,encoder_output_representation,-0.0007891507702879608,-1.8831915440387093e-05,-7.73070496506989e-12,0.010636313818395138,2.243589401245117,2.24358868598938,True,2.980232238769531e-07,2088960,7.96875,128.0,False
shared_e2e_rep_projected,44,42,1,0.0014102730201557279,0.010992996394634247,0.4692845344543457,42.68941038527098,153,encoder_output_representation,0.0014102730201557279,1.4550753803632688e-05,1.4550753803632688e-05,0.010992996394634247,0.9385690689086914,0.9385690689086914,False,0.0,2088960,7.96875,128.0,False
shared_e2e_rep_projected,44,42,1,-0.0025079899933189154,0.011756903491914272,1.0530281066894531,89.56679004923923,154,encoder_output_representation,-0.0025079899933189154,-6.209958519320935e-05,-4.9112713895738125e-11,0.011756903491914272,2.1060562133789062,2.1060492992401123,True,3.2782554626464844e-06,2611200,9.9609375,128.0,False
shared_e2e_rep_projected,44,42,1,-0.00429740222170949,0.009836939163506031,0.48943889141082764,49.75520162070255,155,encoder_output_representation,-0.00429740222170949,-4.138037911616266e-05,-1.4551915228366852e-11,0.009836939163506031,0.9788777828216553,0.9788686633110046,True,9.298324584960938e-06,2396160,9.140625,128.0,False
shared_e2e_rep_projected,44,42,1,0.0011598487617447972,0.006995252333581448,0.3891933262348175,55.63678158777116,156,encoder_output_representation,0.0011598487617447972,6.315389327937737e-06,6.315389327937737e-06,0.006995252333581448,0.778386652469635,0.778386652469635,False,0.0,2088960,7.96875,128.0,False
shared_e2e_rep_projected,44,42,1,-0.005934302695095539,0.009404726326465607,0.24353493750095367,25.894952074854967,157,encoder_output_representation,-0.005934302695095539,-2.7183610654901713e-05,-7.73070496506989e-12,0.009404726326465607,0.48706987500190735,0.4870613217353821,True,1.7583370208740234e-05,3194880,12.1875,128.0,False
shared_e2e_rep_projected,44,42,1,-0.0006866684416308999,0.015377018600702286,1.1490572690963745,74.72562132713398,158,encoder_output_representation,-0.0006866684416308999,-2.4265591491712257e-05,-9.549694368615746e-12,0.015377018600702286,2.298114538192749,2.298114061355591,True,1.7881393432617188e-07,2088960,7.96875,128.0,False
shared_e2e_rep_projected,44,42,1,0.0033386179711669683,0.01261175237596035,0.39933472871780396,31.66369881151395,159,encoder_output_representation,0.0033386179711669683,3.3628635719651356e-05,3.3628635719651356e-05,0.01261175237596035,0.7986694574356079,0.7986694574356079,False,0.0,3202560,12.216796875,128.0,False
shared_e2e_rep_projected,44,42,1,-0.011919960379600525,0.011911595240235329,0.2906922399997711,24.404140179130877,160,encoder_output_representation,-0.011919960379600525,-8.254830754594877e-05,7.275957614183426e-12,0.011911595240235329,0.5813844799995422,0.5813431739807129,True,7.104873657226562e-05,3481600,13.28125,128.0,False
shared_e2e_rep_projected,44,42,1,0.0022669839672744274,0.014107207767665386,0.5158979892730713,36.56981578279028,161,encoder_output_representation,0.0022669839672744274,3.299767558928579e-05,3.299767558928579e-05,0.014107207767665386,1.0317959785461426,1.0317959785461426,False,0.0,2785280,10.625,128.0,False
shared_e2e_rep_projected,44,42,1,-2.4172099074348807e-05,0.012146836146712303,0.7909696698188782,65.11734086682023,162,encoder_output_representation,-2.4172099074348807e-05,-4.6448036528090597e-07,-2.9274360713316128e-12,0.012146836146712303,1.5819393396377563,1.5819393396377563,True,0.0,2088960,7.96875,128.0,False
shared_e2e_rep_projected,44,42,1,0.005775848403573036,0.01077822782099247,0.7096840143203735,65.84422097092258,163,encoder_output_representation,0.005775848403573036,8.836049528326839e-05,8.836049528326839e-05,0.01077822782099247,1.419368028640747,1.419368028640747,False,0.0,3133440,11.953125,128.0,False
shared_e2e_rep_projected,44,42,1,0.0018537039868533611,0.014235629700124264,0.8779832720756531,61.67505692199827,164,encoder_output_representation,0.0018537039868533611,4.6337576350197196e-05,4.6337576350197196e-05,0.014235629700124264,1.7559665441513062,1.7559665441513062,False,0.0,2088960,7.96875,128.0,False
shared_e2e_rep_projected,44,42,1,0.00016548811981920153,0.008289667777717113,0.4437577426433563,53.531426655745,165,encoder_output_representation,0.00016548811981920153,1.2175305528216995e-06,1.2175305528216995e-06,0.008289667777717113,0.8875154852867126,0.8875154852867126,False,0.0,2088960,7.96875,128.0,False
shared_e2e_rep_projected,44,42,1,0.005184541456401348,0.008380146697163582,0.4580948054790497,54.6642943176759,166,encoder_output_representation,0.005184541456401348,3.980589099228382e-05,3.980589099228382e-05,0.008380146697163582,0.9161896109580994,0.9161896109580994,False,0.0,2785280,10.625,128.0,False
shared_e2e_rep_projected,44,42,1,0.002665057312697172,0.007450397592037916,0.3083451986312866,41.3864085536601,167,encoder_output_representation,0.002665057312697172,1.2244841855135746e-05,1.2244841855135746e-05,0.007450397592037916,0.6166903972625732,0.6166903972625732,False,0.0,2088960,7.96875,128.0,False
shared_e2e_rep_projected,44,42,1,-0.002282016910612583,0.015099340118467808,1.7052558660507202,112.93578743650153,168,encoder_output_representation,-0.002282016910612583,-0.0001175158322439529,-1.4551915228366852e-11,0.015099340118467808,3.4105117321014404,3.4105029106140137,True,2.562999725341797e-06,2355200,8.984375,128.0,False
shared_e2e_rep_projected,44,42,1,-0.00143036141525954,0.008850859478116035,0.3390822410583496,38.31065693639569,169,encoder_output_representation,-0.00143036141525954,-8.585513569414616e-06,-1.9099388737231493e-11,0.008850859478116035,0.6781644821166992,0.6781637668609619,True,1.0728836059570312e-06,2088960,7.96875,128.0,False
shared_e2e_rep_projected,44,42,1,-0.0009242765372619033,0.010676862671971321,0.8256452679634094,77.33032570802622,170,encoder_output_representation,-0.0009242765372619033,-1.629555299587082e-05,-2.3646862246096134e-11,0.010676862671971321,1.6512905359268188,1.6512898206710815,True,4.172325134277344e-07,2088960,7.96875,128.0,False
shared_e2e_rep_projected,44,42,1,-0.010791130363941193,0.012200828641653061,1.328072190284729,108.85098293658125,171,encoder_output_representation,-0.010791130363941193,-0.00034970990964211524,-1.6007106751203537e-10,0.012200828641653061,2.656144380569458,2.655989408493042,True,5.835294723510742e-05,2396160,9.140625,128.0,False
shared_e2e_rep_projected,44,42,1,-0.0024566359352320433,0.0138864042237401,0.7782673239707947,56.04527359503724,172,encoder_output_representation,-0.0024566359352320433,-5.3099371143616736e-05,-1.8189894035458565e-12,0.0138864042237401,1.5565346479415894,1.5565298795700073,True,3.039836883544922e-06,3133440,11.953125,128.0,False
shared_e2e_rep_projected,44,42,1,0.0013451187405735254,0.009990436024963856,0.5592538118362427,55.97891928228088,173,encoder_output_representation,0.0013451187405735254,1.5030866052256897e-05,1.5030866052256897e-05,0.009990436024963856,1.1185076236724854,1.1185076236724854,False,0.0,2088960,7.96875,128.0,False
shared_e2e_rep_projected,44,42,1,-0.0001774700212990865,0.008040874265134335,0.8533018231391907,106.1205280673463,174,encoder_output_representation,-0.0001774700212990865,-2.4353475964744575e-06,-6.707523425575346e-12,0.008040874265134335,1.7066036462783813,1.7066035270690918,True,5.960464477539063e-08,2350080,8.96484375,128.0,False
shared_e2e_rep_projected,44,42,1,-0.0017028420697897673,0.011867730878293514,0.5926652550697327,49.939222682723425,175,encoder_output_representation,-0.0017028420697897673,-2.3954191419761628e-05,-2.5011104298755527e-11,0.011867730878293514,1.1853305101394653,1.1853288412094116,True,1.430511474609375e-06,3018752,11.515625,128.0,False
shared_e2e_rep_projected,44,42,1,0.00010998914513038471,0.01342911645770073,0.9342870712280273,69.57174540639821,176,encoder_output_representation,0.00010998914513038471,2.759990593403927e-06,2.759990593403927e-06,0.01342911645770073,1.8685741424560547,1.8685741424560547,False,0.0,3276800,12.5,128.0,False
shared_e2e_rep_projected,44,42,1,3.820336587523343e-06,0.01227098610252142,1.1725101470947266,95.55142001617958,177,encoder_output_representation,3.820336587523343e-06,1.0993289834004827e-07,1.0993289834004827e-07,0.01227098610252142,2.345020294189453,2.345020294189453,False,0.0,2088960,7.96875,128.0,False
shared_e2e_rep_projected,44,42,1,-0.0007547968998551369,0.009627564810216427,0.4298844039440155,44.65141626341872,178,encoder_output_representation,-0.0007547968998551369,-6.247815690585412e-06,-2.3646862246096134e-11,0.009627564810216427,0.859768807888031,0.8597685694694519,True,2.980232238769531e-07,2396160,9.140625,128.0,False
shared_e2e_rep_projected,44,42,1,0.0035054211039096117,0.005980045069009066,0.3013664186000824,50.39534236320076,179,encoder_output_representation,0.0035054211039096117,1.2634833183255978e-05,1.2634833183255978e-05,0.005980045069009066,0.6027328372001648,0.6027328372001648,False,0.0,2350080,8.96484375,128.0,False
shared_e2e_rep_projected,44,42,1,-0.0013580549275502563,0.013175487518310547,0.6773137450218201,51.40711067279505,180,encoder_output_representation,-0.0013580549275502563,-2.4238397600129247e-05,-2.9103830456733704e-11,0.013175487518310547,1.3546274900436401,1.354626178741455,True,9.5367431640625e-07,3525120,13.447265625,128.0,False
shared_e2e_rep_projected,44,42,1,6.95401240591309e-06,0.013171488419175148,0.6104517579078674,46.34645216095452,181,encoder_output_representation,6.95401240591309e-06,1.1182828529854305e-07,1.1182828529854305e-07,0.013171488419175148,1.2209035158157349,1.2209035158157349,False,0.0,2135040,8.14453125,128.0,False
shared_e2e_rep_projected,44,42,1,0.0017306916415691376,0.010538307018578053,0.5836535692214966,55.383997466819835,182,encoder_output_representation,0.0017306916415691376,2.1290001313900575e-05,2.1290001313900575e-05,0.010538307018578053,1.1673071384429932,1.1673071384429932,False,0.0,2088960,7.96875,128.0,False
shared_e2e_rep_projected,44,42,1,-6.933910299267154e-06,0.01081621553748846,0.8976860642433167,82.99446891863256,183,encoder_output_representation,-6.933910299267154e-06,-1.3465052006722544e-07,-1.0231815394945443e-12,0.01081621553748846,1.7953721284866333,1.7953721284866333,True,0.0,2088960,7.96875,128.0,False
shared_e2e_rep_projected,44,42,1,0.0008909719181247056,0.015435736626386642,0.5587504506111145,36.19849600542923,184,encoder_output_representation,0.0008909719181247056,1.5368776075774804e-05,1.5368776075774804e-05,0.015435736626386642,1.117500901222229,1.117500901222229,False,0.0,2325504,8.87109375,128.0,False
shared_e2e_rep_projected,44,42,1,0.0030970433726906776,0.01035779807716608,0.7020955085754395,67.78424365340925,185,encoder_output_representation,0.0030970433726906776,4.5044409489491954e-05,4.5044409489491954e-05,0.01035779807716608,1.404191017150879,1.404191017150879,False,0.0,2088960,7.96875,128.0,False
shared_e2e_rep_projected,44,42,1,-0.007090965285897255,0.01429049763828516,0.7840458154678345,54.86483643280031,186,encoder_output_representation,-0.007090965285897255,-0.00015890008944552392,-5.093170329928398e-11,0.01429049763828516,1.568091630935669,1.5680521726608276,True,2.5153160095214844e-05,2159616,8.23828125,128.0,False
shared_e2e_rep_projected,44,42,1,-0.000378650234779343,0.008951019495725632,0.6159977316856384,68.81872304934595,187,encoder_output_representation,-0.000378650234779343,-4.175609319645446e-06,-1.3642420526593924e-12,0.008951019495725632,1.2319954633712769,1.2319953441619873,True,1.1920928955078125e-07,2350080,8.96484375,128.0,False
shared_e2e_rep_projected,44,42,1,0.010078909806907177,0.015257188118994236,0.8192443251609802,53.695629808816,188,encoder_output_representation,0.010078909806907177,0.00025195995112881064,0.00025195995112881064,0.015257188118994236,1.6384886503219604,1.6384886503219604,False,0.0,2846720,10.859375,128.0,False
shared_e2e_rep_projected,44,42,1,0.003085516160354018,0.011442537419497967,1.6995933055877686,148.53290343553337,189,encoder_output_representation,0.003085516160354018,0.00012001214054180309,0.00012001214054180309,0.011442537419497967,3.399186611175537,3.399186611175537,False,0.0,3488256,13.306640625,128.0,False
shared_e2e_rep_projected,44,42,1,0.00032183105940930545,0.010521378368139267,1.00126314163208,95.16463590588997,190,encoder_output_representation,0.00032183105940930545,6.780766852898523e-06,6.780766852898523e-06,0.010521378368139267,2.00252628326416,2.00252628326416,False,0.0,2088960,7.96875,128.0,False
shared_e2e_rep_projected,44,42,1,0.006344952154904604,0.014729206450283527,0.5720835328102112,38.84007836682871,191,encoder_output_representation,0.006344952154904604,0.00010692940122680739,0.00010692940122680739,0.014729206450283527,1.1441670656204224,1.1441670656204224,False,0.0,2549760,9.7265625,128.0,False
shared_e2e_rep_projected,44,42,1,0.000910166883841157,0.010228677652776241,1.1265593767166138,110.13734276892048,192,encoder_output_representation,0.000910166883841157,2.0976092855562456e-05,2.0976092855562456e-05,0.010228677652776241,2.2531187534332275,2.2531187534332275,False,0.0,2350080,8.96484375,128.0,False
shared_e2e_rep_projected,44,42,1,5.328503539203666e-05,0.013599705882370472,1.414179801940918,103.98605779953985,193,encoder_output_representation,5.328503539203666e-05,2.049601334874751e-06,2.049601334874751e-06,0.013599705882370472,2.828359603881836,2.828359603881836,False,0.0,3133440,11.953125,128.0,False
shared_e2e_rep_projected,44,42,1,0.000984357437118888,0.006588299758732319,0.38460618257522583,58.37715293167375,194,encoder_output_representation,0.000984357437118888,4.988528417015914e-06,4.988528417015914e-06,0.006588299758732319,0.7692123651504517,0.7692123651504517,False,0.0,2785280,10.625,128.0,False
shared_e2e_rep_projected,44,42,1,0.0002924939908552915,0.013492853380739689,1.0156316757202148,75.27182331722166,195,encoder_output_representation,0.0002924939908552915,8.016540050448384e-06,8.016540050448384e-06,0.013492853380739689,2.0312633514404297,2.0312633514404297,False,0.0,2350080,8.96484375,128.0,False
shared_e2e_rep_projected,44,42,1,0.0001252782967640087,0.01201340090483427,1.1398088932037354,94.87812004551257,196,encoder_output_representation,0.0001252782967640087,3.430866854614578e-06,3.430866854614578e-06,0.01201340090483427,2.2796177864074707,2.2796177864074707,False,0.0,3227648,12.3125,128.0,False
shared_e2e_rep_projected,44,42,1,-0.0067064194008708,0.008235273882746696,0.5446794033050537,66.13980434168484,197,encoder_output_representation,-0.0067064194008708,-6.016441329848021e-05,-1.0913936421275139e-11,0.008235273882746696,1.0893588066101074,1.08933424949646,True,2.2530555725097656e-05,2350080,8.96484375,128.0,False
shared_e2e_rep_projected,44,42,1,0.000989311607554555,0.013817419297993183,0.6220995783805847,45.022848692949296,198,encoder_output_representation,0.000989311607554555,1.700786924629938e-05,1.700786924629938e-05,0.013817419297993183,1.2441991567611694,1.2441991567611694,False,0.0,2350080,8.96484375,128.0,False
shared_e2e_rep_projected,44,42,1,7.94899242464453e-05,0.01457992848008871,1.7804354429244995,122.11551279939245,199,encoder_output_representation,7.94899242464453e-05,4.1268976929131895e-06,4.1268976929131895e-06,0.01457992848008871,3.560870885848999,3.560870885848999,False,0.0,2903040,11.07421875,128.0,False
shared_e2e_rep_projected,44,42,2,0.003718517953529954,0.010041173547506332,0.595257580280304,59.2816743445424,0,encoder_output_representation,0.003718517953529954,4.4451793655753136e-05,4.4451793655753136e-05,0.010041173547506332,1.190515160560608,1.190515160560608,False,0.0,2088960,7.96875,128.0,False
shared_e2e_rep_projected,44,42,2,0.004775663372129202,0.008525713346898556,0.3979854881763458,46.6806086462106,1,encoder_output_representation,0.004775663372129202,3.240870501031168e-05,3.240870501031168e-05,0.008525713346898556,0.7959709763526917,0.7959709763526917,False,0.0,2350080,8.96484375,128.0,False
shared_e2e_rep_projected,44,42,2,-0.0019865690264850855,0.01554248295724392,0.46788233518600464,30.103448494883995,2,encoder_output_representation,-0.0019865690264850855,-2.8892869522678666e-05,-2.637534635141492e-11,0.01554248295724392,0.9357646703720093,0.9357627630233765,True,2.0265579223632812e-06,2088960,7.96875,128.0,False
shared_e2e_rep_projected,44,42,2,0.0069170608185231686,0.006951223127543926,0.39716631174087524,57.13617653375571,3,encoder_output_representation,0.0069170608185231686,3.819312769337557e-05,3.819312769337557e-05,0.006951223127543926,0.7943326234817505,0.7943326234817505,False,0.0,2350080,8.96484375,128.0,False
shared_e2e_rep_projected,44,42,2,-0.0008649800438433886,0.010566710494458675,0.4528333842754364,42.85471666067773,4,encoder_output_representation,-0.0008649800438433886,-8.27778876555385e-06,-1.2278178473934531e-11,0.010566710494458675,0.9056667685508728,0.9056663513183594,True,4.76837158203125e-07,2088960,7.96875,128.0,False
shared_e2e_rep_projected,44,42,2,0.005699705332517624,0.010808160528540611,0.5725151896476746,52.97064085381228,5,encoder_output_representation,0.005699705332517624,7.053768786136061e-05,7.053768786136061e-05,0.010808160528540611,1.1450303792953491,1.1450303792953491,False,0.0,2088960,7.96875,128.0,False
shared_e2e_rep_projected,44,42,2,-5.387794226408005e-05,0.008866872638463974,0.7814846634864807,88.13532068752697,6,encoder_output_representation,-5.387794226408005e-05,-7.466755391760671e-07,-2.0463630789890885e-12,0.008866872638463974,1.5629693269729614,1.5629693269729614,True,0.0,2350080,8.96484375,128.0,False
shared_e2e_rep_projected,44,42,2,0.013845818117260933,0.012554952874779701,0.5012551546096802,39.92489335556153,7,encoder_output_representation,0.013845818117260933,0.00017426996782887727,0.00017426996782887727,0.012554952874779701,1.0025103092193604,1.0025103092193604,False,0.0,2088960,7.96875,128.0,False
shared_e2e_rep_projected,44,42,2,-0.0015249737771227956,0.01297238003462553,1.1278817653656006,86.94485995284509,8,encoder_output_representation,-0.0015249737771227956,-4.462472861632705e-05,-7.275957614183426e-12,0.01297238003462553,2.255763530731201,2.255760908126831,True,1.1920928955078125e-06,2396160,9.140625,128.0,False
shared_e2e_rep_projected,44,42,2,-0.001704875729046762,0.016550475731492043,2.152331590652466,130.04650896874438,9,encoder_output_representation,-0.001704875729046762,-0.00012146255176048726,-9.094947017729282e-11,0.016550475731492043,4.304663181304932,4.304656505584717,True,1.5497207641601562e-06,2088960,7.96875,128.0,False
shared_e2e_rep_projected,44,42,2,-0.0002704131475184113,0.010748491622507572,0.47059252858161926,43.78219243304692,10,encoder_output_representation,-0.0002704131475184113,-2.7355858946975786e-06,-1.7053025658242404e-12,0.010748491622507572,0.9411850571632385,0.9411849975585938,True,5.960464477539063e-08,2350080,8.96484375,128.0,False
shared_e2e_rep_projected,44,42,2,0.0016029590042307973,0.00762186711654067,0.33660900592803955,44.16358889248334,11,encoder_output_representation,0.0016029590042307973,8.22506808617618e-06,8.22506808617618e-06,0.00762186711654067,0.6732180118560791,0.6732180118560791,False,0.0,3227648,12.3125,128.0,False
shared_e2e_rep_projected,44,42,2,0.003952106926590204,0.007572386413812637,0.42768219113349915,56.47918209157587,12,encoder_output_representation,0.003952106926590204,2.5598388674552552e-05,2.5598388674552552e-05,0.007572386413812637,0.8553643822669983,0.8553643822669983,False,0.0,2846720,10.859375,128.0,False
shared_e2e_rep_projected,44,42,2,-0.00015324917330872267,0.016709432005882263,1.7199804782867432,102.93470643892947,13,encoder_output_representation,-0.00015324917330872267,-8.808730854070745e-06,-1.3642420526593924e-12,0.016709432005882263,3.4399609565734863,3.4399609565734863,True,0.0,2785280,10.625,128.0,False
shared_e2e_rep_projected,44,42,2,0.0004468659171834588,0.01319975033402443,1.1432965993881226,86.6150169856695,14,encoder_output_representation,0.0004468659171834588,1.3487511751009151e-05,1.3487511751009151e-05,0.01319975033402443,2.286593198776245,2.286593198776245,False,0.0,2088960,7.96875,128.0,False
shared_e2e_rep_projected,44,42,2,-0.0006909685907885432,0.010790486820042133,0.6118872761726379,56.7061789127183,15,encoder_output_representation,-0.0006909685907885432,-9.124325515585952e-06,-3.637978807091713e-12,0.010790486820042133,1.2237745523452759,1.2237741947174072,True,2.980232238769531e-07,2785280,10.625,128.0,False
shared_e2e_rep_projected,44,42,2,-0.00380331720225513,0.010554052889347076,0.45661959052085876,43.264857141445255,16,encoder_output_representation,-0.00380331720225513,-3.6657795135397464e-05,-1.0913936421275139e-11,0.010554052889347076,0.9132391810417175,0.9132325053215027,True,7.331371307373047e-06,2396160,9.140625,128.0,False
shared_e2e_rep_projected,44,42,2,0.0006488914368674159,0.013445957563817501,1.070656180381775,79.6266220014605,17,encoder_output_representation,0.0006488914368674159,1.868288018158637e-05,1.868288018158637e-05,0.013445957563817501,2.14131236076355,2.14131236076355,False,0.0,2396160,9.140625,128.0,False
shared_e2e_rep_projected,44,42,2,-0.0004351097159087658,0.0158339012414217,0.8076840043067932,51.009791711589116,18,encoder_output_representation,-0.0004351097159087658,-1.1129051927127875e-05,-1.5006662579253316e-11,0.0158339012414217,1.6153680086135864,1.6153677701950073,True,1.1920928955078125e-07,2611200,9.9609375,128.0,False
shared_e2e_rep_projected,44,42,2,8.428803266724572e-05,0.016319099813699722,1.5357387065887451,94.10682722214295,19,encoder_output_representation,8.428803266724572e-05,4.2248320824000984e-06,4.2248320824000984e-06,0.016319099813699722,3.0714774131774902,3.0714774131774902,False,0.0,2457600,9.375,128.0,False
shared_e2e_rep_projected,44,42,2,0.006621497683227062,0.010441671125590801,0.31253451108932495,29.931464736842248,20,encoder_output_representation,0.006621497683227062,4.32169581472408e-05,4.32169581472408e-05,0.010441671125590801,0.6250690221786499,0.6250690221786499,False,0.0,2785280,10.625,128.0,False
shared_e2e_rep_projected,44,42,2,-0.0013652191264554858,0.012869799509644508,0.5718991756439209,44.43730263360707,21,encoder_output_representation,-0.0013652191264554858,-2.0096647858736105e-05,-1.8189894035458565e-11,0.012869799509644508,1.1437983512878418,1.1437973976135254,True,8.344650268554688e-07,2135040,8.14453125,128.0,False
shared_e2e_rep_projected,44,42,2,-0.0032931221649050713,0.00940931960940361,0.422739177942276,44.92770949344662,22,encoder_output_representation,-0.0032931221649050713,-2.6198025807389058e-05,-3.410605131648481e-12,0.00940931960940361,0.845478355884552,0.8454737663269043,True,5.424022674560547e-06,2088960,7.96875,128.0,False
shared_e2e_rep_projected,44,42,2,-0.0005728271789848804,0.010955075733363628,0.38887232542037964,35.497000192894234,23,encoder_output_representation,-0.0005728271789848804,-4.880631422565784e-06,-1.7280399333685637e-11,0.010955075733363628,0.7777446508407593,0.777744472026825,True,2.384185791015625e-07,2088960,7.96875,128.0,False
shared_e2e_rep_projected,44,42,2,-0.00011164160241605714,0.014057732187211514,0.9022285342216492,64.18023349757775,24,encoder_output_representation,-0.00011164160241605714,-2.831965048244456e-06,-7.73070496506989e-12,0.014057732187211514,1.8044570684432983,1.8044570684432983,True,0.0,2088960,7.96875,128.0,False
shared_e2e_rep_projected,44,42,2,-0.0010765366023406386,0.013263823464512825,0.7193281054496765,54.232334090862174,25,encoder_output_representation,-0.0010765366023406386,-2.0542560378089547e-05,-3.637978807091713e-12,0.013263823464512825,1.438656210899353,1.4386553764343262,True,5.960464477539062e-07,2350080,8.96484375,128.0,False
shared_e2e_rep_projected,44,42,2,-0.0007029124535620213,0.00684373639523983,0.3400678336620331,49.69037584477504,26,encoder_output_representation,-0.0007029124535620213,-3.271824880357599e-06,-1.9326762412674725e-12,0.00684373639523983,0.6801356673240662,0.6801354885101318,True,2.384185791015625e-07,2396160,9.140625,128.0,False
shared_e2e_rep_projected,44,42,2,0.004522239323705435,0.010879084467887878,0.40126651525497437,36.88421727392639,27,encoder_output_representation,0.004522239323705435,3.948288212995976e-05,3.948288212995976e-05,0.010879084467887878,0.8025330305099487,0.8025330305099487,False,0.0,2088960,7.96875,128.0,False
shared_e2e_rep_projected,44,42,2,-0.0007516995538026094,0.01308545283973217,0.8328857421875,63.649745437816065,28,encoder_output_representation,-0.0007516995538026094,-1.6385076378355734e-05,-1.000444171950221e-11,0.01308545283973217,1.665771484375,1.6657710075378418,True,2.980232238769531e-07,2088960,7.96875,128.0,False
shared_e2e_rep_projected,44,42,2,0.0021927671041339636,0.019177651032805443,1.5569143295288086,81.18378663088292,29,encoder_output_representation,0.0021927671041339636,0.00013094310997985303,0.00013094310997985303,0.019177651032805443,3.113828659057617,3.113828659057617,False,0.0,2350080,8.96484375,128.0,False
shared_e2e_rep_projected,44,42,2,5.175479964236729e-05,0.015536459162831306,0.6679718494415283,42.993827772517996,30,encoder_output_representation,5.175479964236729e-05,1.0742140830188873e-06,1.0742140830188873e-06,0.015536459162831306,1.3359436988830566,1.3359436988830566,False,0.0,2350080,8.96484375,128.0,False
shared_e2e_rep_projected,44,42,2,0.0015734449261799455,0.009218037128448486,0.3185175061225891,34.55372349711936,31,encoder_output_representation,0.0015734449261799455,9.239603059540968e-06,9.239603059540968e-06,0.009218037128448486,0.6370350122451782,0.6370350122451782,False,0.0,2088960,7.96875,128.0,False
shared_e2e_rep_projected,44,42,2,-0.00012871577928308398,0.016652943566441536,1.328730583190918,79.78953257660298,32,encoder_output_representation,-0.00012871577928308398,-5.696258995158132e-06,-2.2737367544323206e-12,0.016652943566441536,2.657461166381836,2.657461166381836,True,0.0,2350080,8.96484375,128.0,False
shared_e2e_rep_projected,44,42,2,0.00020477650105021894,0.01383998617529869,0.9439689517021179,68.20591724194735,33,encoder_output_representation,0.00020477650105021894,5.350612354959594e-06,5.350612354959594e-06,0.01383998617529869,1.8879379034042358,1.8879379034042358,False,0.0,3194880,12.1875,128.0,False
shared_e2e_rep_projected,44,42,2,0.0039106798358261585,0.014533674344420433,0.9693170785903931,66.6945643351724,34,encoder_output_representation,0.0039106798358261585,0.00011018526856787503,0.00011018526856787503,0.014533674344420433,1.9386341571807861,1.9386341571807861,False,0.0,3133440,11.953125,128.0,False
shared_e2e_rep_projected,44,42,2,0.001619276707060635,0.012623794376850128,0.4637260437011719,36.73428367556159,35,encoder_output_representation,0.001619276707060635,1.895843342936132e-05,1.895843342936132e-05,0.012623794376850128,0.9274520874023438,0.9274520874023438,False,0.0,2088960,7.96875,128.0,False
shared_e2e_rep_projected,44,42,2,-1.216496639244724e-05,0.011967814527451992,0.6855644583702087,57.28401428662254,36,encoder_output_representation,-1.216496639244724e-05,-1.9961998987128027e-07,-3.865352482534945e-12,0.011967814527451992,1.3711289167404175,1.3711289167404175,True,0.0,3133440,11.953125,128.0,False
shared_e2e_rep_projected,44,42,2,0.007429521530866623,0.02081143669784069,0.5484691262245178,26.354217355951437,37,encoder_output_representation,0.007429521530866623,0.00016960750508587807,0.00016960750508587807,0.02081143669784069,1.0969382524490356,1.0969382524490356,False,0.0,2350080,8.96484375,128.0,False
shared_e2e_rep_projected,44,42,2,0.007094148080796003,0.009285072796046734,0.24181778728961945,26.04371474530358,38,encoder_output_representation,0.007094148080796003,3.185692185070366e-05,3.185692185070366e-05,0.009285072796046734,0.4836355745792389,0.4836355745792389,False,0.0,3133440,11.953125,128.0,False
shared_e2e_rep_projected,44,42,2,0.000694918679073453,0.013757379725575447,1.0380245447158813,75.45219841436503,39,encoder_output_representation,0.000694918679073453,1.9847570001729764e-05,1.9847570001729764e-05,0.013757379725575447,2.0760490894317627,2.0760490894317627,False,0.0,3594240,13.7109375,128.0,False
shared_e2e_rep_projected,44,42,2,-0.0024444255977869034,0.008510964922606945,0.3614345192909241,42.46692620373474,40,encoder_output_representation,-0.0024444255977869034,-1.5038871424621902e-05,-3.637978807091713e-12,0.008510964922606945,0.7228690385818481,0.7228668332099915,True,3.039836883544922e-06,2088960,7.96875,128.0,False
shared_e2e_rep_projected,44,42,2,0.0008821123046800494,0.01006607711315155,0.6178672313690186,61.3811343211112,41,encoder_output_representation,0.0008821123046800494,1.0972593372571282e-05,1.0972593372571282e-05,0.01006607711315155,1.235734462738037,1.235734462738037,False,0.0,2785280,10.625,128.0,False
shared_e2e_rep_projected,44,42,2,-9.639251402404625e-06,0.016484512016177177,1.3983039855957031,84.82531871270857,42,encoder_output_representation,-9.639251402404625e-06,-4.443763828021474e-07,-2.9558577807620168e-12,0.016484512016177177,2.7966079711914062,2.7966079711914062,True,0.0,3133440,11.953125,128.0,False
shared_e2e_rep_projected,44,42,2,-0.002429462503641844,0.016620924696326256,0.8097885251045227,48.72102725328581,43,encoder_output_representation,-0.002429462503641844,-6.539838068420067e-05,-2.1827872842550278e-11,0.016620924696326256,1.6195770502090454,1.6195722818374634,True,2.9206275939941406e-06,2785280,10.625,128.0,False
shared_e2e_rep_projected,44,42,2,-0.001735816360451281,0.008125826716423035,0.3117630183696747,38.36692920605522,44,encoder_output_representation,-0.001735816360451281,-8.794799214228988e-06,-3.637978807091713e-12,0.008125826716423035,0.6235260367393494,0.6235251426696777,True,1.430511474609375e-06,2088960,7.96875,128.0,False
shared_e2e_rep_projected,44,42,2,0.0030615031719207764,0.012117470614612103,0.5064929127693176,41.798567446786514,45,encoder_output_representation,0.0030615031719207764,3.7579418858513236e-05,3.7579418858513236e-05,0.012117470614612103,1.0129858255386353,1.0129858255386353,False,0.0,3481600,13.28125,128.0,False
shared_e2e_rep_projected,44,42,2,-0.0040266322903335094,0.0145082613453269,0.7879767417907715,54.31227926181369,46,encoder_output_representation,-0.0040266322903335094,-9.206631511915475e-05,-1.1095835361629725e-10,0.0145082613453269,1.575953483581543,1.5759408473968506,True,8.046627044677734e-06,2350080,8.96484375,128.0,False
shared_e2e_rep_projected,44,42,2,0.0013728730846196413,0.019512983039021492,1.4251649379730225,73.03675379223256,47,encoder_output_representation,0.0013728730846196413,7.635705696884543e-05,7.635705696884543e-05,0.019512983039021492,2.850329875946045,2.850329875946045,False,0.0,3133440,11.953125,128.0,False
shared_e2e_rep_projected,44,42,2,0.004898469895124435,0.019703073427081108,0.926785409450531,47.03760623338593,48,encoder_output_representation,0.004898469895124435,0.00017889722948893905,0.00017889722948893905,0.019703073427081108,1.853570818901062,1.853570818901062,False,0.0,3133440,11.953125,128.0,False
shared_e2e_rep_projected,44,42,2,0.001445795758627355,0.012450465001165867,0.5610356330871582,45.06142003809678,49,encoder_output_representation,0.001445795758627355,2.0198212951072492e-05,2.0198212951072492e-05,0.012450465001165867,1.1220712661743164,1.1220712661743164,False,0.0,2903040,11.07421875,128.0,False
shared_e2e_rep_projected,44,42,2,-0.0003975579747930169,0.009775795042514801,0.46832168102264404,47.90624997618295,50,encoder_output_representation,-0.0003975579747930169,-3.640213435573969e-06,-7.275957614183426e-12,0.009775795042514801,0.9366433620452881,0.9366432428359985,True,1.1920928955078125e-07,2350080,8.96484375,128.0,False
shared_e2e_rep_projected,44,42,2,-3.5046719858655706e-05,0.012821176089346409,0.34720340371131897,27.080464482491834,51,encoder_output_representation,-3.5046719858655706e-05,-3.1202489481074736e-07,-3.637978807091713e-12,0.012821176089346409,0.6944068074226379,0.6944068074226379,True,0.0,2325504,8.87109375,128.0,False
shared_e2e_rep_projected,44,42,2,-0.00014152313815429807,0.01671694964170456,1.1469117403030396,68.60771641267525,52,encoder_output_representation,-0.00014152313815429807,-5.426808456832077e-06,-5.002220859751105e-12,0.01671694964170456,2.293823480606079,2.293823480606079,True,0.0,3594240,13.7109375,128.0,False
shared_e2e_rep_projected,44,42,2,-0.002208385383710265,0.009166676551103592,0.2763199806213379,30.143965381659644,53,encoder_output_representation,-0.002208385383710265,-1.1187397831236012e-05,-9.094947017729282e-13,0.009166676551103592,0.5526399612426758,0.5526386499404907,True,2.384185791015625e-06,2785280,10.625,128.0,False
shared_e2e_rep_projected,44,42,2,0.00010323117749067023,0.01819743774831295,1.1872638463974,65.24346244885321,54,encoder_output_representation,0.00010323117749067023,4.460652235138696e-06,4.460652235138696e-06,0.01819743774831295,2.3745276927948,2.3745276927948,False,0.0,2785280,10.625,128.0,False
shared_e2e_rep_projected,44,42,2,0.0003421880246605724,0.018122395500540733,1.4622167348861694,80.68562099544401,55,encoder_output_representation,0.0003421880246605724,1.813519156712573e-05,1.813519156712573e-05,0.018122395500540733,2.924433469772339,2.924433469772339,False,0.0,2088960,7.96875,128.0,False
shared_e2e_rep_projected,44,42,2,-0.00029603647999465466,0.011858664453029633,0.5407570600509644,45.600165363715355,56,encoder_output_representation,-0.00029603647999465466,-3.7967604384903098e-06,-4.547473508864641e-12,0.011858664453029633,1.0815141201019287,1.0815140008926392,True,1.1920928955078125e-07,2785280,10.625,128.0,False
shared_e2e_rep_projected,44,42,2,-0.001265172497369349,0.014521248638629913,0.7195054888725281,49.54845872953896,57,encoder_output_representation,-0.001265172497369349,-2.6437342967255972e-05,-1.864464138634503e-11,0.014521248638629913,1.4390109777450562,1.4390097856521606,True,8.344650268554688e-07,2088960,7.96875,128.0,False
shared_e2e_rep_projected,44,42,2,4.8479334509465843e-05,0.020427001640200615,0.48015767335891724,23.50602804152913,58,encoder_output_representation,4.8479334509465843e-05,9.509882374914014e-07,9.509882374914014e-07,0.020427001640200615,0.9603153467178345,0.9603153467178345,False,0.0,2355200,8.984375,128.0,False
shared_e2e_rep_projected,44,42,2,0.002381576457992196,0.0120069719851017,0.6348381042480469,52.872456522406864,59,encoder_output_representation,0.002381576457992196,3.6307053960626945e-05,3.6307053960626945e-05,0.0120069719851017,1.2696762084960938,1.2696762084960938,False,0.0,2785280,10.625,128.0,False
shared_e2e_rep_projected,44,42,2,0.0016252418281510472,0.011958802118897438,0.4352055788040161,36.39207125237897,60,encoder_output_representation,0.0016252418281510472,1.6917263565119356e-05,1.6917263565119356e-05,0.011958802118897438,0.8704111576080322,0.8704111576080322,False,0.0,2350080,8.96484375,128.0,False
shared_e2e_rep_projected,44,42,2,0.001484994892962277,0.009310142137110233,0.4704626500606537,50.53227363580081,61,encoder_output_representation,0.001484994892962277,1.3008775567868724e-05,1.3008775567868724e-05,0.009310142137110233,0.9409253001213074,0.9409253001213074,False,0.0,2088960,7.96875,128.0,False
shared_e2e_rep_projected,44,42,2,-0.0006960814353078604,0.013063270598649979,0.9334192872047424,71.45372057907201,62,encoder_output_representation,-0.0006960814353078604,-1.6975349353742786e-05,-7.275957614183426e-12,0.013063270598649979,1.8668385744094849,1.8668380975723267,True,2.384185791015625e-07,2846720,10.859375,128.0,False
shared_e2e_rep_projected,44,42,2,0.0008968542679212987,0.01135237142443657,0.6334568858146667,55.799520834133205,63,encoder_output_representation,0.0008968542679212987,1.2898985005449504e-05,1.2898985005449504e-05,0.01135237142443657,1.2669137716293335,1.2669137716293335,False,0.0,2088960,7.96875,128.0,False
shared_e2e_rep_projected,44,42,2,0.0013086000690236688,0.01658172532916069,0.41356441378593445,24.94097601886086,64,encoder_output_representation,0.0013086000690236688,1.7947742890100926e-05,1.7947742890100926e-05,0.01658172532916069,0.8271288275718689,0.8271288275718689,False,0.0,2420736,9.234375,128.0,False
shared_e2e_rep_projected,44,42,2,-0.0025550357531756163,0.01785958558320999,0.7241710424423218,40.54803170366526,65,encoder_output_representation,-0.0025550357531756163,-6.60905716358684e-05,-1.2732925824820995e-11,0.01785958558320999,1.4483420848846436,1.448337197303772,True,3.3974647521972656e-06,2350080,8.96484375,128.0,False
shared_e2e_rep_projected,44,42,2,-0.002937359269708395,0.010409995913505554,0.3489472568035126,33.520402861138585,66,encoder_output_representation,-0.002937359269708395,-2.1340147213777527e-05,-5.002220859751105e-12,0.010409995913505554,0.6978945136070251,0.6978914737701416,True,4.351139068603516e-06,2396160,9.140625,128.0,False
shared_e2e_rep_projected,44,42,2,0.00013347518688533455,0.0142546771094203,0.47810977697372437,33.54055467575357,67,encoder_output_representation,0.00013347518688533455,1.819346948650491e-06,1.819346948650491e-06,0.0142546771094203,0.9562195539474487,0.9562195539474487,False,0.0,2785280,10.625,128.0,False
shared_e2e_rep_projected,44,42,2,-0.0015600085025653243,0.020907429978251457,1.0802972316741943,51.67049382912928,68,encoder_output_representation,-0.0015600085025653243,-7.04694539308548e-05,1.8189894035458565e-12,0.020907429978251457,2.1605944633483887,2.1605918407440186,True,1.1920928955078125e-06,2135040,8.14453125,128.0,False
shared_e2e_rep_projected,44,42,2,-0.0006951214163564146,0.021174877882003784,0.7097340226173401,33.517738641625535,69,encoder_output_representation,-0.0006951214163564146,-2.089330882881768e-05,-3.183231456205249e-12,0.021174877882003784,1.4194680452346802,1.4194676876068115,True,2.384185791015625e-07,2088960,7.96875,128.0,False
shared_e2e_rep_projected,44,42,2,0.008097253739833832,0.01604587584733963,0.4193549156188965,26.13474762042513,70,encoder_output_representation,0.008097253739833832,0.00010897150059463456,0.00010897150059463456,0.01604587584733963,0.838709831237793,0.838709831237793,False,0.0,2396160,9.140625,128.0,False
shared_e2e_rep_projected,44,42,2,0.004598733503371477,0.011658746749162674,0.4541565179824829,38.954145565868835,71,encoder_output_representation,0.004598733503371477,4.8699628678150475e-05,4.8699628678150475e-05,0.011658746749162674,0.9083130359649658,0.9083130359649658,False,0.0,3133440,11.953125,128.0,False
shared_e2e_rep_projected,44,42,2,0.0029307063668966293,0.014448396861553192,0.5130622386932373,35.509976892902394,72,encoder_output_representation,0.0029307063668966293,4.3450221710372716e-05,4.3450221710372716e-05,0.014448396861553192,1.0261244773864746,1.0261244773864746,False,0.0,2325504,8.87109375,128.0,False
shared_e2e_rep_projected,44,42,2,1.1072154848079663e-05,0.018044207245111465,0.7976072430610657,44.20295290485279,73,encoder_output_representation,1.1072154848079663e-05,3.187051333952695e-07,3.187051333952695e-07,0.018044207245111465,1.5952144861221313,1.5952144861221313,False,0.0,3239424,12.357421875,128.0,False
shared_e2e_rep_projected,44,42,2,-0.0011075856164097786,0.017206091433763504,0.5285582542419434,30.719251741552053,74,encoder_output_representation,-0.0011075856164097786,-2.0145700545981526e-05,-1.3642420526593924e-11,0.017206091433763504,1.0571165084838867,1.057115912437439,True,5.364418029785156e-07,2088960,7.96875,128.0,False
shared_e2e_rep_projected,44,42,2,0.005346768070012331,0.013651876710355282,0.29272904992103577,21.442403570711537,75,encoder_output_representation,0.005346768070012331,4.273458762327209e-05,4.273458762327209e-05,0.013651876710355282,0.5854580998420715,0.5854580998420715,False,0.0,2350080,8.96484375,128.0,False
shared_e2e_rep_projected,44,42,2,0.0011455868370831013,0.01789163239300251,0.47601693868637085,26.605562210888202,76,encoder_output_representation,0.0011455868370831013,1.9513285224093124e-05,1.9513285224093124e-05,0.01789163239300251,0.9520338773727417,0.9520338773727417,False,0.0,2531328,9.65625,128.0,False
shared_e2e_rep_projected,44,42,2,0.010980606079101562,0.013180063106119633,0.3671461045742035,27.85617197870122,77,encoder_output_representation,0.010980606079101562,0.00010627049778122455,0.00010627049778122455,0.013180063106119633,0.734292209148407,0.734292209148407,False,0.0,2088960,7.96875,128.0,False
shared_e2e_rep_projected,44,42,2,-0.00028569193091243505,0.011222240515053272,0.32709887623786926,29.147377103449696,78,encoder_output_representation,-0.00028569193091243505,-2.097425749525428e-06,-9.094947017729282e-12,0.011222240515053272,0.6541977524757385,0.6541977524757385,True,0.0,2350080,8.96484375,128.0,False
shared_e2e_rep_projected,44,42,2,-0.005276144482195377,0.008517852984368801,0.32956624031066895,38.69123368476297,79,encoder_output_representation,-0.005276144482195377,-2.9622351576108485e-05,-9.094947017729282e-12,0.008517852984368801,0.6591324806213379,0.6591233015060425,True,1.3947486877441406e-05,2350080,8.96484375,128.0,False
shared_e2e_rep_projected,44,42,2,-0.0008874641498550773,0.017030654475092888,0.8958534598350525,52.60240944616818,80,encoder_output_representation,-0.0008874641498550773,-2.7080030122306198e-05,-1.6370904631912708e-11,0.017030654475092888,1.791706919670105,1.7917062044143677,True,4.172325134277344e-07,3194880,12.1875,128.0,False
shared_e2e_rep_projected,44,42,2,0.004887337330728769,0.010314418002963066,0.37197068333625793,36.063177120551096,81,encoder_output_representation,0.004887337330728769,3.7502115446841344e-05,3.7502115446841344e-05,0.010314418002963066,0.7439413666725159,0.7439413666725159,False,0.0,2785280,10.625,128.0,False
shared_e2e_rep_projected,44,42,2,0.0009109554812312126,0.01576315611600876,0.5275958180427551,33.47018922859864,82,encoder_output_representation,0.0009109554812312126,1.5152059859246947e-05,1.5152059859246947e-05,0.01576315611600876,1.0551916360855103,1.0551916360855103,False,0.0,2196480,8.37890625,128.0,False
shared_e2e_rep_projected,44,42,2,-0.017096932977437973,0.01720743253827095,0.332838773727417,19.342733030459495,83,encoder_output_representation,-0.017096932977437973,-0.00019583856919780374,-1.4551915228366852e-11,0.01720743253827095,0.665677547454834,0.665580153465271,True,0.00014632940292358398,2396160,9.140625,128.0,False
shared_e2e_rep_projected,44,42,2,0.0004755050758831203,0.02814212441444397,0.7070710062980652,25.125004633095873,84,encoder_output_representation,0.0004755050758831203,1.8923656170954928e-05,1.8923656170954928e-05,0.02814212441444397,1.4141420125961304,1.4141420125961304,False,0.0,2396160,9.140625,128.0,False
shared_e2e_rep_projected,44,42,2,-0.0011728601530194283,0.015742352232336998,0.5758143067359924,36.57739950407088,85,encoder_output_representation,-0.0011728601530194283,-2.12631839531241e-05,-6.366462912410498e-12,0.015742352232336998,1.1516286134719849,1.1516278982162476,True,5.960464477539062e-07,2785280,10.625,128.0,False
shared_e2e_rep_projected,44,42,2,-0.0012289705919101834,0.013023520819842815,0.3832710087299347,29.429139326592676,86,encoder_output_representation,-0.0012289705919101834,-1.2268907084944658e-05,-2.0463630789890885e-12,0.013023520819842815,0.7665420174598694,0.7665414810180664,True,7.152557373046875e-07,2088960,7.96875,128.0,False
shared_e2e_rep_projected,44,42,2,-0.0027160400059074163,0.015802443027496338,0.3059438467025757,19.360541035979796,87,encoder_output_representation,-0.0027160400059074163,-2.6262261599185877e-05,-1.6370904631912708e-11,0.015802443027496338,0.6118876934051514,0.6118854284286499,True,3.6954879760742188e-06,2088960,7.96875,128.0,False
shared_e2e_rep_projected,44,42,2,0.00021394934447016567,0.017822297289967537,0.8140900731086731,45.678178287764155,88,encoder_output_representation,0.00021394934447016567,6.208362719917204e-06,6.208362719917204e-06,0.017822297289967537,1.6281801462173462,1.6281801462173462,False,0.0,2611200,9.9609375,128.0,False
shared_e2e_rep_projected,44,42,2,0.004633944481611252,0.009543427266180515,0.2299453467130661,24.094629769740486,89,encoder_output_representation,0.004633944481611252,2.0338075046311133e-05,2.0338075046311133e-05,0.009543427266180515,0.4598906934261322,0.4598906934261322,False,0.0,3194880,12.1875,128.0,False
shared_e2e_rep_projected,44,42,2,0.004650556482374668,0.016983166337013245,0.3344058096408844,19.690427745035848,90,encoder_output_representation,0.004650556482374668,5.2823525038547814e-05,5.2823525038547814e-05,0.016983166337013245,0.6688116192817688,0.6688116192817688,False,0.0,2088960,7.96875,128.0,False
shared_e2e_rep_projected,44,42,2,0.00035538614611141384,0.01752781867980957,0.8378275632858276,47.79987621910578,91,encoder_output_representation,0.00035538614611141384,1.0437896889925469e-05,1.0437896889925469e-05,0.01752781867980957,1.6756551265716553,1.6756551265716553,False,0.0,2396160,9.140625,128.0,False
shared_e2e_rep_projected,44,42,2,-0.0069205183535814285,0.013122250325977802,0.3020094037055969,23.015061914168502,92,encoder_output_representation,-0.0069205183535814285,-5.4852622270118445e-05,-6.366462912410498e-12,0.013122250325977802,0.6040188074111938,0.6040043234825134,True,2.396106719970703e-05,3133440,11.953125,128.0,False
shared_e2e_rep_projected,44,42,2,-0.005079375579953194,0.027860797941684723,1.026973009109497,36.8608613170035,93,encoder_output_representation,-0.005079375579953194,-0.00029066510614939034,-1.4551915228366852e-10,0.027860797941684723,2.053946018218994,2.053919553756714,True,1.2874603271484375e-05,2350080,8.96484375,128.0,False
shared_e2e_rep_projected,44,42,2,8.643693581689149e-05,0.013252517208456993,0.32523199915885925,24.54114897895133,94,encoder_output_representation,8.643693581689149e-05,7.451110377587611e-07,7.451110377587611e-07,0.013252517208456993,0.6504639983177185,0.6504639983177185,False,0.0,2457600,9.375,128.0,False
shared_e2e_rep_projected,44,42,2,0.01451889704912901,0.015121367760002613,0.3178126811981201,21.01745597635443,95,encoder_output_representation,0.01451889704912901,0.00013954873429611325,0.00013954873429611325,0.015121367760002613,0.6356253623962402,0.6356253623962402,False,0.0,2785280,10.625,128.0,False
shared_e2e_rep_projected,44,42,2,0.0026385595556348562,0.013659942895174026,0.17804695665836334,13.034238724472724,96,encoder_output_representation,0.0026385595556348562,1.2834540029871278e-05,1.2834540029871278e-05,0.013659942895174026,0.3560939133167267,0.3560939133167267,False,0.0,2350080,8.96484375,128.0,False
shared_e2e_rep_projected,44,42,2,-0.0026930251624435186,0.01308788638561964,0.44528651237487793,34.02279781891582,97,encoder_output_representation,-0.0026930251624435186,-3.138914325973019e-05,-4.547473508864641e-12,0.01308788638561964,0.8905730247497559,0.890569806098938,True,3.635883331298828e-06,2531328,9.65625,128.0,False
shared_e2e_rep_projected,44,42,2,-0.0013374960981309414,0.014553689397871494,0.7489941120147705,51.46420893964608,98,encoder_output_representation,-0.0013374960981309414,-2.9159094992792234e-05,-9.094947017729282e-13,0.014553689397871494,1.497988224029541,1.497986912727356,True,8.940696716308594e-07,2350080,8.96484375,128.0,False
shared_e2e_rep_projected,44,42,2,1.5927103959256783e-05,0.015671955421566963,0.5939323902130127,37.89778456080041,99,encoder_output_representation,1.5927103959256783e-05,2.9650158239746816e-07,2.9650158239746816e-07,0.015671955421566963,1.1878647804260254,1.1878647804260254,False,0.0,2396160,9.140625,128.0,False
shared_e2e_rep_projected,44,42,2,0.0004952316521666944,0.012000204995274544,0.3253327012062073,27.11059530518997,100,encoder_output_representation,0.0004952316521666944,3.86682722819387e-06,3.86682722819387e-06,0.012000204995274544,0.6506654024124146,0.6506654024124146,False,0.0,2088960,7.96875,128.0,False
shared_e2e_rep_projected,44,42,2,0.003415231592953205,0.02120099402964115,0.6086506247520447,28.708589036018267,101,encoder_output_representation,0.003415231592953205,8.814028842607513e-05,8.814028842607513e-05,0.02120099402964115,1.2173012495040894,1.2173012495040894,False,0.0,2350080,8.96484375,128.0,False
shared_e2e_rep_projected,44,42,2,-0.00011142744187964126,0.01792052574455738,0.41723594069480896,23.282572545145733,102,encoder_output_representation,-0.00011142744187964126,-1.6663054793752963e-06,-2.2737367544323206e-12,0.01792052574455738,0.8344718813896179,0.8344718217849731,True,5.960464477539063e-08,2350080,8.96484375,128.0,False
shared_e2e_rep_projected,44,42,2,0.00020759788458235562,0.02100733295083046,0.8403671383857727,40.00351402782672,103,encoder_output_representation,0.00020759788458235562,7.32981334294891e-06,7.32981334294891e-06,0.02100733295083046,1.6807342767715454,1.6807342767715454,False,0.0,2350080,8.96484375,128.0,False
shared_e2e_rep_projected,44,42,2,-0.0012851085048168898,0.017927635461091995,0.827357292175293,46.14982795533135,104,encoder_output_representation,-0.0012851085048168898,-3.812289651250467e-05,-1.2732925824820995e-11,0.017927635461091995,1.654714584350586,1.6547131538391113,True,8.940696716308594e-07,2088960,7.96875,128.0,False
shared_e2e_rep_projected,44,42,2,0.0005187012138776481,0.010699806734919548,0.38618090748786926,36.092325502248706,105,encoder_output_representation,0.0005187012138776481,4.286610419512726e-06,4.286610419512726e-06,0.010699806734919548,0.7723618149757385,0.7723618149757385,False,0.0,2350080,8.96484375,128.0,False
shared_e2e_rep_projected,44,42,2,0.003811330534517765,0.012772152200341225,0.4532323479652405,35.485980816383616,106,encoder_output_representation,0.003811330534517765,4.4125696149421856e-05,4.4125696149421856e-05,0.012772152200341225,0.906464695930481,0.906464695930481,False,0.0,2785280,10.625,128.0,False
shared_e2e_rep_projected,44,42,2,0.004647554364055395,0.010701325722038746,0.34415143728256226,32.159701164296195,107,encoder_output_representation,0.004647554364055395,3.423274029046297e-05,3.423274029046297e-05,0.010701325722038746,0.6883028745651245,0.6883028745651245,False,0.0,2350080,8.96484375,128.0,False
shared_e2e_rep_projected,44,42,2,0.0015659781638532877,0.01239363756030798,0.36909958720207214,29.78137656567876,108,encoder_output_representation,0.0015659781638532877,1.4327091776067391e-05,1.4327091776067391e-05,0.01239363756030798,0.7381991744041443,0.7381991744041443,False,0.0,2611200,9.9609375,128.0,False
shared_e2e_rep_projected,44,42,2,-0.0003052508691325784,0.023171182721853256,0.6792965531349182,29.316438495574012,109,encoder_output_representation,-0.0003052508691325784,-9.609360859030858e-06,-7.73070496506989e-12,0.023171182721853256,1.3585931062698364,1.3585931062698364,True,0.0,3488256,13.306640625,128.0,False
shared_e2e_rep_projected,44,42,2,-1.4156695442579803e-06,0.017275819554924965,0.6684911847114563,38.69519374094666,110,encoder_output_representation,-1.4156695442579803e-06,-3.269838089181576e-08,1.0231815394945443e-12,0.017275819554924965,1.3369823694229126,1.3369823694229126,True,0.0,3525120,13.447265625,128.0,False
shared_e2e_rep_projected,44,42,2,0.00011555121454875916,0.012491227127611637,0.5881771445274353,47.08721877510978,111,encoder_output_representation,0.00011555121454875916,1.6979221300061909e-06,1.6979221300061909e-06,0.012491227127611637,1.1763542890548706,1.1763542890548706,False,0.0,2846720,10.859375,128.0,False
shared_e2e_rep_projected,44,42,2,0.0009465885232202709,0.022189801558852196,0.5417904257774353,24.41619066941581,112,encoder_output_representation,0.0009465885232202709,2.2760195861337706e-05,2.2760195861337706e-05,0.022189801558852196,1.0835808515548706,1.0835808515548706,False,0.0,2548224,9.720703125,128.0,False
shared_e2e_rep_projected,44,42,2,-0.0022612365428358316,0.01158194150775671,0.2813301086425781,24.290410071071804,113,encoder_output_representation,-0.0022612365428358316,-1.4735795048181899e-05,-9.549694368615746e-12,0.01158194150775671,0.5626602172851562,0.5626587867736816,True,2.562999725341797e-06,2350080,8.96484375,128.0,False
shared_e2e_rep_projected,44,42,2,-0.0020036858040839434,0.009722825139760971,0.3239278793334961,33.3162300748175,114,encoder_output_representation,-0.0020036858040839434,-1.262119349121349e-05,-9.890754881780595e-12,0.009722825139760971,0.6478557586669922,0.6478543877601624,True,2.1457672119140625e-06,2611200,9.9609375,128.0,False
shared_e2e_rep_projected,44,42,2,-0.006570793222635984,0.01317038293927908,0.4635065495967865,35.19309588291728,115,encoder_output_representation,-0.006570793222635984,-8.022358815651387e-05,-4.001776687800884e-11,0.01317038293927908,0.927013099193573,0.9269930720329285,True,2.1576881408691406e-05,2613248,9.96875,128.0,False
shared_e2e_rep_projected,44,42,2,0.007246877066791058,0.014931181445717812,0.40626612305641174,27.209241581678512,116,encoder_output_representation,0.007246877066791058,8.791959407972172e-05,8.791959407972172e-05,0.014931181445717812,0.8125322461128235,0.8125322461128235,False,0.0,3194880,12.1875,128.0,False
shared_e2e_rep_projected,44,42,2,-0.0027758395299315453,0.015011599287390709,0.49496325850486755,32.97205374517436,117,encoder_output_representation,-0.0027758395299315453,-4.125003033550456e-05,3.637978807091713e-12,0.015011599287390709,0.9899265170097351,0.9899227023124695,True,3.874301910400391e-06,2350080,8.96484375,128.0,False
shared_e2e_rep_projected,44,42,2,-0.00011634584370767698,0.019509531557559967,0.4732731580734253,24.258560831002185,118,encoder_output_representation,-0.00011634584370767698,-2.1485209344973555e-06,-1.34718902700115e-11,0.019509531557559967,0.9465463161468506,0.9465462565422058,True,5.960464477539063e-08,3194880,12.1875,128.0,False
shared_e2e_rep_projected,44,42,2,0.00693211704492569,0.017962533980607986,0.49193650484085083,27.386809977475128,119,encoder_output_representation,0.00693211704492569,0.00012251027510501444,0.00012251027510501444,0.017962533980607986,0.9838730096817017,0.9838730096817017,False,0.0,2350080,8.96484375,128.0,False
shared_e2e_rep_projected,44,42,2,-0.0019430198008194566,0.012689070776104927,0.39008980989456177,30.74218883144293,120,encoder_output_representation,-0.0019430198008194566,-1.9235418221796863e-05,-5.4569682106375694e-12,0.012689070776104927,0.7801796197891235,0.7801781296730042,True,1.9073486328125e-06,2703360,10.3125,128.0,False
shared_e2e_rep_projected,44,42,2,0.0014833189779892564,0.012496073730289936,0.46842819452285767,37.48602998295442,121,encoder_output_representation,0.0014833189779892564,1.736525518936105e-05,1.736525518936105e-05,0.012496073730289936,0.9368563890457153,0.9368563890457153,False,0.0,2288640,8.73046875,128.0,False
shared_e2e_rep_projected,44,42,2,0.003355531021952629,0.01656125672161579,0.4617782235145569,27.883042408964222,122,encoder_output_representation,0.003355531021952629,5.132370279170573e-05,5.132370279170573e-05,0.01656125672161579,0.9235564470291138,0.9235564470291138,False,0.0,3309568,12.625,128.0,False
shared_e2e_rep_projected,44,42,2,0.0009076781570911407,0.022174356505274773,0.9288070797920227,41.886540408560705,123,encoder_output_representation,0.0009076781570911407,3.7388534110505134e-05,3.7388534110505134e-05,0.022174356505274773,1.8576141595840454,1.8576141595840454,False,0.0,2002944,7.640625,128.0,False
shared_e2e_rep_projected,44,42,2,-0.002279038308188319,0.013246119022369385,0.5331138968467712,40.24679953022279,124,encoder_output_representation,-0.002279038308188319,-3.2187723263632506e-05,-1.318767317570746e-11,0.013246119022369385,1.0662277936935425,1.0662249326705933,True,2.682209014892578e-06,2088960,7.96875,128.0,False
shared_e2e_rep_projected,44,42,2,0.0004897667095065117,0.019280705600976944,0.5796604156494141,30.064273976572878,125,encoder_output_representation,0.0004897667095065117,1.094752224162221e-05,1.094752224162221e-05,0.019280705600976944,1.1593208312988281,1.1593208312988281,False,0.0,3018752,11.515625,128.0,False
shared_e2e_rep_projected,44,42,2,0.0016279332339763641,0.010625925846397877,0.4198419451713562,39.51109307935553,126,encoder_output_representation,0.0016279332339763641,1.4525101505569182e-05,1.4525101505569182e-05,0.010625925846397877,0.8396838903427124,0.8396838903427124,False,0.0,2350080,8.96484375,128.0,False
shared_e2e_rep_projected,44,42,2,0.012660001404583454,0.01772322878241539,0.4151332974433899,23.423119034341887,127,encoder_output_representation,0.012660001404583454,0.00018629197438713163,0.00018629197438713163,0.01772322878241539,0.8302665948867798,0.8302665948867798,False,0.0,2088960,7.96875,128.0,False
shared_e2e_rep_projected,44,42,2,0.0013313866220414639,0.014824697747826576,0.6524078845977783,44.00817444614861,128,encoder_output_representation,0.0013313866220414639,2.5753675799933262e-05,2.5753675799933262e-05,0.014824697747826576,1.3048157691955566,1.3048157691955566,False,0.0,2350080,8.96484375,128.0,False
shared_e2e_rep_projected,44,42,2,0.004807147663086653,0.010904146358370781,0.22890464961528778,20.99244104877267,129,encoder_output_representation,0.004807147663086653,2.3997374228201807e-05,2.3997374228201807e-05,0.010904146358370781,0.45780929923057556,0.45780929923057556,False,0.0,2350080,8.96484375,128.0,False
shared_e2e_rep_projected,44,42,2,0.00419651297852397,0.013468001037836075,0.38572224974632263,28.6399034765962,130,encoder_output_representation,0.00419651297852397,4.3600994104053825e-05,4.3600994104053825e-05,0.013468001037836075,0.7714444994926453,0.7714444994926453,False,0.0,2088960,7.96875,128.0,False
shared_e2e_rep_projected,44,42,2,0.0002897005178965628,0.01084468699991703,0.38760289549827576,35.74127086390241,131,encoder_output_representation,0.0002897005178965628,2.435473106743302e-06,2.435473106743302e-06,0.01084468699991703,0.7752057909965515,0.7752057909965515,False,0.0,2396160,9.140625,128.0,False
shared_e2e_rep_projected,44,42,2,0.0031934911385178566,0.015179512090981007,0.4380463659763336,28.857736885798943,132,encoder_output_representation,0.0031934911385178566,4.2469153413549066e-05,4.2469153413549066e-05,0.015179512090981007,0.8760927319526672,0.8760927319526672,False,0.0,2396160,9.140625,128.0,False
shared_e2e_rep_projected,44,42,2,-0.008830039761960506,0.017747612670063972,0.5076694488525391,28.60494300221333,133,encoder_output_representation,-0.008830039761960506,-0.00015911592345219105,-7.275957614183426e-12,0.017747612670063972,1.0153388977050781,1.0152993202209473,True,3.898143768310547e-05,2420736,9.234375,128.0,False
shared_e2e_rep_projected,44,42,2,0.0004302167799323797,0.014148803427815437,0.6231721639633179,44.044160139945845,134,encoder_output_representation,0.0004302167799323797,7.586563242512057e-06,7.586563242512057e-06,0.014148803427815437,1.2463443279266357,1.2463443279266357,False,0.0,2741760,10.458984375,128.0,False
shared_e2e_rep_projected,44,42,2,0.003770266193896532,0.014687852934002876,0.9593178629875183,65.313689298091,135,encoder_output_representation,0.003770266193896532,0.0001062485171132721,0.0001062485171132721,0.014687852934002876,1.9186357259750366,1.9186357259750366,False,0.0,2879488,10.984375,128.0,False
shared_e2e_rep_projected,44,42,2,0.0028259456157684326,0.016010688617825508,0.401993066072464,25.107793653853513,136,encoder_output_representation,0.0028259456157684326,3.637662302935496e-05,3.637662302935496e-05,0.016010688617825508,0.803986132144928,0.803986132144928,False,0.0,3133440,11.953125,128.0,False
shared_e2e_rep_projected,44,42,2,-0.0004937596968375146,0.01947000063955784,0.6129228472709656,31.480371193500126,137,encoder_output_representation,-0.0004937596968375146,-1.1784669368353207e-05,-2.2737367544323206e-12,0.01947000063955784,1.2258456945419312,1.2258455753326416,True,1.1920928955078125e-07,2088960,7.96875,128.0,False
shared_e2e_rep_projected,44,42,2,-0.0041833845898509026,0.017192238941788673,0.8000091314315796,46.533155695447014,138,encoder_output_representation,-0.0041833845898509026,-0.0001150761017925106,-3.2741809263825417e-11,0.017192238941788673,1.6000182628631592,1.6000044345855713,True,8.64267349243164e-06,2088960,7.96875,128.0,False
shared_e2e_rep_projected,44,42,2,0.003281976794824004,0.017326833680272102,0.4948667585849762,28.560714999441533,139,encoder_output_representation,0.003281976794824004,5.628244616673328e-05,5.628244616673328e-05,0.017326833680272102,0.9897335171699524,0.9897335171699524,False,0.0,2350080,8.96484375,128.0,False
shared_e2e_rep_projected,44,42,2,0.00011911422188859433,0.021972764283418655,0.9996447563171387,45.494719891547845,140,encoder_output_representation,0.00011911422188859433,5.232677722233348e-06,5.232677722233348e-06,0.021972764283418655,1.9992895126342773,1.9992895126342773,False,0.0,2960384,11.29296875,128.0,False
shared_e2e_rep_projected,44,42,2,-0.0012715811608359218,0.029489856213331223,0.9417109489440918,31.93338557271028,141,encoder_output_representation,-0.0012715811608359218,-7.062595977913588e-05,-1.4551915228366852e-11,0.029489856213331223,1.8834218978881836,1.8834203481674194,True,8.344650268554688e-07,2810880,10.72265625,128.0,False
shared_e2e_rep_projected,44,42,2,-0.00032409411505796015,0.01619483344256878,0.4825093150138855,29.794027627699467,142,encoder_output_representation,-0.00032409411505796015,-5.065045115770772e-06,-1.057287590811029e-11,0.01619483344256878,0.965018630027771,0.9650185704231262,True,5.960464477539063e-08,2088960,7.96875,128.0,False
shared_e2e_rep_projected,44,42,2,0.0001967219723155722,0.017270077019929886,0.40910160541534424,23.688464443050012,143,encoder_output_representation,0.0001967219723155722,2.779766418825602e-06,2.779766418825602e-06,0.017270077019929886,0.8182032108306885,0.8182032108306885,False,0.0,2088960,7.96875,128.0,False
shared_e2e_rep_projected,44,42,2,-0.00012773976777680218,0.01763806864619255,0.49018916487693787,27.791544227987387,144,encoder_output_representation,-0.00012773976777680218,-2.208873411291279e-06,-1.1823431123048067e-11,0.01763806864619255,0.9803783297538757,0.9803783297538757,True,0.0,3488256,13.306640625,128.0,False
shared_e2e_rep_projected,44,42,2,-0.003164297202602029,0.013094552792608738,0.2757406532764435,21.05766097121592,145,encoder_output_representation,-0.003164297202602029,-2.2850659661344253e-05,-3.183231456205249e-12,0.013094552792608738,0.551481306552887,0.5514785647392273,True,4.947185516357422e-06,2580480,9.84375,128.0,False
shared_e2e_rep_projected,44,42,2,-5.91278076171875e-05,0.017405513674020767,0.6031703948974609,34.65398414513585,146,encoder_output_representation,-5.91278076171875e-05,-1.2415054015946225e-06,-4.547473508864641e-13,0.017405513674020767,1.2063407897949219,1.2063407897949219,True,0.0,2350080,8.96484375,128.0,False
shared_e2e_rep_projected,44,42,2,-0.0027939782012254,0.01418598834425211,0.5664571523666382,39.93074987941575,147,encoder_output_representation,-0.0027939782012254,-4.490344872465357e-05,-1.6370904631912708e-11,0.01418598834425211,1.1329143047332764,1.132909893989563,True,3.874301910400391e-06,2350080,8.96484375,128.0,False
shared_e2e_rep_projected,44,42,2,-3.543257116689347e-05,0.012728859670460224,0.41604557633399963,32.68521981584208,148,encoder_output_representation,-3.543257116689347e-05,-3.752866177819669e-07,-2.5011104298755527e-12,0.012728859670460224,0.8320911526679993,0.8320911526679993,True,0.0,2396160,9.140625,128.0,False
shared_e2e_rep_projected,44,42,2,0.002289541531354189,0.015255563892424107,0.5634512305259705,36.9341464202303,149,encoder_output_representation,0.002289541531354189,3.9360729715554044e-05,3.9360729715554044e-05,0.015255563892424107,1.126902461051941,1.126902461051941,False,0.0,2350080,8.96484375,128.0,False
shared_e2e_rep_projected,44,42,2,-0.0004657026438508183,0.01794895902276039,0.9246935248374939,51.517947289585166,150,encoder_output_representation,-0.0004657026438508183,-1.5458799680345692e-05,-1.1368683772161603e-11,0.01794895902276039,1.8493870496749878,1.8493865728378296,True,2.384185791015625e-07,2350080,8.96484375,128.0,False
shared_e2e_rep_projected,44,42,2,0.002207441022619605,0.01607862301170826,0.486154168844223,30.23605743416034,151,encoder_output_representation,0.002207441022619605,3.450976510066539e-05,3.450976510066539e-05,0.01607862301170826,0.972308337688446,0.972308337688446,False,0.0,3194880,12.1875,128.0,False
shared_e2e_rep_projected,44,42,2,0.011297737248241901,0.0167673472315073,0.563437283039093,33.60324535895251,152,encoder_output_representation,0.011297737248241901,0.00021346731227822602,0.00021346731227822602,0.0167673472315073,1.126874566078186,1.126874566078186,False,0.0,2752512,10.5,128.0,False
shared_e2e_rep_projected,44,42,2,0.0011705694487318397,0.016159797087311745,0.3963388204574585,24.526225070527246,153,encoder_output_representation,0.0011705694487318397,1.4994420780567452e-05,1.4994420780567452e-05,0.016159797087311745,0.792677640914917,0.792677640914917,False,0.0,3133440,11.953125,128.0,False
shared_e2e_rep_projected,44,42,2,-0.0011705922661349177,0.012730078771710396,0.3853936791419983,30.274257218144246,154,encoder_output_representation,-0.0011705922661349177,-1.1486066796351224e-05,-3.092281986027956e-11,0.012730078771710396,0.7707873582839966,0.7707868814468384,True,5.960464477539062e-07,2649600,10.107421875,128.0,False
shared_e2e_rep_projected,44,42,2,0.00596796628087759,0.00975023303180933,0.3140324652194977,32.207688184989294,155,encoder_output_representation,0.00596796628087759,3.654650936368853e-05,3.654650936368853e-05,0.00975023303180933,0.6280649304389954,0.6280649304389954,False,0.0,2350080,8.96484375,128.0,False
shared_e2e_rep_projected,44,42,2,-0.0003311125037726015,0.01394753996282816,0.6539037823677063,46.88309078951823,156,encoder_output_representation,-0.0003311125037726015,-6.039723302819766e-06,-1.2732925824820995e-11,0.01394753996282816,1.3078075647354126,1.307807445526123,True,1.1920928955078125e-07,2350080,8.96484375,128.0,False
shared_e2e_rep_projected,44,42,2,0.001488272799178958,0.011795726604759693,0.3353118598461151,28.42655404634535,157,encoder_output_representation,0.001488272799178958,1.1772972356993705e-05,1.1772972356993705e-05,0.011795726604759693,0.6706237196922302,0.6706237196922302,False,0.0,2088960,7.96875,128.0,False
shared_e2e_rep_projected,44,42,2,0.015569454059004784,0.020534532144665718,0.7067121267318726,34.41578905976955,158,encoder_output_representation,0.015569454059004784,0.00045188789954409003,0.00045188789954409003,0.020534532144665718,1.4134242534637451,1.4134242534637451,False,0.0,2350080,8.96484375,128.0,False
shared_e2e_rep_projected,44,42,2,-0.005820039194077253,0.014922005124390125,0.3265942931175232,21.88675653137945,159,encoder_output_representation,-0.005820039194077253,-5.672724364558235e-05,-1.0913936421275139e-11,0.014922005124390125,0.6531885862350464,0.6531774997711182,True,1.6987323760986328e-05,2396160,9.140625,128.0,False
shared_e2e_rep_projected,44,42,2,-0.0017398359486833215,0.01486832182854414,0.4850798547267914,32.62505750955277,160,encoder_output_representation,-0.0017398359486833215,-2.5096520403167233e-05,-1.4551915228366852e-11,0.01486832182854414,0.9701597094535828,0.9701582193374634,True,1.5497207641601562e-06,2350080,8.96484375,128.0,False
shared_e2e_rep_projected,44,42,2,0.024159608408808708,0.022628022357821465,0.8621121048927307,38.09931293420073,161,encoder_output_representation,0.024159608408808708,0.0009426060714758933,0.0009426060714758933,0.022628022357821465,1.7242242097854614,1.7242242097854614,False,0.0,2396160,9.140625,128.0,False
shared_e2e_rep_projected,44,42,2,0.0001347802026430145,0.012477956712245941,0.4171396791934967,33.43012712843549,162,encoder_output_representation,0.0001347802026430145,1.4030756574356928e-06,1.4030756574356928e-06,0.012477956712245941,0.8342793583869934,0.8342793583869934,False,0.0,2088960,7.96875,128.0,False
shared_e2e_rep_projected,44,42,2,0.003079083515331149,0.020550576969981194,0.8218691945075989,39.99251192353997,163,encoder_output_representation,0.003079083515331149,0.00010401074541732669,0.00010401074541732669,0.020550576969981194,1.6437383890151978,1.6437383890151978,False,0.0,2549760,9.7265625,128.0,False
shared_e2e_rep_projected,44,42,2,0.0045636859722435474,0.022495010867714882,0.4704250991344452,20.912419287140914,164,encoder_output_representation,0.0045636859722435474,9.658784256316721e-05,9.658784256316721e-05,0.022495010867714882,0.9408501982688904,0.9408501982688904,False,0.0,2396160,9.140625,128.0,False
shared_e2e_rep_projected,44,42,2,-0.001832587062381208,0.014909143559634686,0.49840208888053894,33.42929034702723,165,encoder_output_representation,-0.001832587062381208,-2.7234986191615462e-05,-1.0913936421275139e-11,0.014909143559634686,0.9968041777610779,0.9968025088310242,True,1.6689300537109375e-06,2785280,10.625,128.0,False
shared_e2e_rep_projected,44,42,2,-0.0012319160159677267,0.014436299912631512,0.7903786897659302,54.74939524319265,166,encoder_output_representation,-0.0012319160159677267,-2.8112677682656795e-05,-1.8189894035458565e-12,0.014436299912631512,1.5807573795318604,1.5807563066482544,True,6.556510925292969e-07,2350080,8.96484375,128.0,False
shared_e2e_rep_projected,44,42,2,-0.0017293853452429175,0.018435295671224594,0.6557871103286743,35.5723673774478,167,encoder_output_representation,-0.0017293853452429175,-4.181525582680479e-05,-9.094947017729282e-12,0.018435295671224594,1.3115742206573486,1.3115721940994263,True,1.5497207641601562e-06,2482176,9.46875,128.0,False
shared_e2e_rep_projected,44,42,2,0.00046308463788591325,0.011386200785636902,0.30812308192253113,27.061096824430876,168,encoder_output_representation,0.00046308463788591325,3.249327164667193e-06,3.249327164667193e-06,0.011386200785636902,0.6162461638450623,0.6162461638450623,False,0.0,2088960,7.96875,128.0,False
shared_e2e_rep_projected,44,42,2,-9.419646812602878e-05,0.016031727194786072,0.4935567378997803,30.786248537231693,169,encoder_output_representation,-9.419646812602878e-05,-1.4906717069607112e-06,-3.979039320256561e-13,0.016031727194786072,0.9871134757995605,0.9871134757995605,True,0.0,2785280,10.625,128.0,False
shared_e2e_rep_projected,44,42,2,0.0005727109964936972,0.021990977227687836,0.544786274433136,24.773172596769392,170,encoder_output_representation,0.0005727109964936972,1.372259430354461e-05,1.372259430354461e-05,0.021990977227687836,1.089572548866272,1.089572548866272,False,0.0,2088960,7.96875,128.0,False
shared_e2e_rep_projected,44,42,2,-0.004967912565916777,0.020074481144547462,0.5310155749320984,26.45226898311792,171,encoder_output_representation,-0.004967912565916777,-0.00010591452883090824,-2.546585164964199e-11,0.020074481144547462,1.0620311498641968,1.0620180368423462,True,1.233816146850586e-05,2396160,9.140625,128.0,False
shared_e2e_rep_projected,44,42,2,0.00022179129882715642,0.018921153619885445,0.5565913915634155,29.41635603964751,172,encoder_output_representation,0.00022179129882715642,4.67152403871296e-06,4.67152403871296e-06,0.018921153619885445,1.113182783126831,1.113182783126831,False,0.0,2396160,9.140625,128.0,False
shared_e2e_rep_projected,44,42,2,0.00045499802217818797,0.02054918184876442,0.4993835389614105,24.301869662584032,173,encoder_output_representation,0.00045499802217818797,9.338309610029683e-06,9.338309610029683e-06,0.02054918184876442,0.998767077922821,0.998767077922821,False,0.0,2457600,9.375,128.0,False
shared_e2e_rep_projected,44,42,2,0.0012156137963756919,0.014892957173287868,0.2795911431312561,18.773379918981643,174,encoder_output_representation,0.0012156137963756919,1.0123483662027866e-05,1.0123483662027866e-05,0.014892957173287868,0.5591822862625122,0.5591822862625122,False,0.0,2088960,7.96875,128.0,False
shared_e2e_rep_projected,44,42,2,2.5607014322304167e-05,0.01870129257440567,0.5699256658554077,30.475201839010854,175,encoder_output_representation,2.5607014322304167e-05,5.45856892131269e-07,5.45856892131269e-07,0.01870129257440567,1.1398513317108154,1.1398513317108154,False,0.0,2350080,8.96484375,128.0,False
shared_e2e_rep_projected,44,42,2,0.006032041739672422,0.012411725707352161,0.37206006050109863,29.976497166764375,176,encoder_output_representation,0.006032041739672422,5.571082147071138e-05,5.571082147071138e-05,0.012411725707352161,0.7441201210021973,0.7441201210021973,False,0.0,2350080,8.96484375,128.0,False
shared_e2e_rep_projected,44,42,2,-0.006463958881795406,0.021100016310811043,0.643268346786499,30.486627939567363,177,encoder_output_representation,-0.006463958881795406,-0.00017547026800457388,-5.093170329928398e-11,0.021100016310811043,1.286536693572998,1.2865098714828491,True,2.086162567138672e-05,2350080,8.96484375,128.0,False
shared_e2e_rep_projected,44,42,2,0.0008323834626935422,0.013136159628629684,0.5108227729797363,38.88676656048092,178,encoder_output_representation,0.0008323834626935422,1.117100146075245e-05,1.117100146075245e-05,0.013136159628629684,1.0216455459594727,1.0216455459594727,False,0.0,2350080,8.96484375,128.0,False
shared_e2e_rep_projected,44,42,2,1.2715318916889373e-05,0.011651861481368542,0.5050045847892761,43.34110782185183,179,encoder_output_representation,1.2715318916889373e-05,1.4964007277740166e-07,1.4964007277740166e-07,0.011651861481368542,1.0100091695785522,1.0100091695785522,False,0.0,2088960,7.96875,128.0,False
shared_e2e_rep_projected,44,42,2,-0.00477918004617095,0.02686689980328083,1.029911756515503,38.33385184209963,180,encoder_output_representation,-0.00477918004617095,-0.00026448495918884873,-4.3655745685100555e-11,0.02686689980328083,2.059823513031006,2.059799909591675,True,1.1444091796875e-05,2350080,8.96484375,128.0,False
shared_e2e_rep_projected,44,42,2,-0.00038850263808853924,0.007722083479166031,0.1671871393918991,21.650522147677556,181,encoder_output_representation,-0.00038850263808853924,-1.0031394594989251e-06,-3.637978807091713e-12,0.007722083479166031,0.3343742787837982,0.33437424898147583,True,5.960464477539063e-08,2088960,7.96875,128.0,False
shared_e2e_rep_projected,44,42,2,-8.453396731056273e-05,0.01136265229433775,0.5403895974159241,47.55840303986171,182,encoder_output_representation,-8.453396731056273e-05,-1.0381208994658664e-06,-1.3926637620897964e-12,0.01136265229433775,1.0807791948318481,1.0807791948318481,True,0.0,2785280,10.625,128.0,False
shared_e2e_rep_projected,44,42,2,0.00288612162694335,0.017660964280366898,0.49061065912246704,27.779381201051546,183,encoder_output_representation,0.00288612162694335,5.001451063435525e-05,5.001451063435525e-05,0.017660964280366898,0.9812213182449341,0.9812213182449341,False,0.0,2159616,8.23828125,128.0,False
shared_e2e_rep_projected,44,42,2,0.00011055459617637098,0.018492527306079865,0.5833445191383362,31.544878073347366,184,encoder_output_representation,0.00011055459617637098,2.385218522249488e-06,2.385218522249488e-06,0.018492527306079865,1.1666890382766724,1.1666890382766724,False,0.0,3525120,13.447265625,128.0,False
shared_e2e_rep_projected,44,42,2,0.0003281691751908511,0.017944160848855972,0.6674847602844238,37.19788102138971,185,encoder_output_representation,0.0003281691751908511,7.861262020014692e-06,7.861262020014692e-06,0.017944160848855972,1.3349695205688477,1.3349695205688477,False,0.0,2611200,9.9609375,128.0,False
shared_e2e_rep_projected,44,42,2,0.0038735689595341682,0.007142739836126566,0.12990394234657288,18.186850610118043,186,encoder_output_representation,0.0038735689595341682,7.188337349361973e-06,7.188337349361973e-06,0.007142739836126566,0.25980788469314575,0.25980788469314575,False,0.0,2088960,7.96875,128.0,False
shared_e2e_rep_projected,44,42,2,0.0001520403748145327,0.021634405478835106,0.9739184379577637,45.01711123564482,187,encoder_output_representation,0.0001520403748145327,6.407025921362219e-06,6.407025921362219e-06,0.021634405478835106,1.9478368759155273,1.9478368759155273,False,0.0,3133440,11.953125,128.0,False
shared_e2e_rep_projected,44,42,2,0.0012223359663039446,0.017494838684797287,0.5502123832702637,31.44998323124801,188,encoder_output_representation,0.0012223359663039446,2.3532111299573444e-05,2.3532111299573444e-05,0.017494838684797287,1.1004247665405273,1.1004247665405273,False,0.0,2088960,7.96875,128.0,False
shared_e2e_rep_projected,44,42,2,-5.79753759666346e-06,0.017205554991960526,0.39744293689727783,23.0996871116908,189,encoder_output_representation,-5.79753759666346e-06,-7.928974810056388e-08,-1.8189894035458565e-12,0.017205554991960526,0.7948858737945557,0.7948858737945557,True,0.0,2396160,9.140625,128.0,False
shared_e2e_rep_projected,44,42,2,0.00810188241302967,0.018773943185806274,0.2630007565021515,14.008818174169654,190,encoder_output_representation,0.00810188241302967,8.000707748578861e-05,8.000707748578861e-05,0.018773943185806274,0.526001513004303,0.526001513004303,False,0.0,3202560,12.216796875,128.0,False
shared_e2e_rep_projected,44,42,2,0.0006991199916228652,0.021174142137169838,0.8363469839096069,39.49850617284059,191,encoder_output_representation,0.0006991199916228652,2.4761333406786434e-05,2.4761333406786434e-05,0.021174142137169838,1.6726939678192139,1.6726939678192139,False,0.0,2350080,8.96484375,128.0,False
shared_e2e_rep_projected,44,42,2,0.007787812501192093,0.014426405541598797,0.5336299538612366,36.98980680409303,192,encoder_output_representation,0.007787812501192093,0.00011990680650342256,0.00011990680650342256,0.014426405541598797,1.0672599077224731,1.0672599077224731,False,0.0,2325504,8.87109375,128.0,False
shared_e2e_rep_projected,44,42,2,0.007422197610139847,0.013685832731425762,0.2906009256839752,21.233704326715163,193,encoder_output_representation,0.007422197610139847,5.903787678107619e-05,5.903787678107619e-05,0.013685832731425762,0.5812018513679504,0.5812018513679504,False,0.0,2088960,7.96875,128.0,False
shared_e2e_rep_projected,44,42,2,0.010713892057538033,0.013208030723035336,0.2861151695251465,21.662212598139263,194,encoder_output_representation,0.010713892057538033,8.097598038148135e-05,8.097598038148135e-05,0.013208030723035336,0.572230339050293,0.572230339050293,False,0.0,3396096,12.955078125,128.0,False
shared_e2e_rep_projected,44,42,2,-0.0014433956239372492,0.015661530196666718,0.43828192353248596,27.984616958167127,195,encoder_output_representation,-0.0014433956239372492,-1.9815412088064477e-05,-9.094947017729282e-12,0.015661530196666718,0.8765638470649719,0.8765628933906555,True,1.0728836059570312e-06,2611200,9.9609375,128.0,False
shared_e2e_rep_projected,44,42,2,-0.0045363628305494785,0.018647151067852974,0.49169015884399414,26.368111517670414,196,encoder_output_representation,-0.0045363628305494785,-8.318437176058069e-05,-3.2741809263825417e-11,0.018647151067852974,0.9833803176879883,0.9833701252937317,True,1.0371208190917969e-05,2396160,9.140625,128.0,False
shared_e2e_rep_projected,44,42,2,-0.005995583720505238,0.014355421997606754,0.4326026141643524,30.135137388261608,197,encoder_output_representation,-0.005995583720505238,-7.446746167261153e-05,9.094947017729282e-12,0.014355421997606754,0.8652052283287048,0.8651896715164185,True,1.800060272216797e-05,2264064,8.63671875,128.0,False
shared_e2e_rep_projected,44,42,2,1.7072939954232424e-05,0.023084554821252823,0.8462541699409485,36.658890608617824,198,encoder_output_representation,1.7072939954232424e-05,6.670534276054241e-07,6.670534276054241e-07,0.023084554821252823,1.692508339881897,1.692508339881897,False,0.0,2221056,8.47265625,128.0,False
shared_e2e_rep_projected,44,42,2,0.0016591675812378526,0.011648891493678093,0.3187023401260376,27.359027277316372,199,encoder_output_representation,0.0016591675812378526,1.2319415873207618e-05,1.2319415873207618e-05,0.011648891493678093,0.6374046802520752,0.6374046802520752,False,0.0,2785280,10.625,128.0,False
shared_e2e_rep_projected,44,42,3,0.0008064665598794818,0.02374565228819847,0.7678245306015015,32.335373283601406,0,encoder_output_representation,0.0008064665598794818,2.9407794500002638e-05,2.9407794500002638e-05,0.02374565228819847,1.535649061203003,1.535649061203003,False,0.0,2396160,9.140625,128.0,False
shared_e2e_rep_projected,44,42,3,0.0029106764122843742,0.011673854663968086,0.2917986810207367,24.9959151814171,1,encoder_output_representation,0.0029106764122843742,1.9829945813398808e-05,1.9829945813398808e-05,0.011673854663968086,0.5835973620414734,0.5835973620414734,False,0.0,2088960,7.96875,128.0,False
shared_e2e_rep_projected,44,42,3,0.0014339181361719966,0.013195056468248367,0.38467898964881897,29.153265889727926,2,encoder_output_representation,0.0014339181361719966,1.4556737369275652e-05,1.4556737369275652e-05,0.013195056468248367,0.7693579792976379,0.7693579792976379,False,0.0,2396160,9.140625,128.0,False
shared_e2e_rep_projected,44,42,3,0.014162272214889526,0.027585648000240326,0.7826055288314819,28.370025196604548,3,encoder_output_representation,0.014162272214889526,0.0006114895804785192,0.0006114895804785192,0.027585648000240326,1.5652110576629639,1.5652110576629639,False,0.0,2350080,8.96484375,128.0,False
shared_e2e_rep_projected,44,42,3,0.00010337764251744375,0.020364239811897278,1.7504045963287354,85.95482141720345,4,encoder_output_representation,0.00010337764251744375,7.369928425760008e-06,7.369928425760008e-06,0.020364239811897278,3.5008091926574707,3.5008091926574707,False,0.0,2350080,8.96484375,128.0,False
shared_e2e_rep_projected,44,42,3,0.02014581859111786,0.011930265463888645,0.5281833410263062,44.27255559610539,5,encoder_output_representation,0.02014581859111786,0.0002538924163673073,0.0002538924163673073,0.011930265463888645,1.0563666820526123,1.0563666820526123,False,0.0,2350080,8.96484375,128.0,False
shared_e2e_rep_projected,44,42,3,0.0001443641958758235,0.016492508351802826,0.4726486802101135,28.658386591536722,6,encoder_output_representation,0.0001443641958758235,2.250684701721184e-06,2.250684701721184e-06,0.016492508351802826,0.945297360420227,0.945297360420227,False,0.0,2611200,9.9609375,128.0,False
shared_e2e_rep_projected,44,42,3,-0.0030787079595029354,0.019623013213276863,0.5078165531158447,25.878622594630766,7,encoder_output_representation,-0.0030787079595029354,-6.135797593742609e-05,-4.3655745685100555e-11,0.019623013213276863,1.0156331062316895,1.0156283378601074,True,4.708766937255859e-06,3004416,11.4609375,128.0,False
shared_e2e_rep_projected,44,42,3,-0.004531236831098795,0.01700722984969616,0.4140293300151825,24.34431319351983,8,encoder_output_representation,-0.004531236831098795,-6.381333514582366e-05,-6.139089236967266e-12,0.01700722984969616,0.828058660030365,0.8280501365661621,True,1.0311603546142578e-05,2088960,7.96875,128.0,False
shared_e2e_rep_projected,44,42,3,-0.014258116483688354,0.018951211124658585,0.5872029066085815,30.98498047148743,9,encoder_output_representation,-0.014258116483688354,-0.0003173345176037401,-2.9103830456733704e-11,0.018951211124658585,1.174405813217163,1.1742863655090332,True,0.0001016855239868164,2088960,7.96875,128.0,False
shared_e2e_rep_projected,44,42,3,0.00024696081527508795,0.02091238833963871,0.46388331055641174,22.18222534042833,10,encoder_output_representation,0.00024696081527508795,4.7914882088662125e-06,4.7914882088662125e-06,0.02091238833963871,0.9277666211128235,0.9277666211128235,False,0.0,3133440,11.953125,128.0,False
shared_e2e_rep_projected,44,42,3,-0.025915300473570824,0.021666167303919792,0.5748059153556824,26.530115238780134,11,encoder_output_representation,-0.025915300473570824,-0.0006454900722019374,-1.1641532182693481e-10,0.021666167303919792,1.1496118307113647,1.1492257118225098,True,0.00033587217330932617,3594240,13.7109375,128.0,False
shared_e2e_rep_projected,44,42,3,0.0015186680248007178,0.011508295312523842,0.309813916683197,26.92092167169569,12,encoder_output_representation,0.0015186680248007178,1.0829408893187065e-05,1.0829408893187065e-05,0.011508295312523842,0.619627833366394,0.619627833366394,False,0.0,2350080,8.96484375,128.0,False
shared_e2e_rep_projected,44,42,3,0.012630610726773739,0.01581699587404728,0.5317983031272888,33.62195371118924,13,encoder_output_representation,0.012630610726773739,0.00021248353004921228,0.00021248353004921228,0.01581699587404728,1.0635966062545776,1.0635966062545776,False,0.0,2611200,9.9609375,128.0,False
shared_e2e_rep_projected,44,42,3,0.00588817335665226,0.014122203923761845,0.320584237575531,22.70072286919182,14,encoder_output_representation,0.00588817335665226,5.3315714467316866e-05,5.3315714467316866e-05,0.014122203923761845,0.641168475151062,0.641168475151062,False,0.0,2846720,10.859375,128.0,False
shared_e2e_rep_projected,44,42,3,-0.0003526481450535357,0.013088250532746315,0.41419005393981934,31.645944803969886,15,encoder_output_representation,-0.0003526481450535357,-3.823427505267318e-06,-7.275957614183426e-12,0.013088250532746315,0.8283801078796387,0.8283800482749939,True,5.960464477539063e-08,2288640,8.73046875,128.0,False
shared_e2e_rep_projected,44,42,3,0.020037522539496422,0.014773697592318058,0.32336071133613586,21.887595120687667,16,encoder_output_representation,0.020037522539496422,0.00019144784891977906,0.00019144784891977906,0.014773697592318058,0.6467214226722717,0.6467214226722717,False,0.0,2785280,10.625,128.0,False
shared_e2e_rep_projected,44,42,3,-0.0005520207341760397,0.019384998828172684,0.7568857073783875,39.044918913195254,17,encoder_output_representation,-0.0005520207341760397,-1.6198748198803514e-05,-3.637978807091713e-11,0.019384998828172684,1.513771414756775,1.5137711763381958,True,1.7881393432617188e-07,2350080,8.96484375,128.0,False
shared_e2e_rep_projected,44,42,3,0.00012046561460010707,0.020079374313354492,0.9771714806556702,48.66543475937734,18,encoder_output_representation,0.00012046561460010707,4.727309715235606e-06,4.727309715235606e-06,0.020079374313354492,1.9543429613113403,1.9543429613113403,False,0.0,3525120,13.447265625,128.0,False
shared_e2e_rep_projected,44,42,3,-0.000877157028298825,0.018659254536032677,0.5896392464637756,31.600364597906626,19,encoder_output_representation,-0.000877157028298825,-1.9301363863633014e-05,-1.1823431123048067e-11,0.018659254536032677,1.1792784929275513,1.179278016090393,True,4.172325134277344e-07,2785280,10.625,128.0,False
shared_e2e_rep_projected,44,42,3,-0.006451650522649288,0.015492938458919525,0.2547537386417389,16.4432163283443,20,encoder_output_representation,-0.006451650522649288,-5.0927832489833236e-05,-5.4569682106375694e-12,0.015492938458919525,0.5095074772834778,0.5094968676567078,True,2.0802021026611328e-05,2350080,8.96484375,128.0,False
shared_e2e_rep_projected,44,42,3,-0.006155508104711771,0.024092378094792366,0.64476478099823,26.762189206120656,21,encoder_output_representation,-0.006155508104711771,-0.00019123830134049058,-3.637978807091713e-12,0.024092378094792366,1.28952956199646,1.2895052433013916,True,1.8835067749023438e-05,2088960,7.96875,128.0,False
shared_e2e_rep_projected,44,42,3,-0.002059508813545108,0.02117236517369747,0.7613226771354675,35.958319766809154,22,encoder_output_representation,-0.002059508813545108,-6.639445200562477e-05,-1.4551915228366852e-11,0.02117236517369747,1.522645354270935,1.5226421356201172,True,2.086162567138672e-06,3488256,13.306640625,128.0,False
shared_e2e_rep_projected,44,42,3,-0.000817326654214412,0.020714417099952698,0.7621146440505981,36.791508077354415,23,encoder_output_representation,-0.000817326654214412,-2.5805882614804432e-05,-1.8189894035458565e-12,0.020714417099952698,1.5242292881011963,1.5242286920547485,True,4.172325134277344e-07,3194880,12.1875,128.0,False
shared_e2e_rep_projected,44,42,3,0.019032513722777367,0.015057414770126343,0.49560725688934326,32.91449856801579,24,encoder_output_representation,0.019032513722777367,0.0002840626984834671,0.0002840626984834671,0.015057414770126343,0.9912145137786865,0.9912145137786865,False,0.0,2088960,7.96875,128.0,False
shared_e2e_rep_projected,44,42,3,0.0027218752074986696,0.01498775091022253,0.4386637806892395,29.268152594532708,25,encoder_output_representation,0.0027218752074986696,3.579039184842259e-05,3.579039184842259e-05,0.01498775091022253,0.877327561378479,0.877327561378479,False,0.0,2088960,7.96875,128.0,False
shared_e2e_rep_projected,44,42,3,0.0007746608462184668,0.017946286126971245,0.44037050008773804,24.538252481437418,26,encoder_output_representation,0.0007746608462184668,1.2244312529219314e-05,1.2244312529219314e-05,0.017946286126971245,0.8807410001754761,0.8807410001754761,False,0.0,2613248,9.96875,128.0,False
shared_e2e_rep_projected,44,42,3,0.004489717073738575,0.014339097775518894,0.36847785115242004,25.69742231491868,27,encoder_output_representation,0.004489717073738575,4.74440967082046e-05,4.74440967082046e-05,0.014339097775518894,0.7369557023048401,0.7369557023048401,False,0.0,2350080,8.96484375,128.0,False
shared_e2e_rep_projected,44,42,3,0.0037673243787139654,0.016221487894654274,0.35778921842575073,22.056498192355015,28,encoder_output_representation,0.0037673243787139654,4.373014598968439e-05,4.373014598968439e-05,0.016221487894654274,0.7155784368515015,0.7155784368515015,False,0.0,2088960,7.96875,128.0,False
shared_e2e_rep_projected,44,42,3,-0.02382947877049446,0.021809007972478867,0.9899899959564209,45.39362804606725,29,encoder_output_representation,-0.02382947877049446,-0.001028990256600082,-3.4924596548080444e-10,0.021809007972478867,1.9799799919128418,1.9794178009033203,True,0.00028395652770996094,3194880,12.1875,128.0,False
shared_e2e_rep_projected,44,42,3,0.020885910838842392,0.01499667577445507,0.5077565908432007,33.85794281877451,30,encoder_output_representation,0.020885910838842392,0.0003180782659910619,0.0003180782659910619,0.01499667577445507,1.0155131816864014,1.0155131816864014,False,0.0,2396160,9.140625,128.0,False
shared_e2e_rep_projected,44,42,3,-0.005310310050845146,0.011224028654396534,0.19326423108577728,17.218793450787768,31,encoder_output_representation,-0.005310310050845146,-2.3038282961351797e-05,-1.6370904631912708e-11,0.011224028654396534,0.38652846217155457,0.3865230083465576,True,1.4126300811767578e-05,2350080,8.96484375,128.0,False
shared_e2e_rep_projected,44,42,3,0.00012507250357884914,0.014028694480657578,0.38501614332199097,27.444901865447413,32,encoder_output_representation,0.00012507250357884914,1.351101673208177e-06,1.351101673208177e-06,0.014028694480657578,0.7700322866439819,0.7700322866439819,False,0.0,2350080,8.96484375,128.0,False
shared_e2e_rep_projected,44,42,3,0.00326210493221879,0.023660719394683838,0.8934094905853271,37.7591854111613,33,encoder_output_representation,0.00326210493221879,0.00013791339006274939,0.00013791339006274939,0.023660719394683838,1.7868189811706543,1.7868189811706543,False,0.0,2903040,11.07421875,128.0,False
shared_e2e_rep_projected,44,42,3,0.0022750110365450382,0.017276283353567123,0.6518799662590027,37.73265076278143,34,encoder_output_representation,0.0022750110365450382,5.1242634071968496e-05,5.1242634071968496e-05,0.017276283353567123,1.3037599325180054,1.3037599325180054,False,0.0,2785280,10.625,128.0,False
shared_e2e_rep_projected,44,42,3,-0.008675221353769302,0.01480439305305481,0.4244506359100342,28.670586790618277,35,encoder_output_representation,-0.008675221353769302,-0.00010902556095970795,-3.637978807091713e-12,0.01480439305305481,0.8489012718200684,0.8488693237304688,True,3.7610530853271484e-05,2088960,7.96875,128.0,False
shared_e2e_rep_projected,44,42,3,0.0009874338284134865,0.015772512182593346,0.3407556712627411,21.60440057474176,36,encoder_output_representation,0.0009874338284134865,1.0614070561132394e-05,1.0614070561132394e-05,0.015772512182593346,0.6815113425254822,0.6815113425254822,False,0.0,2879488,10.984375,128.0,False
shared_e2e_rep_projected,44,42,3,0.00018923413881566375,0.012109625153243542,0.33568644523620605,27.720630571813615,37,encoder_output_representation,0.00018923413881566375,1.5384875950985588e-06,1.5384875950985588e-06,0.012109625153243542,0.6713728904724121,0.6713728904724121,False,0.0,2088960,7.96875,128.0,False
shared_e2e_rep_projected,44,42,3,0.005769820883870125,0.015938708558678627,0.2627752423286438,16.48660814401821,38,encoder_output_representation,0.005769820883870125,4.833145430893637e-05,4.833145430893637e-05,0.015938708558678627,0.5255504846572876,0.5255504846572876,False,0.0,2785280,10.625,128.0,False
shared_e2e_rep_projected,44,42,3,0.005293939728289843,0.013063227757811546,0.4279518127441406,32.76003608589264,39,encoder_output_representation,0.005293939728289843,5.919081741012633e-05,5.919081741012633e-05,0.013063227757811546,0.8559036254882812,0.8559036254882812,False,0.0,2088960,7.96875,128.0,False
shared_e2e_rep_projected,44,42,3,0.0010117191122844815,0.016616756096482277,0.6110442876815796,36.77277828077022,40,encoder_output_representation,0.0010117191122844815,2.0545128791127354e-05,2.0545128791127354e-05,0.016616756096482277,1.2220885753631592,1.2220885753631592,False,0.0,2350080,8.96484375,128.0,False
shared_e2e_rep_projected,44,42,3,-0.001538997981697321,0.013761156238615513,0.5050280094146729,36.69953313933763,41,encoder_output_representation,-0.001538997981697321,-2.1391362679423764e-05,0.0,0.013761156238615513,1.0100560188293457,1.0100548267364502,True,1.1920928955078125e-06,2785280,10.625,128.0,False
shared_e2e_rep_projected,44,42,3,0.007899578660726547,0.01927703619003296,0.6103394031524658,31.66147519440966,42,encoder_output_representation,0.007899578660726547,0.00018588553939480335,0.00018588553939480335,0.01927703619003296,1.2206788063049316,1.2206788063049316,False,0.0,2350080,8.96484375,128.0,False
shared_e2e_rep_projected,44,42,3,-0.0012035594554618,0.014366433955729008,0.4979626536369324,34.66153501776662,43,encoder_output_representation,-0.0012035594554618,-1.722040178719908e-05,-1.0913936421275139e-11,0.014366433955729008,0.9959253072738647,0.9959245324134827,True,7.748603820800781e-07,2396160,9.140625,128.0,False
shared_e2e_rep_projected,44,42,3,-0.004060734994709492,0.017861980944871902,0.581218957901001,32.53944563566822,44,encoder_output_representation,-0.004060734994709492,-8.431484457105398e-05,-4.3655745685100555e-11,0.017861980944871902,1.162437915802002,1.1624282598495483,True,8.285045623779297e-06,3194880,12.1875,128.0,False
shared_e2e_rep_projected,44,42,3,0.0014326699310913682,0.01006279792636633,0.18273583054542542,18.159544878330994,45,encoder_output_representation,0.0014326699310913682,5.268883796816226e-06,5.268883796816226e-06,0.01006279792636633,0.36547166109085083,0.36547166109085083,False,0.0,2785280,10.625,128.0,False
shared_e2e_rep_projected,44,42,3,-0.002740517957136035,0.01800793968141079,0.4262000322341919,23.66734006079269,46,encoder_output_representation,-0.002740517957136035,-4.2066865717060864e-05,-5.4569682106375694e-12,0.01800793968141079,0.8524000644683838,0.8523969054222107,True,3.6954879760742188e-06,2350080,8.96484375,128.0,False
shared_e2e_rep_projected,44,42,3,-0.01843477040529251,0.02561601623892784,0.7080263495445251,27.63998675440251,47,encoder_output_representation,-0.01843477040529251,-0.0006686960114166141,-2.3283064365386963e-10,0.02561601623892784,1.4160526990890503,1.4158121347427368,True,0.00016987323760986328,2088960,7.96875,128.0,False
shared_e2e_rep_projected,44,42,3,-0.0004319423751439899,0.020155468955636024,0.4940735399723053,24.513125497591002,48,encoder_output_representation,-0.0004319423751439899,-8.602809430158231e-06,-2.9103830456733704e-11,0.020155468955636024,0.9881470799446106,0.988146960735321,True,1.1920928955078125e-07,3018752,11.515625,128.0,False
shared_e2e_rep_projected,44,42,3,-0.007959404028952122,0.017799153923988342,0.5121023654937744,28.77116337555809,49,encoder_output_representation,-0.007959404028952122,-0.00014509976608678699,-3.637978807091713e-12,0.017799153923988342,1.0242047309875488,1.024172306060791,True,3.165006637573242e-05,2350080,8.96484375,128.0,False
shared_e2e_rep_projected,44,42,3,0.004507503937929869,0.013163447380065918,0.3152901530265808,23.95194388850149,50,encoder_output_representation,0.004507503937929869,3.74150367861148e-05,3.74150367861148e-05,0.013163447380065918,0.6305803060531616,0.6305803060531616,False,0.0,2088960,7.96875,128.0,False
shared_e2e_rep_projected,44,42,3,0.004213957581669092,0.013005118817090988,0.18648962676525116,14.339709570370964,51,encoder_output_representation,0.004213957581669092,2.044038956228178e-05,2.044038956228178e-05,0.013005118817090988,0.3729792535305023,0.3729792535305023,False,0.0,2135040,8.14453125,128.0,False
shared_e2e_rep_projected,44,42,3,0.00014398759230971336,0.016839735209941864,0.494314044713974,29.35402715965155,52,encoder_output_representation,0.00014398759230971336,2.397139269305626e-06,2.397139269305626e-06,0.016839735209941864,0.988628089427948,0.988628089427948,False,0.0,3133440,11.953125,128.0,False
shared_e2e_rep_projected,44,42,3,-0.0007966184057295322,0.018171211704611778,0.9158335328102112,50.40024560265161,53,encoder_output_representation,-0.0007966184057295322,-2.6514335331739858e-05,-2.546585164964199e-11,0.018171211704611778,1.8316670656204224,1.8316664695739746,True,2.980232238769531e-07,2785280,10.625,128.0,False
shared_e2e_rep_projected,44,42,3,0.0007751611992716789,0.02142036147415638,0.5261118412017822,24.56129612175476,54,encoder_output_representation,0.0007751611992716789,1.7471367755206302e-05,1.7471367755206302e-05,0.02142036147415638,1.0522236824035645,1.0522236824035645,False,0.0,2641408,10.076171875,128.0,False
shared_e2e_rep_projected,44,42,3,0.0001447849062969908,0.027174275368452072,0.4118354320526123,15.155341824891195,55,encoder_output_representation,0.0001447849062969908,3.240671048843069e-06,3.240671048843069e-06,0.027174275368452072,0.8236708641052246,0.8236708641052246,False,0.0,2350080,8.96484375,128.0,False
shared_e2e_rep_projected,44,42,3,-0.010197005234658718,0.019765764474868774,0.6384226679801941,32.299416943469,56,encoder_output_representation,-0.010197005234658718,-0.00025735024246387184,-2.9103830456733704e-11,0.019765764474868774,1.2768453359603882,1.2767789363861084,True,5.1975250244140625e-05,3041280,11.6015625,128.0,False
shared_e2e_rep_projected,44,42,3,0.009777270257472992,0.021842338144779205,0.5172272324562073,23.680030454058137,57,encoder_output_representation,0.009777270257472992,0.00022091649589128792,0.00022091649589128792,0.021842338144779205,1.0344544649124146,1.0344544649124146,False,0.0,2396160,9.140625,128.0,False
shared_e2e_rep_projected,44,42,3,-0.007590649649500847,0.015312565490603447,0.3206835091114044,20.942506943607313,58,encoder_output_representation,-0.007590649649500847,-7.454757724190131e-05,-3.637978807091713e-12,0.015312565490603447,0.6413670182228088,0.6413485407829285,True,2.8789043426513672e-05,2785280,10.625,128.0,False
shared_e2e_rep_projected,44,42,3,0.0004130388260819018,0.013220389373600483,0.49548062682151794,37.47851994517898,59,encoder_output_representation,0.0004130388260819018,5.411177426140057e-06,5.411177426140057e-06,0.013220389373600483,0.9909612536430359,0.9909612536430359,False,0.0,2928640,11.171875,128.0,False
shared_e2e_rep_projected,44,42,3,-0.0031739629339426756,0.019843382760882378,0.3352698087692261,16.895799108917537,60,encoder_output_representation,-0.0031739629339426756,-4.2232033592881635e-05,-3.092281986027956e-11,0.019843382760882378,0.6705396175384521,0.6705362200737,True,5.066394805908203e-06,2785280,10.625,128.0,False
shared_e2e_rep_projected,44,42,3,-2.253028651466593e-05,0.014603536576032639,0.4428602159023285,30.325545705767727,61,encoder_output_representation,-2.253028651466593e-05,-2.9142137236704e-07,-1.1368683772161603e-13,0.014603536576032639,0.885720431804657,0.885720431804657,True,0.0,2785280,10.625,128.0,False
shared_e2e_rep_projected,44,42,3,0.0004024097288493067,0.019596286118030548,0.3880341351032257,19.80141200052164,62,encoder_output_representation,0.0004024097288493067,6.1198697949294e-06,6.1198697949294e-06,0.019596286118030548,0.7760682702064514,0.7760682702064514,False,0.0,2350080,8.96484375,128.0,False
shared_e2e_rep_projected,44,42,3,0.005101027898490429,0.02202722430229187,1.0188124179840088,46.25241946067641,63,encoder_output_representation,0.005101027898490429,0.00022895053552929312,0.00022895053552929312,0.02202722430229187,2.0376248359680176,2.0376248359680176,False,0.0,2088960,7.96875,128.0,False
shared_e2e_rep_projected,44,42,3,-0.002467905171215534,0.011604251340031624,0.378778874874115,32.641388382155014,64,encoder_output_representation,-0.002467905171215534,-2.1695084797102027e-05,0.0,0.011604251340031624,0.75755774974823,0.7575554847717285,True,2.9802322387695312e-06,2350080,8.96484375,128.0,False
shared_e2e_rep_projected,44,42,3,-0.03240659832954407,0.013027269393205643,0.38990655541419983,29.930029359610476,65,encoder_output_representation,-0.03240659832954407,-0.00032921330421231687,-2.1827872842550278e-11,0.013027269393205643,0.7798131108283997,0.7794035077095032,True,0.0005252361297607422,2350080,8.96484375,128.0,False
shared_e2e_rep_projected,44,42,3,-0.0004551290476229042,0.022951439023017883,0.5334027409553528,23.24049225934835,66,encoder_output_representation,-0.0004551290476229042,-1.1143707524752244e-05,-3.456079866737127e-11,0.022951439023017883,1.0668054819107056,1.066805362701416,True,1.1920928955078125e-07,2088960,7.96875,128.0,False
shared_e2e_rep_projected,44,42,3,0.004144801292568445,0.015689309686422348,0.3144395351409912,20.041642457546086,67,encoder_output_representation,0.004144801292568445,4.0895421989262104e-05,4.0895421989262104e-05,0.015689309686422348,0.6288790702819824,0.6288790702819824,False,0.0,2580480,9.84375,128.0,False
shared_e2e_rep_projected,44,42,3,-0.0020551143679767847,0.021343713626265526,0.6081811785697937,28.494627936788252,68,encoder_output_representation,-0.0020551143679767847,-5.3354244300862774e-05,-2.546585164964199e-11,0.021343713626265526,1.2163623571395874,1.2163598537445068,True,2.086162567138672e-06,2396160,9.140625,128.0,False
shared_e2e_rep_projected,44,42,3,-0.004499796777963638,0.021872475743293762,0.6290568113327026,28.760201575515538,69,encoder_output_representation,-0.004499796777963638,-0.00012382568093016744,-2.1827872842550278e-11,0.021872475743293762,1.2581136226654053,1.2581008672714233,True,1.0132789611816406e-05,2350080,8.96484375,128.0,False
shared_e2e_rep_projected,44,42,3,8.373847958864644e-05,0.014445078559219837,0.7738903760910034,53.57467409528581,70,encoder_output_representation,8.373847958864644e-05,1.8722093955148011e-06,1.8722093955148011e-06,0.014445078559219837,1.5477807521820068,1.5477807521820068,False,0.0,3133440,11.953125,128.0,False
shared_e2e_rep_projected,44,42,3,0.004495035856962204,0.012942400760948658,0.46075379848480225,35.60033466704594,71,encoder_output_representation,0.004495035856962204,5.36101360921748e-05,5.36101360921748e-05,0.012942400760948658,0.9215075969696045,0.9215075969696045,False,0.0,2088960,7.96875,128.0,False
shared_e2e_rep_projected,44,42,3,0.0053381905891001225,0.014331204816699028,0.3205479383468628,22.36713119704726,72,encoder_output_representation,0.0053381905891001225,4.9045564082916826e-05,4.9045564082916826e-05,0.014331204816699028,0.6410958766937256,0.6410958766937256,False,0.0,2611200,9.9609375,128.0,False
shared_e2e_rep_projected,44,42,3,0.004078530240803957,0.016491690650582314,0.47136616706848145,28.582040316881503,73,encoder_output_representation,0.004078530240803957,6.340993422782049e-05,6.340993422782049e-05,0.016491690650582314,0.9427323341369629,0.9427323341369629,False,0.0,2350080,8.96484375,128.0,False
shared_e2e_rep_projected,44,42,3,-0.002167553175240755,0.02359902299940586,0.7844725847244263,33.241739912036884,74,encoder_output_representation,-0.002167553175240755,-8.025490387808532e-05,-7.275957614183426e-11,0.02359902299940586,1.5689451694488525,1.5689414739608765,True,2.384185791015625e-06,3556864,13.568359375,128.0,False
shared_e2e_rep_projected,44,42,3,0.0005800281069241464,0.016865761950612068,0.4936143159866333,29.26724078236618,75,encoder_output_representation,0.0005800281069241464,9.657678674557246e-06,9.657678674557246e-06,0.016865761950612068,0.9872286319732666,0.9872286319732666,False,0.0,2785280,10.625,128.0,False
shared_e2e_rep_projected,44,42,3,-0.00279391766525805,0.012521759606897831,0.2935429513454437,23.442627918183355,76,encoder_output_representation,-0.00279391766525805,-2.053906246146653e-05,-2.7284841053187847e-12,0.012521759606897831,0.5870859026908875,0.587083637714386,True,3.874301910400391e-06,2135040,8.14453125,128.0,False
shared_e2e_rep_projected,44,42,3,-0.0008730010013096035,0.022523166611790657,0.6959584951400757,30.89967352884333,77,encoder_output_representation,-0.0008730010013096035,-2.736891110544093e-05,-1.8189894035458565e-12,0.022523166611790657,1.3919169902801514,1.3919163942337036,True,4.172325134277344e-07,2088960,7.96875,128.0,False
shared_e2e_rep_projected,44,42,3,-0.0016247302992269397,0.02181069180369377,0.6919057965278625,31.723239352301707,78,encoder_output_representation,-0.0016247302992269397,-4.903742956230417e-05,-4.001776687800884e-11,0.02181069180369377,1.383811593055725,1.3838096857070923,True,1.3709068298339844e-06,2350080,8.96484375,128.0,False
shared_e2e_rep_projected,44,42,3,0.0037547950632870197,0.013558591715991497,0.32820045948028564,24.2060876494418,79,encoder_output_representation,0.0037547950632870197,3.3417196391383186e-05,3.3417196391383186e-05,0.013558591715991497,0.6564009189605713,0.6564009189605713,False,0.0,3133440,11.953125,128.0,False
shared_e2e_rep_projected,44,42,3,0.0030535736586898565,0.010044615715742111,0.17979885637760162,17.90002340217132,80,encoder_output_representation,0.0030535736586898565,1.1029571396647952e-05,1.1029571396647952e-05,0.010044615715742111,0.35959771275520325,0.35959771275520325,False,0.0,2088960,7.96875,128.0,False
shared_e2e_rep_projected,44,42,3,0.002187056001275778,0.01768759824335575,0.4132730960845947,23.36513360370103,81,encoder_output_representation,0.002187056001275778,3.1973919249139726e-05,3.1973919249139726e-05,0.01768759824335575,0.8265461921691895,0.8265461921691895,False,0.0,2350080,8.96484375,128.0,False
shared_e2e_rep_projected,44,42,3,-0.01548849232494831,0.02120130881667137,0.5024077296257019,23.697014838566954,82,encoder_output_representation,-0.01548849232494831,-0.0003299575764685869,-4.3655745685100555e-11,0.02120130881667137,1.0048154592514038,1.0046948194503784,True,0.00012004375457763672,2396160,9.140625,128.0,False
shared_e2e_rep_projected,44,42,3,0.010268782265484333,0.012339914217591286,0.16278333961963654,13.191610310189933,83,encoder_output_representation,0.010268782265484333,4.125447230762802e-05,4.125447230762802e-05,0.012339914217591286,0.32556667923927307,0.32556667923927307,False,0.0,3525120,13.447265625,128.0,False
shared_e2e_rep_projected,44,42,3,0.004170870874077082,0.01896837167441845,0.4262864887714386,22.47354154001245,84,encoder_output_representation,0.004170870874077082,6.745099381078035e-05,6.745099381078035e-05,0.01896837167441845,0.8525729775428772,0.8525729775428772,False,0.0,2088960,7.96875,128.0,False
shared_e2e_rep_projected,44,42,3,0.0005070681218057871,0.030779926106333733,0.8309102058410645,26.99519820062479,85,encoder_output_representation,0.0005070681218057871,2.5936895326594822e-05,2.5936895326594822e-05,0.030779926106333733,1.661820411682129,1.661820411682129,False,0.0,3194880,12.1875,128.0,False
shared_e2e_rep_projected,44,42,3,-0.0012109111994504929,0.012728570029139519,0.38896650075912476,30.55853877290722,86,encoder_output_representation,-0.0012109111994504929,-1.1990411621809471e-05,4.547473508864641e-13,0.012728570029139519,0.7779330015182495,0.7779324054718018,True,7.748603820800781e-07,2785280,10.625,128.0,False
shared_e2e_rep_projected,44,42,3,0.007895177230238914,0.015671174973249435,0.26338639855384827,16.807061308641288,87,encoder_output_representation,0.007895177230238914,6.51758600724861e-05,6.51758600724861e-05,0.015671174973249435,0.5267727971076965,0.5267727971076965,False,0.0,2350080,8.96484375,128.0,False
shared_e2e_rep_projected,44,42,3,0.012546975165605545,0.0280606709420681,0.8474100828170776,30.19920958292748,88,encoder_output_representation,0.012546975165605545,0.0005967064062133431,0.0005967064062133431,0.0280606709420681,1.6948201656341553,1.6948201656341553,False,0.0,2088960,7.96875,128.0,False
shared_e2e_rep_projected,44,42,3,0.001127887051552534,0.017544802278280258,0.4499710500240326,25.64697184311266,89,encoder_output_representation,0.001127887051552534,1.7808553820941597e-05,1.7808553820941597e-05,0.017544802278280258,0.8999421000480652,0.8999421000480652,False,0.0,2396160,9.140625,128.0,False
shared_e2e_rep_projected,44,42,3,-0.004182657692581415,0.013427403755486012,0.33991554379463196,25.31506089967342,90,encoder_output_representation,-0.004182657692581415,-3.81808313250076e-05,-1.0913936421275139e-11,0.013427403755486012,0.6798310875892639,0.6798251867294312,True,8.702278137207031e-06,2420736,9.234375,128.0,False
shared_e2e_rep_projected,44,42,3,-0.01170420367270708,0.022449839860200882,0.44072628021240234,19.631600178748833,91,encoder_output_representation,-0.01170420367270708,-0.00023160825367085636,-1.0913936421275139e-11,0.022449839860200882,0.8814525604248047,0.881392240524292,True,6.842613220214844e-05,2846720,10.859375,128.0,False
shared_e2e_rep_projected,44,42,3,0.0110220517963171,0.02096777968108654,0.6806365847587585,32.461070991351065,92,encoder_output_representation,0.0110220517963171,0.0003146010567434132,0.0003146010567434132,0.02096777968108654,1.361273169517517,1.361273169517517,False,0.0,2325504,8.87109375,128.0,False
shared_e2e_rep_projected,44,42,3,-0.002547935117036104,0.021164337173104286,0.5781362056732178,27.316527843258672,93,encoder_output_representation,-0.002547935117036104,-6.235240289242938e-05,-5.3660187404602766e-11,0.021164337173104286,1.1562724113464355,1.1562687158584595,True,3.2186508178710938e-06,2088960,7.96875,128.0,False
shared_e2e_rep_projected,44,42,3,-2.1798809029860422e-05,0.010182579047977924,0.33597394824028015,32.99497569891181,94,encoder_output_representation,-2.1798809029860422e-05,-1.4915099200152326e-07,-1.3642420526593924e-12,0.010182579047977924,0.6719478964805603,0.6719478964805603,True,0.0,2350080,8.96484375,128.0,False
shared_e2e_rep_projected,44,42,3,-0.0049893055111169815,0.012584803625941277,0.33097174763679504,26.29931761148479,95,encoder_output_representation,-0.0049893055111169815,-4.156305658398196e-05,4.547473508864641e-12,0.012584803625941277,0.6619434952735901,0.6619352698326111,True,1.239776611328125e-05,2396160,9.140625,128.0,False
shared_e2e_rep_projected,44,42,3,-0.003183271735906601,0.029152831062674522,0.461254358291626,15.821940493531946,96,encoder_output_representation,-0.003183271735906601,-8.561008144170046e-05,-2.546585164964199e-11,0.029152831062674522,0.922508716583252,0.9225040078163147,True,5.125999450683594e-06,3194880,12.1875,128.0,False
shared_e2e_rep_projected,44,42,3,-0.0018764560809358954,0.016429321840405464,0.2596461772918701,15.803828046834479,97,encoder_output_representation,-0.0018764560809358954,-1.6009213140932843e-05,-1.3642420526593924e-11,0.016429321840405464,0.5192923545837402,0.5192914009094238,True,1.8477439880371094e-06,3133440,11.953125,128.0,False
shared_e2e_rep_projected,44,42,3,0.00013452577695716172,0.021490376442670822,0.47113192081451416,21.922925457882855,98,encoder_output_representation,0.00013452577695716172,2.724093974393327e-06,2.724093974393327e-06,0.021490376442670822,0.9422638416290283,0.9422638416290283,False,0.0,2350080,8.96484375,128.0,False
shared_e2e_rep_projected,44,42,3,0.004839442204684019,0.016831547021865845,0.261639267206192,15.544576316502383,99,encoder_output_representation,0.004839442204684019,4.262381116859615e-05,4.262381116859615e-05,0.016831547021865845,0.523278534412384,0.523278534412384,False,0.0,2350080,8.96484375,128.0,False
shared_e2e_rep_projected,44,42,3,0.0034419975709170103,0.015459864400327206,0.3177747428417206,20.554820832386792,100,encoder_output_representation,0.0034419975709170103,3.381937858648598e-05,3.381937858648598e-05,0.015459864400327206,0.6355494856834412,0.6355494856834412,False,0.0,2350080,8.96484375,128.0,False
shared_e2e_rep_projected,44,42,3,0.0005016392678953707,0.023988474160432816,1.0299428701400757,42.934905457175304,101,encoder_output_representation,0.0005016392678953707,2.4787761503830552e-05,2.4787761503830552e-05,0.023988474160432816,2.0598857402801514,2.0598857402801514,False,0.0,3133440,11.953125,128.0,False
shared_e2e_rep_projected,44,42,3,-0.009753995575010777,0.02538788504898548,0.7296022176742554,28.738203921535828,102,encoder_output_representation,-0.009753995575010777,-0.00036134765832684934,-1.0186340659856796e-10,0.02538788504898548,1.4592044353485107,1.4591350555419922,True,4.756450653076172e-05,2350080,8.96484375,128.0,False
shared_e2e_rep_projected,44,42,3,0.0004377181176096201,0.019541390240192413,0.5508894324302673,28.190902779128116,103,encoder_output_representation,0.0004377181176096201,9.42419865168631e-06,9.42419865168631e-06,0.019541390240192413,1.1017788648605347,1.1017788648605347,False,0.0,2396160,9.140625,128.0,False
shared_e2e_rep_projected,44,42,3,0.003989792428910732,0.02064024657011032,0.6166908144950867,29.87807400460674,104,encoder_output_representation,0.003989792428910732,0.00010156934877159074,0.00010156934877159074,0.02064024657011032,1.2333816289901733,1.2333816289901733,False,0.0,2350080,8.96484375,128.0,False
shared_e2e_rep_projected,44,42,3,-1.811959191400092e-05,0.018452025949954987,0.4529796242713928,24.549045481507026,105,encoder_output_representation,-1.811959191400092e-05,-3.029012987099122e-07,-1.2789769243681803e-13,0.018452025949954987,0.9059592485427856,0.9059591889381409,True,5.960464477539063e-08,3525120,13.447265625,128.0,False
shared_e2e_rep_projected,44,42,3,0.003133458783850074,0.013918032869696617,0.2453019618988037,17.624758052762864,106,encoder_output_representation,0.003133458783850074,2.139601383532863e-05,2.139601383532863e-05,0.013918032869696617,0.4906039237976074,0.4906039237976074,False,0.0,2350080,8.96484375,128.0,False
shared_e2e_rep_projected,44,42,3,0.008777022361755371,0.01795952394604683,0.30389919877052307,16.921339322995586,107,encoder_output_representation,0.008777022361755371,9.580795449437574e-05,9.580795449437574e-05,0.01795952394604683,0.6077983975410461,0.6077983975410461,False,0.0,2088960,7.96875,128.0,False
shared_e2e_rep_projected,44,42,3,0.0018211472779512405,0.016667447984218597,0.3977424204349518,23.863426531257222,108,encoder_output_representation,0.0018211472779512405,2.4146049327100627e-05,2.4146049327100627e-05,0.016667447984218597,0.7954848408699036,0.7954848408699036,False,0.0,2485760,9.482421875,128.0,False
shared_e2e_rep_projected,44,42,3,-0.0004080529324710369,0.01925717480480671,0.6892873048782349,35.7937917615093,109,encoder_output_representation,-0.0004080529324710369,-1.0832765838131309e-05,-2.7284841053187847e-12,0.01925717480480671,1.3785746097564697,1.3785744905471802,True,5.960464477539063e-08,2785280,10.625,128.0,False
shared_e2e_rep_projected,44,42,3,-0.0019456333247944713,0.00829158816486597,0.10076747089624405,12.152975870560848,110,encoder_output_representation,-0.0019456333247944713,-3.251240286772372e-06,-1.1368683772161603e-13,0.00829158816486597,0.2015349417924881,0.20153455436229706,True,1.9073486328125e-06,2785280,10.625,128.0,False
shared_e2e_rep_projected,44,42,3,-0.004360971041023731,0.01606295071542263,0.2946876585483551,18.345798587641475,111,encoder_output_representation,-0.004360971041023731,-4.1285777115263045e-05,-7.275957614183426e-12,0.01606295071542263,0.5893753170967102,0.5893697738647461,True,9.417533874511719e-06,2531328,9.65625,128.0,False
shared_e2e_rep_projected,44,42,3,0.00019548609270714223,0.020755542442202568,0.28949350118637085,13.947768505328929,112,encoder_output_representation,0.00019548609270714223,2.3491934371122625e-06,2.3491934371122625e-06,0.020755542442202568,0.5789870023727417,0.5789870023727417,False,0.0,2088960,7.96875,128.0,False
shared_e2e_rep_projected,44,42,3,-0.0013802493922412395,0.047416333109140396,0.27344539761543274,5.766903083501431,113,encoder_output_representation,-0.0013802493922412395,-3.579201438697055e-05,-2.7284841053187847e-12,0.047416333109140396,0.5468907952308655,0.5468902587890625,True,9.5367431640625e-07,2785280,10.625,128.0,False
shared_e2e_rep_projected,44,42,3,-0.00016900536138564348,0.02081899903714657,0.4864177405834198,23.364127147300533,114,encoder_output_representation,-0.00016900536138564348,-3.422943564146408e-06,-5.6843418860808015e-12,0.02081899903714657,0.9728354811668396,0.9728354811668396,True,0.0,2350080,8.96484375,128.0,False
shared_e2e_rep_projected,44,42,3,-0.00032821347122080624,0.022894171997904778,0.32613658905029297,14.245397871569248,115,encoder_output_representation,-0.00032821347122080624,-4.901295142190065e-06,-3.3651303965598345e-11,0.022894171997904778,0.6522731781005859,0.6522731184959412,True,1.1920928955078125e-07,2088960,7.96875,128.0,False
shared_e2e_rep_projected,44,42,3,0.0002971187059301883,0.013850548304617405,0.30621829628944397,22.10874902240216,116,encoder_output_representation,0.0002971187059301883,2.520333964639576e-06,2.520333964639576e-06,0.013850548304617405,0.6124365925788879,0.6124365925788879,False,0.0,2088960,7.96875,128.0,False
shared_e2e_rep_projected,44,42,3,0.0009158513857983053,0.013461697846651077,0.3034290075302124,22.54017368289823,117,encoder_output_representation,0.0009158513857983053,7.4819004112214316e-06,7.4819004112214316e-06,0.013461697846651077,0.6068580150604248,0.6068580150604248,False,0.0,2325504,8.87109375,128.0,False
shared_e2e_rep_projected,44,42,3,0.0012880656868219376,0.012547760270535946,0.3056085407733917,24.35562476364863,118,encoder_output_representation,0.0012880656868219376,9.878697710519191e-06,9.878697710519191e-06,0.012547760270535946,0.6112170815467834,0.6112170815467834,False,0.0,2350080,8.96484375,128.0,False
shared_e2e_rep_projected,44,42,3,0.0063664261251688,0.012552336789667606,0.21471184492111206,17.10532855506642,119,encoder_output_representation,0.0063664261251688,3.4316759411012754e-05,3.4316759411012754e-05,0.012552336789667606,0.4294236898422241,0.4294236898422241,False,0.0,2088960,7.96875,128.0,False
shared_e2e_rep_projected,44,42,3,0.01062680222094059,0.01773827150464058,0.4353402554988861,24.542428239696015,120,encoder_output_representation,0.01062680222094059,0.00016412424156442285,0.00016412424156442285,0.01773827150464058,0.8706805109977722,0.8706805109977722,False,0.0,2752512,10.5,128.0,False
shared_e2e_rep_projected,44,42,3,0.001297763898037374,0.018785879015922546,0.42519867420196533,22.633951482471232,121,encoder_output_representation,0.001297763898037374,2.0732377379317768e-05,2.0732377379317768e-05,0.018785879015922546,0.8503973484039307,0.8503973484039307,False,0.0,2420736,9.234375,128.0,False
shared_e2e_rep_projected,44,42,3,-0.0007602224941365421,0.01666158251464367,0.5550084710121155,33.310669651236616,122,encoder_output_representation,-0.0007602224941365421,-1.4060041394259315e-05,-2.7284841053187847e-12,0.01666158251464367,1.110016942024231,1.1100165843963623,True,2.980232238769531e-07,2350080,8.96484375,128.0,False
shared_e2e_rep_projected,44,42,3,0.0018436650279909372,0.01513273548334837,0.3761553466320038,24.85706216472986,123,encoder_output_representation,0.0018436650279909372,2.0989238691981882e-05,2.0989238691981882e-05,0.01513273548334837,0.7523106932640076,0.7523106932640076,False,0.0,2088960,7.96875,128.0,False
shared_e2e_rep_projected,44,42,3,-0.0020007933489978313,0.01672208681702614,0.2297263741493225,13.7379010564291,124,encoder_output_representation,-0.0020007933489978313,-1.537211392133031e-05,-1.2732925824820995e-11,0.01672208681702614,0.459452748298645,0.459451824426651,True,2.0265579223632812e-06,2396160,9.140625,128.0,False
shared_e2e_rep_projected,44,42,3,0.004932062700390816,0.019451087340712547,0.4780201315879822,24.57549664010048,125,encoder_output_representation,0.004932062700390816,9.171675628749654e-05,9.171675628749654e-05,0.019451087340712547,0.9560402631759644,0.9560402631759644,False,0.0,2350080,8.96484375,128.0,False
shared_e2e_rep_projected,44,42,3,-0.0008408643188886344,0.018779920414090157,0.8858945369720459,47.17243297300551,126,encoder_output_representation,-0.0008408643188886344,-2.797896922857035e-05,-7.275957614183426e-12,0.018779920414090157,1.7717890739440918,1.771788477897644,True,3.5762786865234375e-07,2457600,9.375,128.0,False
shared_e2e_rep_projected,44,42,3,0.00013550413132179528,0.018193194642663002,0.4403732120990753,24.20538122900093,127,encoder_output_representation,0.00013550413132179528,2.1712628495151876e-06,2.1712628495151876e-06,0.018193194642663002,0.8807464241981506,0.8807464241981506,False,0.0,2088960,7.96875,128.0,False
shared_e2e_rep_projected,44,42,3,0.012536865659058094,0.013235705904662609,0.2587452232837677,19.54903086752768,128,encoder_output_representation,0.012536865659058094,8.586939657106996e-05,8.586939657106996e-05,0.013235705904662609,0.5174904465675354,0.5174904465675354,False,0.0,2088960,7.96875,128.0,False
shared_e2e_rep_projected,44,42,3,-0.011447759345173836,0.021180270239710808,0.4343065619468689,20.505241766584696,129,encoder_output_representation,-0.011447759345173836,-0.00021060970902908593,-4.3655745685100555e-11,0.021180270239710808,0.8686131238937378,0.8685562610626221,True,6.54458999633789e-05,2159616,8.23828125,128.0,False
shared_e2e_rep_projected,44,42,3,0.012424859218299389,0.01866168901324272,0.4306025505065918,23.074146729217667,130,encoder_output_representation,0.012424859218299389,0.00019968663400504738,0.00019968663400504738,0.01866168901324272,0.8612051010131836,0.8612051010131836,False,0.0,2396160,9.140625,128.0,False
shared_e2e_rep_projected,44,42,3,-0.0034792476799339056,0.015685414895415306,0.32434338331222534,20.67802385048978,131,encoder_output_representation,-0.0034792476799339056,-3.540106990840286e-05,6.366462912410498e-12,0.015685414895415306,0.6486867666244507,0.6486828327178955,True,6.079673767089844e-06,2088960,7.96875,128.0,False
shared_e2e_rep_projected,44,42,3,0.0008012131438590586,0.012105710804462433,0.2845039367675781,23.50163004577176,132,encoder_output_representation,0.0008012131438590586,5.518952093552798e-06,5.518952093552798e-06,0.012105710804462433,0.5690078735351562,0.5690078735351562,False,0.0,2088960,7.96875,128.0,False
shared_e2e_rep_projected,44,42,3,0.004542745649814606,0.015153276734054089,0.2779295742511749,18.341219468828246,133,encoder_output_representation,0.004542745649814606,3.826394458883442e-05,3.826394458883442e-05,0.015153276734054089,0.5558591485023499,0.5558591485023499,False,0.0,2088960,7.96875,128.0,False
shared_e2e_rep_projected,44,42,3,-0.001981056062504649,0.02951214835047722,0.7078343629837036,23.9845081617807,134,encoder_output_representation,-0.001981056062504649,-8.276738662971184e-05,-5.820766091346741e-11,0.02951214835047722,1.4156687259674072,1.4156659841537476,True,1.9073486328125e-06,2649600,10.107421875,128.0,False
shared_e2e_rep_projected,44,42,3,-0.001395472907461226,0.02316207066178322,0.4848785698413849,20.93416331042549,135,encoder_output_representation,-0.001395472907461226,-3.1344530725618824e-05,-1.8189894035458565e-11,0.02316207066178322,0.9697571396827698,0.9697560667991638,True,1.1324882507324219e-06,2135040,8.14453125,128.0,False
shared_e2e_rep_projected,44,42,3,0.007182365283370018,0.020560171455144882,0.999801516532898,48.62807290854144,136,encoder_output_representation,0.007182365283370018,0.00029528269078582525,0.00029528269078582525,0.020560171455144882,1.999603033065796,1.999603033065796,False,0.0,2088960,7.96875,128.0,False
shared_e2e_rep_projected,44,42,3,-0.005482972599565983,0.018255416303873062,0.6726539731025696,36.84681641359554,137,encoder_output_representation,-0.005482972599565983,-0.00013465718075167388,-7.275957614183426e-12,0.018255416303873062,1.3453079462051392,1.3452876806259155,True,1.5079975128173828e-05,2482176,9.46875,128.0,False
shared_e2e_rep_projected,44,42,3,-0.0021760445088148117,0.01488345768302679,0.4041416049003601,27.153744345391345,138,encoder_output_representation,-0.0021760445088148117,-2.617792233650107e-05,-7.958078640513122e-12,0.01488345768302679,0.8082832098007202,0.8082813024520874,True,2.384185791015625e-06,2088960,7.96875,128.0,False
shared_e2e_rep_projected,44,42,3,-0.004961885511875153,0.021309377625584602,0.3525601327419281,16.544834811066234,139,encoder_output_representation,-0.004961885511875153,-7.45556753827259e-05,-3.2741809263825417e-11,0.021309377625584602,0.7051202654838562,0.7051116228103638,True,1.2278556823730469e-05,2437120,9.296875,128.0,False
shared_e2e_rep_projected,44,42,3,0.0009316375944763422,0.009759204462170601,0.22969631850719452,23.536377314110133,140,encoder_output_representation,0.0009316375944763422,4.1768171286094e-06,4.1768171286094e-06,0.009759204462170601,0.45939263701438904,0.45939263701438904,False,0.0,2088960,7.96875,128.0,False
shared_e2e_rep_projected,44,42,3,0.001126202754676342,0.016325123608112335,0.5029428005218506,30.80790152620508,141,encoder_output_representation,0.001126202754676342,1.849360705818981e-05,1.849360705818981e-05,0.016325123608112335,1.0058856010437012,1.0058856010437012,False,0.0,2350080,8.96484375,128.0,False
shared_e2e_rep_projected,44,42,3,-0.00802831631153822,0.01916385069489479,0.3238775432109833,16.900441793635117,142,encoder_output_representation,-0.00802831631153822,-9.965935896616429e-05,-4.729372449219227e-11,0.01916385069489479,0.6477550864219666,0.6477342247962952,True,3.218650817871094e-05,3133440,11.953125,128.0,False
shared_e2e_rep_projected,44,42,3,0.0038463985547423363,0.025499042123556137,0.5987658500671387,23.481895796940385,143,encoder_output_representation,0.0038463985547423363,0.00011745328811230138,0.00011745328811230138,0.025499042123556137,1.1975317001342773,1.1975317001342773,False,0.0,2265088,8.640625,128.0,False
shared_e2e_rep_projected,44,42,3,-0.0021367298904806376,0.016475189477205276,0.33660539984703064,20.431048778695427,144,encoder_output_representation,-0.0021367298904806376,-2.3699058147030883e-05,0.0,0.016475189477205276,0.6732107996940613,0.6732092499732971,True,2.3245811462402344e-06,2785280,10.625,128.0,False
shared_e2e_rep_projected,44,42,3,-0.0049870749935507774,0.011111585423350334,0.2232223004102707,20.089149469272165,145,encoder_output_representation,-0.0049870749935507774,-2.4739420041441917e-05,-1.77351466845721e-11,0.011111585423350334,0.4464446008205414,0.44643905758857727,True,1.239776611328125e-05,2396160,9.140625,128.0,False
shared_e2e_rep_projected,44,42,3,0.0018605138175189495,0.01577470265328884,1.0677437782287598,67.6870938043417,146,encoder_output_representation,0.0018605138175189495,6.267453863983974e-05,6.267453863983974e-05,0.01577470265328884,2.1354875564575195,2.1354875564575195,False,0.0,2350080,8.96484375,128.0,False
shared_e2e_rep_projected,44,42,3,-0.003823929699137807,0.02143741212785244,0.4482114017009735,20.90790618885557,147,encoder_output_representation,-0.003823929699137807,-7.34843997634016e-05,-4.3655745685100555e-11,0.02143741212785244,0.896422803401947,0.8964162468910217,True,7.331371307373047e-06,3525120,13.447265625,128.0,False
shared_e2e_rep_projected,44,42,3,-0.009751297533512115,0.013567513786256313,0.26099440455436707,19.236715633099298,148,encoder_output_representation,-0.009751297533512115,-6.905956979608163e-05,-1.4551915228366852e-11,0.013567513786256313,0.5219888091087341,0.5219639539718628,True,4.762411117553711e-05,2531328,9.65625,128.0,False
shared_e2e_rep_projected,44,42,3,-0.0004991735913790762,0.02058626525104046,0.37156355381011963,18.049099692395167,149,encoder_output_representation,-0.0004991735913790762,-7.63646312407218e-06,-2.2737367544323206e-12,0.02058626525104046,0.7431271076202393,0.7431269884109497,True,1.7881393432617188e-07,2785280,10.625,128.0,False
shared_e2e_rep_projected,44,42,3,0.002833559410646558,0.019244931638240814,0.2676994204521179,13.91012581827952,150,encoder_output_representation,0.002833559410646558,2.9196186005719937e-05,2.9196186005719937e-05,0.019244931638240814,0.5353988409042358,0.5353988409042358,False,0.0,2785280,10.625,128.0,False
shared_e2e_rep_projected,44,42,3,0.003984425682574511,0.02016601711511612,0.36390039324760437,18.045228820857766,151,encoder_output_representation,0.003984425682574511,5.847878856002353e-05,5.847878856002353e-05,0.02016601711511612,0.7278007864952087,0.7278007864952087,False,0.0,2088960,7.96875,128.0,False
shared_e2e_rep_projected,44,42,3,-0.002082706429064274,0.012868246994912624,0.2526668310165405,19.634906846008683,152,encoder_output_representation,-0.002082706429064274,-1.3543336535803974e-05,-4.547473508864641e-12,0.012868246994912624,0.505333662033081,0.5053325295448303,True,2.2649765014648438e-06,2088960,7.96875,128.0,False
shared_e2e_rep_projected,44,42,3,0.005667292047291994,0.01311432383954525,0.20902137458324432,15.938402706890324,153,encoder_output_representation,0.005667292047291994,3.10700670524966e-05,3.10700670524966e-05,0.01311432383954525,0.41804274916648865,0.41804274916648865,False,0.0,3133440,11.953125,128.0,False
shared_e2e_rep_projected,44,42,3,-0.0007091916049830616,0.01374581828713417,0.3572494089603424,25.98967929721006,154,encoder_output_representation,-0.0007091916049830616,-6.965233751543565e-06,-3.410605131648481e-12,0.01374581828713417,0.7144988179206848,0.7144985795021057,True,3.5762786865234375e-07,2088960,7.96875,128.0,False
shared_e2e_rep_projected,44,42,3,0.00023895353660918772,0.024340733885765076,0.8150502443313599,33.485031641055684,155,encoder_output_representation,0.00023895353660918772,9.481161214353051e-06,9.481161214353051e-06,0.024340733885765076,1.6301004886627197,1.6301004886627197,False,0.0,3194880,12.1875,128.0,False
shared_e2e_rep_projected,44,42,3,-0.003036189591512084,0.023168275132775307,0.575498104095459,24.83992014068078,156,encoder_output_representation,-0.003036189591512084,-8.096484089037403e-05,-4.729372449219227e-11,0.023168275132775307,1.150996208190918,1.1509909629821777,True,4.5299530029296875e-06,2350080,8.96484375,128.0,False
shared_e2e_rep_projected,44,42,3,-0.00022411945974454284,0.022493626922369003,0.6860632300376892,30.500338269388966,157,encoder_output_representation,-0.00022411945974454284,-6.917245627846569e-06,-1.8189894035458565e-12,0.022493626922369003,1.3721264600753784,1.3721264600753784,True,0.0,2611200,9.9609375,128.0,False
shared_e2e_rep_projected,44,42,3,0.00455952575430274,0.012232762761414051,0.39409348368644714,32.216228776179726,158,encoder_output_representation,0.00455952575430274,4.396159783937037e-05,4.396159783937037e-05,0.012232762761414051,0.7881869673728943,0.7881869673728943,False,0.0,2350080,8.96484375,128.0,False
shared_e2e_rep_projected,44,42,3,0.003207072615623474,0.011660651303827763,0.19974635541439056,17.129948423105766,159,encoder_output_representation,0.003207072615623474,1.4939651009626687e-05,1.4939651009626687e-05,0.011660651303827763,0.39949271082878113,0.39949271082878113,False,0.0,2350080,8.96484375,128.0,False
shared_e2e_rep_projected,44,42,3,-0.005262946709990501,0.021926000714302063,0.33311015367507935,15.192472079862501,160,encoder_output_representation,-0.005262946709990501,-7.687874312978238e-05,-3.456079866737127e-11,0.021926000714302063,0.6662203073501587,0.6662110686302185,True,1.3887882232666016e-05,2350080,8.96484375,128.0,False
shared_e2e_rep_projected,44,42,3,0.0010436400771141052,0.018890591338276863,0.3242301642894745,17.163579396930075,161,encoder_output_representation,0.0010436400771141052,1.27843813970685e-05,1.27843813970685e-05,0.018890591338276863,0.648460328578949,0.648460328578949,False,0.0,3481600,13.28125,128.0,False
shared_e2e_rep_projected,44,42,3,0.0006363842985592782,0.01388731598854065,0.3005616366863251,21.64288887315148,162,encoder_output_representation,0.0006363842985592782,5.312529083312256e-06,5.312529083312256e-06,0.01388731598854065,0.6011232733726501,0.6011232733726501,False,0.0,2088960,7.96875,128.0,False
shared_e2e_rep_projected,44,42,3,-0.0036558506544679403,0.024639759212732315,0.4124269485473633,16.7382702479595,163,encoder_output_representation,-0.0036558506544679403,-7.430224650306627e-05,-1.8189894035458565e-12,0.024639759212732315,0.8248538970947266,0.8248484134674072,True,6.67572021484375e-06,2396160,9.140625,128.0,False
shared_e2e_rep_projected,44,42,3,-0.0024299719370901585,0.026091838255524635,0.28292015194892883,10.843243361322918,164,encoder_output_representation,-0.0024299719370901585,-3.587565151974559e-05,-7.275957614183426e-12,0.026091838255524635,0.5658403038978577,0.5658385753631592,True,3.039836883544922e-06,2350080,8.96484375,128.0,False
shared_e2e_rep_projected,44,42,3,0.0021458487026393414,0.03011917881667614,0.4482470154762268,14.88244477728075,165,encoder_output_representation,0.0021458487026393414,5.7941484556067735e-05,5.7941484556067735e-05,0.03011917881667614,0.8964940309524536,0.8964940309524536,False,0.0,3993600,15.234375,128.0,False
shared_e2e_rep_projected,44,42,3,0.0005954211228527129,0.024754760786890984,0.6279008388519287,25.364851805978144,166,encoder_output_representation,0.0005954211228527129,1.8509897927287966e-05,1.8509897927287966e-05,0.024754760786890984,1.2558016777038574,1.2558016777038574,False,0.0,2785280,10.625,128.0,False
shared_e2e_rep_projected,44,42,3,-0.00022217103105504066,0.018172279000282288,0.4899595379829407,26.96192029493547,167,encoder_output_representation,-0.00022217103105504066,-3.956280124839395e-06,-1.5916157281026244e-12,0.018172279000282288,0.9799190759658813,0.9799190163612366,True,5.960464477539063e-08,2350080,8.96484375,128.0,False
shared_e2e_rep_projected,44,42,3,0.006550014950335026,0.019035497680306435,0.3312472701072693,17.401555539573202,168,encoder_output_representation,0.006550014950335026,8.26016694190912e-05,8.26016694190912e-05,0.019035497680306435,0.6624945402145386,0.6624945402145386,False,0.0,2396160,9.140625,128.0,False
shared_e2e_rep_projected,44,42,3,0.00048801099183037877,0.021581081673502922,0.520368218421936,24.11223989114688,169,encoder_output_representation,0.00048801099183037877,1.0960833606077358e-05,1.0960833606077358e-05,0.021581081673502922,1.040736436843872,1.040736436843872,False,0.0,2088960,7.96875,128.0,False
shared_e2e_rep_projected,44,42,3,-0.0017498643137514591,0.017220154404640198,0.4430274963378906,25.727266197944836,170,encoder_output_representation,-0.0017498643137514591,-2.6699437512434088e-05,-3.637978807091713e-12,0.017220154404640198,0.8860549926757812,0.8860536217689514,True,1.5497207641601562e-06,2027520,7.734375,128.0,False
shared_e2e_rep_projected,44,42,3,0.0011354910675436258,0.010760706849396229,0.230760857462883,21.444767587533594,171,encoder_output_representation,0.0011354910675436258,5.639189112116583e-06,5.639189112116583e-06,0.010760706849396229,0.461521714925766,0.461521714925766,False,0.0,2396160,9.140625,128.0,False
shared_e2e_rep_projected,44,42,3,0.004258936736732721,0.014335623010993004,0.19930237531661987,13.902596013008194,172,encoder_output_representation,0.004258936736732721,2.4336619389941916e-05,2.4336619389941916e-05,0.014335623010993004,0.39860475063323975,0.39860475063323975,False,0.0,2350080,8.96484375,128.0,False
shared_e2e_rep_projected,44,42,3,0.0054009705781936646,0.022744793444871902,0.5832191109657288,25.641873265603245,173,encoder_output_representation,0.0054009705781936646,0.0001432898861821741,0.0001432898861821741,0.022744793444871902,1.1664382219314575,1.1664382219314575,False,0.0,2457600,9.375,128.0,False
shared_e2e_rep_projected,44,42,3,0.0012957752915099263,0.027153491973876953,0.45421677827835083,16.727748265870577,174,encoder_output_representation,0.0012957752915099263,3.1963074434315786e-05,3.1963074434315786e-05,0.027153491973876953,0.9084335565567017,0.9084335565567017,False,0.0,2549760,9.7265625,128.0,False
shared_e2e_rep_projected,44,42,3,-0.0006859282148070633,0.017664296552538872,0.6491640210151672,36.75006355811342,175,encoder_output_representation,-0.0006859282148070633,-1.5731113307992928e-05,-1.1596057447604835e-11,0.017664296552538872,1.2983280420303345,1.2983278036117554,True,1.7881393432617188e-07,2350080,8.96484375,128.0,False
shared_e2e_rep_projected,44,42,3,-0.012694080360233784,0.0160980261862278,0.3987669050693512,24.771167623674554,176,encoder_output_representation,-0.012694080360233784,-0.00016297574620693922,-5.093170329928398e-11,0.0160980261862278,0.7975338101387024,0.7974695563316345,True,8.058547973632812e-05,3133440,11.953125,128.0,False
shared_e2e_rep_projected,44,42,3,6.751661567250267e-05,0.019005190581083298,0.607515275478363,31.965755506974485,177,encoder_output_representation,6.751661567250267e-05,1.5590860584779875e-06,1.5590860584779875e-06,0.019005190581083298,1.215030550956726,1.215030550956726,False,0.0,3194880,12.1875,128.0,False
shared_e2e_rep_projected,44,42,3,-0.000997860450297594,0.024583876132965088,0.8806953430175781,35.824104313503,178,encoder_output_representation,-0.000997860450297594,-4.320916559663601e-05,-1.2732925824820995e-11,0.024583876132965088,1.7613906860351562,1.7613897323608398,True,5.364418029785156e-07,2350080,8.96484375,128.0,False
shared_e2e_rep_projected,44,42,3,-0.0014960274565964937,0.018916940316557884,0.3609170615673065,19.07904003119352,179,encoder_output_representation,-0.0014960274565964937,-2.0428095012903214e-05,-4.547473508864641e-13,0.018916940316557884,0.721834123134613,0.7218332886695862,True,1.1324882507324219e-06,3133440,11.953125,128.0,False
shared_e2e_rep_projected,44,42,3,-0.0010280160931870341,0.01802043430507183,0.45534664392471313,25.26835015272392,180,encoder_output_representation,-0.0010280160931870341,-1.6870862964424305e-05,-1.4551915228366852e-11,0.01802043430507183,0.9106932878494263,0.9106927514076233,True,5.960464477539062e-07,2785280,10.625,128.0,False
shared_e2e_rep_projected,44,42,3,0.00026851214352063835,0.020928315818309784,0.6439419388771057,30.768932601529894,181,encoder_output_representation,0.00026851214352063835,7.237272257043514e-06,7.237272257043514e-06,0.020928315818309784,1.2878838777542114,1.2878838777542114,False,0.0,3133440,11.953125,128.0,False
shared_e2e_rep_projected,44,42,3,-0.0019887846428900957,0.015169940888881683,0.29147037863731384,19.21367926034159,182,encoder_output_representation,-0.0019887846428900957,-1.7587175534572452e-05,-1.000444171950221e-11,0.015169940888881683,0.5829407572746277,0.5829395651817322,True,2.0265579223632812e-06,3227648,12.3125,128.0,False
shared_e2e_rep_projected,44,42,3,-0.001693657715804875,0.041610363870859146,0.6577186584472656,15.80660675038902,183,encoder_output_representation,-0.001693657715804875,-9.270375448977575e-05,-2.546585164964199e-11,0.041610363870859146,1.3154373168945312,1.3154354095458984,True,1.430511474609375e-06,2350080,8.96484375,128.0,False
shared_e2e_rep_projected,44,42,3,-0.00010592243052087724,0.023327123373746872,0.6058797240257263,25.973186419873944,184,encoder_output_representation,-0.00010592243052087724,-2.9940947570139542e-06,-4.547473508864641e-12,0.023327123373746872,1.2117594480514526,1.2117594480514526,True,0.0,3133440,11.953125,128.0,False
shared_e2e_rep_projected,44,42,3,0.00045503213186748326,0.008883541449904442,0.12564288079738617,14.143332533078649,185,encoder_output_representation,0.00045503213186748326,1.0157716587855248e-06,1.0157716587855248e-06,0.008883541449904442,0.25128576159477234,0.25128576159477234,False,0.0,2350080,8.96484375,128.0,False
shared_e2e_rep_projected,44,42,3,0.0020169077906757593,0.020101377740502357,0.6563353538513184,32.65126213358327,186,encoder_output_representation,0.0020169077906757593,5.321911521605216e-05,5.321911521605216e-05,0.020101377740502357,1.3126707077026367,1.3126707077026367,False,0.0,3594240,13.7109375,128.0,False
shared_e2e_rep_projected,44,42,3,-0.0022153034806251526,0.01978437416255474,0.4347437024116516,21.974094244258545,187,encoder_output_representation,-0.0022153034806251526,-3.810823545791209e-05,-2.1827872842550278e-11,0.01978437416255474,0.8694874048233032,0.8694853186607361,True,2.384185791015625e-06,2611200,9.9609375,128.0,False
shared_e2e_rep_projected,44,42,3,-0.006086290348321199,0.018420826643705368,0.4354301989078522,23.637929357347502,188,encoder_output_representation,-0.006086290348321199,-9.763607522472739e-05,-1.8189894035458565e-11,0.018420826643705368,0.8708603978157043,0.8708442449569702,True,1.8537044525146484e-05,2088960,7.96875,128.0,False
shared_e2e_rep_projected,44,42,3,0.006186991464346647,0.013234355486929417,0.28442245721817017,21.491220898446695,189,encoder_output_representation,0.006186991464346647,4.6577501052524894e-05,4.6577501052524894e-05,0.013234355486929417,0.5688449144363403,0.5688449144363403,False,0.0,2350080,8.96484375,128.0,False
shared_e2e_rep_projected,44,42,3,2.5321451175841503e-05,0.016190337017178535,0.48836711049079895,30.164110232703848,190,encoder_output_representation,2.5321451175841503e-05,4.004247102784575e-07,4.004247102784575e-07,0.016190337017178535,0.9767342209815979,0.9767342209815979,False,0.0,2350080,8.96484375,128.0,False
shared_e2e_rep_projected,44,42,3,0.020441507920622826,0.016428694128990173,0.20871016383171082,12.704002046238088,191,encoder_output_representation,0.020441507920622826,0.00014018113142810762,0.00014018113142810762,0.016428694128990173,0.41742032766342163,0.41742032766342163,False,0.0,2396160,9.140625,128.0,False
shared_e2e_rep_projected,44,42,3,0.0021208899561315775,0.015665212646126747,0.5062668919563293,32.31790741643745,192,encoder_output_representation,0.0021208899561315775,3.3640619221841916e-05,3.3640619221841916e-05,0.015665212646126747,1.0125337839126587,1.0125337839126587,False,0.0,2325504,8.87109375,128.0,False
shared_e2e_rep_projected,44,42,3,0.0003343354619573802,0.011675246059894562,0.23047466576099396,19.740454683237346,193,encoder_output_representation,0.0003343354619573802,1.799292135729047e-06,1.799292135729047e-06,0.011675246059894562,0.4609493315219879,0.4609493315219879,False,0.0,2785280,10.625,128.0,False
shared_e2e_rep_projected,44,42,3,0.000903098494745791,0.017325837165117264,0.5427685379981995,31.327117577381774,194,encoder_output_representation,0.000903098494745791,1.6985330148600042e-05,1.6985330148600042e-05,0.017325837165117264,1.085537075996399,1.085537075996399,False,0.0,2088960,7.96875,128.0,False
shared_e2e_rep_projected,44,42,3,-0.0047576287761330605,0.011398935690522194,0.23276565968990326,20.419946739715318,195,encoder_output_representation,-0.0047576287761330605,-2.524665069358889e-05,-2.1373125491663814e-11,0.011398935690522194,0.4655313193798065,0.4655260443687439,True,1.1324882507324219e-05,2088960,7.96875,128.0,False
shared_e2e_rep_projected,44,42,3,-0.0007186015136539936,0.02035822719335556,0.32891276478767395,16.156257696889405,196,encoder_output_representation,-0.0007186015136539936,-9.623627192922868e-06,-2.5011104298755527e-12,0.02035822719335556,0.6578255295753479,0.6578254103660583,True,1.7881393432617188e-07,2350080,8.96484375,128.0,False
shared_e2e_rep_projected,44,42,3,-0.00534872617572546,0.012112394906580448,0.32120707631111145,26.518874160601005,197,encoder_output_representation,-0.00534872617572546,-4.1619368857936934e-05,-5.4569682106375694e-12,0.012112394906580448,0.6424141526222229,0.6424050331115723,True,1.4185905456542969e-05,2088960,7.96875,128.0,False
shared_e2e_rep_projected,44,42,3,-0.0014460147358477116,0.024888336658477783,0.5943537950515747,23.880816271790437,198,encoder_output_representation,-0.0014460147358477116,-4.278028063708916e-05,-1.0913936421275139e-11,0.024888336658477783,1.1887075901031494,1.1887062788009644,True,1.1324882507324219e-06,2457600,9.375,128.0,False
shared_e2e_rep_projected,44,42,3,0.01177559420466423,0.009096338413655758,0.2924652099609375,32.151971118607236,199,encoder_output_representation,0.01177559420466423,6.265469710342586e-05,6.265469710342586e-05,0.009096338413655758,0.584930419921875,0.584930419921875,False,0.0,2350080,8.96484375,128.0,False
shared_e2e_rep_projected,44,42,4,0.0036666044034063816,0.019783126190304756,0.4182722270488739,21.142878179377902,0,encoder_output_representation,0.0036666044034063816,6.068033690098673e-05,6.068033690098673e-05,0.019783126190304756,0.8365444540977478,0.8365444540977478,False,0.0,2785280,10.625,128.0,False
shared_e2e_rep_projected,44,42,4,-0.001509975758381188,0.01556145865470171,0.32464542984962463,20.862146476965183,1,encoder_output_representation,-0.001509975758381188,-1.5256663573381957e-05,-1.318767317570746e-11,0.01556145865470171,0.6492908596992493,0.6492900848388672,True,1.1920928955078125e-06,2088960,7.96875,128.0,False
shared_e2e_rep_projected,44,42,4,0.004822556395083666,0.02100607566535473,0.3834711015224457,18.25524708334283,2,encoder_output_representation,0.004822556395083666,7.76935339672491e-05,7.76935339672491e-05,0.02100607566535473,0.7669422030448914,0.7669422030448914,False,0.0,2088960,7.96875,128.0,False
shared_e2e_rep_projected,44,42,4,-0.006059823092073202,0.028498977422714233,0.476868599653244,16.7328319391969,3,encoder_output_representation,-0.006059823092073202,-0.00016470924310851842,-1.4551915228366852e-11,0.028498977422714233,0.953737199306488,0.9537197351455688,True,1.8298625946044922e-05,2847744,10.86328125,128.0,False
shared_e2e_rep_projected,44,42,4,0.0038994615897536278,0.01592153124511242,0.2716476023197174,17.061650549667302,4,encoder_output_representation,0.0038994615897536278,3.3730699215084314e-05,3.3730699215084314e-05,0.01592153124511242,0.5432952046394348,0.5432952046394348,False,0.0,2325504,8.87109375,128.0,False
shared_e2e_rep_projected,44,42,4,-0.0005400397349148989,0.023366617038846016,0.6847038865089417,29.302653669149038,5,encoder_output_representation,-0.0005400397349148989,-1.728042116155848e-05,-4.547473508864641e-12,0.023366617038846016,1.3694077730178833,1.3694075345993042,True,1.7881393432617188e-07,2350080,8.96484375,128.0,False
shared_e2e_rep_projected,44,42,4,-0.0059685129672288895,0.01907481625676155,0.5284065008163452,27.701787199603466,6,encoder_output_representation,-0.0059685129672288895,-0.00012031635560560971,7.275957614183426e-12,0.01907481625676155,1.0568130016326904,1.0567941665649414,True,1.7821788787841797e-05,3525120,13.447265625,128.0,False
shared_e2e_rep_projected,44,42,4,-0.0008651571115478873,0.01639575883746147,0.47256237268447876,28.822232466895983,7,encoder_output_representation,-0.0008651571115478873,-1.3406506695901044e-05,-1.1823431123048067e-11,0.01639575883746147,0.9451247453689575,0.9451244473457336,True,2.980232238769531e-07,2396160,9.140625,128.0,False
shared_e2e_rep_projected,44,42,4,0.009029515087604523,0.02178223244845867,0.40250080823898315,18.478400191136718,8,encoder_output_representation,0.009029515087604523,0.00015833013458177447,0.00015833013458177447,0.02178223244845867,0.8050016164779663,0.8050016164779663,False,0.0,3481600,13.28125,128.0,False
shared_e2e_rep_projected,44,42,4,-0.005057813134044409,0.018007954582571983,0.6715689301490784,37.29290448116855,9,encoder_output_representation,-0.005057813134044409,-0.00012233416782692075,-6.548361852765083e-11,0.018007954582571983,1.3431378602981567,1.3431205749511719,True,1.2874603271484375e-05,2350080,8.96484375,128.0,False
shared_e2e_rep_projected,44,42,4,0.009393984451889992,0.019237754866480827,0.357604444026947,18.588678695039626,10,encoder_output_representation,0.009393984451889992,0.00012925195915158838,0.00012925195915158838,0.019237754866480827,0.715208888053894,0.715208888053894,False,0.0,2350080,8.96484375,128.0,False
shared_e2e_rep_projected,44,42,4,-0.00038079958176240325,0.024733150377869606,0.6960743069648743,28.14337422974221,11,encoder_output_representation,-0.00038079958176240325,-1.3111775842844509e-05,-1.432454155292362e-11,0.024733150377869606,1.3921486139297485,1.3921486139297485,True,0.0,2785280,10.625,128.0,False
shared_e2e_rep_projected,44,42,4,0.0029371704440563917,0.02038203552365303,0.2767696976661682,13.579099955202283,12,encoder_output_representation,0.0029371704440563917,3.3137919672299176e-05,3.3137919672299176e-05,0.02038203552365303,0.5535393953323364,0.5535393953323364,False,0.0,2350080,8.96484375,128.0,False
shared_e2e_rep_projected,44,42,4,-0.010205703787505627,0.012946123257279396,0.31862911581993103,24.611932814773027,13,encoder_output_representation,-0.010205703787505627,-8.419729419983923e-05,-2.000888343900442e-11,0.012946123257279396,0.6372582316398621,0.6372250914573669,True,5.1975250244140625e-05,2088960,7.96875,128.0,False
shared_e2e_rep_projected,44,42,4,0.010291088372468948,0.03980995714664459,0.8158926367759705,20.494687642353778,14,encoder_output_representation,0.010291088372468948,0.000668522494379431,0.000668522494379431,0.03980995714664459,1.631785273551941,1.631785273551941,False,0.0,2703360,10.3125,128.0,False
shared_e2e_rep_projected,44,42,4,0.005256618373095989,0.012160686776041985,0.24480190873146057,20.130598973550555,15,encoder_output_representation,0.005256618373095989,3.12974771077279e-05,3.12974771077279e-05,0.012160686776041985,0.48960381746292114,0.48960381746292114,False,0.0,2396160,9.140625,128.0,False
shared_e2e_rep_projected,44,42,4,-0.007904388941824436,0.015462992712855339,0.377603143453598,24.419797025427894,16,encoder_output_representation,-0.007904388941824436,-9.230546856997535e-05,7.275957614183426e-12,0.015462992712855339,0.755206286907196,0.755182683467865,True,3.123283386230469e-05,2325504,8.87109375,128.0,False
shared_e2e_rep_projected,44,42,4,-0.0003356583183631301,0.021118778735399246,0.483290433883667,22.884393076839086,17,encoder_output_representation,-0.0003356583183631301,-6.851795660622884e-06,-2.3874235921539366e-12,0.021118778735399246,0.966580867767334,0.9665808081626892,True,5.960464477539063e-08,2088960,7.96875,128.0,False
shared_e2e_rep_projected,44,42,4,0.0059348782524466515,0.022754065692424774,0.5218529105186462,22.934490810245844,18,encoder_output_representation,0.0059348782524466515,0.0001409447577316314,0.0001409447577316314,0.022754065692424774,1.0437058210372925,1.0437058210372925,False,0.0,2785280,10.625,128.0,False
shared_e2e_rep_projected,44,42,4,-0.0014500668039545417,0.019404947757720947,0.4580319821834564,23.60387607852292,19,encoder_output_representation,-0.0014500668039545417,-2.5776638722163625e-05,-9.094947017729282e-12,0.019404947757720947,0.9160639643669128,0.9160629510879517,True,1.1324882507324219e-06,2135040,8.14453125,128.0,False
shared_e2e_rep_projected,44,42,4,-0.00025209327577613294,0.013164889067411423,0.24960950016975403,18.960243332975846,20,encoder_output_representation,-0.00025209327577613294,-1.656798076510313e-06,-4.547473508864641e-12,0.013164889067411423,0.49921900033950806,0.49921897053718567,True,5.960464477539063e-08,2088960,7.96875,128.0,False
shared_e2e_rep_projected,44,42,4,-0.008802272379398346,0.019445296376943588,0.3678559362888336,18.91747645075766,21,encoder_output_representation,-0.008802272379398346,-0.00012592649727594107,-3.637978807091713e-12,0.019445296376943588,0.7357118725776672,0.7356833219528198,True,3.88026237487793e-05,2088960,7.96875,128.0,False
shared_e2e_rep_projected,44,42,4,-0.0020853064488619566,0.02036733366549015,0.48565757274627686,23.844926425944585,22,encoder_output_representation,-0.0020853064488619566,-4.125382474740036e-05,-2.000888343900442e-11,0.02036733366549015,0.9713151454925537,0.9713129997253418,True,2.205371856689453e-06,2396160,9.140625,128.0,False
shared_e2e_rep_projected,44,42,4,0.00010475159069756046,0.024873703718185425,0.8726822137832642,35.0845303807827,23,encoder_output_representation,0.00010475159069756046,4.547651769826189e-06,4.547651769826189e-06,0.024873703718185425,1.7453644275665283,1.7453644275665283,False,0.0,2785280,10.625,128.0,False
shared_e2e_rep_projected,44,42,4,0.01037417259067297,0.020889578387141228,0.7038060426712036,33.69173037520173,24,encoder_output_representation,0.01037417259067297,0.0003050465602427721,0.0003050465602427721,0.020889578387141228,1.4076120853424072,1.4076120853424072,False,0.0,2350080,8.96484375,128.0,False
shared_e2e_rep_projected,44,42,4,0.013792919926345348,0.013317517004907131,0.33058008551597595,24.82295201081151,25,encoder_output_representation,0.013792919926345348,0.00012144681386416778,0.00012144681386416778,0.013317517004907131,0.6611601710319519,0.6611601710319519,False,0.0,2350080,8.96484375,128.0,False
shared_e2e_rep_projected,44,42,4,-0.00012668163981288671,0.02058972418308258,0.7006836533546448,34.03074500290573,26,encoder_output_representation,-0.00012668163981288671,-3.6552426081470912e-06,-8.86757334228605e-12,0.02058972418308258,1.4013673067092896,1.4013671875,True,5.960464477539063e-08,2350080,8.96484375,128.0,False
shared_e2e_rep_projected,44,42,4,0.0003317696391604841,0.010147767141461372,0.23338590562343597,22.99874468639278,27,encoder_output_representation,0.0003317696391604841,1.5714905430286308e-06,1.5714905430286308e-06,0.010147767141461372,0.46677181124687195,0.46677181124687195,False,0.0,2457600,9.375,128.0,False
shared_e2e_rep_projected,44,42,4,-0.0030404848512262106,0.02141737751662731,0.6746824979782104,31.501639145802184,28,encoder_output_representation,-0.0030404848512262106,-8.786958642303944e-05,-1.4551915228366852e-11,0.02141737751662731,1.349364995956421,1.3493587970733643,True,4.589557647705078e-06,2396160,9.140625,128.0,False
shared_e2e_rep_projected,44,42,4,0.0011179221328347921,0.01997063308954239,0.5446215271949768,27.27111978639113,29,encoder_output_representation,0.0011179221328347921,2.4318018404301256e-05,2.4318018404301256e-05,0.01997063308954239,1.0892430543899536,1.0892430543899536,False,0.0,2088960,7.96875,128.0,False
shared_e2e_rep_projected,44,42,4,0.013185019604861736,0.016178706660866737,0.24019627273082733,14.846444636505906,30,encoder_output_representation,0.013185019604861736,0.00010247568570775911,0.00010247568570775911,0.016178706660866737,0.48039254546165466,0.48039254546165466,False,0.0,2088960,7.96875,128.0,False
shared_e2e_rep_projected,44,42,4,0.002135330578312278,0.02529916912317276,0.46664121747016907,18.444922645414046,31,encoder_output_representation,0.002135330578312278,5.0417864258633927e-05,5.0417864258633927e-05,0.02529916912317276,0.9332824349403381,0.9332824349403381,False,0.0,2350080,8.96484375,128.0,False
shared_e2e_rep_projected,44,42,4,0.004003045614808798,0.014524366706609726,0.33522966504096985,23.08050132667155,32,encoder_output_representation,0.004003045614808798,3.898164868587628e-05,3.898164868587628e-05,0.014524366706609726,0.6704593300819397,0.6704593300819397,False,0.0,2350080,8.96484375,128.0,False
shared_e2e_rep_projected,44,42,4,0.02568730339407921,0.01624651812016964,0.37241312861442566,22.9226426154712,33,encoder_output_representation,0.02568730339407921,0.00031083778594620526,0.00031083778594620526,0.01624651812016964,0.7448262572288513,0.7448262572288513,False,0.0,2088960,7.96875,128.0,False
shared_e2e_rep_projected,44,42,4,0.006325986701995134,0.01163178589195013,0.13674990832805634,11.75657028063895,34,encoder_output_representation,0.006325986701995134,2.0124805814702995e-05,2.0124805814702995e-05,0.01163178589195013,0.27349981665611267,0.27349981665611267,False,0.0,3133440,11.953125,128.0,False
shared_e2e_rep_projected,44,42,4,-0.0059058465994894505,0.013328216038644314,0.23033829033374786,17.28200455829172,35,encoder_output_representation,-0.0059058465994894505,-3.626188117777929e-05,-4.547473508864641e-12,0.013328216038644314,0.4606765806674957,0.46066850423812866,True,1.7523765563964844e-05,2785280,10.625,128.0,False
shared_e2e_rep_projected,44,42,4,0.008452121168375015,0.013903474435210228,0.24985502660274506,17.970689827716228,36,encoder_output_representation,0.008452121168375015,5.872284964425489e-05,5.872284964425489e-05,0.013903474435210228,0.4997100532054901,0.4997100532054901,False,0.0,2611200,9.9609375,128.0,False
shared_e2e_rep_projected,44,42,4,-0.01985531486570835,0.021992288529872894,0.3310486078262329,15.052940369373474,37,encoder_output_representation,-0.01985531486570835,-0.0002891139010898769,-7.639755494892597e-11,0.021992288529872894,0.6620972156524658,0.6619666814804077,True,0.0001971721649169922,2350080,8.96484375,128.0,False
shared_e2e_rep_projected,44,42,4,-0.0034876822028309107,0.012591937556862831,0.25318318605422974,20.10676950317629,38,encoder_output_representation,-0.0034876822028309107,-2.223792762379162e-05,-2.2737367544323206e-12,0.012591937556862831,0.5063663721084595,0.5063632726669312,True,6.139278411865234e-06,3100672,11.828125,128.0,False
shared_e2e_rep_projected,44,42,4,-0.008673430420458317,0.01737619750201702,0.40292665362358093,23.188425061168267,39,encoder_output_representation,-0.008673430420458317,-0.00012145115033490583,-7.275957614183426e-12,0.01737619750201702,0.8058533072471619,0.8058229684829712,True,3.7670135498046875e-05,2088960,7.96875,128.0,False
shared_e2e_rep_projected,44,42,4,0.00015884912863839418,0.022111130878329277,0.5284746885299683,23.900843943170578,40,encoder_output_representation,0.00015884912863839418,3.7123591027921066e-06,3.7123591027921066e-06,0.022111130878329277,1.0569493770599365,1.0569493770599365,False,0.0,2350080,8.96484375,128.0,False
shared_e2e_rep_projected,44,42,4,-0.001536835916340351,0.012633854523301125,0.23979802429676056,18.980590907904745,41,encoder_output_representation,-0.001536835916340351,-9.311914254794829e-06,-2.955857780762017e-11,0.012633854523301125,0.4795960485935211,0.47959545254707336,True,1.2516975402832031e-06,2088960,7.96875,128.0,False
shared_e2e_rep_projected,44,42,4,0.000695343071129173,0.020100433379411697,0.3434378206729889,17.08609034394067,42,encoder_output_representation,0.000695343071129173,9.600252269592602e-06,9.600252269592602e-06,0.020100433379411697,0.6868756413459778,0.6868756413459778,False,0.0,2350080,8.96484375,128.0,False
shared_e2e_rep_projected,44,42,4,0.0009186187526211143,0.015363141894340515,0.3462468087673187,22.537499890882955,43,encoder_output_representation,0.0009186187526211143,9.77307263383409e-06,9.77307263383409e-06,0.015363141894340515,0.6924936175346375,0.6924936175346375,False,0.0,3227648,12.3125,128.0,False
shared_e2e_rep_projected,44,42,4,0.004101509694010019,0.008754604496061802,0.13613060116767883,15.549600353610062,44,encoder_output_representation,0.004101509694010019,9.77610943664331e-06,9.77610943664331e-06,0.008754604496061802,0.27226120233535767,0.27226120233535767,False,0.0,2088960,7.96875,128.0,False
shared_e2e_rep_projected,44,42,4,0.0009266050183214247,0.012309866026043892,0.27469998598098755,22.315432629389047,45,encoder_output_representation,0.0009266050183214247,6.2666667872690596e-06,6.2666667872690596e-06,0.012309866026043892,0.5493999719619751,0.5493999719619751,False,0.0,2350080,8.96484375,128.0,False
shared_e2e_rep_projected,44,42,4,0.004943775944411755,0.015033282339572906,0.4826584756374359,32.10599420240438,46,encoder_output_representation,0.004943775944411755,7.174349593697116e-05,7.174349593697116e-05,0.015033282339572906,0.9653169512748718,0.9653169512748718,False,0.0,2088960,7.96875,128.0,False
shared_e2e_rep_projected,44,42,4,0.00037407223135232925,0.019644280895590782,0.6434129476547241,32.75319422861338,47,encoder_output_representation,0.00037407223135232925,9.45608553593047e-06,9.45608553593047e-06,0.019644280895590782,1.2868258953094482,1.2868258953094482,False,0.0,3194880,12.1875,128.0,False
shared_e2e_rep_projected,44,42,4,0.008558420464396477,0.014896686188876629,0.42310190200805664,28.40241760103581,48,encoder_output_representation,0.008558420464396477,0.00010788430518005043,0.00010788430518005043,0.014896686188876629,0.8462038040161133,0.8462038040161133,False,0.0,3202560,12.216796875,128.0,False
shared_e2e_rep_projected,44,42,4,-4.738997085951269e-05,0.02218790538609028,0.6089675426483154,27.445922995060208,49,encoder_output_representation,-4.738997085951269e-05,-1.2806394806830212e-06,-1.8189894035458565e-12,0.02218790538609028,1.2179350852966309,1.2179349660873413,True,1.1920928955078125e-07,3194880,12.1875,128.0,False
shared_e2e_rep_projected,44,42,4,-0.004740903154015541,0.014673146419227123,0.36466437578201294,24.85250029974286,50,encoder_output_representation,-0.004740903154015541,-5.073499778518453e-05,0.0,0.014673146419227123,0.7293287515640259,0.7293205857276917,True,1.1205673217773438e-05,2088960,7.96875,128.0,False
shared_e2e_rep_projected,44,42,4,-0.002426808699965477,0.02360692247748375,0.43883806467056274,18.589380512818895,51,encoder_output_representation,-0.002426808699965477,-5.028161467635073e-05,-3.2741809263825417e-11,0.02360692247748375,0.8776761293411255,0.8776735663414001,True,2.9206275939941406e-06,3133440,11.953125,128.0,False
shared_e2e_rep_projected,44,42,4,0.0007358610746450722,0.021714994683861732,0.5569908022880554,25.65005473853525,52,encoder_output_representation,0.0007358610746450722,1.780055754352361e-05,1.780055754352361e-05,0.021714994683861732,1.1139816045761108,1.1139816045761108,False,0.0,2350080,8.96484375,128.0,False
shared_e2e_rep_projected,44,42,4,-0.004438304807990789,0.009852198883891106,0.15072491765022278,15.2986068822328,53,encoder_output_representation,-0.004438304807990789,-1.3181515896576457e-05,-4.547473508864641e-12,0.009852198883891106,0.30144983530044556,0.3014468550682068,True,9.894371032714844e-06,2785280,10.625,128.0,False
shared_e2e_rep_projected,44,42,4,0.00013786469935439527,0.021646957844495773,0.5044102072715759,23.301667185527116,54,encoder_output_representation,0.00013786469935439527,3.0106746180535993e-06,3.0106746180535993e-06,0.021646957844495773,1.0088204145431519,1.0088204145431519,False,0.0,2350080,8.96484375,128.0,False
shared_e2e_rep_projected,44,42,4,-0.003712385892868042,0.018520185723900795,0.7506763935089111,40.53287611150374,55,encoder_output_representation,-0.003712385892868042,-0.00010322411981178448,7.275957614183426e-12,0.018520185723900795,1.5013527870178223,1.5013422966003418,True,6.973743438720703e-06,2785280,10.625,128.0,False
shared_e2e_rep_projected,44,42,4,0.004074482712894678,0.0175499115139246,0.4401892423629761,25.082134574508675,56,encoder_output_representation,0.004074482712894678,6.295305502135307e-05,6.295305502135307e-05,0.0175499115139246,0.8803784847259521,0.8803784847259521,False,0.0,2350080,8.96484375,128.0,False
shared_e2e_rep_projected,44,42,4,0.002465395489707589,0.017069928348064423,0.4505358934402466,26.393543326813866,57,encoder_output_representation,0.002465395489707589,3.7920817703707144e-05,3.7920817703707144e-05,0.017069928348064423,0.9010717868804932,0.9010717868804932,False,0.0,2670592,10.1875,128.0,False
shared_e2e_rep_projected,44,42,4,-0.018525350838899612,0.027769416570663452,0.8382769823074341,30.1870577717869,58,encoder_output_representation,-0.018525350838899612,-0.0008624834008514881,1.4551915228366852e-11,0.027769416570663452,1.6765539646148682,1.6762661933898926,True,0.000171661376953125,2088960,7.96875,128.0,False
shared_e2e_rep_projected,44,42,4,0.002017527585849166,0.023877089843153954,0.5916752815246582,24.780041680594653,59,encoder_output_representation,0.002017527585849166,5.700517795048654e-05,5.700517795048654e-05,0.023877089843153954,1.1833505630493164,1.1833505630493164,False,0.0,2088960,7.96875,128.0,False
shared_e2e_rep_projected,44,42,4,0.004336638376116753,0.012606003321707249,0.19723433256149292,15.646063825943939,60,encoder_output_representation,0.004336638376116753,2.1564686903730035e-05,2.1564686903730035e-05,0.012606003321707249,0.39446866512298584,0.39446866512298584,False,0.0,2350080,8.96484375,128.0,False
shared_e2e_rep_projected,44,42,4,-0.0018087875796481967,0.011579545214772224,0.214108407497406,18.490225956738286,61,encoder_output_representation,-0.0018087875796481967,-8.968974725576118e-06,-9.094947017729282e-13,0.011579545214772224,0.428216814994812,0.4282160997390747,True,1.6689300537109375e-06,3133440,11.953125,128.0,False
shared_e2e_rep_projected,44,42,4,0.00577679043635726,0.017703482881188393,0.40669503808021545,22.972600409175246,62,encoder_output_representation,0.00577679043635726,8.318484469782561e-05,8.318484469782561e-05,0.017703482881188393,0.8133900761604309,0.8133900761604309,False,0.0,2350080,8.96484375,128.0,False
shared_e2e_rep_projected,44,42,4,-0.004025021567940712,0.016334168612957,0.334667444229126,20.488795736053113,63,encoder_output_representation,-0.004025021567940712,-4.400567559059709e-05,-7.275957614183426e-12,0.016334168612957,0.669334888458252,0.6693294644355774,True,8.106231689453125e-06,2785280,10.625,128.0,False
shared_e2e_rep_projected,44,42,4,-0.004321314860135317,0.01679554395377636,0.2846260070800781,16.946519140041428,64,encoder_output_representation,-0.004321314860135317,-4.131564492126927e-05,-1.6370904631912708e-11,0.01679554395377636,0.5692520141601562,0.5692467093467712,True,9.298324584960938e-06,2088960,7.96875,128.0,False
shared_e2e_rep_projected,44,42,4,0.0004491186700761318,0.024802444502711296,0.64482182264328,25.99831732605191,65,encoder_output_representation,0.0004491186700761318,1.4365650713443756e-05,1.4365650713443756e-05,0.024802444502711296,1.28964364528656,1.28964364528656,False,0.0,2350080,8.96484375,128.0,False
shared_e2e_rep_projected,44,42,4,0.0016737041296437383,0.026968684047460556,0.5182738900184631,19.217618816935385,66,encoder_output_representation,0.0016737041296437383,4.678727418649942e-05,4.678727418649942e-05,0.026968684047460556,1.0365477800369263,1.0365477800369263,False,0.0,2350080,8.96484375,128.0,False
shared_e2e_rep_projected,44,42,4,-0.0028881134930998087,0.015780694782733917,0.3606764078140259,22.85554677913495,67,encoder_output_representation,-0.0028881134930998087,-3.287669096607715e-05,-7.275957614183426e-12,0.015780694782733917,0.7213528156280518,0.721349835395813,True,4.112720489501953e-06,2879488,10.984375,128.0,False
shared_e2e_rep_projected,44,42,4,0.0003672190650831908,0.018394313752651215,0.4102182984352112,22.301364647326704,68,encoder_output_representation,0.0003672190650831908,5.541838163480861e-06,5.541838163480861e-06,0.018394313752651215,0.8204365968704224,0.8204365968704224,False,0.0,2088960,7.96875,128.0,False
shared_e2e_rep_projected,44,42,4,-0.007092069834470749,0.025898778811097145,0.6085401773452759,23.496867623910042,69,encoder_output_representation,-0.007092069834470749,-0.00022354839893523604,-7.275957614183426e-11,0.025898778811097145,1.2170803546905518,1.2170497179031372,True,2.5153160095214844e-05,2350080,8.96484375,128.0,False
shared_e2e_rep_projected,44,42,4,-0.0018326484132558107,0.020206643268465996,0.4139156937599182,20.484139214050714,70,encoder_output_representation,-0.0018326484132558107,-3.0655981390737e-05,1.8189894035458565e-12,0.020206643268465996,0.8278313875198364,0.8278300166130066,True,1.6689300537109375e-06,2350080,8.96484375,128.0,False
shared_e2e_rep_projected,44,42,4,0.0021727094426751137,0.015162050724029541,0.2781408429145813,18.344539797230095,71,encoder_output_representation,0.0021727094426751137,1.8325437849853188e-05,1.8325437849853188e-05,0.015162050724029541,0.5562816858291626,0.5562816858291626,False,0.0,2846720,10.859375,128.0,False
shared_e2e_rep_projected,44,42,4,-0.02664869651198387,0.02719949558377266,0.8152304887771606,29.97226497330821,72,encoder_output_representation,-0.02664869651198387,-0.001181808765977621,-5.820766091346741e-11,0.02719949558377266,1.6304609775543213,1.6298819780349731,True,0.00035512447357177734,2350080,8.96484375,128.0,False
shared_e2e_rep_projected,44,42,4,0.0025895540602505207,0.01489296741783619,0.21900492906570435,14.705258053772319,73,encoder_output_representation,0.0025895540602505207,1.6892350686248392e-05,1.6892350686248392e-05,0.01489296741783619,0.4380098581314087,0.4380098581314087,False,0.0,2350080,8.96484375,128.0,False
shared_e2e_rep_projected,44,42,4,-0.006697076838463545,0.03911139816045761,0.520720899105072,13.313788910556797,74,encoder_output_representation,-0.006697076838463545,-0.0002727869723457843,1.4551915228366852e-11,0.03911139816045761,1.041441798210144,1.041418433189392,True,2.2411346435546875e-05,2396160,9.140625,128.0,False
shared_e2e_rep_projected,44,42,4,0.0001587334554642439,0.022026805207133293,0.4469436705112457,20.290898580539714,75,encoder_output_representation,0.0001587334554642439,3.1253794077201746e-06,3.1253794077201746e-06,0.022026805207133293,0.8938873410224915,0.8938873410224915,False,0.0,2482176,9.46875,128.0,False
shared_e2e_rep_projected,44,42,4,-0.00016819208394736052,0.030912810936570168,0.921370267868042,29.80545087790938,76,encoder_output_representation,-0.00016819208394736052,-9.58094278757926e-06,-3.183231456205249e-12,0.030912810936570168,1.842740535736084,1.8427404165267944,True,5.960464477539063e-08,3993600,15.234375,128.0,False
shared_e2e_rep_projected,44,42,4,0.005535705015063286,0.018178867176175117,0.3952849209308624,21.744199850302852,77,encoder_output_representation,0.005535705015063286,7.955729233799502e-05,7.955729233799502e-05,0.018178867176175117,0.7905698418617249,0.7905698418617249,False,0.0,2350080,8.96484375,128.0,False
shared_e2e_rep_projected,44,42,4,0.023405050858855247,0.024012897163629532,0.549502968788147,22.883659770152033,78,encoder_output_representation,0.023405050858855247,0.0006176666938699782,0.0006176666938699782,0.024012897163629532,1.099005937576294,1.099005937576294,False,0.0,2350080,8.96484375,128.0,False
shared_e2e_rep_projected,44,42,4,-0.00020375139138195664,0.016618644818663597,0.9120209217071533,54.87937985670809,79,encoder_output_representation,-0.00020375139138195664,-6.176337137731025e-06,-2.7284841053187847e-12,0.016618644818663597,1.8240418434143066,1.824041724205017,True,5.960464477539063e-08,2785280,10.625,128.0,False
shared_e2e_rep_projected,44,42,4,-0.004383766558021307,0.014964590780436993,0.33502858877182007,22.388088901822723,80,encoder_output_representation,-0.004383766558021307,-4.395660289446823e-05,-7.275957614183426e-12,0.014964590780436993,0.6700571775436401,0.6700507402420044,True,9.59634780883789e-06,2943488,11.228515625,128.0,False
shared_e2e_rep_projected,44,42,4,-0.008672676049172878,0.025154192000627518,0.3749120831489563,14.904556788769181,81,encoder_output_representation,-0.008672676049172878,-0.000163577264174819,-4.3655745685100555e-11,0.025154192000627518,0.7498241662979126,0.7497959136962891,True,3.7670135498046875e-05,2396160,9.140625,128.0,False
shared_e2e_rep_projected,44,42,4,0.004423476289957762,0.015266474336385727,0.20226985216140747,13.249283868988837,82,encoder_output_representation,0.004423476289957762,2.7318927095620893e-05,2.7318927095620893e-05,0.015266474336385727,0.40453970432281494,0.40453970432281494,False,0.0,2350080,8.96484375,128.0,False
shared_e2e_rep_projected,44,42,4,0.00011144415475428104,0.01871456764638424,0.3764505684375763,20.115376189858637,83,encoder_output_representation,0.00011144415475428104,1.5702726159361191e-06,1.5702726159361191e-06,0.01871456764638424,0.7529011368751526,0.7529011368751526,False,0.0,2396160,9.140625,128.0,False
shared_e2e_rep_projected,44,42,4,0.000772790692280978,0.028010714799165726,0.5279318690299988,18.84749721009343,84,encoder_output_representation,0.000772790692280978,2.285567097715102e-05,2.285567097715102e-05,0.028010714799165726,1.0558637380599976,1.0558637380599976,False,0.0,3133440,11.953125,128.0,False
shared_e2e_rep_projected,44,42,4,-0.0010412967531010509,0.01999271661043167,0.34090888500213623,17.051653942029017,85,encoder_output_representation,-0.0010412967531010509,-1.4194321920513175e-05,4.547473508864641e-13,0.01999271661043167,0.6818177700042725,0.6818174123764038,True,5.364418029785156e-07,2396160,9.140625,128.0,False
shared_e2e_rep_projected,44,42,4,-0.0005549004417844117,0.02848234213888645,0.9143568873405457,32.102587732495145,86,encoder_output_representation,-0.0005549004417844117,-2.8902573831146583e-05,-3.456079866737127e-11,0.02848234213888645,1.8287137746810913,1.828713297843933,True,2.384185791015625e-07,2088960,7.96875,128.0,False
shared_e2e_rep_projected,44,42,4,0.0008280271431431174,0.02092941850423813,0.46170979738235474,22.060326104562353,87,encoder_output_representation,0.0008280271431431174,1.6002977645257488e-05,1.6002977645257488e-05,0.02092941850423813,0.9234195947647095,0.9234195947647095,False,0.0,2396160,9.140625,128.0,False
shared_e2e_rep_projected,44,42,4,-0.005536526441574097,0.0212577972561121,0.4453831911087036,20.951521257953754,88,encoder_output_representation,-0.005536526441574097,-0.00010483817459316924,-1.4551915228366852e-11,0.0212577972561121,0.8907663822174072,0.8907527327537537,True,1.531839370727539e-05,2396160,9.140625,128.0,False
shared_e2e_rep_projected,44,42,4,-0.00579457450658083,0.028208022937178612,0.7071822881698608,25.070253585116866,89,encoder_output_representation,-0.00579457450658083,-0.00023118282842915505,-5.093170329928398e-11,0.028208022937178612,1.4143645763397217,1.4143409729003906,True,1.6689300537109375e-05,3133440,11.953125,128.0,False
shared_e2e_rep_projected,44,42,4,-0.00020934791245963424,0.023785263299942017,0.5169325470924377,21.733311949239507,90,encoder_output_representation,-0.00020934791245963424,-5.148022864887025e-06,4.547473508864641e-13,0.023785263299942017,1.0338650941848755,1.0338650941848755,True,0.0,2997760,11.435546875,128.0,False
shared_e2e_rep_projected,44,42,4,-0.0014702402986586094,0.02063499577343464,0.3231971859931946,15.662575827094502,91,encoder_output_representation,-0.0014702402986586094,-1.961057205335237e-05,-2.9103830456733704e-11,0.02063499577343464,0.6463943719863892,0.6463937163352966,True,1.0132789611816406e-06,2350080,8.96484375,128.0,False
shared_e2e_rep_projected,44,42,4,-0.008385890163481236,0.015912173315882683,0.319898784160614,20.104028394493927,92,encoder_output_representation,-0.008385890163481236,-8.537314715795219e-05,-7.275957614183426e-12,0.015912173315882683,0.639797568321228,0.6397750973701477,True,3.510713577270508e-05,2396160,9.140625,128.0,False
shared_e2e_rep_projected,44,42,4,0.0038425177335739136,0.019819699227809906,0.40217724442481995,20.29179352330973,93,encoder_output_representation,0.0038425177335739136,6.125766230979934e-05,6.125766230979934e-05,0.019819699227809906,0.8043544888496399,0.8043544888496399,False,0.0,2350080,8.96484375,128.0,False
shared_e2e_rep_projected,44,42,4,0.0006960727041587234,0.014155596494674683,0.252653568983078,17.84831667659685,94,encoder_output_representation,0.0006960727041587234,4.978955075785052e-06,4.978955075785052e-06,0.014155596494674683,0.505307137966156,0.505307137966156,False,0.0,2396160,9.140625,128.0,False
shared_e2e_rep_projected,44,42,4,-0.0015678167110309005,0.011337758041918278,0.1927121877670288,16.99738052748417,95,encoder_output_representation,-0.0015678167110309005,-6.851121270301519e-06,-6.707523425575346e-12,0.011337758041918278,0.3854243755340576,0.3854238986968994,True,1.2516975402832031e-06,2088960,7.96875,128.0,False
shared_e2e_rep_projected,44,42,4,0.007465900853276253,0.019399479031562805,0.40842288732528687,21.053291516786917,96,encoder_output_representation,0.007465900853276253,0.00011830752191599458,0.00011830752191599458,0.019399479031562805,0.8168457746505737,0.8168457746505737,False,0.0,3133440,11.953125,128.0,False
shared_e2e_rep_projected,44,42,4,0.005392842460423708,0.018419155851006508,0.30896854400634766,16.774305321351857,97,encoder_output_representation,0.005392842460423708,6.138068420113996e-05,6.138068420113996e-05,0.018419155851006508,0.6179370880126953,0.6179370880126953,False,0.0,2088960,7.96875,128.0,False
shared_e2e_rep_projected,44,42,4,-0.0013371057575568557,0.025152863934636116,0.7288404703140259,28.976440703056262,98,encoder_output_representation,-0.0013371057575568557,-4.902478394797072e-05,-4.3655745685100555e-11,0.025152863934636116,1.4576809406280518,1.4576797485351562,True,8.344650268554688e-07,2611200,9.9609375,128.0,False
shared_e2e_rep_projected,44,42,4,-9.656954352976754e-05,0.017118660733103752,0.37767156958580017,22.061981102030128,99,encoder_output_representation,-9.656954352976754e-05,-1.2486889318097383e-06,-5.9117155615240335e-12,0.017118660733103752,0.7553431391716003,0.7553431391716003,True,0.0,2088960,7.96875,128.0,False
shared_e2e_rep_projected,44,42,4,0.003542923601344228,0.01640280894935131,0.2571474015712738,15.677034486306281,100,encoder_output_representation,0.003542923601344228,2.9887678465456702e-05,2.9887678465456702e-05,0.01640280894935131,0.5142948031425476,0.5142948031425476,False,0.0,2088960,7.96875,128.0,False
shared_e2e_rep_projected,44,42,4,0.00679565966129303,0.01726938597857952,0.4304703176021576,24.926787677112628,101,encoder_output_representation,0.00679565966129303,0.00010103729437105358,0.00010103729437105358,0.01726938597857952,0.8609406352043152,0.8609406352043152,False,0.0,2350080,8.96484375,128.0,False
shared_e2e_rep_projected,44,42,4,0.004877548664808273,0.02562198042869568,0.5225037336349487,20.39279262932243,102,encoder_output_representation,0.004877548664808273,0.00013059715274721384,0.00013059715274721384,0.02562198042869568,1.0450074672698975,1.0450074672698975,False,0.0,2088960,7.96875,128.0,False
shared_e2e_rep_projected,44,42,4,0.0009457014384679496,0.02985329180955887,0.4841797649860382,16.218639072526212,103,encoder_output_representation,0.0009457014384679496,2.7339017833583057e-05,2.7339017833583057e-05,0.02985329180955887,0.9683595299720764,0.9683595299720764,False,0.0,2355200,8.984375,128.0,False
shared_e2e_rep_projected,44,42,4,-0.00620335852727294,0.019885733723640442,0.6404126286506653,32.20462657052144,104,encoder_output_representation,-0.00620335852727294,-0.00015800047549419105,-7.639755494892597e-11,0.019885733723640442,1.2808252573013306,1.2808005809783936,True,1.9252300262451172e-05,3488256,13.306640625,128.0,False
shared_e2e_rep_projected,44,42,4,0.001986847957596183,0.03247856721282005,0.7671818733215332,23.621173566385295,105,encoder_output_representation,0.001986847957596183,9.901245357468724e-05,9.901245357468724e-05,0.03247856721282005,1.5343637466430664,1.5343637466430664,False,0.0,2350080,8.96484375,128.0,False
shared_e2e_rep_projected,44,42,4,-0.0020637179259210825,0.028903137892484665,0.6901362538337708,23.87755462403335,106,encoder_output_representation,-0.0020637179259210825,-8.233039261540398e-05,-7.275957614183426e-12,0.028903137892484665,1.3802725076675415,1.3802695274353027,True,2.1457672119140625e-06,3018752,11.515625,128.0,False
shared_e2e_rep_projected,44,42,4,0.0032287663780152798,0.026007113978266716,0.8254693150520325,31.740135246911667,107,encoder_output_representation,0.0032287663780152798,0.00013863079948350787,0.00013863079948350787,0.026007113978266716,1.650938630104065,1.650938630104065,False,0.0,2088960,7.96875,128.0,False
shared_e2e_rep_projected,44,42,4,0.0059538776986300945,0.015842841938138008,0.29223117232322693,18.44562821899696,108,encoder_output_representation,0.0059538776986300945,5.5130196415120736e-05,5.5130196415120736e-05,0.015842841938138008,0.5844623446464539,0.5844623446464539,False,0.0,2088960,7.96875,128.0,False
shared_e2e_rep_projected,44,42,4,0.0014733030693605542,0.01205428410321474,0.27375298738479614,22.710016210070023,109,encoder_output_representation,0.0014733030693605542,9.723495168145746e-06,9.723495168145746e-06,0.01205428410321474,0.5475059747695923,0.5475059747695923,False,0.0,2088960,7.96875,128.0,False
shared_e2e_rep_projected,44,42,4,0.00043477147119119763,0.018774010241031647,0.6385051012039185,34.010053952587604,110,encoder_output_representation,0.00043477147119119763,1.0423473213450052e-05,1.0423473213450052e-05,0.018774010241031647,1.277010202407837,1.277010202407837,False,0.0,2670592,10.1875,128.0,False
shared_e2e_rep_projected,44,42,4,-0.002810819074511528,0.01677624322474003,0.38181161880493164,22.759065524388184,111,encoder_output_representation,-0.002810819074511528,-3.600864147301763e-05,-2.2737367544323206e-12,0.01677624322474003,0.7636232376098633,0.763620138168335,True,4.0531158447265625e-06,2088960,7.96875,128.0,False
shared_e2e_rep_projected,44,42,4,0.0010088937124237418,0.017104092985391617,0.3711187243461609,21.697655915641278,112,encoder_output_representation,0.0010088937124237418,1.2808206520276144e-05,1.2808206520276144e-05,0.017104092985391617,0.7422374486923218,0.7422374486923218,False,0.0,2088960,7.96875,128.0,False
shared_e2e_rep_projected,44,42,4,-0.0016946904361248016,0.016154397279024124,0.27315741777420044,16.9091680151314,113,encoder_output_representation,-0.0016946904361248016,-1.4956298400647938e-05,-9.094947017729282e-12,0.016154397279024124,0.5463148355484009,0.5463140606880188,True,1.430511474609375e-06,2088960,7.96875,128.0,False
shared_e2e_rep_projected,44,42,4,0.014868047088384628,0.013440893962979317,0.17989176511764526,13.383913719811115,114,encoder_output_representation,0.014868047088384628,7.189908501459286e-05,7.189908501459286e-05,0.013440893962979317,0.3597835302352905,0.3597835302352905,False,0.0,3525120,13.447265625,128.0,False
shared_e2e_rep_projected,44,42,4,0.00018816367082763463,0.01739986427128315,0.36650198698043823,21.063496890910553,115,encoder_output_representation,0.00018816367082763463,2.399871391389752e-06,2.399871391389752e-06,0.01739986427128315,0.7330039739608765,0.7330039739608765,False,0.0,2350080,8.96484375,128.0,False
shared_e2e_rep_projected,44,42,4,0.001928549027070403,0.02325809933245182,0.6747496724128723,29.01138492737453,116,encoder_output_representation,0.001928549027070403,6.0530961491167545e-05,6.0530961491167545e-05,0.02325809933245182,1.3494993448257446,1.3494993448257446,False,0.0,2350080,8.96484375,128.0,False
shared_e2e_rep_projected,44,42,4,-0.002718173200264573,0.016372786834836006,0.22573097050189972,13.78696081363602,117,encoder_output_representation,-0.002718173200264573,-2.009189483942464e-05,-1.4097167877480388e-11,0.016372786834836006,0.45146194100379944,0.45146024227142334,True,3.7550926208496094e-06,2396160,9.140625,128.0,False
shared_e2e_rep_projected,44,42,4,-0.0009993414860218763,0.023142987862229347,0.6880606412887573,29.730847433563703,118,encoder_output_representation,-0.0009993414860218763,-3.1826588383410126e-05,-2.091837814077735e-11,0.023142987862229347,1.3761212825775146,1.3761204481124878,True,5.960464477539062e-07,3202560,12.216796875,128.0,False
shared_e2e_rep_projected,44,42,4,-6.836269312771037e-05,0.019717779010534286,0.36804863810539246,18.665826303700904,119,encoder_output_representation,-6.836269312771037e-05,-9.922300705511589e-07,-8.640199666842818e-12,0.019717779010534286,0.7360972762107849,0.7360972762107849,True,0.0,3194880,12.1875,128.0,False
shared_e2e_rep_projected,44,42,4,-0.0011956121306866407,0.014783539809286594,0.18225592374801636,12.328300670826376,120,encoder_output_representation,-0.0011956121306866407,-6.442885478463722e-06,-5.002220859751105e-12,0.014783539809286594,0.3645118474960327,0.36451154947280884,True,8.344650268554688e-07,3133440,11.953125,128.0,False
shared_e2e_rep_projected,44,42,4,-0.0011637239949777722,0.012524344958364964,0.18435345590114594,14.719608611388251,121,encoder_output_representation,-0.0011637239949777722,-5.37385903953691e-06,-1.2278178473934531e-11,0.012524344958364964,0.36870691180229187,0.3687066435813904,True,7.152557373046875e-07,2350080,8.96484375,128.0,False
shared_e2e_rep_projected,44,42,4,-0.0005734933074563742,0.0222362969070673,0.563757598400116,25.353034309455477,122,encoder_output_representation,-0.0005734933074563742,-1.4378488231159281e-05,-5.4569682106375694e-12,0.0222362969070673,1.127515196800232,1.1275150775909424,True,1.1920928955078125e-07,2350080,8.96484375,128.0,False
shared_e2e_rep_projected,44,42,4,-0.0010593064362183213,0.029480746015906334,0.9556793570518494,32.417068297261295,123,encoder_output_representation,-0.0010593064362183213,-5.96900972595904e-05,-1.000444171950221e-11,0.029480746015906334,1.9113587141036987,1.9113576412200928,True,5.364418029785156e-07,3133440,11.953125,128.0,False
shared_e2e_rep_projected,44,42,4,-0.0004207221500109881,0.025190921500325203,0.7746236324310303,30.7501110041183,124,encoder_output_representation,-0.0004207221500109881,-1.6419508028775454e-05,-5.820766091346741e-11,0.025190921500325203,1.5492472648620605,1.5492470264434814,True,1.7881393432617188e-07,3594240,13.7109375,128.0,False
shared_e2e_rep_projected,44,42,4,-0.0006972472183406353,0.01654817909002304,0.39259225130081177,23.72419643062161,125,encoder_output_representation,-0.0006972472183406353,-9.059594049176667e-06,-2.2737367544323206e-12,0.01654817909002304,0.7851845026016235,0.7851843237876892,True,2.384185791015625e-07,2611200,9.9609375,128.0,False
shared_e2e_rep_projected,44,42,4,-0.005315577145665884,0.016675349324941635,0.20108191668987274,12.05863294204642,126,encoder_output_representation,-0.005315577145665884,-3.5647441109176725e-05,-2.7284841053187847e-12,0.016675349324941635,0.4021638333797455,0.40215811133384705,True,1.424551010131836e-05,2350080,8.96484375,128.0,False
shared_e2e_rep_projected,44,42,4,-0.012952041812241077,0.015125024132430553,0.278303861618042,18.40022595542922,127,encoder_output_representation,-0.012952041812241077,-0.00010903942165896297,-1.0913936421275139e-11,0.015125024132430553,0.556607723236084,0.5565609931945801,True,8.398294448852539e-05,2350080,8.96484375,128.0,False
shared_e2e_rep_projected,44,42,4,0.0040274374186992645,0.024221399798989296,0.4601418375968933,18.99732638970329,128,encoder_output_representation,0.0040274374186992645,8.97738354979083e-05,8.97738354979083e-05,0.024221399798989296,0.9202836751937866,0.9202836751937866,False,0.0,2420736,9.234375,128.0,False
shared_e2e_rep_projected,44,42,4,0.009490281343460083,0.022109681740403175,0.43382322788238525,19.62141440912819,129,encoder_output_representation,0.009490281343460083,0.00018205572268925607,0.00018205572268925607,0.022109681740403175,0.8676464557647705,0.8676464557647705,False,0.0,3194880,12.1875,128.0,False
shared_e2e_rep_projected,44,42,4,-0.001948043005540967,0.02108529768884182,0.9428298473358154,44.715036100000326,130,encoder_output_representation,-0.001948043005540967,-7.745359471300617e-05,-4.729372449219227e-11,0.02108529768884182,1.8856596946716309,1.8856561183929443,True,1.9073486328125e-06,3133440,11.953125,128.0,False
shared_e2e_rep_projected,44,42,4,0.00025272014318034053,0.019611049443483353,0.7223464846611023,36.8336476200734,131,encoder_output_representation,0.00025272014318034053,7.1600534283788875e-06,7.1600534283788875e-06,0.019611049443483353,1.4446929693222046,1.4446929693222046,False,0.0,2785280,10.625,128.0,False
shared_e2e_rep_projected,44,42,4,0.0002364778920309618,0.01338989194482565,0.23074869811534882,17.23305154859884,132,encoder_output_representation,0.0002364778920309618,1.4612915038014762e-06,1.4612915038014762e-06,0.01338989194482565,0.46149739623069763,0.46149739623069763,False,0.0,2088960,7.96875,128.0,False
shared_e2e_rep_projected,44,42,4,0.00817844271659851,0.020199310034513474,0.5455120801925659,27.006470976507554,133,encoder_output_representation,0.00817844271659851,0.00018023597658611834,0.00018023597658611834,0.020199310034513474,1.0910241603851318,1.0910241603851318,False,0.0,2088960,7.96875,128.0,False
shared_e2e_rep_projected,44,42,4,-0.0014252513647079468,0.022834304720163345,0.3693770468235016,16.176408756485195,134,encoder_output_representation,-0.0014252513647079468,-2.4042474251473323e-05,-3.092281986027956e-11,0.022834304720163345,0.7387540936470032,0.7387533187866211,True,1.0728836059570312e-06,2350080,8.96484375,128.0,False
shared_e2e_rep_projected,44,42,4,0.0008498334791511297,0.01709761843085289,0.20721179246902466,12.119336579362896,135,encoder_output_representation,0.0008498334791511297,6.021627996233292e-06,6.021627996233292e-06,0.01709761843085289,0.4144235849380493,0.4144235849380493,False,0.0,2088960,7.96875,128.0,False
shared_e2e_rep_projected,44,42,4,-0.0024504077155143023,0.012839104048907757,0.2675326466560364,20.837329897548095,136,encoder_output_representation,-0.0024504077155143023,-1.683371010585688e-05,-1.1823431123048067e-11,0.012839104048907757,0.5350652933120728,0.5350636839866638,True,2.9802322387695312e-06,2088960,7.96875,128.0,False
shared_e2e_rep_projected,44,42,4,-0.0006282269605435431,0.015623281709849834,0.4023924171924591,25.755947096490445,137,encoder_output_representation,-0.0006282269605435431,-7.898936019046232e-06,-7.275957614183426e-12,0.015623281709849834,0.8047848343849182,0.8047846555709839,True,2.384185791015625e-07,2350080,8.96484375,128.0,False
shared_e2e_rep_projected,44,42,4,0.016514137387275696,0.012105031870305538,0.20420603454113007,16.869516472902585,138,encoder_output_representation,0.016514137387275696,8.164327300619334e-05,8.164327300619334e-05,0.012105031870305538,0.40841206908226013,0.40841206908226013,False,0.0,2265088,8.640625,128.0,False
shared_e2e_rep_projected,44,42,4,-0.0011544383596628904,0.023207928985357285,0.4146157205104828,17.86526151351457,139,encoder_output_representation,-0.0011544383596628904,-2.221686918346677e-05,-1.3642420526593924e-11,0.023207928985357285,0.8292314410209656,0.8292309045791626,True,6.556510925292969e-07,2611200,9.9609375,128.0,False
shared_e2e_rep_projected,44,42,4,-0.0056206826120615005,0.0249329786747694,0.340440958738327,13.654243368957427,140,encoder_output_representation,-0.0056206826120615005,-9.541903273202479e-05,-1.0913936421275139e-11,0.0249329786747694,0.680881917476654,0.6808711886405945,True,1.5735626220703125e-05,2135040,8.14453125,128.0,False
shared_e2e_rep_projected,44,42,4,-0.0007463727379217744,0.026320787146687508,0.6647737622261047,25.256606442705383,141,encoder_output_representation,-0.0007463727379217744,-2.611911804706324e-05,-6.366462912410498e-12,0.026320787146687508,1.3295475244522095,1.3295470476150513,True,3.5762786865234375e-07,2350080,8.96484375,128.0,False
shared_e2e_rep_projected,44,42,4,0.00021162221673876047,0.02526114694774151,0.46690455079078674,18.483109724063052,142,encoder_output_representation,0.00021162221673876047,4.991975401935633e-06,4.991975401935633e-06,0.02526114694774151,0.9338091015815735,0.9338091015815735,False,0.0,2088960,7.96875,128.0,False
shared_e2e_rep_projected,44,42,4,0.0023622445296496153,0.021408850327134132,0.5357531309127808,25.024843591612825,143,encoder_output_representation,0.0023622445296496153,5.418922228273004e-05,5.418922228273004e-05,0.021408850327134132,1.0715062618255615,1.0715062618255615,False,0.0,2482176,9.46875,128.0,False
shared_e2e_rep_projected,44,42,4,-0.003592846682295203,0.019247353076934814,0.546332061290741,28.384789280217518,144,encoder_output_representation,-0.003592846682295203,-7.556076889159158e-05,-1.8189894035458565e-11,0.019247353076934814,1.092664122581482,1.0926569700241089,True,6.556510925292969e-06,2088960,7.96875,128.0,False
shared_e2e_rep_projected,44,42,4,-0.002212977036833763,0.017691468819975853,0.35670557618141174,20.162575522200118,145,encoder_output_representation,-0.002212977036833763,-2.7930627766181715e-05,-2.8194335754960775e-11,0.017691468819975853,0.7134111523628235,0.713409423828125,True,2.4437904357910156e-06,2196480,8.37890625,128.0,False
shared_e2e_rep_projected,44,42,4,-0.004303670488297939,0.01902572251856327,0.3881797790527344,20.40289290848166,146,encoder_output_representation,-0.004303670488297939,-6.35686592431739e-05,-1.8189894035458565e-11,0.01902572251856327,0.7763595581054688,0.7763524055480957,True,9.238719940185547e-06,2396160,9.140625,128.0,False
shared_e2e_rep_projected,44,42,4,0.0023765601217746735,0.011591886170208454,0.4016847610473633,34.652234774329216,147,encoder_output_representation,0.0023765601217746735,2.2131878722575493e-05,2.2131878722575493e-05,0.011591886170208454,0.8033695220947266,0.8033695220947266,False,0.0,2350080,8.96484375,128.0,False
shared_e2e_rep_projected,44,42,4,-0.001598434173502028,0.019548939540982246,0.517038881778717,26.448436279359335,148,encoder_output_representation,-0.001598434173502028,-3.231254595448263e-05,-1.8189894035458565e-11,0.019548939540982246,1.034077763557434,1.034076452255249,True,1.2516975402832031e-06,2350080,8.96484375,128.0,False
shared_e2e_rep_projected,44,42,4,0.007695972453802824,0.02852294035255909,0.5552493929862976,19.466765562144452,149,encoder_output_representation,0.007695972453802824,0.00024376754299737513,0.00024376754299737513,0.02852294035255909,1.1104987859725952,1.1104987859725952,False,0.0,2350080,8.96484375,128.0,False
shared_e2e_rep_projected,44,42,4,-0.002112715970724821,0.03012620098888874,1.0495699644088745,34.839107818339954,150,encoder_output_representation,-0.002112715970724821,-0.0001336062850896269,-1.4551915228366852e-11,0.03012620098888874,2.099139928817749,2.099135160446167,True,2.2649765014648438e-06,2703360,10.3125,128.0,False
shared_e2e_rep_projected,44,42,4,0.004967316519469023,0.01609952002763748,0.2469576597213745,15.33944237451992,151,encoder_output_representation,0.004967316519469023,3.949910751543939e-05,3.949910751543939e-05,0.01609952002763748,0.493915319442749,0.493915319442749,False,0.0,2088960,7.96875,128.0,False
shared_e2e_rep_projected,44,42,4,-0.010406158864498138,0.02184065617620945,0.6450116634368896,29.532613774648713,152,encoder_output_representation,-0.010406158864498138,-0.00029319306486286223,-4.3655745685100555e-11,0.02184065617620945,1.2900233268737793,1.289953589439392,True,5.40614128112793e-05,2088960,7.96875,128.0,False
shared_e2e_rep_projected,44,42,4,-0.014603501185774803,0.011960472911596298,0.2441808432340622,20.41565120701174,153,encoder_output_representation,-0.014603501185774803,-8.52995872264728e-05,3.637978807091713e-12,0.011960472911596298,0.4883616864681244,0.4883095920085907,True,0.00010669231414794922,3133440,11.953125,128.0,False
shared_e2e_rep_projected,44,42,4,1.6500765923410654e-05,0.03186186030507088,0.30849242210388184,9.682184880296669,154,encoder_output_representation,1.6500765923410654e-05,3.243767423555255e-07,3.243767423555255e-07,0.03186186030507088,0.6169848442077637,0.6169848442077637,False,0.0,2350080,8.96484375,128.0,False
shared_e2e_rep_projected,44,42,4,0.003985743038356304,0.017518475651741028,0.3196530044078827,18.246622067035542,155,encoder_output_representation,0.003985743038356304,4.463899676920846e-05,4.463899676920846e-05,0.017518475651741028,0.6393060088157654,0.6393060088157654,False,0.0,2350080,8.96484375,128.0,False
shared_e2e_rep_projected,44,42,4,0.0025333664380013943,0.023540407419204712,0.3712769150733948,15.771898440912285,156,encoder_output_representation,0.0025333664380013943,4.428329339134507e-05,4.428329339134507e-05,0.023540407419204712,0.7425538301467896,0.7425538301467896,False,0.0,2350080,8.96484375,128.0,False
shared_e2e_rep_projected,44,42,4,-0.0005733610596507788,0.020799539983272552,0.5855194926261902,28.15059819097335,157,encoder_output_representation,-0.0005733610596507788,-1.396539755660342e-05,4.547473508864641e-13,0.020799539983272552,1.1710389852523804,1.1710387468338013,True,1.7881393432617188e-07,2350080,8.96484375,128.0,False
shared_e2e_rep_projected,44,42,4,-0.005223813932389021,0.021498138085007668,0.9400335550308228,43.72627765780245,158,encoder_output_representation,-0.005223813932389021,-0.0002111358189722523,-5.820766091346741e-11,0.021498138085007668,1.8800671100616455,1.880041480064392,True,1.3649463653564453e-05,3133440,11.953125,128.0,False
shared_e2e_rep_projected,44,42,4,0.0006835255771875381,0.020968560129404068,0.5186377167701721,24.7340644073548,159,encoder_output_representation,0.0006835255771875381,1.4866798665025271e-05,1.4866798665025271e-05,0.020968560129404068,1.0372754335403442,1.0372754335403442,False,0.0,2420736,9.234375,128.0,False
shared_e2e_rep_projected,44,42,4,-0.005542770028114319,0.01599038951098919,0.2814403176307678,17.60059174526997,160,encoder_output_representation,-0.005542770028114319,-4.98887020512484e-05,-1.750777300912887e-11,0.01599038951098919,0.5628806352615356,0.5628719925880432,True,1.537799835205078e-05,2785280,10.625,128.0,False
shared_e2e_rep_projected,44,42,4,0.02031126245856285,0.020696453750133514,0.4911007881164551,23.72874087732479,161,encoder_output_representation,0.02031126245856285,0.00041288917418569326,0.00041288917418569326,0.020696453750133514,0.9822015762329102,0.9822015762329102,False,0.0,2350080,8.96484375,128.0,False
shared_e2e_rep_projected,44,42,4,0.0012095206184312701,0.014153188094496727,0.2592020034790039,18.314036508833727,162,encoder_output_representation,0.0012095206184312701,8.874337254383136e-06,8.874337254383136e-06,0.014153188094496727,0.5184040069580078,0.5184040069580078,False,0.0,2350080,8.96484375,128.0,False
shared_e2e_rep_projected,44,42,4,0.004229183308780193,0.01572090946137905,0.4112624228000641,26.16021826284265,163,encoder_output_representation,0.004229183308780193,5.468688323162496e-05,5.468688323162496e-05,0.01572090946137905,0.8225248456001282,0.8225248456001282,False,0.0,2088960,7.96875,128.0,False
shared_e2e_rep_projected,44,42,4,-0.002496106317266822,0.01718739978969097,0.2793551981449127,16.253488111242422,164,encoder_output_representation,-0.002496106317266822,-2.396955642325338e-05,-1.0913936421275139e-11,0.01718739978969097,0.5587103962898254,0.558708667755127,True,3.0994415283203125e-06,2846720,10.859375,128.0,False
shared_e2e_rep_projected,44,42,4,0.003637605346739292,0.029844634234905243,0.7886155843734741,26.42403247988668,165,encoder_output_representation,0.003637605346739292,0.00017122895224019885,0.00017122895224019885,0.029844634234905243,1.5772311687469482,1.5772311687469482,False,0.0,3784704,14.4375,128.0,False
shared_e2e_rep_projected,44,42,4,0.004328377544879913,0.015280510298907757,0.21029795706272125,13.762495685615502,166,encoder_output_representation,0.004328377544879913,2.781813600449823e-05,2.781813600449823e-05,0.015280510298907757,0.4205959141254425,0.4205959141254425,False,0.0,2580480,9.84375,128.0,False
shared_e2e_rep_projected,44,42,4,0.002932473551481962,0.0175191480666399,0.2887146770954132,16.47994959556201,167,encoder_output_representation,0.002932473551481962,2.9665108741028234e-05,2.9665108741028234e-05,0.0175191480666399,0.5774293541908264,0.5774293541908264,False,0.0,2088960,7.96875,128.0,False
shared_e2e_rep_projected,44,42,4,0.0031973151490092278,0.02023387886583805,0.30547964572906494,15.097433752300589,168,encoder_output_representation,0.0031973151490092278,3.952545375796035e-05,3.952545375796035e-05,0.02023387886583805,0.6109592914581299,0.6109592914581299,False,0.0,3133440,11.953125,128.0,False
shared_e2e_rep_projected,44,42,4,-0.0075601330026984215,0.02983851358294487,0.5666959285736084,18.992096472845788,169,encoder_output_representation,-0.0075601330026984215,-0.00025567409466020763,5.820766091346741e-11,0.02983851358294487,1.1333918571472168,1.133359432220459,True,2.86102294921875e-05,2350080,8.96484375,128.0,False
shared_e2e_rep_projected,44,42,4,0.00015185445954557508,0.024216286838054657,0.5294978022575378,21.865358871842364,170,encoder_output_representation,0.00015185445954557508,3.894298515660921e-06,3.894298515660921e-06,0.024216286838054657,1.0589956045150757,1.0589956045150757,False,0.0,3525120,13.447265625,128.0,False
shared_e2e_rep_projected,44,42,4,0.0005355936009436846,0.023778161033988,0.49139082431793213,20.66563615308806,171,encoder_output_representation,0.0005355936009436846,1.2516147762653418e-05,1.2516147762653418e-05,0.023778161033988,0.9827816486358643,0.9827816486358643,False,0.0,2396160,9.140625,128.0,False
shared_e2e_rep_projected,44,42,4,0.002007857197895646,0.027019094675779343,0.6609843373298645,24.463600474459604,172,encoder_output_representation,0.002007857197895646,7.171744073275477e-05,7.171744073275477e-05,0.027019094675779343,1.321968674659729,1.321968674659729,False,0.0,3266048,12.458984375,128.0,False
shared_e2e_rep_projected,44,42,4,-0.002737299306318164,0.024518217891454697,0.5276866555213928,21.522227180520602,173,encoder_output_representation,-0.002737299306318164,-7.083000673446804e-05,-2.1827872842550278e-11,0.024518217891454697,1.0553733110427856,1.0553693771362305,True,3.7550926208496094e-06,2785280,10.625,128.0,False
shared_e2e_rep_projected,44,42,4,0.0023676876444369555,0.016453929245471954,0.30721384286880493,18.671153758203303,174,encoder_output_representation,0.0023676876444369555,2.3936729121487588e-05,2.3936729121487588e-05,0.016453929245471954,0.6144276857376099,0.6144276857376099,False,0.0,2785280,10.625,128.0,False
shared_e2e_rep_projected,44,42,4,-0.00016976548067759722,0.0232688020914793,0.4319501221179962,18.563487730043917,175,encoder_output_representation,-0.00016976548067759722,-3.4126128412026446e-06,-2.2737367544323206e-12,0.0232688020914793,0.8639002442359924,0.8639002442359924,True,0.0,2396160,9.140625,128.0,False
shared_e2e_rep_projected,44,42,4,-0.0025566378608345985,0.019479339942336082,0.4019327759742737,20.633798535479094,176,encoder_output_representation,-0.0025566378608345985,-4.00338030885905e-05,-3.2741809263825417e-11,0.019479339942336082,0.8038655519485474,0.8038629293441772,True,3.2782554626464844e-06,2350080,8.96484375,128.0,False
shared_e2e_rep_projected,44,42,4,-0.00025279883993789554,0.01669195108115673,0.18622416257858276,11.156524583205146,177,encoder_output_representation,-0.00025279883993789554,-1.5716223060735501e-06,-2.5011104298755527e-12,0.01669195108115673,0.3724483251571655,0.37244829535484314,True,5.960464477539063e-08,2580480,9.84375,128.0,False
shared_e2e_rep_projected,44,42,4,-0.005730624310672283,0.016099601984024048,0.47721633315086365,29.64149881620768,178,encoder_output_representation,-0.005730624310672283,-8.805669494904578e-05,-7.275957614183426e-12,0.016099601984024048,0.9544326663017273,0.9544170498847961,True,1.6391277313232422e-05,2088960,7.96875,128.0,False
shared_e2e_rep_projected,44,42,4,-0.00013589535956270993,0.023438768461346626,0.6155056953430176,26.2601551083224,179,encoder_output_representation,-0.00013589535956270993,-3.921041752619203e-06,-9.549694368615746e-12,0.023438768461346626,1.2310113906860352,1.2310112714767456,True,1.1920928955078125e-07,2785280,10.625,128.0,False
shared_e2e_rep_projected,44,42,4,-0.02489076368510723,0.023014884442090988,0.5720221400260925,24.85444328279765,180,encoder_output_representation,-0.02489076368510723,-0.0006553749553859234,1.1641532182693481e-10,0.023014884442090988,1.144044280052185,1.1436898708343506,True,0.0003097653388977051,2785280,10.625,128.0,False
shared_e2e_rep_projected,44,42,4,0.0026732448022812605,0.02154756523668766,0.5132408142089844,23.818970197854284,181,encoder_output_representation,0.0026732448022812605,5.912730557611212e-05,5.912730557611212e-05,0.02154756523668766,1.0264816284179688,1.0264816284179688,False,0.0,2088960,7.96875,128.0,False
shared_e2e_rep_projected,44,42,4,-0.0018811039626598358,0.018954986706376076,0.2387436032295227,12.595292570118984,182,encoder_output_representation,-0.0018811039626598358,-1.7025426132022403e-05,-6.139089236967266e-12,0.018954986706376076,0.4774872064590454,0.4774863123893738,True,1.8477439880371094e-06,2396160,9.140625,128.0,False
shared_e2e_rep_projected,44,42,4,0.0012030695797875524,0.013947811909019947,0.2994074523448944,21.466266845143632,183,encoder_output_representation,0.0012030695797875524,1.0048226613434963e-05,1.0048226613434963e-05,0.013947811909019947,0.5988149046897888,0.5988149046897888,False,0.0,2847744,10.86328125,128.0,False
shared_e2e_rep_projected,44,42,4,0.0009249243303202093,0.037810057401657104,0.6066548228263855,16.04480036573014,184,encoder_output_representation,0.0009249243303202093,4.2431187466718256e-05,4.2431187466718256e-05,0.037810057401657104,1.213309645652771,1.213309645652771,False,0.0,3759104,14.33984375,128.0,False
shared_e2e_rep_projected,44,42,4,0.01474836003035307,0.02247259020805359,0.39776352047920227,17.699940985737115,185,encoder_output_representation,0.01474836003035307,0.0002636645804159343,0.0002636645804159343,0.02247259020805359,0.7955270409584045,0.7955270409584045,False,0.0,2785280,10.625,128.0,False
shared_e2e_rep_projected,44,42,4,-0.0005552077200263739,0.01442971546202898,0.3112742304801941,21.57175110620133,186,encoder_output_representation,-0.0005552077200263739,-4.987540251022438e-06,-1.0913936421275139e-11,0.01442971546202898,0.6225484609603882,0.6225483417510986,True,1.7881393432617188e-07,2288640,8.73046875,128.0,False
shared_e2e_rep_projected,44,42,4,-0.0009904708713293076,0.02135993354022503,0.4188496470451355,19.609126884985752,187,encoder_output_representation,-0.0009904708713293076,-1.7722693883115426e-05,2.7284841053187847e-12,0.02135993354022503,0.837699294090271,0.8376989364624023,True,4.172325134277344e-07,2350080,8.96484375,128.0,False
shared_e2e_rep_projected,44,42,4,-0.0016851729014888406,0.02130652591586113,0.274393230676651,12.878365612499294,188,encoder_output_representation,-0.0016851729014888406,-1.9704275473486632e-05,-1.000444171950221e-11,0.02130652591586113,0.548786461353302,0.5487856864929199,True,1.430511474609375e-06,2785280,10.625,128.0,False
shared_e2e_rep_projected,44,42,4,0.0011912398040294647,0.02768963761627674,0.45651474595069885,16.486844366729695,189,encoder_output_representation,0.0011912398040294647,3.011627632076852e-05,3.011627632076852e-05,0.02768963761627674,0.9130294919013977,0.9130294919013977,False,0.0,1766400,6.73828125,128.0,False
shared_e2e_rep_projected,44,42,4,8.429989975411445e-05,0.024173416197299957,0.6136773228645325,25.386454188178707,190,encoder_output_representation,8.429989975411445e-05,2.5011236175487284e-06,2.5011236175487284e-06,0.024173416197299957,1.227354645729065,1.227354645729065,False,0.0,2396160,9.140625,128.0,False
shared_e2e_rep_projected,44,42,4,-0.007565519772469997,0.02791270613670349,0.7791951298713684,27.91542769286618,191,encoder_output_representation,-0.007565519772469997,-0.00032909170840866864,-2.9103830456733704e-11,0.02791270613670349,1.5583902597427368,1.5583455562591553,True,2.866983413696289e-05,2264064,8.63671875,128.0,False
shared_e2e_rep_projected,44,42,4,0.0011425947304815054,0.018579890951514244,0.3000345528125763,16.148348426561878,192,encoder_output_representation,0.0011425947304815054,1.2739038538711611e-05,1.2739038538711611e-05,0.018579890951514244,0.6000691056251526,0.6000691056251526,False,0.0,2785280,10.625,128.0,False
shared_e2e_rep_projected,44,42,4,-0.0005988238262943923,0.02518490143120289,0.44008365273475647,17.474106616494986,193,encoder_output_representation,-0.0005988238262943923,-1.3274084267322905e-05,-7.366907084360719e-11,0.02518490143120289,0.8801673054695129,0.8801671266555786,True,1.7881393432617188e-07,1827840,6.97265625,128.0,False
shared_e2e_rep_projected,44,42,4,-0.02577410265803337,0.032298482954502106,0.6360839009284973,19.693925000271047,194,encoder_output_representation,-0.02577410265803337,-0.0010590344900265336,0.0,0.032298482954502106,1.2721678018569946,1.2717450857162476,True,0.00033229589462280273,2350080,8.96484375,128.0,False
shared_e2e_rep_projected,44,42,4,0.0009631296270526946,0.018301676958799362,0.5471556186676025,29.896474508830877,195,encoder_output_representation,0.0009631296270526946,1.9289300325908698e-05,1.9289300325908698e-05,0.018301676958799362,1.094311237335205,1.094311237335205,False,0.0,3276800,12.5,128.0,False
shared_e2e_rep_projected,44,42,4,0.0028435993008315563,0.03179869055747986,0.473058819770813,14.876676098209257,196,encoder_output_representation,0.0028435993008315563,8.555054955650121e-05,8.555054955650121e-05,0.03179869055747986,0.946117639541626,0.946117639541626,False,0.0,3594240,13.7109375,128.0,False
shared_e2e_rep_projected,44,42,4,0.004542476963251829,0.017966754734516144,0.2753869593143463,15.327584941386059,197,encoder_output_representation,0.004542476963251829,4.495062603382394e-05,4.495062603382394e-05,0.017966754734516144,0.5507739186286926,0.5507739186286926,False,0.0,2611200,9.9609375,128.0,False
shared_e2e_rep_projected,44,42,4,-0.0024202086497098207,0.015594284981489182,0.34201276302337646,21.931929769742855,198,encoder_output_representation,-0.0024202086497098207,-2.5816096240305342e-05,-9.094947017729282e-12,0.015594284981489182,0.6840255260467529,0.6840234994888306,True,2.9802322387695312e-06,2325504,8.87109375,128.0,False
shared_e2e_rep_projected,44,42,4,0.004875863902270794,0.014835321344435215,0.26569363474845886,17.909530139576084,199,encoder_output_representation,0.004875863902270794,3.8437901821453124e-05,3.8437901821453124e-05,0.014835321344435215,0.5313872694969177,0.5313872694969177,False,0.0,2088960,7.96875,128.0,False
shared_e2e_rep_projected,44,42,5,0.007507188245654106,0.016152366995811462,0.266549289226532,16.502181339468823,0,encoder_output_representation,0.007507188245654106,6.464292528107762e-05,6.464292528107762e-05,0.016152366995811462,0.533098578453064,0.533098578453064,False,0.0,2350080,8.96484375,128.0,False
shared_e2e_rep_projected,44,42,5,-0.00029930094024166465,0.025616096332669258,0.48491141200065613,18.929949579484862,1,encoder_output_representation,-0.00029930094024166465,-7.4355552897031885e-06,-5.002220859751105e-12,0.025616096332669258,0.9698228240013123,0.9698228240013123,True,0.0,3194880,12.1875,128.0,False
shared_e2e_rep_projected,44,42,5,0.017666161060333252,0.024658089503645897,0.5955410003662109,24.151952253971476,2,encoder_output_representation,0.017666161060333252,0.0005188517388887703,0.0005188517388887703,0.024658089503645897,1.1910820007324219,1.1910820007324219,False,0.0,3194880,12.1875,128.0,False
shared_e2e_rep_projected,44,42,5,0.0033091839868575335,0.01925908960402012,0.39853814244270325,20.69350891640864,3,encoder_output_representation,0.0033091839868575335,5.0799164455384016e-05,5.0799164455384016e-05,0.01925908960402012,0.7970762848854065,0.7970762848854065,False,0.0,2350080,8.96484375,128.0,False
shared_e2e_rep_projected,44,42,5,0.001627182005904615,0.016882415860891342,0.2712929844856262,16.0695593996168,4,encoder_output_representation,0.001627182005904615,1.4905251191521529e-05,1.4905251191521529e-05,0.016882415860891342,0.5425859689712524,0.5425859689712524,False,0.0,2396160,9.140625,128.0,False
shared_e2e_rep_projected,44,42,5,0.0002682188351172954,0.028451258316636086,0.4495869576931,15.80200610776559,5,encoder_output_representation,0.0002682188351172954,6.861743258923525e-06,6.861743258923525e-06,0.028451258316636086,0.8991739153862,0.8991739153862,False,0.0,2221056,8.47265625,128.0,False
shared_e2e_rep_projected,44,42,5,0.0024464281741529703,0.020505625754594803,0.4409133493900299,21.502067513898332,6,encoder_output_representation,0.0024464281741529703,4.423731297720224e-05,4.423731297720224e-05,0.020505625754594803,0.8818266987800598,0.8818266987800598,False,0.0,2350080,8.96484375,128.0,False
shared_e2e_rep_projected,44,42,5,0.009940202347934246,0.01916898787021637,0.30974990129470825,16.1589074703302,7,encoder_output_representation,0.009940202347934246,0.00011804173118434846,0.00011804173118434846,0.01916898787021637,0.6194998025894165,0.6194998025894165,False,0.0,2088960,7.96875,128.0,False
shared_e2e_rep_projected,44,42,5,0.00017242929607164115,0.02787298895418644,1.376001000404358,49.36682616514605,8,encoder_output_representation,0.00017242929607164115,1.3226451301306952e-05,1.3226451301306952e-05,0.02787298895418644,2.752002000808716,2.752002000808716,False,0.0,3916800,14.94140625,128.0,False
shared_e2e_rep_projected,44,42,5,0.00022200711828190833,0.0309896357357502,0.6458728313446045,20.841575449675712,9,encoder_output_representation,0.00022200711828190833,8.887106559996027e-06,8.887106559996027e-06,0.0309896357357502,1.291745662689209,1.291745662689209,False,0.0,3133440,11.953125,128.0,False
shared_e2e_rep_projected,44,42,5,-0.00038055924233049154,0.022552743554115295,0.44822216033935547,19.874396179952413,10,encoder_output_representation,-0.00038055924233049154,-7.69387224863749e-06,-2.7284841053187847e-12,0.022552743554115295,0.8964443206787109,0.8964442610740662,True,5.960464477539063e-08,2549760,9.7265625,128.0,False
shared_e2e_rep_projected,44,42,5,-0.001261965255253017,0.01587391458451748,0.37699854373931885,23.749563583202217,11,encoder_output_representation,-0.001261965255253017,-1.510431775386678e-05,-2.319211489520967e-11,0.01587391458451748,0.7539970874786377,0.7539964318275452,True,8.940696716308594e-07,2396160,9.140625,128.0,False
shared_e2e_rep_projected,44,42,5,0.002831913996487856,0.0234519075602293,0.42866456508636475,18.278451933407393,12,encoder_output_representation,0.002831913996487856,5.693847197107971e-05,5.693847197107971e-05,0.0234519075602293,0.8573291301727295,0.8573291301727295,False,0.0,3085824,11.771484375,128.0,False
shared_e2e_rep_projected,44,42,5,-0.0018249318236485124,0.014829020947217941,0.2106819748878479,14.207409621831692,13,encoder_output_representation,-0.0018249318236485124,-1.1402931704651564e-05,-3.637978807091713e-12,0.014829020947217941,0.4213639497756958,0.4213632643222809,True,1.6093254089355469e-06,2350080,8.96484375,128.0,False
shared_e2e_rep_projected,44,42,5,0.0024226640816777945,0.016160810366272926,0.2042892575263977,12.641028073242081,14,encoder_output_representation,0.0024226640816777945,1.5996753063518554e-05,1.5996753063518554e-05,0.016160810366272926,0.4085785150527954,0.4085785150527954,False,0.0,2785280,10.625,128.0,False
shared_e2e_rep_projected,44,42,5,-0.0005013525951653719,0.01975732110440731,0.5200216770172119,26.320454795929265,15,encoder_output_representation,-0.0005013525951653719,-1.0302028385922313e-05,-5.343281372915953e-12,0.01975732110440731,1.0400433540344238,1.0400432348251343,True,1.1920928955078125e-07,2350080,8.96484375,128.0,False
shared_e2e_rep_projected,44,42,5,0.003981295507401228,0.016616934910416603,0.4342087507247925,26.130495970866534,16,encoder_output_representation,0.003981295507401228,5.745183807448484e-05,5.745183807448484e-05,0.016616934910416603,0.868417501449585,0.868417501449585,False,0.0,2196480,8.37890625,128.0,False
shared_e2e_rep_projected,44,42,5,-0.0016332174418494105,0.021847138181328773,0.3474181294441223,15.902226028900955,17,encoder_output_representation,-0.0016332174418494105,-2.4792539988993667e-05,-4.547473508864641e-12,0.021847138181328773,0.6948362588882446,0.6948353052139282,True,1.3709068298339844e-06,2613248,9.96875,128.0,False
shared_e2e_rep_projected,44,42,5,-0.003964433912187815,0.01932702027261257,0.34071263670921326,17.628823890251795,18,encoder_output_representation,-0.003964433912187815,-5.221127503318712e-05,3.637978807091713e-12,0.01932702027261257,0.6814252734184265,0.6814199686050415,True,7.808208465576172e-06,2325504,8.87109375,128.0,False
shared_e2e_rep_projected,44,42,5,-0.000276950653642416,0.025499338284134865,0.5618600845336914,22.034300587449696,19,encoder_output_representation,-0.000276950653642416,-7.93577783042565e-06,2.7284841053187847e-12,0.025499338284134865,1.1237201690673828,1.1237200498580933,True,1.1920928955078125e-07,2482176,9.46875,128.0,False
shared_e2e_rep_projected,44,42,5,0.004526116885244846,0.024354349821805954,0.48442891240119934,19.890857934850725,20,encoder_output_representation,0.004526116885244846,0.00010679781553335488,0.00010679781553335488,0.024354349821805954,0.9688578248023987,0.9688578248023987,False,0.0,3488256,13.306640625,128.0,False
shared_e2e_rep_projected,44,42,5,0.0016830798704177141,0.018146483227610588,0.30117860436439514,16.597078375282106,21,encoder_output_representation,0.0016830798704177141,1.8397182429907843e-05,1.8397182429907843e-05,0.018146483227610588,0.6023572087287903,0.6023572087287903,False,0.0,2350080,8.96484375,128.0,False
shared_e2e_rep_projected,44,42,5,0.0031065901275724173,0.025064943358302116,0.275682270526886,10.998719070935914,22,encoder_output_representation,0.0031065901275724173,4.293282836442813e-05,4.293282836442813e-05,0.025064943358302116,0.551364541053772,0.551364541053772,False,0.0,2611200,9.9609375,128.0,False
shared_e2e_rep_projected,44,42,5,0.0007895692251622677,0.02095724083483219,0.40609368681907654,19.377249611223842,23,encoder_output_representation,0.0007895692251622677,1.3439421309158206e-05,1.3439421309158206e-05,0.02095724083483219,0.8121873736381531,0.8121873736381531,False,0.0,2088960,7.96875,128.0,False
shared_e2e_rep_projected,44,42,5,0.0009753041667863727,0.021902957931160927,0.48240479826927185,22.02464159340614,24,encoder_output_representation,0.0009753041667863727,2.061030681943521e-05,2.061030681943521e-05,0.021902957931160927,0.9648095965385437,0.9648095965385437,False,0.0,2350080,8.96484375,128.0,False
shared_e2e_rep_projected,44,42,5,0.0012521451571956277,0.02074490487575531,0.411664754152298,19.844137951840548,25,encoder_output_representation,0.0012521451571956277,2.1386504158726893e-05,2.1386504158726893e-05,0.02074490487575531,0.823329508304596,0.823329508304596,False,0.0,2785280,10.625,128.0,False
shared_e2e_rep_projected,44,42,5,0.008016010746359825,0.015066801570355892,0.30039772391319275,19.937723511553294,26,encoder_output_representation,0.008016010746359825,7.256145909195766e-05,7.256145909195766e-05,0.015066801570355892,0.6007954478263855,0.6007954478263855,False,0.0,2159616,8.23828125,128.0,False
shared_e2e_rep_projected,44,42,5,0.00584707735106349,0.02981770783662796,0.7210239171981812,24.181064525438742,27,encoder_output_representation,0.00584707735106349,0.0002514159132260829,0.0002514159132260829,0.02981770783662796,1.4420478343963623,1.4420478343963623,False,0.0,2785280,10.625,128.0,False
shared_e2e_rep_projected,44,42,5,-0.01860182359814644,0.023370303213596344,0.3178052604198456,13.598679380203901,28,encoder_output_representation,-0.01860182359814644,-0.00027631912962533534,4.3655745685100555e-11,0.023370303213596344,0.6356105208396912,0.6355004906654358,True,0.00017309188842773438,2350080,8.96484375,128.0,False
shared_e2e_rep_projected,44,42,5,0.0018079078290611506,0.01518405694514513,0.2804482877254486,18.46991806857769,29,encoder_output_representation,0.0018079078290611506,1.5397381503134966e-05,1.5397381503134966e-05,0.01518405694514513,0.5608965754508972,0.5608965754508972,False,0.0,2088960,7.96875,128.0,False
shared_e2e_rep_projected,44,42,5,0.012846626341342926,0.020444605499505997,0.2732555568218231,13.365655640967287,30,encoder_output_representation,0.012846626341342926,0.0001435379817849025,0.0001435379817849025,0.020444605499505997,0.5465111136436462,0.5465111136436462,False,0.0,2785280,10.625,128.0,False
shared_e2e_rep_projected,44,42,5,-0.006046673282980919,0.011156459338963032,0.2206333577632904,19.776288431648403,31,encoder_output_representation,-0.006046673282980919,-2.976761788886506e-05,-1.2505552149377763e-11,0.011156459338963032,0.4412667155265808,0.44125866889953613,True,1.823902130126953e-05,2396160,9.140625,128.0,False
shared_e2e_rep_projected,44,42,5,0.0017708612140268087,0.02748946100473404,0.682292640209198,24.820153443230424,32,encoder_output_representation,0.0017708612140268087,6.642803782597184e-05,6.642803782597184e-05,0.02748946100473404,1.364585280418396,1.364585280418396,False,0.0,2457600,9.375,128.0,False
shared_e2e_rep_projected,44,42,5,-0.0017873406177386642,0.024974685162305832,0.4815789461135864,19.2826833645307,33,encoder_output_representation,-0.0017873406177386642,-4.299369902582839e-05,-4.3655745685100555e-11,0.024974685162305832,0.9631578922271729,0.9631563425064087,True,1.6093254089355469e-06,3133440,11.953125,128.0,False
shared_e2e_rep_projected,44,42,5,0.0055371783673763275,0.023170217871665955,0.3809179663658142,16.439982069897816,34,encoder_output_representation,0.0055371783673763275,9.774174395715818e-05,9.774174395715818e-05,0.023170217871665955,0.7618359327316284,0.7618359327316284,False,0.0,2420736,9.234375,128.0,False
shared_e2e_rep_projected,44,42,5,0.001102570560760796,0.01831301860511303,0.354551762342453,19.360640099140262,35,encoder_output_representation,0.001102570560760796,1.4317789464257658e-05,1.4317789464257658e-05,0.01831301860511303,0.709103524684906,0.709103524684906,False,0.0,2670592,10.1875,128.0,False
shared_e2e_rep_projected,44,42,5,0.002250957302749157,0.02088671363890171,0.46902215480804443,22.455526652813685,36,encoder_output_representation,0.002250957302749157,4.410224937601015e-05,4.410224937601015e-05,0.02088671363890171,0.9380443096160889,0.9380443096160889,False,0.0,2350080,8.96484375,128.0,False
shared_e2e_rep_projected,44,42,5,0.000799751840531826,0.014765745960175991,0.31877878308296204,21.589074059835887,37,encoder_output_representation,0.000799751840531826,7.528874448325951e-06,7.528874448325951e-06,0.014765745960175991,0.6375575661659241,0.6375575661659241,False,0.0,2785280,10.625,128.0,False
shared_e2e_rep_projected,44,42,5,0.0013710621278733015,0.030821915715932846,0.8914206027984619,28.921648187418075,38,encoder_output_representation,0.0013710621278733015,7.53406566218473e-05,7.53406566218473e-05,0.030821915715932846,1.7828412055969238,1.7828412055969238,False,0.0,2531328,9.65625,128.0,False
shared_e2e_rep_projected,44,42,5,0.005062185227870941,0.023349521681666374,0.31720879673957825,13.585237464998904,39,encoder_output_representation,0.005062185227870941,7.498791092075408e-05,7.498791092075408e-05,0.023349521681666374,0.6344175934791565,0.6344175934791565,False,0.0,2350080,8.96484375,128.0,False
shared_e2e_rep_projected,44,42,5,-0.0026679409202188253,0.018729306757450104,0.3500443696975708,18.68965969914134,40,encoder_output_representation,-0.0026679409202188253,-3.4982513170689344e-05,-1.2732925824820995e-11,0.018729306757450104,0.7000887393951416,0.700086236000061,True,3.5762786865234375e-06,2350080,8.96484375,128.0,False
shared_e2e_rep_projected,44,42,5,0.0022270854096859694,0.02532920427620411,0.31390470266342163,12.392995028206393,41,encoder_output_representation,0.0022270854096859694,3.541491605574265e-05,3.541491605574265e-05,0.02532920427620411,0.6278094053268433,0.6278094053268433,False,0.0,3525120,13.447265625,128.0,False
shared_e2e_rep_projected,44,42,5,-0.0029575407970696688,0.019887713715434074,0.34225860238075256,17.20954994012907,42,encoder_output_representation,-0.0029575407970696688,-4.0262428228743374e-05,-7.275957614183426e-12,0.019887713715434074,0.6845172047615051,0.6845141649246216,True,4.470348358154297e-06,2088960,7.96875,128.0,False
shared_e2e_rep_projected,44,42,5,0.0009718855726532638,0.01213473454117775,0.15964855253696442,13.156328388990827,43,encoder_output_representation,0.0009718855726532638,3.7656536733265966e-06,3.7656536733265966e-06,0.01213473454117775,0.31929710507392883,0.31929710507392883,False,0.0,2350080,8.96484375,128.0,False
shared_e2e_rep_projected,44,42,5,0.0030927080661058426,0.02572675421833992,0.4183805286884308,16.26246844579323,44,encoder_output_representation,0.0030927080661058426,6.657718040514737e-05,6.657718040514737e-05,0.02572675421833992,0.8367610573768616,0.8367610573768616,False,0.0,2088960,7.96875,128.0,False
shared_e2e_rep_projected,44,42,5,0.0012883006129413843,0.022622279822826385,0.4226360023021698,18.682290450484157,45,encoder_output_representation,0.0012883006129413843,2.463485907355789e-05,2.463485907355789e-05,0.022622279822826385,0.8452720046043396,0.8452720046043396,False,0.0,3133440,11.953125,128.0,False
shared_e2e_rep_projected,44,42,5,-8.765802340349182e-05,0.022858038544654846,0.6888816952705383,30.1373931942917,46,encoder_output_representation,-8.765802340349182e-05,-2.760611323537887e-06,-8.526512829121202e-13,0.022858038544654846,1.3777633905410767,1.3777633905410767,True,0.0,2785280,10.625,128.0,False
shared_e2e_rep_projected,44,42,5,-0.004979225806891918,0.014046325348317623,0.3446123003959656,24.533982507904888,47,encoder_output_representation,-0.004979225806891918,-4.8204248741967604e-05,-1.3642420526593924e-12,0.014046325348317623,0.6892246007919312,0.6892160773277283,True,1.233816146850586e-05,2350080,8.96484375,128.0,False
shared_e2e_rep_projected,44,42,5,-0.005489363335072994,0.015249066986143589,0.2232346534729004,14.63923357906078,48,encoder_output_representation,-0.005489363335072994,-3.737290535354987e-05,3.637978807091713e-12,0.015249066986143589,0.4464693069458008,0.44646257162094116,True,1.5079975128173828e-05,2088960,7.96875,128.0,False
shared_e2e_rep_projected,44,42,5,0.002769656479358673,0.011190563440322876,0.16593678295612335,14.828277757508129,49,encoder_output_representation,0.002769656479358673,1.0286094948241953e-05,1.0286094948241953e-05,0.011190563440322876,0.3318735659122467,0.3318735659122467,False,0.0,2396160,9.140625,128.0,False
shared_e2e_rep_projected,44,42,5,-0.007151227910071611,0.02395271696150303,0.421928733587265,17.615067813200138,50,encoder_output_representation,-0.007151227910071611,-0.00014454546908382326,-1.0913936421275139e-11,0.02395271696150303,0.84385746717453,0.8438358902931213,True,2.5570392608642578e-05,2088960,7.96875,128.0,False
shared_e2e_rep_projected,44,42,5,0.004735426511615515,0.027263548225164413,0.7252060770988464,26.59984207152747,51,encoder_output_representation,0.004735426511615515,0.0001872547873063013,0.0001872547873063013,0.027263548225164413,1.4504121541976929,1.4504121541976929,False,0.0,2396160,9.140625,128.0,False
shared_e2e_rep_projected,44,42,5,-0.0011096406960859895,0.02802896499633789,0.9048898816108704,32.28409902859767,52,encoder_output_representation,-0.0011096406960859895,-5.6287917686859146e-05,-1.8189894035458565e-12,0.02802896499633789,1.8097797632217407,1.8097786903381348,True,5.960464477539062e-07,3396096,12.955078125,128.0,False
shared_e2e_rep_projected,44,42,5,-0.00563820730894804,0.016924411058425903,0.1602487713098526,9.468499125709426,53,encoder_output_representation,-0.00563820730894804,-3.0582945328205824e-05,-9.094947017729282e-12,0.016924411058425903,0.3204975426197052,0.3204924166202545,True,1.5974044799804688e-05,2088960,7.96875,128.0,False
shared_e2e_rep_projected,44,42,5,0.0030376757495105267,0.014753386378288269,0.2397790551185608,16.252475802533727,54,encoder_output_representation,0.0030376757495105267,2.1491878214874305e-05,2.1491878214874305e-05,0.014753386378288269,0.4795581102371216,0.4795581102371216,False,0.0,2350080,8.96484375,128.0,False
shared_e2e_rep_projected,44,42,5,-0.01193392463028431,0.018754880875349045,0.4080864489078522,21.758946464129824,55,encoder_output_representation,-0.01193392463028431,-0.0001826752704801038,-6.548361852765083e-11,0.018754880875349045,0.8161728978157043,0.8161147832870483,True,7.12275505065918e-05,2350080,8.96484375,128.0,False
shared_e2e_rep_projected,44,42,5,0.003963054623454809,0.023566575720906258,0.4242388904094696,18.00171969969829,56,encoder_output_representation,0.003963054623454809,7.924411329440773e-05,7.924411329440773e-05,0.023566575720906258,0.8484777808189392,0.8484777808189392,False,0.0,2611200,9.9609375,128.0,False
shared_e2e_rep_projected,44,42,5,-0.00283168931491673,0.02001383528113365,0.25515666604042053,12.749013992382952,57,encoder_output_representation,-0.00283168931491673,-2.892096745199524e-05,-5.002220859751105e-12,0.02001383528113365,0.5103133320808411,0.5103112459182739,True,4.112720489501953e-06,2580480,9.84375,128.0,False
shared_e2e_rep_projected,44,42,5,0.0029608372133225203,0.016718653962016106,0.2892650365829468,17.301933351820164,58,encoder_output_representation,0.0029608372133225203,2.8637939976761118e-05,2.8637939976761118e-05,0.016718653962016106,0.5785300731658936,0.5785300731658936,False,0.0,2785280,10.625,128.0,False
shared_e2e_rep_projected,44,42,5,-0.001322579919360578,0.03298734873533249,0.48224112391471863,14.618971890826558,59,encoder_output_representation,-0.001322579919360578,-4.207882011542097e-05,-4.729372449219227e-11,0.03298734873533249,0.9644822478294373,0.9644813537597656,True,9.5367431640625e-07,2847744,10.86328125,128.0,False
shared_e2e_rep_projected,44,42,5,-0.007557223085314035,0.017508625984191895,0.3206143081188202,18.311791479713765,60,encoder_output_representation,-0.007557223085314035,-8.484518912155181e-05,-2.1827872842550278e-11,0.017508625984191895,0.6412286162376404,0.6412102580070496,True,2.86102294921875e-05,2088960,7.96875,128.0,False
shared_e2e_rep_projected,44,42,5,-0.00017550242773722857,0.024970557540655136,0.33241069316864014,13.312105371593512,61,encoder_output_representation,-0.00017550242773722857,-2.913508978963364e-06,4.547473508864641e-13,0.024970557540655136,0.6648213863372803,0.6648213863372803,True,0.0,2396160,9.140625,128.0,False
shared_e2e_rep_projected,44,42,5,0.0007667386089451611,0.01732785440981388,0.29106807708740234,16.79769867656273,62,encoder_output_representation,0.0007667386089451611,7.734222890576348e-06,7.734222890576348e-06,0.01732785440981388,0.5821361541748047,0.5821361541748047,False,0.0,2088960,7.96875,128.0,False
shared_e2e_rep_projected,44,42,5,0.0005957775865681469,0.03633127734065056,0.5252038836479187,14.455970780313727,63,encoder_output_representation,0.0005957775865681469,2.273645623063203e-05,2.273645623063203e-05,0.03633127734065056,1.0504077672958374,1.0504077672958374,False,0.0,2396160,9.140625,128.0,False
shared_e2e_rep_projected,44,42,5,-0.0011295330477878451,0.016412710770964622,0.35159626603126526,21.422193502201157,64,encoder_output_representation,-0.0011295330477878451,-1.303627504967153e-05,-1.4551915228366852e-11,0.016412710770964622,0.7031925320625305,0.7031920552253723,True,6.556510925292969e-07,2396160,9.140625,128.0,False
shared_e2e_rep_projected,44,42,5,-0.0005349568091332912,0.02403680793941021,0.3486936092376709,14.506652052827725,65,encoder_output_representation,-0.0005349568091332912,-8.967461326392367e-06,-3.637978807091713e-12,0.02403680793941021,0.6973872184753418,0.697387158870697,True,5.960464477539063e-08,2611200,9.9609375,128.0,False
shared_e2e_rep_projected,44,42,5,-0.0009218210470862687,0.01848086155951023,0.4122568964958191,22.30723363022392,66,encoder_output_representation,-0.0009218210470862687,-1.4046456271898933e-05,-1.0913936421275139e-11,0.01848086155951023,0.8245137929916382,0.8245134353637695,True,4.172325134277344e-07,2135040,8.14453125,128.0,False
shared_e2e_rep_projected,44,42,5,0.0007115942426025867,0.02526935562491417,0.5286906361579895,20.922204903267502,67,encoder_output_representation,0.0007115942426025867,1.9013330529560335e-05,1.9013330529560335e-05,0.02526935562491417,1.057381272315979,1.057381272315979,False,0.0,3194880,12.1875,128.0,False
shared_e2e_rep_projected,44,42,5,0.0027699964120984077,0.02236446924507618,0.5169331431388855,23.114035816105712,68,encoder_output_representation,0.0027699964120984077,6.404749728972092e-05,6.404749728972092e-05,0.02236446924507618,1.033866286277771,1.033866286277771,False,0.0,2088960,7.96875,128.0,False
shared_e2e_rep_projected,44,42,5,0.0008271445403806865,0.027903856709599495,0.533237099647522,19.109799236607948,69,encoder_output_representation,0.0008271445403806865,2.4614782887510955e-05,2.4614782887510955e-05,0.027903856709599495,1.066474199295044,1.066474199295044,False,0.0,2785280,10.625,128.0,False
shared_e2e_rep_projected,44,42,5,0.00011417568748584017,0.02050814777612686,0.6265594959259033,30.55173498677775,70,encoder_output_representation,0.00011417568748584017,2.9342181733227335e-06,2.9342181733227335e-06,0.02050814777612686,1.2531189918518066,1.2531189918518066,False,0.0,2088960,7.96875,128.0,False
shared_e2e_rep_projected,44,42,5,-0.005006849765777588,0.023698464035987854,0.406875342130661,17.16884864406364,71,encoder_output_representation,-0.005006849765777588,-9.655530448071659e-05,-2.9103830456733704e-11,0.023698464035987854,0.813750684261322,0.8137404918670654,True,1.2516975402832031e-05,2350080,8.96484375,128.0,False
shared_e2e_rep_projected,44,42,5,-0.003672582097351551,0.027290398254990578,0.3379717469215393,12.38427317049998,72,encoder_output_representation,-0.003672582097351551,-6.77472708048299e-05,-3.637978807091713e-11,0.027290398254990578,0.6759434938430786,0.6759389638900757,True,6.67572021484375e-06,2350080,8.96484375,128.0,False
shared_e2e_rep_projected,44,42,5,0.0074259317480027676,0.021175341680645943,0.6729441285133362,31.779611335783102,73,encoder_output_representation,0.0074259317480027676,0.00021163641940802336,0.00021163641940802336,0.021175341680645943,1.3458882570266724,1.3458882570266724,False,0.0,2088960,7.96875,128.0,False
shared_e2e_rep_projected,44,42,5,0.0006636210600845516,0.02305629476904869,0.29773667454719543,12.913465824824728,74,encoder_output_representation,0.0006636210600845516,9.11112510948442e-06,9.11112510948442e-06,0.02305629476904869,0.5954733490943909,0.5954733490943909,False,0.0,2785280,10.625,128.0,False
shared_e2e_rep_projected,44,42,5,-0.018466167151927948,0.02674318104982376,0.400212824344635,14.965041877367556,75,encoder_output_representation,-0.018466167151927948,-0.0003952854312956333,-1.3096723705530167e-10,0.02674318104982376,0.80042564868927,0.8002891540527344,True,0.00017052888870239258,2396160,9.140625,128.0,False
shared_e2e_rep_projected,44,42,5,-0.00303076533600688,0.020976046100258827,0.37357503175735474,17.809601960816874,76,encoder_output_representation,-0.00303076533600688,-4.749892104882747e-05,-3.637978807091713e-11,0.020976046100258827,0.7471500635147095,0.7471466064453125,True,4.649162292480469e-06,2088960,7.96875,128.0,False
shared_e2e_rep_projected,44,42,5,0.005286024883389473,0.015948787331581116,0.25277504324913025,15.849170096374397,77,encoder_output_representation,0.005286024883389473,4.262074799044058e-05,4.262074799044058e-05,0.015948787331581116,0.5055500864982605,0.5055500864982605,False,0.0,2088960,7.96875,128.0,False
shared_e2e_rep_projected,44,42,5,0.0012941976310685277,0.009931327775120735,0.10323358327150345,10.394741328557997,78,encoder_output_representation,0.0012941976310685277,2.6537434223428136e-06,2.6537434223428136e-06,0.009931327775120735,0.2064671665430069,0.2064671665430069,False,0.0,2350080,8.96484375,128.0,False
shared_e2e_rep_projected,44,42,5,0.0038886843249201775,0.016972359269857407,0.4177456796169281,24.613294650133682,79,encoder_output_representation,0.0038886843249201775,5.5142554629128426e-05,5.5142554629128426e-05,0.016972359269857407,0.8354913592338562,0.8354913592338562,False,0.0,2350080,8.96484375,128.0,False
shared_e2e_rep_projected,44,42,5,0.0020241180900484324,0.031226294115185738,0.5033456087112427,16.119287381798515,80,encoder_output_representation,0.0020241180900484324,6.362862768583e-05,6.362862768583e-05,0.031226294115185738,1.0066912174224854,1.0066912174224854,False,0.0,2350080,8.96484375,128.0,False
shared_e2e_rep_projected,44,42,5,0.003782005049288273,0.013998921029269695,0.18473613262176514,13.196455086467658,81,encoder_output_representation,0.003782005049288273,1.956133564817719e-05,1.956133564817719e-05,0.013998921029269695,0.3694722652435303,0.3694722652435303,False,0.0,3525120,13.447265625,128.0,False
shared_e2e_rep_projected,44,42,5,0.0025914229918271303,0.020670434460043907,0.3566730320453644,17.25522667338298,82,encoder_output_representation,0.0025914229918271303,3.821097925538197e-05,3.821097925538197e-05,0.020670434460043907,0.7133460640907288,0.7133460640907288,False,0.0,2741760,10.458984375,128.0,False
shared_e2e_rep_projected,44,42,5,0.0014134322991594672,0.022630250081419945,0.44357553124427795,19.600999973414595,83,encoder_output_representation,0.0014134322991594672,2.8376703994581476e-05,2.8376703994581476e-05,0.022630250081419945,0.8871510624885559,0.8871510624885559,False,0.0,2088960,7.96875,128.0,False
shared_e2e_rep_projected,44,42,5,0.00022854554117657244,0.024614565074443817,0.3705533444881439,15.054230833144908,84,encoder_output_representation,0.00022854554117657244,4.169131898379419e-06,4.169131898379419e-06,0.024614565074443817,0.7411066889762878,0.7411066889762878,False,0.0,2088960,7.96875,128.0,False
shared_e2e_rep_projected,44,42,5,-0.006727010942995548,0.015375644899904728,0.32723385095596313,21.282609808320352,85,encoder_output_representation,-0.006727010942995548,-6.769299216102809e-05,-3.637978807091713e-12,0.015375644899904728,0.6544677019119263,0.654452919960022,True,2.2590160369873047e-05,2785280,10.625,128.0,False
shared_e2e_rep_projected,44,42,5,0.0048911417834460735,0.020603787153959274,0.5080447793006897,24.657834771073265,86,encoder_output_representation,0.0048911417834460735,0.00010239749099127948,0.00010239749099127948,0.020603787153959274,1.0160895586013794,1.0160895586013794,False,0.0,2396160,9.140625,128.0,False
shared_e2e_rep_projected,44,42,5,-0.034628286957740784,0.023210618644952774,0.43937960267066956,18.930111661035546,87,encoder_output_representation,-0.034628286957740784,-0.0007062974036671221,-1.1641532182693481e-10,0.023210618644952774,0.8787592053413391,0.8782321810722351,True,0.0005997419357299805,2088960,7.96875,128.0,False
shared_e2e_rep_projected,44,42,5,-0.0009635320166125894,0.014270510524511337,0.16262203454971313,11.395670412098433,88,encoder_output_representation,-0.0009635320166125894,-4.4721364247379825e-06,-1.5916157281026244e-11,0.014270510524511337,0.32524406909942627,0.32524389028549194,True,5.364418029785156e-07,2088960,7.96875,128.0,False
shared_e2e_rep_projected,44,42,5,0.0007201485568657517,0.027463503181934357,0.5144014954566956,18.730367063844632,89,encoder_output_representation,0.0007201485568657517,2.0347462850622833e-05,2.0347462850622833e-05,0.027463503181934357,1.0288029909133911,1.0288029909133911,False,0.0,2396160,9.140625,128.0,False
shared_e2e_rep_projected,44,42,5,0.010625465773046017,0.014913458377122879,0.18559405207633972,12.444735981631158,90,encoder_output_representation,0.010625465773046017,5.881937249796465e-05,5.881937249796465e-05,0.014913458377122879,0.37118810415267944,0.37118810415267944,False,0.0,2350080,8.96484375,128.0,False
shared_e2e_rep_projected,44,42,5,0.001170700415968895,0.018358096480369568,0.35875892639160156,19.54227263023837,91,encoder_output_representation,0.001170700415968895,1.5420773706864566e-05,1.5420773706864566e-05,0.018358096480369568,0.7175178527832031,0.7175178527832031,False,0.0,2613248,9.96875,128.0,False
shared_e2e_rep_projected,44,42,5,0.00028164623654447496,0.022366231307387352,0.8354566097259521,37.353481605549206,92,encoder_output_representation,0.00028164623654447496,1.0525691322982311e-05,1.0525691322982311e-05,0.022366231307387352,1.6709132194519043,1.6709132194519043,False,0.0,3133440,11.953125,128.0,False
shared_e2e_rep_projected,44,42,5,-0.008324510417878628,0.02407754957675934,0.5026158690452576,20.87487630096725,93,encoder_output_representation,-0.008324510417878628,-0.00020148242765571922,-1.4551915228366852e-11,0.02407754957675934,1.0052317380905151,1.0051969289779663,True,3.463029861450195e-05,3096576,11.8125,128.0,False
shared_e2e_rep_projected,44,42,5,-0.0017215891275554895,0.03123006783425808,0.34011632204055786,10.890668692927541,94,encoder_output_representation,-0.0017215891275554895,-3.657294291770086e-05,-1.8189894035458565e-11,0.03123006783425808,0.6802326440811157,0.6802316308021545,True,1.4901161193847656e-06,2350080,8.96484375,128.0,False
shared_e2e_rep_projected,44,42,5,0.0023213594686239958,0.010692744515836239,0.18403242528438568,17.21096253743169,95,encoder_output_representation,0.0023213594686239958,9.135997061093803e-06,9.135997061093803e-06,0.010692744515836239,0.36806485056877136,0.36806485056877136,False,0.0,2396160,9.140625,128.0,False
shared_e2e_rep_projected,44,42,5,3.667642522486858e-05,0.027228401973843575,0.48770588636398315,17.91166028885897,96,encoder_output_representation,3.667642522486858e-05,9.74085651250789e-07,9.74085651250789e-07,0.027228401973843575,0.9754117727279663,0.9754117727279663,False,0.0,2350080,8.96484375,128.0,False
shared_e2e_rep_projected,44,42,5,0.018808240070939064,0.03622284531593323,0.7107946872711182,19.62282866162541,97,encoder_output_representation,0.018808240070939064,0.0009685117984190583,0.0009685117984190583,0.03622284531593323,1.4215893745422363,1.4215893745422363,False,0.0,2350080,8.96484375,128.0,False
shared_e2e_rep_projected,44,42,5,0.00939256139099598,0.020164931192994118,0.4609321355819702,22.85810604412632,98,encoder_output_representation,0.00939256139099598,0.00017460141680203378,0.00017460141680203378,0.020164931192994118,0.9218642711639404,0.9218642711639404,False,0.0,2350080,8.96484375,128.0,False
shared_e2e_rep_projected,44,42,5,0.0013876939192414284,0.017534952610731125,0.26535654067993164,15.133005863816106,99,encoder_output_representation,0.0013876939192414284,1.2913918908452615e-05,1.2913918908452615e-05,0.017534952610731125,0.5307130813598633,0.5307130813598633,False,0.0,3133440,11.953125,128.0,False
shared_e2e_rep_projected,44,42,5,0.00011030984023818746,0.02028406783938408,0.5901159644126892,29.092584834828077,100,encoder_output_representation,0.00011030984023818746,2.640806997078471e-06,2.640806997078471e-06,0.02028406783938408,1.1802319288253784,1.1802319288253784,False,0.0,2866688,10.935546875,128.0,False
shared_e2e_rep_projected,44,42,5,0.000685514765791595,0.024869954213500023,0.35713765025138855,14.360205378163721,101,encoder_output_representation,0.000685514765791595,1.2177481039543636e-05,1.2177481039543636e-05,0.024869954213500023,0.7142753005027771,0.7142753005027771,False,0.0,2785280,10.625,128.0,False
shared_e2e_rep_projected,44,42,5,0.0006594919832423329,0.01922186091542244,0.4515855610370636,23.493332046468982,102,encoder_output_representation,0.0006594919832423329,1.144919588114135e-05,1.144919588114135e-05,0.01922186091542244,0.9031711220741272,0.9031711220741272,False,0.0,2088960,7.96875,128.0,False
shared_e2e_rep_projected,44,42,5,-0.00619477080181241,0.023821435868740082,0.6932664513587952,29.102630722127923,103,encoder_output_representation,-0.00619477080181241,-0.0002046083682216704,-1.4551915228366852e-11,0.023821435868740082,1.3865329027175903,1.386506199836731,True,1.9252300262451172e-05,2350080,8.96484375,128.0,False
shared_e2e_rep_projected,44,42,5,-0.0012824778677895665,0.02642328478395939,0.39855504035949707,15.083478213179811,104,encoder_output_representation,-0.0012824778677895665,-2.701189077924937e-05,-8.185452315956354e-12,0.02642328478395939,0.7971100807189941,0.7971093654632568,True,8.940696716308594e-07,2166784,8.265625,128.0,False
shared_e2e_rep_projected,44,42,5,0.0060447645373642445,0.026973534375429153,0.37557366490364075,13.923783946005974,105,encoder_output_representation,0.0060447645373642445,0.00012247356062289327,0.00012247356062289327,0.026973534375429153,0.7511473298072815,0.7511473298072815,False,0.0,2785280,10.625,128.0,False
shared_e2e_rep_projected,44,42,5,0.00029568339232355356,0.029534805566072464,0.5936155319213867,20.098846785817038,106,encoder_output_representation,0.00029568339232355356,1.0368031325924676e-05,1.0368031325924676e-05,0.029534805566072464,1.1872310638427734,1.1872310638427734,False,0.0,3133440,11.953125,128.0,False
shared_e2e_rep_projected,44,42,5,0.0069565242156386375,0.02167138271033764,0.38151732087135315,17.604659839695532,107,encoder_output_representation,0.0069565242156386375,0.00011503319547045976,0.00011503319547045976,0.02167138271033764,0.7630346417427063,0.7630346417427063,False,0.0,2350080,8.96484375,128.0,False
shared_e2e_rep_projected,44,42,5,0.005104854702949524,0.02570401318371296,0.819722592830658,31.890840818198203,108,encoder_output_representation,0.005104854702949524,0.0002151202061213553,0.0002151202061213553,0.02570401318371296,1.639445185661316,1.639445185661316,False,0.0,2350080,8.96484375,128.0,False
shared_e2e_rep_projected,44,42,5,0.000885971705429256,0.023157954216003418,0.4616745114326477,19.935893608149776,109,encoder_output_representation,0.000885971705429256,1.8944621842820197e-05,1.8944621842820197e-05,0.023157954216003418,0.9233490228652954,0.9233490228652954,False,0.0,2611200,9.9609375,128.0,False
shared_e2e_rep_projected,44,42,5,0.0007913392037153244,0.02511465549468994,0.5424879789352417,21.600454724530916,110,encoder_output_representation,0.0007913392037153244,2.156304253730923e-05,2.156304253730923e-05,0.02511465549468994,1.0849759578704834,1.0849759578704834,False,0.0,3266048,12.458984375,128.0,False
shared_e2e_rep_projected,44,42,5,-0.007833299227058887,0.021685533225536346,0.48297446966171265,22.271735937439338,111,encoder_output_representation,-0.007833299227058887,-0.00016408503870479763,1.4551915228366852e-11,0.021685533225536346,0.9659489393234253,0.9659192562103271,True,3.075599670410156e-05,2088960,7.96875,128.0,False
shared_e2e_rep_projected,44,42,5,0.01826033554971218,0.029945073649287224,0.7296004295349121,24.364622978720863,112,encoder_output_representation,0.01826033554971218,0.000797901360783726,0.000797901360783726,0.029945073649287224,1.4592008590698242,1.4592008590698242,False,0.0,2088960,7.96875,128.0,False
shared_e2e_rep_projected,44,42,5,-0.0012073618127033114,0.015525604598224163,0.4318902790546417,27.81793625634662,113,encoder_output_representation,-0.0012073618127033114,-1.619158501853235e-05,2.2737367544323206e-12,0.015525604598224163,0.8637805581092834,0.8637799620628357,True,7.152557373046875e-07,2350080,8.96484375,128.0,False
shared_e2e_rep_projected,44,42,5,0.011942229233682156,0.0188633780926466,0.32593464851379395,17.27869986557981,114,encoder_output_representation,0.011942229233682156,0.00014684710185974836,0.00014684710185974836,0.0188633780926466,0.6518692970275879,0.6518692970275879,False,0.0,2088960,7.96875,128.0,False
shared_e2e_rep_projected,44,42,5,-0.0012510042870417237,0.015300174243748188,0.28602102398872375,18.69397167849869,115,encoder_output_representation,-0.0012510042870417237,-1.0949219358735718e-05,-7.73070496506989e-12,0.015300174243748188,0.5720420479774475,0.5720415711402893,True,8.344650268554688e-07,2088960,7.96875,128.0,False
shared_e2e_rep_projected,44,42,5,0.009368173778057098,0.019536441192030907,0.3600054979324341,18.427383697665654,116,encoder_output_representation,0.009368173778057098,0.0001317769638262689,0.0001317769638262689,0.019536441192030907,0.7200109958648682,0.7200109958648682,False,0.0,2396160,9.140625,128.0,False
shared_e2e_rep_projected,44,42,5,-0.00017678360745776445,0.027688676491379738,0.6783853769302368,24.500462387266406,117,encoder_output_representation,-0.00017678360745776445,-6.64126264382503e-06,-6.366462912410498e-12,0.027688676491379738,1.3567707538604736,1.3567707538604736,True,0.0,2088960,7.96875,128.0,False
shared_e2e_rep_projected,44,42,5,1.1878550139954314e-05,0.024387236684560776,0.26054587960243225,10.683698320252097,118,encoder_output_representation,1.1878550139954314e-05,1.5095247363206e-07,1.5095247363206e-07,0.024387236684560776,0.5210917592048645,0.5210917592048645,False,0.0,2088960,7.96875,128.0,False
shared_e2e_rep_projected,44,42,5,-0.002503874246031046,0.016046620905399323,0.2905523478984833,18.10676214085166,119,encoder_output_representation,-0.002503874246031046,-2.3348042304860428e-05,-1.000444171950221e-11,0.016046620905399323,0.5811046957969666,0.5811029076576233,True,3.0994415283203125e-06,2088960,7.96875,128.0,False
shared_e2e_rep_projected,44,42,5,0.014018064364790916,0.017787693068385124,0.26061224937438965,14.65126750121339,120,encoder_output_representation,0.014018064364790916,0.0001299668219871819,0.0001299668219871819,0.017787693068385124,0.5212244987487793,0.5212244987487793,False,0.0,2396160,9.140625,128.0,False
shared_e2e_rep_projected,44,42,5,7.119143265299499e-05,0.018408510833978653,0.2286071926355362,12.418559800805303,121,encoder_output_representation,7.119143265299499e-05,5.991923899273388e-07,5.991923899273388e-07,0.018408510833978653,0.4572143852710724,0.4572143852710724,False,0.0,2611200,9.9609375,128.0,False
shared_e2e_rep_projected,44,42,5,0.0004128878645133227,0.03729970008134842,0.7696460485458374,20.634108233237406,122,encoder_output_representation,0.0004128878645133227,2.370601214352064e-05,2.370601214352064e-05,0.03729970008134842,1.5392920970916748,1.5392920970916748,False,0.0,3525120,13.447265625,128.0,False
shared_e2e_rep_projected,44,42,5,-0.004360276740044355,0.018299579620361328,0.34243014454841614,18.712459611225473,123,encoder_output_representation,-0.004360276740044355,-5.464584319270216e-05,-1.4551915228366852e-11,0.018299579620361328,0.6848602890968323,0.684853732585907,True,9.59634780883789e-06,2396160,9.140625,128.0,False
shared_e2e_rep_projected,44,42,5,-0.0018445723690092564,0.016686534509062767,0.2966567277908325,17.778210786051037,124,encoder_output_representation,-0.0018445723690092564,-1.8261904187966138e-05,-1.7280399333685637e-11,0.016686534509062767,0.593313455581665,0.5933124423027039,True,1.7285346984863281e-06,2088960,7.96875,128.0,False
shared_e2e_rep_projected,44,42,5,0.007675058674067259,0.025040453299880028,0.569774329662323,22.754153961943366,125,encoder_output_representation,0.007675058674067259,0.00021900638239458203,0.00021900638239458203,0.025040453299880028,1.139548659324646,1.139548659324646,False,0.0,2088960,7.96875,128.0,False
shared_e2e_rep_projected,44,42,5,-0.0012475238181650639,0.03572395071387291,0.5617120862007141,15.72368327063504,126,encoder_output_representation,-0.0012475238181650639,-5.006705760024488e-05,-3.637978807091713e-11,0.03572395071387291,1.1234241724014282,1.1234232187271118,True,8.344650268554688e-07,2088960,7.96875,128.0,False
shared_e2e_rep_projected,44,42,5,0.00042198924347758293,0.02050473354756832,0.35932356119155884,17.52393223535311,127,encoder_output_representation,0.00042198924347758293,6.218293492565863e-06,6.218293492565863e-06,0.02050473354756832,0.7186471223831177,0.7186471223831177,False,0.0,2350080,8.96484375,128.0,False
shared_e2e_rep_projected,44,42,5,0.0005773806478828192,0.04787600040435791,0.5081140398979187,10.613126318122172,128,encoder_output_representation,0.0005773806478828192,2.8091264539398253e-05,2.8091264539398253e-05,0.04787600040435791,1.0162280797958374,1.0162280797958374,False,0.0,2088960,7.96875,128.0,False
shared_e2e_rep_projected,44,42,5,0.002937252866104245,0.010918288491666317,0.19457127153873444,17.82067507075365,129,encoder_output_representation,0.002937252866104245,1.2479713404900394e-05,1.2479713404900394e-05,0.010918288491666317,0.38914254307746887,0.38914254307746887,False,0.0,2088960,7.96875,128.0,False
shared_e2e_rep_projected,44,42,5,0.0003299700329080224,0.024519624188542366,0.6058725714683533,24.70970055697134,130,encoder_output_representation,0.0003299700329080224,9.803916327655315e-06,9.803916327655315e-06,0.024519624188542366,1.2117451429367065,1.2117451429367065,False,0.0,2396160,9.140625,128.0,False
shared_e2e_rep_projected,44,42,5,-0.005693014711141586,0.01948833279311657,0.24178291857242584,12.406547093542319,131,encoder_output_representation,-0.005693014711141586,-5.3650357585866004e-05,-1.4551915228366852e-11,0.01948833279311657,0.4835658371448517,0.4835579991340637,True,1.621246337890625e-05,2350080,8.96484375,128.0,False
shared_e2e_rep_projected,44,42,5,-9.897796553559601e-05,0.020034490153193474,0.33163750171661377,16.553328743619222,132,encoder_output_representation,-9.897796553559601e-05,-1.3152565543350647e-06,-2.7284841053187847e-12,0.020034490153193474,0.6632750034332275,0.6632750630378723,True,-1.1920928955078125e-07,2088960,7.96875,128.0,False
shared_e2e_rep_projected,44,42,5,0.005905961152166128,0.017014184966683388,0.20470720529556274,12.031561058987757,133,encoder_output_representation,0.005905961152166128,4.114005423616618e-05,4.114005423616618e-05,0.017014184966683388,0.4094144105911255,0.4094144105911255,False,0.0,2350080,8.96484375,128.0,False
shared_e2e_rep_projected,44,42,5,-0.005605163984000683,0.019636675715446472,0.3088424801826477,15.727839307327772,134,encoder_output_representation,-0.005605163984000683,-6.798659887863323e-05,-2.546585164964199e-11,0.019636675715446472,0.6176849603652954,0.6176751852035522,True,1.5854835510253906e-05,2135040,8.14453125,128.0,False
shared_e2e_rep_projected,44,42,5,0.0031559595372527838,0.021034948527812958,0.5604501366615295,26.643760783178895,135,encoder_output_representation,0.0031559595372527838,7.441146590281278e-05,7.441146590281278e-05,0.021034948527812958,1.120900273323059,1.120900273323059,False,0.0,2350080,8.96484375,128.0,False
shared_e2e_rep_projected,44,42,5,0.000258803105680272,0.027306504547595978,0.4230446219444275,15.492448738982656,136,encoder_output_representation,0.000258803105680272,5.979319666948868e-06,5.979319666948868e-06,0.027306504547595978,0.846089243888855,0.846089243888855,False,0.0,2396160,9.140625,128.0,False
shared_e2e_rep_projected,44,42,5,-0.004088446497917175,0.01688883826136589,0.2767523527145386,16.386701585485852,137,encoder_output_representation,-0.004088446497917175,-3.821900827460922e-05,-1.7280399333685637e-11,0.01688883826136589,0.5535047054290771,0.5535000562667847,True,8.404254913330078e-06,2088960,7.96875,128.0,False
shared_e2e_rep_projected,44,42,5,-0.0018279291689395905,0.016686996445059776,0.28099021315574646,16.838872956009663,138,encoder_output_representation,-0.0018279291689395905,-1.7141890566563234e-05,-1.8189894035458565e-11,0.016686996445059776,0.5619804263114929,0.5619794726371765,True,1.6689300537109375e-06,2325504,8.87109375,128.0,False
shared_e2e_rep_projected,44,42,5,-0.0013388415100052953,0.020885266363620758,0.5671452879905701,27.15528153274878,139,encoder_output_representation,-0.0013388415100052953,-3.17171034112107e-05,-1.8189894035458565e-12,0.020885266363620758,1.1342905759811401,1.1342895030975342,True,9.5367431640625e-07,2088960,7.96875,128.0,False
shared_e2e_rep_projected,44,42,5,-0.0018420492997393012,0.019277596846222878,0.2735167443752289,14.18832163350381,140,encoder_output_representation,-0.0018420492997393012,-1.942531525855884e-05,-5.093170329928398e-11,0.019277596846222878,0.5470334887504578,0.5470325946807861,True,1.6093254089355469e-06,2135040,8.14453125,128.0,False
shared_e2e_rep_projected,44,42,5,-0.006489003077149391,0.01809525117278099,0.4852759540081024,26.81786228743031,141,encoder_output_representation,-0.006489003077149391,-0.00011396233458071947,0.0,0.01809525117278099,0.9705519080162048,0.9705314040184021,True,2.110004425048828e-05,2088960,7.96875,128.0,False
shared_e2e_rep_projected,44,42,5,0.0020644094329327345,0.013342771679162979,0.21793018281459808,16.333201830541203,142,encoder_output_representation,0.0020644094329327345,1.200574934046017e-05,1.200574934046017e-05,0.013342771679162979,0.43586036562919617,0.43586036562919617,False,0.0,2088960,7.96875,128.0,False
shared_e2e_rep_projected,44,42,5,-0.005011642351746559,0.018489697948098183,0.420747846364975,22.755798799203873,143,encoder_output_representation,-0.005011642351746559,-7.797614671289921e-05,-1.7280399333685637e-11,0.018489697948098183,0.84149569272995,0.8414851427078247,True,1.2516975402832031e-05,2288640,8.73046875,128.0,False
shared_e2e_rep_projected,44,42,5,0.0017022308893501759,0.03007553517818451,0.3953442871570587,13.145045792695464,144,encoder_output_representation,0.0017022308893501759,4.047969923703931e-05,4.047969923703931e-05,0.03007553517818451,0.7906885743141174,0.7906885743141174,False,0.0,2325504,8.87109375,128.0,False
shared_e2e_rep_projected,44,42,5,-0.002086888300254941,0.016726218163967133,0.24749287962913513,14.796702829232657,145,encoder_output_representation,-0.002086888300254941,-1.7277849110541865e-05,-9.549694368615746e-12,0.016726218163967133,0.49498575925827026,0.4949846863746643,True,2.1457672119140625e-06,2846720,10.859375,128.0,False
shared_e2e_rep_projected,44,42,5,0.0025539216585457325,0.031084317713975906,0.6250159740447998,20.10711574228263,146,encoder_output_representation,0.0025539216585457325,9.923617471940815e-05,9.923617471940815e-05,0.031084317713975906,1.2500319480895996,1.2500319480895996,False,0.0,3594240,13.7109375,128.0,False
shared_e2e_rep_projected,44,42,5,0.006378835998475552,0.03110521100461483,0.5579088926315308,17.936187365800485,147,encoder_output_representation,0.006378835998475552,0.00022139502107165754,0.00022139502107165754,0.03110521100461483,1.1158177852630615,1.1158177852630615,False,0.0,2785280,10.625,128.0,False
shared_e2e_rep_projected,44,42,5,0.0030943970195949078,0.033225078135728836,0.6423822641372681,19.334258944796204,148,encoder_output_representation,0.0030943970195949078,0.00013208868040237576,0.00013208868040237576,0.033225078135728836,1.2847645282745361,1.2847645282745361,False,0.0,3227648,12.3125,128.0,False
shared_e2e_rep_projected,44,42,5,0.00018543253827374429,0.024004675447940826,0.4433630704879761,18.469863150180966,149,encoder_output_representation,0.00018543253827374429,3.947037839679979e-06,3.947037839679979e-06,0.024004675447940826,0.8867261409759521,0.8867261409759521,False,0.0,2350080,8.96484375,128.0,False
shared_e2e_rep_projected,44,42,5,0.0018321374664083123,0.030146524310112,0.34442949295043945,11.425180873501494,150,encoder_output_representation,0.0018321374664083123,3.8047455745982006e-05,3.8047455745982006e-05,0.030146524310112,0.6888589859008789,0.6888589859008789,False,0.0,2350080,8.96484375,128.0,False
shared_e2e_rep_projected,44,42,5,0.0019346503540873528,0.015616937540471554,0.16173066198825836,10.356106091167405,151,encoder_output_representation,0.0019346503540873528,9.772838893695734e-06,9.772838893695734e-06,0.015616937540471554,0.3234613239765167,0.3234613239765167,False,0.0,3194880,12.1875,128.0,False
shared_e2e_rep_projected,44,42,5,-0.0025097886100411415,0.02279352769255638,0.3702738881111145,16.244694244148693,152,encoder_output_representation,-0.0025097886100411415,-4.2364470573375e-05,-4.001776687800884e-11,0.02279352769255638,0.740547776222229,0.740545392036438,True,3.2186508178710938e-06,2350080,8.96484375,128.0,False
shared_e2e_rep_projected,44,42,5,0.00026879797223955393,0.012865242548286915,0.2674199938774109,20.786238026504947,153,encoder_output_representation,0.00026879797223955393,1.8495575204724446e-06,1.8495575204724446e-06,0.012865242548286915,0.5348399877548218,0.5348399877548218,False,0.0,2088960,7.96875,128.0,False
shared_e2e_rep_projected,44,42,5,0.004804178141057491,0.027653686702251434,0.5784155130386353,20.916397848375976,154,encoder_output_representation,0.004804178141057491,0.00015368875756394118,0.00015368875756394118,0.027653686702251434,1.1568310260772705,1.1568310260772705,False,0.0,2350080,8.96484375,128.0,False
shared_e2e_rep_projected,44,42,5,0.00015024309686850756,0.02497269958257675,1.3684064149856567,54.79609484992895,155,encoder_output_representation,0.00015024309686850756,1.0268455298501067e-05,1.0268455298501067e-05,0.02497269958257675,2.7368128299713135,2.7368128299713135,False,0.0,2785280,10.625,128.0,False
shared_e2e_rep_projected,44,42,5,-0.0001962982933036983,0.023253686726093292,0.4740366041660309,20.385438651072377,156,encoder_output_representation,-0.0001962982933036983,-4.32763090429944e-06,-3.637978807091713e-12,0.023253686726093292,0.9480732083320618,0.9480732083320618,True,0.0,3194880,12.1875,128.0,False
shared_e2e_rep_projected,44,42,5,0.0005997004918754101,0.01905546337366104,0.3608958423137665,18.939232032142872,157,encoder_output_representation,0.0005997004918754101,8.248325684689917e-06,8.248325684689917e-06,0.01905546337366104,0.721791684627533,0.721791684627533,False,0.0,2785280,10.625,128.0,False
shared_e2e_rep_projected,44,42,5,0.003998897038400173,0.014908808283507824,0.21763399243354797,14.59767865378586,158,encoder_output_representation,0.003998897038400173,2.595015030237846e-05,2.595015030237846e-05,0.014908808283507824,0.43526798486709595,0.43526798486709595,False,0.0,2785280,10.625,128.0,False
shared_e2e_rep_projected,44,42,5,-6.48578061372973e-05,0.022223204374313354,0.5510607361793518,24.796637194962496,159,encoder_output_representation,-6.48578061372973e-05,-1.5885408402027679e-06,-6.59383658785373e-12,0.022223204374313354,1.1021214723587036,1.1021214723587036,True,0.0,3133440,11.953125,128.0,False
shared_e2e_rep_projected,44,42,5,-0.00022047816310077906,0.021156376227736473,0.6633994579315186,31.356951246772937,160,encoder_output_representation,-0.00022047816310077906,-6.188878614921123e-06,-9.094947017729282e-13,0.021156376227736473,1.326798915863037,1.3267987966537476,True,1.1920928955078125e-07,2879488,10.984375,128.0,False
shared_e2e_rep_projected,44,42,5,0.0035328869707882404,0.02149304933845997,0.3452869653701782,16.065052470349883,161,encoder_output_representation,0.0035328869707882404,5.243701525614597e-05,5.243701525614597e-05,0.02149304933845997,0.6905739307403564,0.6905739307403564,False,0.0,3133440,11.953125,128.0,False
shared_e2e_rep_projected,44,42,5,0.006607584655284882,0.019644131883978844,0.2929530143737793,14.913003847866795,162,encoder_output_representation,0.006607584655284882,7.605075370520353e-05,7.605075370520353e-05,0.019644131883978844,0.5859060287475586,0.5859060287475586,False,0.0,2350080,8.96484375,128.0,False
shared_e2e_rep_projected,44,42,5,-0.0001681939756963402,0.018911087885499,0.5087363123893738,26.901483165306008,163,encoder_output_representation,-0.0001681939756963402,-3.236306611142936e-06,-2.7284841053187847e-12,0.018911087885499,1.0174726247787476,1.0174726247787476,True,0.0,2088960,7.96875,128.0,False
shared_e2e_rep_projected,44,42,5,-0.008407770656049252,0.03121452033519745,0.31417375802993774,10.06498753324349,164,encoder_output_representation,-0.008407770656049252,-0.00016490636335220188,-3.637978807091713e-11,0.03121452033519745,0.6283475160598755,0.628325343132019,True,3.528594970703125e-05,2355200,8.984375,128.0,False
shared_e2e_rep_projected,44,42,5,0.010848943144083023,0.015132916159927845,0.21388302743434906,14.133629313345041,165,encoder_output_representation,0.010848943144083023,7.022898353170604e-05,7.022898353170604e-05,0.015132916159927845,0.4277660548686981,0.4277660548686981,False,0.0,2088960,7.96875,128.0,False
shared_e2e_rep_projected,44,42,5,-0.0011248119408264756,0.020959723740816116,0.3575268089771271,17.057801591196256,166,encoder_output_representation,-0.0011248119408264756,-1.685792267380748e-05,-1.9554136088117957e-11,0.020959723740816116,0.7150536179542542,0.7150532007217407,True,5.960464477539062e-07,2396160,9.140625,128.0,False
shared_e2e_rep_projected,44,42,5,-0.006095352116972208,0.023896710947155952,0.41533806920051575,17.380553755660124,167,encoder_output_representation,-0.006095352116972208,-0.00012099534797016531,-3.092281986027956e-11,0.023896710947155952,0.8306761384010315,0.8306607007980347,True,1.8596649169921875e-05,2457600,9.375,128.0,False
shared_e2e_rep_projected,44,42,5,-0.005149381700903177,0.018100932240486145,0.3006555438041687,16.609948029731637,168,encoder_output_representation,-0.005149381700903177,-5.6047370890155435e-05,7.275957614183426e-12,0.018100932240486145,0.6013110876083374,0.6013031005859375,True,1.329183578491211e-05,2482176,9.46875,128.0,False
shared_e2e_rep_projected,44,42,5,-0.008965341374278069,0.016553740948438644,0.2784886956214905,16.823308790981027,169,encoder_output_representation,-0.008965341374278069,-8.26609757496044e-05,2.7284841053187847e-12,0.016553740948438644,0.556977391242981,0.5569550395011902,True,4.011392593383789e-05,2088960,7.96875,128.0,False
shared_e2e_rep_projected,44,42,5,0.0007150888559408486,0.021226543933153152,0.47705042362213135,22.474239100084468,170,encoder_output_representation,0.0007150888559408486,1.448216789867729e-05,1.448216789867729e-05,0.021226543933153152,0.9541008472442627,0.9541008472442627,False,0.0,2350080,8.96484375,128.0,False
shared_e2e_rep_projected,44,42,5,0.0029762107878923416,0.01972571760416031,0.31856638193130493,16.149799379877404,171,encoder_output_representation,0.0029762107878923416,3.740472311619669e-05,3.740472311619669e-05,0.01972571760416031,0.6371327638626099,0.6371327638626099,False,0.0,2088960,7.96875,128.0,False
shared_e2e_rep_projected,44,42,5,-0.004483940079808235,0.02278847061097622,0.5013138651847839,21.99857435554814,172,encoder_output_representation,-0.004483940079808235,-0.00010245064186165109,1.0913936421275139e-11,0.02278847061097622,1.0026277303695679,1.002617597579956,True,1.0132789611816406e-05,3133440,11.953125,128.0,False
shared_e2e_rep_projected,44,42,5,-0.0014531768392771482,0.018101966008543968,0.5852347612380981,32.329900573333994,173,encoder_output_representation,-0.0014531768392771482,-3.0789618904236704e-05,-1.8189894035458565e-12,0.018101966008543968,1.1704695224761963,1.1704682111740112,True,1.1324882507324219e-06,3133440,11.953125,128.0,False
shared_e2e_rep_projected,44,42,5,0.0008066814043559134,0.016316791996359825,0.2018609493970871,12.371362547375798,174,encoder_output_representation,0.0008066814043559134,5.3139701776672155e-06,5.3139701776672155e-06,0.016316791996359825,0.4037218987941742,0.4037218987941742,False,0.0,3525120,13.447265625,128.0,False
shared_e2e_rep_projected,44,42,5,0.010978788137435913,0.021566186100244522,0.5194984078407288,24.088561854468953,175,encoder_output_representation,0.010978788137435913,0.00024600388132967055,0.00024600388132967055,0.021566186100244522,1.0389968156814575,1.0389968156814575,False,0.0,2088960,7.96875,128.0,False
shared_e2e_rep_projected,44,42,5,-0.0006065248162485659,0.025315403938293457,0.47140389680862427,18.621227532362344,176,encoder_output_representation,-0.0006065248162485659,-1.4476267097052187e-05,-5.4569682106375694e-12,0.025315403938293457,0.9428077936172485,0.9428075551986694,True,2.384185791015625e-07,3133440,11.953125,128.0,False
shared_e2e_rep_projected,44,42,5,0.0038356983568519354,0.025271862745285034,0.7628821730613708,30.187017900123,177,encoder_output_representation,0.0038356983568519354,0.0001479003403801471,0.0001479003403801471,0.025271862745285034,1.5257643461227417,1.5257643461227417,False,0.0,2785280,10.625,128.0,False
shared_e2e_rep_projected,44,42,5,0.006298789754509926,0.01553227100521326,0.20361757278442383,13.109323982055265,178,encoder_output_representation,0.006298789754509926,3.984165232395753e-05,3.984165232395753e-05,0.01553227100521326,0.40723514556884766,0.40723514556884766,False,0.0,2785280,10.625,128.0,False
shared_e2e_rep_projected,44,42,5,0.02623051032423973,0.023630522191524506,0.3332411050796509,14.102147315186016,179,encoder_output_representation,0.02623051032423973,0.0004131127498112619,0.0004131127498112619,0.023630522191524506,0.6664822101593018,0.6664822101593018,False,0.0,2088960,7.96875,128.0,False
shared_e2e_rep_projected,44,42,5,-0.0034852672833949327,0.028702527284622192,0.49493685364723206,17.24366808327718,180,encoder_output_representation,-0.0034852672833949327,-9.902298188535497e-05,-1.8189894035458565e-11,0.028702527284622192,0.9898737072944641,0.9898676872253418,True,6.079673767089844e-06,2350080,8.96484375,128.0,False
shared_e2e_rep_projected,44,42,5,-0.0004855338775087148,0.01929670013487339,0.3242432773113251,16.803042750576093,181,encoder_output_representation,-0.0004855338775087148,-6.075801138649695e-06,-1.0913936421275139e-11,0.01929670013487339,0.6484865546226501,0.6484864354133606,True,1.7881393432617188e-07,2580480,9.84375,128.0,False
shared_e2e_rep_projected,44,42,5,0.035169124603271484,0.023651614785194397,0.26223376393318176,11.087351384453322,182,encoder_output_representation,0.035169124603271484,0.0004362555337138474,0.0004362555337138474,0.023651614785194397,0.5244675278663635,0.5244675278663635,False,0.0,2088960,7.96875,128.0,False
shared_e2e_rep_projected,44,42,5,-0.01698128506541252,0.021888133138418198,0.46904250979423523,21.429077885631493,183,encoder_output_representation,-0.01698128506541252,-0.0003486755595076829,-2.9103830456733704e-11,0.021888133138418198,0.9380850195884705,0.9379497170448303,True,0.0001442432403564453,2396160,9.140625,128.0,False
shared_e2e_rep_projected,44,42,5,-0.01095829252153635,0.029899513348937035,0.6069961786270142,20.301205960885436,184,encoder_output_representation,-0.01095829252153635,-0.0003977616725023836,0.0,0.029899513348937035,1.2139923572540283,1.2139194011688232,True,6.008148193359375e-05,2350080,8.96484375,128.0,False
shared_e2e_rep_projected,44,42,5,-0.00047182300477288663,0.027403807267546654,0.9606552720069885,35.055540371744556,185,encoder_output_representation,-0.00047182300477288663,-2.4842058337526396e-05,-1.546140993013978e-11,0.027403807267546654,1.921310544013977,1.9213104248046875,True,5.960464477539063e-08,3525120,13.447265625,128.0,False
shared_e2e_rep_projected,44,42,5,0.010917886160314083,0.02102324180305004,0.198980912566185,9.464806352430239,186,encoder_output_representation,0.010917886160314083,9.134392894338816e-05,9.134392894338816e-05,0.02102324180305004,0.39796182513237,0.39796182513237,False,0.0,2088960,7.96875,128.0,False
shared_e2e_rep_projected,44,42,5,0.0007542655803263187,0.018837429583072662,0.34817367792129517,18.483077873541966,187,encoder_output_representation,0.0007542655803263187,9.893999049381819e-06,9.893999049381819e-06,0.018837429583072662,0.6963473558425903,0.6963473558425903,False,0.0,2088960,7.96875,128.0,False
shared_e2e_rep_projected,44,42,5,-3.998568718088791e-05,0.03382439166307449,0.5962740182876587,17.628521577776098,188,encoder_output_representation,-3.998568718088791e-05,-1.6129110917972866e-06,0.0,0.03382439166307449,1.1925480365753174,1.1925480365753174,True,0.0,3133440,11.953125,128.0,False
shared_e2e_rep_projected,44,42,5,-9.606276307749795e-07,0.017218640074133873,0.3005768954753876,17.456482868639505,189,encoder_output_representation,-9.606276307749795e-07,-9.943505574483424e-09,-6.366462912410498e-12,0.017218640074133873,0.6011537909507751,0.6011537909507751,True,0.0,2088960,7.96875,128.0,False
shared_e2e_rep_projected,44,42,5,-0.0010925884125754237,0.01773596554994583,0.3498477339744568,19.72532778039396,190,encoder_output_representation,-0.0010925884125754237,-1.3558776117861271e-05,-1.0913936421275139e-11,0.01773596554994583,0.6996954679489136,0.6996949911117554,True,6.556510925292969e-07,2521600,9.619140625,128.0,False
shared_e2e_rep_projected,44,42,5,0.0032153360079973936,0.013793278485536575,0.34411609172821045,24.948100053880985,191,encoder_output_representation,0.0032153360079973936,3.0523115128744394e-05,3.0523115128744394e-05,0.013793278485536575,0.6882321834564209,0.6882321834564209,False,0.0,2088960,7.96875,128.0,False
shared_e2e_rep_projected,44,42,5,0.005686400458216667,0.021780965849757195,0.3242591321468353,14.887270582192755,192,encoder_output_representation,0.005686400458216667,8.032242476474494e-05,8.032242476474494e-05,0.021780965849757195,0.6485182642936707,0.6485182642936707,False,0.0,2350080,8.96484375,128.0,False
shared_e2e_rep_projected,44,42,5,-0.0029556972440332174,0.029455171898007393,0.3229658305644989,10.964656111422903,193,encoder_output_representation,-0.0029556972440332174,-5.623517790809274e-05,-5.638867150992155e-11,0.029455171898007393,0.6459316611289978,0.6459288001060486,True,4.410743713378906e-06,3005440,11.46484375,128.0,False
shared_e2e_rep_projected,44,42,5,-0.000578874081838876,0.029127400368452072,0.6442031264305115,22.11673950581078,194,encoder_output_representation,-0.000578874081838876,-2.172394306398928e-05,1.1368683772161603e-12,0.029127400368452072,1.288406252861023,1.2884058952331543,True,2.980232238769531e-07,2088960,7.96875,128.0,False
shared_e2e_rep_projected,44,42,5,0.0010202148696407676,0.01784936897456646,0.27152225375175476,15.21186850575202,195,encoder_output_representation,0.0010202148696407676,9.888944077829365e-06,9.888944077829365e-06,0.01784936897456646,0.5430445075035095,0.5430445075035095,False,0.0,2785280,10.625,128.0,False
shared_e2e_rep_projected,44,42,5,0.0005672735278494656,0.012086566537618637,0.2457864135503769,20.33550328667641,196,encoder_output_representation,0.0005672735278494656,3.370414560777135e-06,3.370414560777135e-06,0.012086566537618637,0.4915728271007538,0.4915728271007538,False,0.0,2350080,8.96484375,128.0,False
shared_e2e_rep_projected,44,42,5,0.0023488691076636314,0.036174971610307693,0.5147032737731934,14.228159715446296,197,encoder_output_representation,0.0023488691076636314,8.746895764488727e-05,8.746895764488727e-05,0.036174971610307693,1.0294065475463867,1.0294065475463867,False,0.0,3525120,13.447265625,128.0,False
shared_e2e_rep_projected,44,42,5,0.0014807364204898477,0.025292087346315384,0.6514049172401428,25.755284975917228,198,encoder_output_representation,0.0014807364204898477,4.879142215941101e-05,4.879142215941101e-05,0.025292087346315384,1.3028098344802856,1.3028098344802856,False,0.0,2396160,9.140625,128.0,False
shared_e2e_rep_projected,44,42,5,-0.00020670410594902933,0.028497636318206787,0.6765232086181641,23.73962531713347,199,encoder_output_representation,-0.00020670410594902933,-7.970225851750001e-06,-9.094947017729282e-13,0.028497636318206787,1.3530464172363281,1.3530462980270386,True,5.960464477539063e-08,2457600,9.375,128.0,False
shared_e2e_rep_projected,44,42,6,0.0023398008197546005,0.018864700570702553,0.31664329767227173,16.784962819077464,0,encoder_output_representation,0.0023398008197546005,2.795304317260161e-05,2.795304317260161e-05,0.018864700570702553,0.6332865953445435,0.6332865953445435,False,0.0,2611200,9.9609375,128.0,False
shared_e2e_rep_projected,44,42,6,-0.020861942321062088,0.030872900038957596,0.5952723026275635,19.28138600119869,1,encoder_output_representation,-0.020861942321062088,-0.000766792509239167,-5.820766091346741e-11,0.030872900038957596,1.190544605255127,1.1902854442596436,True,0.00021767616271972656,2088960,7.96875,128.0,False
shared_e2e_rep_projected,44,42,6,-0.0001341843162663281,0.028592586517333984,0.7118402719497681,24.895973350232644,2,encoder_output_representation,-0.0001341843162663281,-5.462201897898922e-06,-5.070432962384075e-11,0.028592586517333984,1.4236805438995361,1.4236805438995361,True,0.0,2785280,10.625,128.0,False
shared_e2e_rep_projected,44,42,6,0.006166799459606409,0.02164895460009575,0.3838726580142975,17.73169490653372,3,encoder_output_representation,0.006166799459606409,0.00010249765909975395,0.00010249765909975395,0.02164895460009575,0.767745316028595,0.767745316028595,False,0.0,2785280,10.625,128.0,False
shared_e2e_rep_projected,44,42,6,0.0005010080058127642,0.0227131936699152,0.34587621688842773,15.227986953968463,4,encoder_output_representation,0.0005010080058127642,7.871791240177117e-06,7.871791240177117e-06,0.0227131936699152,0.6917524337768555,0.6917524337768555,False,0.0,2350080,8.96484375,128.0,False
shared_e2e_rep_projected,44,42,6,-0.0013247100869193673,0.021371062844991684,0.3397959768772125,15.89981646405779,5,encoder_output_representation,-0.0013247100869193673,-1.923956187965814e-05,-4.092726157978177e-12,0.021371062844991684,0.679591953754425,0.6795913577079773,True,8.940696716308594e-07,2350080,8.96484375,128.0,False
shared_e2e_rep_projected,44,42,6,0.010056366212666035,0.03722705319523811,0.7105955481529236,19.088149266776217,6,encoder_output_representation,0.010056366212666035,0.000532049685716629,0.000532049685716629,0.03722705319523811,1.4211910963058472,1.4211910963058472,False,0.0,3133440,11.953125,128.0,False
shared_e2e_rep_projected,44,42,6,0.0008571516955271363,0.015623163431882858,0.3066454529762268,19.62761602752246,7,encoder_output_representation,0.0008571516955271363,8.212837201426737e-06,8.212837201426737e-06,0.015623163431882858,0.6132909059524536,0.6132909059524536,False,0.0,2350080,8.96484375,128.0,False
shared_e2e_rep_projected,44,42,6,0.0014144409215077758,0.024388333782553673,0.5172864198684692,21.2104043056239,8,encoder_output_representation,0.0014144409215077758,3.568847751012072e-05,3.568847751012072e-05,0.024388333782553673,1.0345728397369385,1.0345728397369385,False,0.0,2611200,9.9609375,128.0,False
shared_e2e_rep_projected,44,42,6,-0.002526623662561178,0.016137389466166496,0.27054691314697266,16.76522176738678,9,encoder_output_representation,-0.002526623662561178,-2.2062078642193228e-05,-1.5006662579253316e-11,0.016137389466166496,0.5410938262939453,0.5410920977592468,True,3.2186508178710938e-06,2088960,7.96875,128.0,False
shared_e2e_rep_projected,44,42,6,0.0008386495755985379,0.02248673141002655,0.5210549831390381,23.17166393096625,10,encoder_output_representation,0.0008386495755985379,1.9652617993415333e-05,1.9652617993415333e-05,0.02248673141002655,1.0421099662780762,1.0421099662780762,False,0.0,2396160,9.140625,128.0,False
shared_e2e_rep_projected,44,42,6,-0.00037853102548979223,0.016036203131079674,0.33739712834358215,21.039714051119415,11,encoder_output_representation,-0.00037853102548979223,-4.096136308362475e-06,0.0,0.016036203131079674,0.6747942566871643,0.6747941970825195,True,5.960464477539063e-08,2088960,7.96875,128.0,False
shared_e2e_rep_projected,44,42,6,0.00023513076303061098,0.025722723454236984,0.5299344062805176,20.601800086344593,12,encoder_output_representation,0.00023513076303061098,6.410302376025356e-06,6.410302376025356e-06,0.025722723454236984,1.0598688125610352,1.0598688125610352,False,0.0,2088960,7.96875,128.0,False
shared_e2e_rep_projected,44,42,6,0.0003342946874909103,0.013720112852752209,0.1395311802625656,10.169827446760113,13,encoder_output_representation,0.0003342946874909103,1.2799364412785508e-06,1.2799364412785508e-06,0.013720112852752209,0.2790623605251312,0.2790623605251312,False,0.0,3133440,11.953125,128.0,False
shared_e2e_rep_projected,44,42,6,-0.0005719204200431705,0.01904664747416973,0.3854338228702545,20.236307906310746,14,encoder_output_representation,-0.0005719204200431705,-8.397189958486706e-06,-1.000444171950221e-11,0.01904664747416973,0.770867645740509,0.7708675265312195,True,1.7881393432617188e-07,2847744,10.86328125,128.0,False
shared_e2e_rep_projected,44,42,6,0.007309264037758112,0.023258263245224953,0.31005245447158813,13.330851543063671,15,encoder_output_representation,0.007309264037758112,0.00010541832307353616,0.00010541832307353616,0.023258263245224953,0.6201049089431763,0.6201049089431763,False,0.0,3194880,12.1875,128.0,False
shared_e2e_rep_projected,44,42,6,0.0006544345524162054,0.02239154651761055,0.28939396142959595,12.924250730158043,16,encoder_output_representation,0.0006544345524162054,8.481443728669547e-06,8.481443728669547e-06,0.02239154651761055,0.5787879228591919,0.5787879228591919,False,0.0,2350080,8.96484375,128.0,False
shared_e2e_rep_projected,44,42,6,0.0032145921140909195,0.021500105038285255,0.3874301612377167,18.019919463082598,17,encoder_output_representation,0.0032145921140909195,5.355374742066488e-05,5.355374742066488e-05,0.021500105038285255,0.7748603224754333,0.7748603224754333,False,0.0,2088960,7.96875,128.0,False
shared_e2e_rep_projected,44,42,6,0.00435594143345952,0.030343102291226387,0.6344226598739624,20.908299150987066,18,encoder_output_representation,0.00435594143345952,0.00016770680667832494,0.00016770680667832494,0.030343102291226387,1.2688453197479248,1.2688453197479248,False,0.0,3194880,12.1875,128.0,False
shared_e2e_rep_projected,44,42,6,-0.0028643484693020582,0.025117620825767517,0.30403146147727966,12.104309702986743,19,encoder_output_representation,-0.0028643484693020582,-4.3747462768806145e-05,-7.275957614183426e-12,0.025117620825767517,0.6080629229545593,0.6080604195594788,True,4.112720489501953e-06,3133440,11.953125,128.0,False
shared_e2e_rep_projected,44,42,6,-0.008294385857880116,0.020562367513775826,0.4691573977470398,22.81631224773734,20,encoder_output_representation,-0.008294385857880116,-0.00016003166092559695,-4.001776687800884e-11,0.020562367513775826,0.9383147954940796,0.9382824897766113,True,3.445148468017578e-05,3194880,12.1875,128.0,False
shared_e2e_rep_projected,44,42,6,-0.015865257009863853,0.07227811217308044,0.5527646541595459,7.647746150810782,21,encoder_output_representation,-0.015865257009863853,-0.0012677224585786462,-1.7462298274040222e-10,0.07227811217308044,1.1055293083190918,1.105390191078186,True,0.0001258254051208496,3525120,13.447265625,128.0,False
shared_e2e_rep_projected,44,42,6,8.918712410377339e-05,0.02375420369207859,0.48991096019744873,20.62417947358182,22,encoder_output_representation,8.918712410377339e-05,2.0758204755111365e-06,2.0758204755111365e-06,0.02375420369207859,0.9798219203948975,0.9798219203948975,False,0.0,2350080,8.96484375,128.0,False
shared_e2e_rep_projected,44,42,6,0.006520845461636782,0.014076991938054562,0.2668290138244629,18.954973832381025,23,encoder_output_representation,0.006520845461636782,4.898654515272938e-05,4.898654515272938e-05,0.014076991938054562,0.5336580276489258,0.5336580276489258,False,0.0,2350080,8.96484375,128.0,False
shared_e2e_rep_projected,44,42,6,0.0013793741818517447,0.021961187943816185,0.409713476896286,18.656252928778965,24,encoder_output_representation,0.0013793741818517447,2.482264972059056e-05,2.482264972059056e-05,0.021961187943816185,0.819426953792572,0.819426953792572,False,0.0,2396160,9.140625,128.0,False
shared_e2e_rep_projected,44,42,6,0.010708015412092209,0.02450290136039257,0.43999674916267395,17.95692447564196,25,encoder_output_representation,0.010708015412092209,0.00023089043679647148,0.00023089043679647148,0.02450290136039257,0.8799934983253479,0.8799934983253479,False,0.0,2396160,9.140625,128.0,False
shared_e2e_rep_projected,44,42,6,0.02272527664899826,0.021679913625121117,0.5553621649742126,25.616438080763345,26,encoder_output_representation,0.02272527664899826,0.0005472339107654989,0.0005472339107654989,0.021679913625121117,1.1107243299484253,1.1107243299484253,False,0.0,2088960,7.96875,128.0,False
shared_e2e_rep_projected,44,42,6,-0.005137688480317593,0.01984187588095665,0.37046632170677185,18.67093232159208,27,encoder_output_representation,-0.005137688480317593,-7.55316941649653e-05,-3.637978807091713e-12,0.01984187588095665,0.7409326434135437,0.7409228086471558,True,1.329183578491211e-05,2088960,7.96875,128.0,False
shared_e2e_rep_projected,44,42,6,0.0012927904026582837,0.01647230237722397,0.29723820090293884,18.044727087691523,28,encoder_output_representation,0.0012927904026582837,1.265951414097799e-05,1.265951414097799e-05,0.01647230237722397,0.5944764018058777,0.5944764018058777,False,0.0,3051520,11.640625,128.0,False
shared_e2e_rep_projected,44,42,6,-0.003570969682186842,0.023302314803004265,0.4022740125656128,17.26326401331379,29,encoder_output_representation,-0.003570969682186842,-6.69479341013357e-05,-4.729372449219227e-11,0.023302314803004265,0.8045480251312256,0.8045428395271301,True,6.4373016357421875e-06,2135040,8.14453125,128.0,False
shared_e2e_rep_projected,44,42,6,-0.0013660871190950274,0.02459636703133583,0.46985992789268494,19.10281820457803,30,encoder_output_representation,-0.0013660871190950274,-3.1575320463161916e-05,-5.093170329928398e-11,0.02459636703133583,0.9397198557853699,0.9397189617156982,True,9.5367431640625e-07,3133440,11.953125,128.0,False
shared_e2e_rep_projected,44,42,6,0.0027361405082046986,0.020989984273910522,0.36533987522125244,17.40543825348889,31,encoder_output_representation,0.0027361405082046986,4.1964067349908873e-05,4.1964067349908873e-05,0.020989984273910522,0.7306797504425049,0.7306797504425049,False,0.0,2325504,8.87109375,128.0,False
shared_e2e_rep_projected,44,42,6,0.003412563120946288,0.015683168545365334,0.25153103470802307,16.038279125831057,32,encoder_output_representation,0.003412563120946288,2.6923782570520416e-05,2.6923782570520416e-05,0.015683168545365334,0.5030620694160461,0.5030620694160461,False,0.0,2088960,7.96875,128.0,False
shared_e2e_rep_projected,44,42,6,-0.00493652606382966,0.03181882202625275,0.2777363359928131,8.728680645803331,33,encoder_output_representation,-0.00493652606382966,-8.725055522518232e-05,1.2732925824820995e-11,0.03181882202625275,0.5554726719856262,0.5554658770561218,True,1.2218952178955078e-05,2088960,7.96875,128.0,False
shared_e2e_rep_projected,44,42,6,-0.011095300316810608,0.02841971255838871,0.7440438866615295,26.180556370261684,34,encoder_output_representation,-0.011095300316810608,-0.00046923165791668,-7.275957614183426e-11,0.02841971255838871,1.488087773323059,1.487996220588684,True,6.151199340820312e-05,2549760,9.7265625,128.0,False
shared_e2e_rep_projected,44,42,6,0.00012887200864497572,0.027847904711961746,0.7213887572288513,25.904597300600038,35,encoder_output_representation,0.00012887200864497572,5.177862476557493e-06,5.177862476557493e-06,0.027847904711961746,1.4427775144577026,1.4427775144577026,False,0.0,3133440,11.953125,128.0,False
shared_e2e_rep_projected,44,42,6,0.001620494993403554,0.02456342987716198,0.45326322317123413,18.452765979260036,36,encoder_output_representation,0.001620494993403554,3.608420956879854e-05,3.608420956879854e-05,0.02456342987716198,0.9065264463424683,0.9065264463424683,False,0.0,2350080,8.96484375,128.0,False
shared_e2e_rep_projected,44,42,6,0.0031334429513663054,0.02086489088833332,0.48411867022514343,23.202549815194104,37,encoder_output_representation,0.0031334429513663054,6.330233736662194e-05,6.330233736662194e-05,0.02086489088833332,0.9682373404502869,0.9682373404502869,False,0.0,3270656,12.4765625,128.0,False
shared_e2e_rep_projected,44,42,6,-0.0039289272390306,0.013069101609289646,0.34634459018707275,26.501025130976686,38,encoder_output_representation,-0.0039289272390306,-3.556789306458086e-05,-1.3642420526593924e-12,0.013069101609289646,0.6926891803741455,0.6926838159561157,True,7.748603820800781e-06,2088960,7.96875,128.0,False
shared_e2e_rep_projected,44,42,6,0.003642325522378087,0.021362660452723503,0.4891881048679352,22.89921266831581,39,encoder_output_representation,0.003642325522378087,7.61272240197286e-05,7.61272240197286e-05,0.021362660452723503,0.9783762097358704,0.9783762097358704,False,0.0,2088960,7.96875,128.0,False
shared_e2e_rep_projected,44,42,6,0.01959666609764099,0.017277780920267105,0.3061184883117676,17.717465554426948,40,encoder_output_representation,0.01959666609764099,0.00020729540847241879,0.00020729540847241879,0.017277780920267105,0.6122369766235352,0.6122369766235352,False,0.0,2088960,7.96875,128.0,False
shared_e2e_rep_projected,44,42,6,-6.486783968284726e-05,0.038569752126932144,0.40338823199272156,10.458667991051133,41,encoder_output_representation,-6.486783968284726e-05,-2.01850343728438e-06,-1.8189894035458565e-11,0.038569752126932144,0.8067764639854431,0.8067764639854431,True,0.0,2350080,8.96484375,128.0,False
shared_e2e_rep_projected,44,42,6,0.0014557202812284231,0.018247103318572044,0.37504032254219055,20.55341694484031,42,encoder_output_representation,0.0014557202812284231,1.9924151274608448e-05,1.9924151274608448e-05,0.018247103318572044,0.7500806450843811,0.7500806450843811,False,0.0,2088960,7.96875,128.0,False
shared_e2e_rep_projected,44,42,6,-0.004550835583359003,0.03621162846684456,0.5113024115562439,14.119840316609716,43,encoder_output_representation,-0.004550835583359003,-0.00016851829423103482,-9.458744898438454e-11,0.03621162846684456,1.0226048231124878,1.0225942134857178,True,1.0371208190917969e-05,3202560,12.216796875,128.0,False
shared_e2e_rep_projected,44,42,6,-0.0018320077797397971,0.02813435159623623,0.4855758845806122,17.25918164204544,44,encoder_output_representation,-0.0018320077797397971,-5.005544517189264e-05,-3.2741809263825417e-11,0.02813435159623623,0.9711517691612244,0.9711501598358154,True,1.6689300537109375e-06,2350080,8.96484375,128.0,False
shared_e2e_rep_projected,44,42,6,-0.008615945465862751,0.020954599604010582,0.2910870909690857,13.891322023321955,45,encoder_output_representation,-0.008615945465862751,-0.00010510787251405418,0.0,0.020954599604010582,0.5821741819381714,0.5821526050567627,True,3.707408905029297e-05,3133440,11.953125,128.0,False
shared_e2e_rep_projected,44,42,6,0.0004395367868710309,0.024920754134655,0.49619293212890625,19.910831327487656,46,encoder_output_representation,0.0004395367868710309,1.0870186088141054e-05,1.0870186088141054e-05,0.024920754134655,0.9923858642578125,0.9923858642578125,False,0.0,2325504,8.87109375,128.0,False
shared_e2e_rep_projected,44,42,6,-0.005386632867157459,0.02794715203344822,0.6340557336807251,22.68766895896451,47,encoder_output_representation,-0.005386632867157459,-0.0001909028214868158,-2.9103830456733704e-11,0.02794715203344822,1.2681114673614502,1.2680931091308594,True,1.4483928680419922e-05,2396160,9.140625,128.0,False
shared_e2e_rep_projected,44,42,6,0.0004945535911247134,0.025275977328419685,0.3492903411388397,13.81906371414989,48,encoder_output_representation,0.0004945535911247134,8.732486094231717e-06,8.732486094231717e-06,0.025275977328419685,0.6985806822776794,0.6985806822776794,False,0.0,2088960,7.96875,128.0,False
shared_e2e_rep_projected,44,42,6,-0.002899948973208666,0.014769213274121284,0.183780699968338,12.443499633820021,49,encoder_output_representation,-0.002899948973208666,-1.57426420628326e-05,-2.9103830456733704e-11,0.014769213274121284,0.367561399936676,0.36755985021591187,True,4.231929779052734e-06,2350080,8.96484375,128.0,False
shared_e2e_rep_projected,44,42,6,-0.00023469807638321072,0.02563660964369774,0.5559763312339783,21.68681190535872,50,encoder_output_representation,-0.00023469807638321072,-6.690466761938296e-06,-9.094947017729282e-13,0.02563660964369774,1.1119526624679565,1.111952543258667,True,1.1920928955078125e-07,2350080,8.96484375,128.0,False
shared_e2e_rep_projected,44,42,6,-0.007902216166257858,0.020218288525938988,0.3816028833389282,18.87414371643535,51,encoder_output_representation,-0.007902216166257858,-0.0001219368350575678,7.275957614183426e-12,0.020218288525938988,0.7632057666778564,0.7631819248199463,True,3.123283386230469e-05,2088960,7.96875,128.0,False
shared_e2e_rep_projected,44,42,6,-0.007294363342225552,0.02043858915567398,0.3260117769241333,15.950796527148196,52,encoder_output_representation,-0.007294363342225552,-9.720790694700554e-05,-2.9103830456733704e-11,0.02043858915567398,0.6520235538482666,0.652006208896637,True,2.658367156982422e-05,2088960,7.96875,128.0,False
shared_e2e_rep_projected,44,42,6,-0.005032635759562254,0.01739567518234253,0.27853015065193176,16.01145961466639,53,encoder_output_representation,-0.005032635759562254,-4.876845559920184e-05,-9.094947017729282e-12,0.01739567518234253,0.5570603013038635,0.5570532083511353,True,1.2755393981933594e-05,2088960,7.96875,128.0,False
shared_e2e_rep_projected,44,42,6,-0.0071013448759913445,0.01377415843307972,0.2099318504333496,15.240992867424977,54,encoder_output_representation,-0.0071013448759913445,-4.106898995814845e-05,-8.640199666842818e-12,0.01377415843307972,0.4198637008666992,0.4198530912399292,True,2.5272369384765625e-05,2088960,7.96875,128.0,False
shared_e2e_rep_projected,44,42,6,0.002791554434224963,0.02496090531349182,0.42072948813438416,16.855538004343625,55,encoder_output_representation,0.002791554434224963,5.8632631407817826e-05,5.8632631407817826e-05,0.02496090531349182,0.8414589762687683,0.8414589762687683,False,0.0,3133440,11.953125,128.0,False
shared_e2e_rep_projected,44,42,6,-0.003705493174493313,0.029061121866106987,0.34882181882858276,12.003040365602747,56,encoder_output_representation,-0.003705493174493313,-7.512630691053346e-05,-4.729372449219227e-11,0.029061121866106987,0.6976436376571655,0.6976388692855835,True,6.854534149169922e-06,2350080,8.96484375,128.0,False
shared_e2e_rep_projected,44,42,6,0.0008461755933240056,0.015673719346523285,0.18591199815273285,11.86138363476385,57,encoder_output_representation,0.0008461755933240056,4.931397143081995e-06,4.931397143081995e-06,0.015673719346523285,0.3718239963054657,0.3718239963054657,False,0.0,2135040,8.14453125,128.0,False
shared_e2e_rep_projected,44,42,6,-0.004746415186673403,0.026434343308210373,0.34842291474342346,13.180691144130108,58,encoder_output_representation,-0.004746415186673403,-8.743211219552904e-05,-2.1827872842550278e-11,0.026434343308210373,0.6968458294868469,0.6968379616737366,True,1.1265277862548828e-05,2396160,9.140625,128.0,False
shared_e2e_rep_projected,44,42,6,-0.0009641889482736588,0.01345833484083414,0.25519824028015137,18.962096224998835,59,encoder_output_representation,-0.0009641889482736588,-6.623097306146519e-06,-1.693933882052079e-11,0.01345833484083414,0.5103964805603027,0.5103962421417236,True,4.76837158203125e-07,2088960,7.96875,128.0,False
shared_e2e_rep_projected,44,42,6,-0.002898629754781723,0.014098824001848698,0.23676706850528717,16.793391312228685,60,encoder_output_representation,-0.002898629754781723,-1.9352048184373416e-05,-1.6370904631912708e-11,0.014098824001848698,0.47353413701057434,0.47353214025497437,True,4.231929779052734e-06,2396160,9.140625,128.0,False
shared_e2e_rep_projected,44,42,6,-0.0028339435812085867,0.024254681542515755,0.5837998390197754,24.069573455187992,61,encoder_output_representation,-0.0028339435812085867,-8.02565919002518e-05,-1.0913936421275139e-11,0.024254681542515755,1.1675996780395508,1.1675950288772583,True,3.993511199951172e-06,2088960,7.96875,128.0,False
shared_e2e_rep_projected,44,42,6,0.0031670830212533474,0.026703210547566414,1.0111007690429688,37.86438964864901,62,encoder_output_representation,0.0031670830212533474,0.0001710201904643327,0.0001710201904643327,0.026703210547566414,2.0222015380859375,2.0222015380859375,False,0.0,3194880,12.1875,128.0,False
shared_e2e_rep_projected,44,42,6,0.0025632344186306,0.026602260768413544,0.5152375102043152,19.368185083580848,63,encoder_output_representation,0.0025632344186306,7.026585808489472e-05,7.026585808489472e-05,0.026602260768413544,1.0304750204086304,1.0304750204086304,False,0.0,2703360,10.3125,128.0,False
shared_e2e_rep_projected,44,42,6,-0.002715794136747718,0.02003592997789383,0.32823988795280457,16.38256314106509,64,encoder_output_representation,-0.002715794136747718,-3.572133937268518e-05,-2.7284841053187847e-12,0.02003592997789383,0.6564797759056091,0.6564773917198181,True,3.635883331298828e-06,2350080,8.96484375,128.0,False
shared_e2e_rep_projected,44,42,6,-0.0007113570463843644,0.01964232511818409,0.1953648328781128,9.946115426897792,65,encoder_output_representation,-0.0007113570463843644,-5.4595511755906045e-06,-3.637978807091713e-12,0.01964232511818409,0.3907296657562256,0.3907295763492584,True,2.384185791015625e-07,2350080,8.96484375,128.0,False
shared_e2e_rep_projected,44,42,6,-0.0032106335274875164,0.012892679311335087,0.21065114438533783,16.33881827807009,66,encoder_output_representation,-0.0032106335274875164,-1.743924804031849e-05,-3.865352482534945e-12,0.012892679311335087,0.42130228877067566,0.42130011320114136,True,5.185604095458984e-06,2785280,10.625,128.0,False
shared_e2e_rep_projected,44,42,6,-0.007662374526262283,0.024711454287171364,0.5472985506057739,22.14756542636574,67,encoder_output_representation,-0.007662374526262283,-0.00020726023649331182,-5.820766091346741e-11,0.024711454287171364,1.0945971012115479,1.0945650339126587,True,2.9325485229492188e-05,2209792,8.4296875,128.0,False
shared_e2e_rep_projected,44,42,6,0.003033756511285901,0.02039627730846405,0.4536720812320709,22.242886501832665,68,encoder_output_representation,0.003033756511285901,5.614404290099628e-05,5.614404290099628e-05,0.02039627730846405,0.9073441624641418,0.9073441624641418,False,0.0,2088960,7.96875,128.0,False
shared_e2e_rep_projected,44,42,6,-0.00409301184117794,0.022463548928499222,0.43737873435020447,19.47059815625605,69,encoder_output_representation,-0.00409301184117794,-8.042832632781938e-05,-5.4569682106375694e-12,0.022463548928499222,0.8747574687004089,0.8747501373291016,True,8.404254913330078e-06,2350080,8.96484375,128.0,False
shared_e2e_rep_projected,44,42,6,2.586673690530006e-05,0.025455929338932037,0.5660677552223206,22.23716713247559,70,encoder_output_representation,2.586673690530006e-05,7.45468014429207e-07,7.45468014429207e-07,0.025455929338932037,1.1321355104446411,1.1321355104446411,False,0.0,3194880,12.1875,128.0,False
shared_e2e_rep_projected,44,42,6,-0.0010403284104540944,0.02930101379752159,0.4897298216819763,16.71375007930271,71,encoder_output_representation,-0.0010403284104540944,-2.9856551918783225e-05,-9.094947017729282e-12,0.02930101379752159,0.9794596433639526,0.9794591665267944,True,4.76837158203125e-07,3133440,11.953125,128.0,False
shared_e2e_rep_projected,44,42,6,0.0014297373127192259,0.02013968676328659,0.40016987919807434,19.869717136194957,72,encoder_output_representation,0.0014297373127192259,2.3045351554173976e-05,2.3045351554173976e-05,0.02013968676328659,0.8003397583961487,0.8003397583961487,False,0.0,2396160,9.140625,128.0,False
shared_e2e_rep_projected,44,42,6,0.006821103394031525,0.01544197928160429,0.2813917398452759,18.222517639334747,73,encoder_output_representation,0.006821103394031525,5.927873280597851e-05,5.927873280597851e-05,0.01544197928160429,0.5627834796905518,0.5627834796905518,False,0.0,2088960,7.96875,128.0,False
shared_e2e_rep_projected,44,42,6,0.0026160958223044872,0.02953936718404293,0.47782793641090393,16.175970643982687,74,encoder_output_representation,0.0026160958223044872,7.385099888779223e-05,7.385099888779223e-05,0.02953936718404293,0.9556558728218079,0.9556558728218079,False,0.0,2457600,9.375,128.0,False
shared_e2e_rep_projected,44,42,6,-0.0023551112972199917,0.014520877972245216,0.2594626545906067,17.868248399754894,75,encoder_output_representation,-0.0023551112972199917,-1.774635529727675e-05,-2.7284841053187847e-12,0.014520877972245216,0.5189253091812134,0.518923819065094,True,2.86102294921875e-06,2396160,9.140625,128.0,False
shared_e2e_rep_projected,44,42,6,-0.0010391370160505176,0.019300324842333794,0.296749472618103,15.375361556983002,76,encoder_output_representation,-0.0010391370160505176,-1.1903026461368427e-05,-1.8189894035458565e-11,0.019300324842333794,0.593498945236206,0.5934985876083374,True,5.960464477539062e-07,2088960,7.96875,128.0,False
shared_e2e_rep_projected,44,42,6,0.009836925193667412,0.024793051183223724,0.4887242615222931,19.71214667813817,77,encoder_output_representation,0.009836925193667412,0.00023838737979531288,0.00023838737979531288,0.024793051183223724,0.9774485230445862,0.9774485230445862,False,0.0,2088960,7.96875,128.0,False
shared_e2e_rep_projected,44,42,6,-0.003346960060298443,0.025971386581659317,0.567646861076355,21.856625147508314,78,encoder_output_representation,-0.003346960060298443,-9.868563211057335e-05,-2.9103830456733704e-11,0.025971386581659317,1.13529372215271,1.1352872848510742,True,5.662441253662109e-06,3587072,13.68359375,128.0,False
shared_e2e_rep_projected,44,42,6,-0.0027577257715165615,0.020524129271507263,0.45095014572143555,21.971706558458955,79,encoder_output_representation,-0.0027577257715165615,-5.104748561279848e-05,-7.275957614183426e-12,0.020524129271507263,0.9019002914428711,0.9018968343734741,True,3.814697265625e-06,2350080,8.96484375,128.0,False
shared_e2e_rep_projected,44,42,6,-0.013836917467415333,0.02509535662829876,0.4952012300491333,19.732783135296035,80,encoder_output_representation,-0.013836917467415333,-0.0003439097199589014,-1.4551915228366852e-10,0.02509535662829876,0.9904024600982666,0.990307629108429,True,9.572505950927734e-05,3133440,11.953125,128.0,False
shared_e2e_rep_projected,44,42,6,-0.00784197635948658,0.02116161584854126,0.333953320980072,15.781087955204164,81,encoder_output_representation,-0.00784197635948658,-0.00011083837307523936,-1.4551915228366852e-11,0.02116161584854126,0.667906641960144,0.6678860783576965,True,3.081560134887695e-05,2611200,9.9609375,128.0,False
shared_e2e_rep_projected,44,42,6,-0.0015573677374050021,0.013075006194412708,0.18994441628456116,14.527290730135896,82,encoder_output_representation,-0.0015573677374050021,-7.73552164901048e-06,-7.73070496506989e-12,0.013075006194412708,0.3798888325691223,0.3798883557319641,True,1.2516975402832031e-06,2350080,8.96484375,128.0,False
shared_e2e_rep_projected,44,42,6,0.0018072834936901927,0.030157366767525673,0.34332194924354553,11.384347708144219,83,encoder_output_representation,0.0018072834936901927,3.742409171536565e-05,3.742409171536565e-05,0.030157366767525673,0.6866438984870911,0.6866438984870911,False,0.0,2350080,8.96484375,128.0,False
shared_e2e_rep_projected,44,42,6,-0.00042815267806872725,0.030508490279316902,0.3035140633583069,9.948511400581264,84,encoder_output_representation,-0.00042815267806872725,-7.929178536869586e-06,-2.1827872842550278e-11,0.030508490279316902,0.6070281267166138,0.6070280075073242,True,1.7881393432617188e-07,2355200,8.984375,128.0,False
shared_e2e_rep_projected,44,42,6,0.008893826976418495,0.03403022885322571,0.48928022384643555,14.377811737814891,85,encoder_output_representation,0.008893826976418495,0.00029617006657645106,0.00029617006657645106,0.03403022885322571,0.9785604476928711,0.9785604476928711,False,0.0,2350080,8.96484375,128.0,False
shared_e2e_rep_projected,44,42,6,0.005918957758694887,0.01925772614777088,0.3264670670032501,16.952524119315058,86,encoder_output_representation,0.005918957758694887,7.442513015121222e-05,7.442513015121222e-05,0.01925772614777088,0.6529341340065002,0.6529341340065002,False,0.0,2088960,7.96875,128.0,False
shared_e2e_rep_projected,44,42,6,0.0013522865483537316,0.014295211061835289,0.3931165337562561,27.499876151236474,87,encoder_output_representation,0.0013522865483537316,1.519884608569555e-05,1.519884608569555e-05,0.014295211061835289,0.7862330675125122,0.7862330675125122,False,0.0,2159616,8.23828125,128.0,False
shared_e2e_rep_projected,44,42,6,-0.0067603699862957,0.014851297251880169,0.2176489681005478,14.655215932264335,88,encoder_output_representation,-0.0067603699862957,-4.370402530184947e-05,-1.6370904631912708e-11,0.014851297251880169,0.4352979362010956,0.4352879822254181,True,2.288818359375e-05,2396160,9.140625,128.0,False
shared_e2e_rep_projected,44,42,6,0.00035647317417897284,0.031040070578455925,0.5711888670921326,18.401661350879124,89,encoder_output_representation,0.00035647317417897284,1.2640355635085143e-05,1.2640355635085143e-05,0.031040070578455925,1.1423777341842651,1.1423777341842651,False,0.0,2350080,8.96484375,128.0,False
shared_e2e_rep_projected,44,42,6,0.003082382958382368,0.025286933407187462,0.48812708258628845,19.303530195857796,90,encoder_output_representation,0.003082382958382368,7.609316526213661e-05,7.609316526213661e-05,0.025286933407187462,0.9762541651725769,0.9762541651725769,False,0.0,2785280,10.625,128.0,False
shared_e2e_rep_projected,44,42,6,0.004559001419693232,0.024326901882886887,0.3281990885734558,13.491199584453959,91,encoder_output_representation,0.004559001419693232,7.279874989762902e-05,7.279874989762902e-05,0.024326901882886887,0.6563981771469116,0.6563981771469116,False,0.0,2325504,8.87109375,128.0,False
shared_e2e_rep_projected,44,42,6,0.0008394780452363193,0.018051128834486008,0.6084902882575989,33.7092651565979,92,encoder_output_representation,0.0008394780452363193,1.8441547581460327e-05,1.8441547581460327e-05,0.018051128834486008,1.2169805765151978,1.2169805765151978,False,0.0,2350080,8.96484375,128.0,False
shared_e2e_rep_projected,44,42,6,0.004370580427348614,0.016063250601291656,0.36292123794555664,22.59326253158087,93,encoder_output_representation,0.004370580427348614,5.095829692436382e-05,5.095829692436382e-05,0.016063250601291656,0.7258424758911133,0.7258424758911133,False,0.0,2350080,8.96484375,128.0,False
shared_e2e_rep_projected,44,42,6,0.004549742676317692,0.016420060768723488,0.28093090653419495,17.109005288780963,94,encoder_output_representation,0.004549742676317692,4.197503949399106e-05,4.197503949399106e-05,0.016420060768723488,0.5618618130683899,0.5618618130683899,False,0.0,2396160,9.140625,128.0,False
shared_e2e_rep_projected,44,42,6,0.006957212463021278,0.022102115675807,0.3035378158092499,13.733428069128365,95,encoder_output_representation,0.006957212463021278,9.33494811761193e-05,9.33494811761193e-05,0.022102115675807,0.6070756316184998,0.6070756316184998,False,0.0,2785280,10.625,128.0,False
shared_e2e_rep_projected,44,42,6,-0.00583158852532506,0.023171911016106606,0.3229299783706665,13.936268706806294,96,encoder_output_representation,-0.00583158852532506,-8.727444219402969e-05,-7.275957614183426e-12,0.023171911016106606,0.645859956741333,0.6458489894866943,True,1.6987323760986328e-05,2135040,8.14453125,128.0,False
shared_e2e_rep_projected,44,42,6,-0.003563816426321864,0.019843516871333122,0.376190721988678,18.95786540399705,97,encoder_output_representation,-0.003563816426321864,-5.3207400924293324e-05,-5.4569682106375694e-11,0.019843516871333122,0.752381443977356,0.7523766160011292,True,6.4373016357421875e-06,2396160,9.140625,128.0,False
shared_e2e_rep_projected,44,42,6,0.002243284834548831,0.024810314178466797,0.40909525752067566,16.488918865676233,98,encoder_output_representation,0.002243284834548831,4.5537701225839555e-05,4.5537701225839555e-05,0.024810314178466797,0.8181905150413513,0.8181905150413513,False,0.0,2903040,11.07421875,128.0,False
shared_e2e_rep_projected,44,42,6,-0.0030200514011085033,0.019632600247859955,0.41652607917785645,21.21604239475409,99,encoder_output_representation,-0.0030200514011085033,-4.939288191962987e-05,-1.6370904631912708e-11,0.019632600247859955,0.8330521583557129,0.8330483436584473,True,4.589557647705078e-06,2135040,8.14453125,128.0,False
shared_e2e_rep_projected,44,42,6,0.003352682339027524,0.015495367348194122,0.38102492690086365,24.589602707629222,100,encoder_output_representation,0.003352682339027524,3.958928573410958e-05,3.958928573410958e-05,0.015495367348194122,0.7620498538017273,0.7620498538017273,False,0.0,2350080,8.96484375,128.0,False
shared_e2e_rep_projected,44,42,6,-0.000226904870942235,0.02645563893020153,0.27845528721809387,10.525366178180324,101,encoder_output_representation,-0.000226904870942235,-3.3430860639782622e-06,-1.3642420526593924e-12,0.02645563893020153,0.5569105744361877,0.556910514831543,True,1.1920928955078125e-07,3133440,11.953125,128.0,False
shared_e2e_rep_projected,44,42,6,-0.0025599978398531675,0.024257751181721687,0.5165587067604065,21.294583446368083,102,encoder_output_representation,-0.0025599978398531675,-6.415637471945956e-05,-1.4551915228366852e-11,0.024257751181721687,1.033117413520813,1.033113956451416,True,3.337860107421875e-06,2088960,7.96875,128.0,False
shared_e2e_rep_projected,44,42,6,0.026749271899461746,0.02910429611802101,0.628484308719635,21.594210908625463,103,encoder_output_representation,0.026749271899461746,0.0009785735746845603,0.0009785735746845603,0.02910429611802101,1.25696861743927,1.25696861743927,False,0.0,2785280,10.625,128.0,False
shared_e2e_rep_projected,44,42,6,-0.00014216759882401675,0.013707166537642479,0.16622863709926605,12.127133397173711,104,encoder_output_representation,-0.00014216759882401675,-6.47864453640068e-07,-5.4569682106375694e-12,0.013707166537642479,0.3324572741985321,0.3324572741985321,True,0.0,2088960,7.96875,128.0,False
shared_e2e_rep_projected,44,42,6,0.009967603720724583,0.01520028430968523,0.3076511323451996,20.239827497777274,105,encoder_output_representation,0.009967603720724583,9.322469850303605e-05,9.322469850303605e-05,0.01520028430968523,0.6153022646903992,0.6153022646903992,False,0.0,2350080,8.96484375,128.0,False
shared_e2e_rep_projected,44,42,6,-0.004260085057467222,0.02666379325091839,0.5256138443946838,19.71264326303535,106,encoder_output_representation,-0.004260085057467222,-0.00011940897820750251,-1.0913936421275139e-11,0.02666379325091839,1.0512276887893677,1.0512181520462036,True,9.059906005859375e-06,2350080,8.96484375,128.0,False
shared_e2e_rep_projected,44,42,6,0.002837635111063719,0.015006492845714092,0.16159901022911072,10.768606088748044,107,encoder_output_representation,0.002837635111063719,1.376272484776564e-05,1.376272484776564e-05,0.015006492845714092,0.32319802045822144,0.32319802045822144,False,0.0,3194880,12.1875,128.0,False
shared_e2e_rep_projected,44,42,6,-0.007693158928304911,0.027834521606564522,0.6868016719818115,24.674455759995368,108,encoder_output_representation,-0.007693158928304911,-0.0002941371058113873,-1.1641532182693481e-10,0.027834521606564522,1.373603343963623,1.3735625743865967,True,2.968311309814453e-05,3916800,14.94140625,128.0,False
shared_e2e_rep_projected,44,42,6,0.0006391931674443185,0.014766543172299862,0.24679335951805115,16.71300836210629,109,encoder_output_representation,0.0006391931674443185,4.6588038458139636e-06,4.6588038458139636e-06,0.014766543172299862,0.4935867190361023,0.4935867190361023,False,0.0,2350080,8.96484375,128.0,False
shared_e2e_rep_projected,44,42,6,0.00034838661667890847,0.02221485786139965,0.33694276213645935,15.167450732238455,110,encoder_output_representation,0.00034838661667890847,5.215441888140049e-06,5.215441888140049e-06,0.02221485786139965,0.6738855242729187,0.6738855242729187,False,0.0,3133440,11.953125,128.0,False
shared_e2e_rep_projected,44,42,6,0.00266386941075325,0.02775387279689312,0.2926454246044159,10.544309500372712,111,encoder_output_representation,0.00266386941075325,4.327212809585035e-05,4.327212809585035e-05,0.02775387279689312,0.5852908492088318,0.5852908492088318,False,0.0,2350080,8.96484375,128.0,False
shared_e2e_rep_projected,44,42,6,-0.010850788094103336,0.025267906486988068,0.4014177918434143,15.886468158734399,112,encoder_output_representation,-0.010850788094103336,-0.00022011881810612977,-1.2369127944111824e-10,0.025267906486988068,0.8028355836868286,0.8027883768081665,True,5.882978439331055e-05,2088960,7.96875,128.0,False
shared_e2e_rep_projected,44,42,6,-0.008722160942852497,0.015577750280499458,0.31448468565940857,20.18806823813878,113,encoder_output_representation,-0.008722160942852497,-8.545910532120615e-05,-9.094947017729282e-12,0.015577750280499458,0.6289693713188171,0.6289454102516174,True,3.808736801147461e-05,2350080,8.96484375,128.0,False
shared_e2e_rep_projected,44,42,6,-0.00889037735760212,0.025372544303536415,0.4631635546684265,18.2545175260122,114,encoder_output_representation,-0.00889037735760212,-0.0002089529880322516,1.4551915228366852e-11,0.025372544303536415,0.926327109336853,0.9262904524803162,True,3.9577484130859375e-05,2846720,10.859375,128.0,False
shared_e2e_rep_projected,44,42,6,-0.00119514181278646,0.02289329469203949,0.4434063136577606,19.368392344678238,115,encoder_output_representation,-0.00119514181278646,-2.4263845261884853e-05,-1.2732925824820995e-11,0.02289329469203949,0.8868126273155212,0.8868119716644287,True,7.152557373046875e-07,2350080,8.96484375,128.0,False
shared_e2e_rep_projected,44,42,6,-0.0029828378465026617,0.021512040868401527,0.34888318181037903,16.218041976800276,116,encoder_output_representation,-0.0029828378465026617,-4.4773525587515905e-05,-2.1827872842550278e-11,0.021512040868401527,0.6977663636207581,0.697763204574585,True,4.5299530029296875e-06,2498560,9.53125,128.0,False
shared_e2e_rep_projected,44,42,6,0.0014106475282460451,0.027950415387749672,0.46715930104255676,16.713858973534506,117,encoder_output_representation,0.0014106475282460451,3.6838486266788095e-05,3.6838486266788095e-05,0.027950415387749672,0.9343186020851135,0.9343186020851135,False,0.0,2350080,8.96484375,128.0,False
shared_e2e_rep_projected,44,42,6,-0.0001873433793662116,0.018645748496055603,0.3354909121990204,17.99289056537427,118,encoder_output_representation,-0.0001873433793662116,-2.3438451535184868e-06,-5.002220859751105e-12,0.018645748496055603,0.6709818243980408,0.6709818243980408,True,0.0,2088960,7.96875,128.0,False
shared_e2e_rep_projected,44,42,6,-0.0020132630597800016,0.021049749106168747,0.37819814682006836,17.966871952370933,119,encoder_output_representation,-0.0020132630597800016,-3.2055078918347135e-05,-5.4569682106375694e-12,0.021049749106168747,0.7563962936401367,0.7563948035240173,True,1.9669532775878906e-06,2396160,9.140625,128.0,False
shared_e2e_rep_projected,44,42,6,0.009731210768222809,0.015484783798456192,0.24811434745788574,16.023106986009218,120,encoder_output_representation,0.009731210768222809,7.477456529159099e-05,7.477456529159099e-05,0.015484783798456192,0.4962286949157715,0.4962286949157715,False,0.0,2396160,9.140625,128.0,False
shared_e2e_rep_projected,44,42,6,-0.005631497595459223,0.022703852504491806,0.2934546172618866,12.925322572626323,121,encoder_output_representation,-0.005631497595459223,-7.504027598770335e-05,-3.637978807091713e-12,0.022703852504491806,0.5869092345237732,0.586899995803833,True,1.5735626220703125e-05,3133440,11.953125,128.0,False
shared_e2e_rep_projected,44,42,6,-0.012524070218205452,0.017279615625739098,0.3712468147277832,21.484668569524615,122,encoder_output_representation,-0.012524070218205452,-0.00016068387776613235,-1.4551915228366852e-11,0.017279615625739098,0.7424936294555664,0.7424353957176208,True,7.843971252441406e-05,2088960,7.96875,128.0,False
shared_e2e_rep_projected,44,42,6,0.003971853293478489,0.01642776094377041,0.17682048678398132,10.763517157889593,123,encoder_output_representation,0.003971853293478489,2.3074597265804186e-05,2.3074597265804186e-05,0.01642776094377041,0.35364097356796265,0.35364097356796265,False,0.0,2611200,9.9609375,128.0,False
shared_e2e_rep_projected,44,42,6,0.00023517399677075446,0.02743089757859707,0.5824240446090698,21.23240929102902,124,encoder_output_representation,0.00023517399677075446,7.51447441871278e-06,7.51447441871278e-06,0.02743089757859707,1.1648480892181396,1.1648480892181396,False,0.0,3004416,11.4609375,128.0,False
shared_e2e_rep_projected,44,42,6,0.0005713011487387121,0.012883820571005344,0.1519968956708908,11.797501745169853,125,encoder_output_representation,0.0005713011487387121,2.2375591015588725e-06,2.2375591015588725e-06,0.012883820571005344,0.3039937913417816,0.3039937913417816,False,0.0,2088960,7.96875,128.0,False
shared_e2e_rep_projected,44,42,6,0.0015250502619892359,0.026483498513698578,0.6194648146629333,23.390596009908414,126,encoder_output_representation,0.0015250502619892359,5.003871410735883e-05,5.003871410735883e-05,0.026483498513698578,1.2389296293258667,1.2389296293258667,False,0.0,2350080,8.96484375,128.0,False
shared_e2e_rep_projected,44,42,6,-0.006247689947485924,0.030237587168812752,0.7875146269798279,26.04422841621688,127,encoder_output_representation,-0.006247689947485924,-0.00029754676506854594,-1.3096723705530167e-10,0.030237587168812752,1.5750292539596558,1.5749984979629517,True,1.9550323486328125e-05,2437120,9.296875,128.0,False
shared_e2e_rep_projected,44,42,6,0.0018728530267253518,0.026645103469491005,0.42558223009109497,15.972249106797136,128,encoder_output_representation,0.0018728530267253518,4.247511606081389e-05,4.247511606081389e-05,0.026645103469491005,0.8511644601821899,0.8511644601821899,False,0.0,2088960,7.96875,128.0,False
shared_e2e_rep_projected,44,42,6,-0.004385330248624086,0.02273140475153923,0.20155799388885498,8.86693964107989,129,encoder_output_representation,-0.004385330248624086,-4.018450272269547e-05,-5.275069270282984e-11,0.02273140475153923,0.40311598777770996,0.40311211347579956,True,9.59634780883789e-06,2088960,7.96875,128.0,False
shared_e2e_rep_projected,44,42,6,0.001796135911718011,0.01296067051589489,0.16022421419620514,12.362339895895595,130,encoder_output_representation,0.001796135911718011,7.4597592174541205e-06,7.4597592174541205e-06,0.01296067051589489,0.3204484283924103,0.3204484283924103,False,0.0,2088960,7.96875,128.0,False
shared_e2e_rep_projected,44,42,6,-3.4322751162108034e-05,0.020267080515623093,0.40654468536376953,20.05936104365798,131,encoder_output_representation,-3.4322751162108034e-05,-5.656028179146233e-07,-1.0231815394945443e-12,0.020267080515623093,0.8130893707275391,0.8130893707275391,True,0.0,2420736,9.234375,128.0,False
shared_e2e_rep_projected,44,42,6,-0.003357216715812683,0.01652204617857933,0.20868836343288422,12.630903047798439,132,encoder_output_representation,-0.003357216715812683,-2.3151089408202097e-05,-9.663381206337363e-12,0.01652204617857933,0.41737672686576843,0.4173744022846222,True,5.543231964111328e-06,2088960,7.96875,128.0,False
shared_e2e_rep_projected,44,42,6,0.012028130702674389,0.028923440724611282,0.5718687176704407,19.77180803333094,133,encoder_output_representation,0.012028130702674389,0.00039790046866983175,0.00039790046866983175,0.028923440724611282,1.1437374353408813,1.1437374353408813,False,0.0,2611200,9.9609375,128.0,False
shared_e2e_rep_projected,44,42,6,0.001370778540149331,0.01948387920856476,0.3562373220920563,18.28369588410612,134,encoder_output_representation,0.001370778540149331,1.9028831957257353e-05,1.9028831957257353e-05,0.01948387920856476,0.7124746441841125,0.7124746441841125,False,0.0,2350080,8.96484375,128.0,False
shared_e2e_rep_projected,44,42,6,0.017702851444482803,0.02064153365790844,0.47961488366127014,23.235428704567898,135,encoder_output_representation,0.017702851444482803,0.0003505159984342754,0.0003505159984342754,0.02064153365790844,0.9592297673225403,0.9592297673225403,False,0.0,2088960,7.96875,128.0,False
shared_e2e_rep_projected,44,42,6,0.018400808796286583,0.01417872216552496,0.25091004371643066,17.696238122678587,136,encoder_output_representation,0.018400808796286583,0.0001309248327743262,0.0001309248327743262,0.01417872216552496,0.5018200874328613,0.5018200874328613,False,0.0,2350080,8.96484375,128.0,False
shared_e2e_rep_projected,44,42,6,-0.003431594930589199,0.023798653855919838,0.41163140535354614,17.296415496675422,137,encoder_output_representation,-0.003431594930589199,-6.723368278471753e-05,-1.4551915228366852e-11,0.023798653855919838,0.8232628107070923,0.8232579827308655,True,5.841255187988281e-06,2088960,7.96875,128.0,False
shared_e2e_rep_projected,44,42,6,-0.0009870657231658697,0.03041861578822136,0.752730131149292,24.745706260597263,138,encoder_output_representation,-0.0009870657231658697,-4.520170477917418e-05,-1.8189894035458565e-11,0.03041861578822136,1.505460262298584,1.5054594278335571,True,5.364418029785156e-07,3194880,12.1875,128.0,False
shared_e2e_rep_projected,44,42,6,-0.002045269124209881,0.04125028848648071,0.5884124636650085,14.264444813709694,139,encoder_output_representation,-0.002045269124209881,-9.928629151545465e-05,-5.820766091346741e-11,0.04125028848648071,1.176824927330017,1.176822304725647,True,2.205371856689453e-06,2457600,9.375,128.0,False
shared_e2e_rep_projected,44,42,6,-0.028201965615153313,0.03993360325694084,0.5592570900917053,14.004673870607984,140,encoder_output_representation,-0.028201965615153313,-0.001259677461348474,-4.656612873077393e-10,0.03993360325694084,1.1185141801834106,1.1180692911148071,True,0.00039774179458618164,2396160,9.140625,128.0,False
shared_e2e_rep_projected,44,42,6,-0.008650671690702438,0.02740051969885826,0.25207826495170593,9.199762184153379,141,encoder_output_representation,-0.008650671690702438,-0.00011950168845942244,-2.546585164964199e-11,0.02740051969885826,0.5041565299034119,0.5041376352310181,True,3.74913215637207e-05,2088960,7.96875,128.0,False
shared_e2e_rep_projected,44,42,6,0.006926392670720816,0.00936235673725605,0.12818200886249542,13.691211781368569,142,encoder_output_representation,0.006926392670720816,1.6624529962427914e-05,1.6624529962427914e-05,0.00936235673725605,0.25636401772499084,0.25636401772499084,False,0.0,2088960,7.96875,128.0,False
shared_e2e_rep_projected,44,42,6,-0.002038839738816023,0.027949171140789986,0.4452533721923828,15.930825638781275,143,encoder_output_representation,-0.002038839738816023,-5.074452928965911e-05,-1.4551915228366852e-11,0.027949171140789986,0.8905067443847656,0.8905049562454224,True,2.0265579223632812e-06,3227648,12.3125,128.0,False
shared_e2e_rep_projected,44,42,6,0.009762627072632313,0.04175721853971481,0.4517756402492523,10.819102805412522,144,encoder_output_representation,0.009762627072632313,0.00036834186175838113,0.00036834186175838113,0.04175721853971481,0.9035512804985046,0.9035512804985046,False,0.0,2350080,8.96484375,128.0,False
shared_e2e_rep_projected,44,42,6,0.0005790606955997646,0.025378823280334473,0.6487764120101929,25.563691619733856,145,encoder_output_representation,0.0005790606955997646,1.9068678739131428e-05,1.9068678739131428e-05,0.025378823280334473,1.2975528240203857,1.2975528240203857,False,0.0,2785280,10.625,128.0,False
shared_e2e_rep_projected,44,42,6,0.0015125295612961054,0.014367202296853065,0.14051489531993866,9.780254528100887,146,encoder_output_representation,0.0015125295612961054,6.1070068113622256e-06,6.1070068113622256e-06,0.014367202296853065,0.2810297906398773,0.2810297906398773,False,0.0,3133440,11.953125,128.0,False
shared_e2e_rep_projected,44,42,6,0.014335463754832745,0.026722364127635956,0.21741308271884918,8.13599731222894,147,encoder_output_representation,0.014335463754832745,0.0001665721065364778,0.0001665721065364778,0.026722364127635956,0.43482616543769836,0.43482616543769836,False,0.0,2088960,7.96875,128.0,False
shared_e2e_rep_projected,44,42,6,-0.0004169574531260878,0.02701534703373909,0.6374350190162659,23.59529263940908,148,encoder_output_representation,-0.0004169574531260878,-1.4360455679707229e-05,-2.7284841053187847e-12,0.02701534703373909,1.2748700380325317,1.2748699188232422,True,1.1920928955078125e-07,3133440,11.953125,128.0,False
shared_e2e_rep_projected,44,42,6,-0.005092024337500334,0.026782751083374023,0.7374699711799622,27.535258378955803,149,encoder_output_representation,-0.005092024337500334,-0.00020114997460041195,-7.275957614183426e-11,0.026782751083374023,1.4749399423599243,1.4749207496643066,True,1.2993812561035156e-05,2088960,7.96875,128.0,False
shared_e2e_rep_projected,44,42,6,0.0013915740419179201,0.03729305416345596,0.6981332302093506,18.72019457428783,150,encoder_output_representation,0.0013915740419179201,7.246070890687406e-05,7.246070890687406e-05,0.03729305416345596,1.3962664604187012,1.3962664604187012,False,0.0,2088960,7.96875,128.0,False
shared_e2e_rep_projected,44,42,6,-0.0013024249346926808,0.01673499308526516,0.3165746331214905,18.91692643722861,151,encoder_output_representation,-0.0013024249346926808,-1.3800166925648227e-05,-7.73070496506989e-12,0.01673499308526516,0.633149266242981,0.633148729801178,True,8.344650268554688e-07,2785280,10.625,128.0,False
shared_e2e_rep_projected,44,42,6,-0.0027186418883502483,0.02100219391286373,0.36169981956481934,17.222001713986657,152,encoder_output_representation,-0.0027186418883502483,-4.13042725995183e-05,-2.2737367544323206e-11,0.02100219391286373,0.7233996391296387,0.7233969569206238,True,3.6954879760742188e-06,2785280,10.625,128.0,False
shared_e2e_rep_projected,44,42,6,0.0020454321056604385,0.01628827303647995,0.28470730781555176,17.479281393301086,153,encoder_output_representation,0.0020454321056604385,1.8970935343531892e-05,1.8970935343531892e-05,0.01628827303647995,0.5694146156311035,0.5694146156311035,False,0.0,2350080,8.96484375,128.0,False
shared_e2e_rep_projected,44,42,6,-0.007348376791924238,0.02986331284046173,0.38850492238998413,13.009438184754899,154,encoder_output_representation,-0.007348376791924238,-0.0001705123868305236,-2.9103830456733704e-11,0.02986331284046173,0.7770098447799683,0.7769888639450073,True,2.7000904083251953e-05,2611200,9.9609375,128.0,False
shared_e2e_rep_projected,44,42,6,-0.0037996184546500444,0.02696353942155838,0.49906376004219055,18.50883714632694,155,encoder_output_representation,-0.0037996184546500444,-0.00010225932055618614,-4.3655745685100555e-11,0.02696353942155838,0.9981275200843811,0.9981201887130737,True,7.331371307373047e-06,2350080,8.96484375,128.0,False
shared_e2e_rep_projected,44,42,6,-0.001368587021715939,0.022711481899023056,0.40280482172966003,17.735734881614523,156,encoder_output_representation,-0.001368587021715939,-2.5040473701665178e-05,-1.546140993013978e-11,0.022711481899023056,0.8056096434593201,0.8056089282035828,True,8.940696716308594e-07,2350080,8.96484375,128.0,False
shared_e2e_rep_projected,44,42,6,0.006939820479601622,0.01419201772660017,0.21896319091320038,15.428615939705075,157,encoder_output_representation,0.006939820479601622,4.313139652367681e-05,4.313139652367681e-05,0.01419201772660017,0.43792638182640076,0.43792638182640076,False,0.0,2350080,8.96484375,128.0,False
shared_e2e_rep_projected,44,42,6,-0.003247444750741124,0.025503387674689293,0.2582451403141022,10.125915176766743,158,encoder_output_representation,-0.003247444750741124,-4.2776162445079535e-05,-1.0913936421275139e-11,0.025503387674689293,0.5164902806282043,0.5164875388145447,True,5.304813385009766e-06,2325504,8.87109375,128.0,False
shared_e2e_rep_projected,44,42,6,-0.007954900152981281,0.03527924045920372,0.583686113357544,16.544747158956216,159,encoder_output_representation,-0.007954900152981281,-0.0003276146308053285,-1.0186340659856796e-10,0.03527924045920372,1.167372226715088,1.1673353910446167,True,3.153085708618164e-05,2135040,8.14453125,128.0,False
shared_e2e_rep_projected,44,42,6,0.006030429154634476,0.02027706988155842,0.2704062759876251,13.33556956538154,160,encoder_output_representation,0.006030429154634476,6.613025470869616e-05,6.613025470869616e-05,0.02027706988155842,0.5408125519752502,0.5408125519752502,False,0.0,2396160,9.140625,128.0,False
shared_e2e_rep_projected,44,42,6,-0.0025323370937258005,0.020946623757481575,0.3815043270587921,18.2131655905897,161,encoder_output_representation,-0.0025323370937258005,-4.047296170028858e-05,-9.094947017729282e-12,0.020946623757481575,0.7630086541175842,0.7630062103271484,True,3.2186508178710938e-06,2088960,7.96875,128.0,False
shared_e2e_rep_projected,44,42,6,0.00015596681623719633,0.029178481549024582,0.47329968214035034,16.220846905454284,162,encoder_output_representation,0.00015596681623719633,4.30785530625144e-06,4.30785530625144e-06,0.029178481549024582,0.9465993642807007,0.9465993642807007,False,0.0,2350080,8.96484375,128.0,False
shared_e2e_rep_projected,44,42,6,-0.0009436371619813144,0.02391977049410343,0.47854676842689514,20.00632775907544,163,encoder_output_representation,-0.0009436371619813144,-2.160311851184815e-05,-1.2732925824820995e-11,0.02391977049410343,0.9570935368537903,0.9570931196212769,True,4.172325134277344e-07,2785280,10.625,128.0,False
shared_e2e_rep_projected,44,42,6,0.013812251389026642,0.022047843784093857,0.25988835096359253,11.787472439871229,164,encoder_output_representation,0.013812251389026642,0.00015828778850845993,0.00015828778850845993,0.022047843784093857,0.5197767019271851,0.5197767019271851,False,0.0,2785280,10.625,128.0,False
shared_e2e_rep_projected,44,42,6,0.000977024668827653,0.0339103601872921,0.5425960421562195,16.00089291766229,165,encoder_output_representation,0.000977024668827653,3.595378075260669e-05,3.595378075260669e-05,0.0339103601872921,1.085192084312439,1.085192084312439,False,0.0,2350080,8.96484375,128.0,False
shared_e2e_rep_projected,44,42,6,0.007689449470490217,0.02017696015536785,0.3663909137248993,18.158875811995156,166,encoder_output_representation,0.007689449470490217,0.00011369089043000713,0.00011369089043000713,0.02017696015536785,0.7327818274497986,0.7327818274497986,False,0.0,2350080,8.96484375,128.0,False
shared_e2e_rep_projected,44,42,6,-0.0005813049501739442,0.024757210165262222,0.7966150641441345,32.17709341345316,167,encoder_output_representation,-0.0005813049501739442,-2.2928952603251673e-05,-3.637978807091713e-12,0.024757210165262222,1.593230128288269,1.59322988986969,True,1.7881393432617188e-07,3525120,13.447265625,128.0,False
shared_e2e_rep_projected,44,42,6,-0.003266840009018779,0.013266747817397118,0.18242396414279938,13.750465950937945,168,encoder_output_representation,-0.003266840009018779,-1.5812634956091642e-05,-1.0459189070388675e-11,0.013266747817397118,0.36484792828559875,0.36484596133232117,True,5.364418029785156e-06,2088960,7.96875,128.0,False
shared_e2e_rep_projected,44,42,6,0.0009886659681797028,0.019794007763266563,0.31659993529319763,15.994736340395868,169,encoder_output_representation,0.0009886659681797028,1.2391506970743649e-05,1.2391506970743649e-05,0.019794007763266563,0.6331998705863953,0.6331998705863953,False,0.0,2088960,7.96875,128.0,False
shared_e2e_rep_projected,44,42,6,-0.0007474311860278249,0.018295815214514732,0.4385557472705841,23.97027637897556,170,encoder_output_representation,-0.0007474311860278249,-1.1994379747193307e-05,-1.6370904631912708e-11,0.018295815214514732,0.8771114945411682,0.8771112561225891,True,2.980232238769531e-07,2325504,8.87109375,128.0,False
shared_e2e_rep_projected,44,42,6,0.00257136975415051,0.029879217967391014,0.885334312915802,29.63043791447355,171,encoder_output_representation,0.00257136975415051,0.0001360413880320266,0.0001360413880320266,0.029879217967391014,1.770668625831604,1.770668625831604,False,0.0,3525120,13.447265625,128.0,False
shared_e2e_rep_projected,44,42,6,0.0014774067094549537,0.03317193686962128,0.5273642539978027,15.897903582493573,172,encoder_output_representation,0.0014774067094549537,5.169060023035854e-05,5.169060023035854e-05,0.03317193686962128,1.0547285079956055,1.0547285079956055,False,0.0,2457600,9.375,128.0,False
shared_e2e_rep_projected,44,42,6,0.00044781528413295746,0.022501567378640175,0.45860719680786133,20.381122305426533,173,encoder_output_representation,0.00044781528413295746,9.24235337151913e-06,9.24235337151913e-06,0.022501567378640175,0.9172143936157227,0.9172143936157227,False,0.0,2350080,8.96484375,128.0,False
shared_e2e_rep_projected,44,42,6,0.0016551960725337267,0.031060833483934402,0.4284610450267792,13.794254595530804,174,encoder_output_representation,0.0016551960725337267,4.4055883336113766e-05,4.4055883336113766e-05,0.031060833483934402,0.8569220900535583,0.8569220900535583,False,0.0,3525120,13.447265625,128.0,False
shared_e2e_rep_projected,44,42,6,0.00032786987139843404,0.01599479280412197,0.320021390914917,20.00784848131607,175,encoder_output_representation,0.00032786987139843404,3.3565193007234484e-06,3.3565193007234484e-06,0.01599479280412197,0.640042781829834,0.640042781829834,False,0.0,2196480,8.37890625,128.0,False
shared_e2e_rep_projected,44,42,6,0.0017585395835340023,0.02326212078332901,0.47424501180648804,20.38700668024902,176,encoder_output_representation,0.0017585395835340023,3.8800222682766616e-05,3.8800222682766616e-05,0.02326212078332901,0.9484900236129761,0.9484900236129761,False,0.0,2088960,7.96875,128.0,False
shared_e2e_rep_projected,44,42,6,-0.0024063168093562126,0.01600540056824684,0.2133045792579651,13.327037855031296,177,encoder_output_representation,-0.0024063168093562126,-1.643045288801659e-05,-5.4569682106375694e-12,0.01600540056824684,0.4266091585159302,0.4266079068183899,True,2.9206275939941406e-06,2088960,7.96875,128.0,False
shared_e2e_rep_projected,44,42,6,0.01916390284895897,0.02566312812268734,0.6127869486808777,23.87810814610503,178,encoder_output_representation,0.01916390284895897,0.0006027442286722362,0.0006027442286722362,0.02566312812268734,1.2255738973617554,1.2255738973617554,False,0.0,2088960,7.96875,128.0,False
shared_e2e_rep_projected,44,42,6,-0.00018867706239689142,0.018223494291305542,0.29117631912231445,15.978072836516054,179,encoder_output_representation,-0.00018867706239689142,-2.002335349970963e-06,-1.000444171950221e-11,0.018223494291305542,0.5823526382446289,0.5823526382446289,True,0.0,2350080,8.96484375,128.0,False
shared_e2e_rep_projected,44,42,6,0.0011838172795251012,0.027890851721167564,0.4377968907356262,15.696791733447256,180,encoder_output_representation,0.0011838172795251012,2.8910069886478595e-05,2.8910069886478595e-05,0.027890851721167564,0.8755937814712524,0.8755937814712524,False,0.0,3018752,11.515625,128.0,False
shared_e2e_rep_projected,44,42,6,0.00016120134387165308,0.02636023797094822,0.5472300052642822,20.759676216405474,181,encoder_output_representation,0.00016120134387165308,4.650695245800307e-06,4.650695245800307e-06,0.02636023797094822,1.0944600105285645,1.0944600105285645,False,0.0,2350080,8.96484375,128.0,False
shared_e2e_rep_projected,44,42,6,0.03302726149559021,0.022954871878027916,0.4262735843658447,18.57007029404803,182,encoder_output_representation,0.03302726149559021,0.0006463471800088882,0.0006463471800088882,0.022954871878027916,0.8525471687316895,0.8525471687316895,False,0.0,2088960,7.96875,128.0,False
shared_e2e_rep_projected,44,42,6,0.002574293641373515,0.021168148145079613,0.32989442348480225,15.584472539771216,183,encoder_output_representation,0.002574293641373515,3.595389352994971e-05,3.595389352994971e-05,0.021168148145079613,0.6597888469696045,0.6597888469696045,False,0.0,2088960,7.96875,128.0,False
shared_e2e_rep_projected,44,42,6,-0.014370941556990147,0.01684683747589588,0.1686413437128067,10.010267146821791,184,encoder_output_representation,-0.014370941556990147,-8.165779581759125e-05,-4.547473508864641e-12,0.01684683747589588,0.3372826874256134,0.3372478485107422,True,0.00010329484939575195,2531328,9.65625,128.0,False
shared_e2e_rep_projected,44,42,6,0.001421991502866149,0.01979951374232769,0.4954671263694763,25.02420679707196,185,encoder_output_representation,0.001421991502866149,2.7899495762540027e-05,2.7899495762540027e-05,0.01979951374232769,0.9909342527389526,0.9909342527389526,False,0.0,3133440,11.953125,128.0,False
shared_e2e_rep_projected,44,42,6,0.0016914067091420293,0.01930002123117447,0.43780696392059326,22.684273694653925,186,encoder_output_representation,0.0016914067091420293,2.858370316971559e-05,2.858370316971559e-05,0.01930002123117447,0.8756139278411865,0.8756139278411865,False,0.0,2350080,8.96484375,128.0,False
shared_e2e_rep_projected,44,42,6,-0.00246770353987813,0.019046448171138763,0.3019907474517822,15.855488894217624,187,encoder_output_representation,-0.00246770353987813,-2.8387727070366964e-05,-1.4551915228366852e-11,0.019046448171138763,0.6039814949035645,0.6039796471595764,True,3.039836883544922e-06,2396160,9.140625,128.0,False
shared_e2e_rep_projected,44,42,6,-0.008298482745885849,0.02673400193452835,0.6285414695739746,23.510938284259666,188,encoder_output_representation,-0.008298482745885849,-0.0002788859128486365,-5.820766091346741e-11,0.02673400193452835,1.2570829391479492,1.2570396661758423,True,3.445148468017578e-05,3133440,11.953125,128.0,False
shared_e2e_rep_projected,44,42,6,0.00013471241982188076,0.020564666017889977,0.46392515301704407,22.559333208400183,189,encoder_output_representation,0.00013471241982188076,2.5704384825075977e-06,2.5704384825075977e-06,0.020564666017889977,0.9278503060340881,0.9278503060340881,False,0.0,2404352,9.171875,128.0,False
shared_e2e_rep_projected,44,42,6,-0.0006917539285495877,0.021974502131342888,0.3466528654098511,15.775231827228057,190,encoder_output_representation,-0.0006917539285495877,-1.0538904462009668e-05,-1.5006662579253316e-11,0.021974502131342888,0.6933057308197021,0.693305492401123,True,3.5762786865234375e-07,2785280,10.625,128.0,False
shared_e2e_rep_projected,44,42,6,0.0017449454171583056,0.01806594617664814,0.30274251103401184,16.757633841804186,191,encoder_output_representation,0.0017449454171583056,1.9087365217274055e-05,1.9087365217274055e-05,0.01806594617664814,0.6054850220680237,0.6054850220680237,False,0.0,2350080,8.96484375,128.0,False
shared_e2e_rep_projected,44,42,6,0.014393693767488003,0.025771981105208397,0.3560717701911926,13.816235885693406,192,encoder_output_representation,0.014393693767488003,0.00026417250046506524,0.00026417250046506524,0.025771981105208397,0.7121435403823853,0.7121435403823853,False,0.0,2396160,9.140625,128.0,False
shared_e2e_rep_projected,44,42,6,0.0006460222648456693,0.021040257066488266,0.23558570444583893,11.196902381058193,193,encoder_output_representation,0.0006460222648456693,6.404385203495622e-06,6.404385203495622e-06,0.021040257066488266,0.47117140889167786,0.47117140889167786,False,0.0,2420736,9.234375,128.0,False
shared_e2e_rep_projected,44,42,6,0.007591268513351679,0.01616401970386505,0.25600114464759827,15.837715453067945,194,encoder_output_representation,0.007591268513351679,6.282545655267313e-05,6.282545655267313e-05,0.01616401970386505,0.5120022892951965,0.5120022892951965,False,0.0,2350080,8.96484375,128.0,False
shared_e2e_rep_projected,44,42,6,-0.00975623819977045,0.026552338153123856,0.6637350916862488,24.997237074135448,195,encoder_output_representation,-0.00975623819977045,-0.00034388239146210253,-1.6007106751203537e-10,0.026552338153123856,1.3274701833724976,1.3274071216583252,True,4.750490188598633e-05,2396160,9.140625,128.0,False
shared_e2e_rep_projected,44,42,6,-0.004286857787519693,0.024546967819333076,0.45962515473365784,18.724314877361724,196,encoder_output_representation,-0.004286857787519693,-9.673212480265647e-05,-3.637978807091713e-11,0.024546967819333076,0.9192503094673157,0.9192419052124023,True,9.119510650634766e-06,2350080,8.96484375,128.0,False
shared_e2e_rep_projected,44,42,6,-0.0009032682864926755,0.015091547742486,0.36930450797080994,24.47094985036804,197,encoder_output_representation,-0.0009032682864926755,-1.00685083452845e-05,-7.275957614183426e-12,0.015091547742486,0.7386090159416199,0.738608717918396,True,4.172325134277344e-07,2785280,10.625,128.0,False
shared_e2e_rep_projected,44,42,6,-0.00010124015534529462,0.015685809776186943,0.27399319410324097,17.46758363213084,198,encoder_output_representation,-0.00010124015534529462,-8.702209015609697e-07,-1.8189894035458565e-12,0.015685809776186943,0.5479863882064819,0.5479863882064819,True,0.0,2350080,8.96484375,128.0,False
shared_e2e_rep_projected,44,42,6,0.00032241360167972744,0.02630702592432499,0.5804807543754578,22.065616844917155,199,encoder_output_representation,0.00032241360167972744,9.846977263805456e-06,9.846977263805456e-06,0.02630702592432499,1.1609615087509155,1.1609615087509155,False,0.0,2088960,7.96875,128.0,False
shared_e2e_rep_projected,44,42,7,0.015739740803837776,0.026725050061941147,0.4640238583087921,17.362880789121643,0,encoder_output_representation,0.015739740803837776,0.0003903789911419153,0.0003903789911419153,0.026725050061941147,0.9280477166175842,0.9280477166175842,False,0.0,2350080,8.96484375,128.0,False
shared_e2e_rep_projected,44,42,7,5.472195698530413e-05,0.035224296152591705,0.5844343304634094,16.59179584260929,1,encoder_output_representation,5.472195698530413e-05,2.253043930977583e-06,2.253043930977583e-06,0.035224296152591705,1.1688686609268188,1.1688686609268188,False,0.0,3525120,13.447265625,128.0,False
shared_e2e_rep_projected,44,42,7,0.002592321252450347,0.020069042220711708,0.25132501125335693,12.523019708134543,2,encoder_output_representation,0.002592321252450347,2.615057019283995e-05,2.615057019283995e-05,0.020069042220711708,0.5026500225067139,0.5026500225067139,False,0.0,2703360,10.3125,128.0,False
shared_e2e_rep_projected,44,42,7,0.007603134959936142,0.01875707134604454,0.31643784046173096,16.87032237729697,3,encoder_output_representation,0.007603134959936142,9.025601320900023e-05,9.025601320900023e-05,0.01875707134604454,0.6328756809234619,0.6328756809234619,False,0.0,2088960,7.96875,128.0,False
shared_e2e_rep_projected,44,42,7,0.0019137442577630281,0.020730681717395782,0.33579495549201965,16.197969756597214,4,encoder_output_representation,0.0019137442577630281,2.6644134777598083e-05,2.6644134777598083e-05,0.020730681717395782,0.6715899109840393,0.6715899109840393,False,0.0,2350080,8.96484375,128.0,False
shared_e2e_rep_projected,44,42,7,-0.0018812594935297966,0.022128701210021973,0.27790436148643494,12.558548233304064,5,encoder_output_representation,-0.0018812594935297966,-2.3138221877161413e-05,-1.546140993013978e-11,0.022128701210021973,0.5558087229728699,0.5558077096939087,True,1.8477439880371094e-06,3133440,11.953125,128.0,False
shared_e2e_rep_projected,44,42,7,0.013708517886698246,0.02901298739016056,0.21967366337776184,7.571563052905809,6,encoder_output_representation,0.013708517886698246,0.00017473944171797484,0.00017473944171797484,0.02901298739016056,0.4393473267555237,0.4393473267555237,False,0.0,2088960,7.96875,128.0,False
shared_e2e_rep_projected,44,42,7,-0.005420909728854895,0.01857607811689377,0.39749714732170105,21.398335257871388,7,encoder_output_representation,-0.005420909728854895,-8.005532436072826e-05,-1.0913936421275139e-11,0.01857607811689377,0.7949942946434021,0.7949826121330261,True,1.4722347259521484e-05,2350080,8.96484375,128.0,False
shared_e2e_rep_projected,44,42,7,0.0039017454255372286,0.017109019681811333,0.4092898368835449,23.922459877620142,8,encoder_output_representation,0.0039017454255372286,5.464431887958199e-05,5.464431887958199e-05,0.017109019681811333,0.8185796737670898,0.8185796737670898,False,0.0,2396160,9.140625,128.0,False
shared_e2e_rep_projected,44,42,7,-0.0005607368657365441,0.02037636935710907,0.5044873356819153,24.758450675900498,9,encoder_output_representation,-0.0005607368657365441,-1.1528323739184998e-05,-5.4569682106375694e-12,0.02037636935710907,1.0089746713638306,1.008974552154541,True,1.1920928955078125e-07,2350080,8.96484375,128.0,False
shared_e2e_rep_projected,44,42,7,-0.00808433536440134,0.025136295706033707,0.5582590699195862,22.209281608092393,10,encoder_output_representation,-0.00808433536440134,-0.00022688791796099395,-1.4551915228366852e-11,0.025136295706033707,1.1165181398391724,1.1164816617965698,True,3.266334533691406e-05,3133440,11.953125,128.0,False
shared_e2e_rep_projected,44,42,7,-0.0025349175557494164,0.011789454147219658,0.1714775413274765,14.544994126629396,11,encoder_output_representation,-0.0025349175557494164,-1.0249313163512852e-05,-5.002220859751105e-12,0.011789454147219658,0.342955082654953,0.34295400977134705,True,3.0994415283203125e-06,2350080,8.96484375,128.0,False
shared_e2e_rep_projected,44,42,7,-0.0027254887390881777,0.027044370770454407,0.49158427119255066,18.176953546636017,12,encoder_output_representation,-0.0027254887390881777,-7.246849418152124e-05,-1.4551915228366852e-11,0.027044370770454407,0.9831685423851013,0.9831647872924805,True,3.814697265625e-06,2350080,8.96484375,128.0,False
shared_e2e_rep_projected,44,42,7,0.0006289265584200621,0.05224732309579849,0.8543567061424255,16.352162283528155,13,encoder_output_representation,0.0006289265584200621,5.614785914076492e-05,5.614785914076492e-05,0.05224732309579849,1.708713412284851,1.708713412284851,False,0.0,2088960,7.96875,128.0,False
shared_e2e_rep_projected,44,42,7,0.013637273572385311,0.020385146141052246,0.4317013919353485,21.177252738256055,14,encoder_output_representation,0.013637273572385311,0.00024002409190870821,0.00024002409190870821,0.020385146141052246,0.863402783870697,0.863402783870697,False,0.0,3133440,11.953125,128.0,False
shared_e2e_rep_projected,44,42,7,0.0003466799098532647,0.022961577400565147,0.9925562143325806,43.22683050112015,15,encoder_output_representation,0.0003466799098532647,1.5802124835317954e-05,1.5802124835317954e-05,0.022961577400565147,1.9851124286651611,1.9851124286651611,False,0.0,2580480,9.84375,128.0,False
shared_e2e_rep_projected,44,42,7,-0.0043866438791155815,0.02200855314731598,0.3233863413333893,14.693666556305514,16,encoder_output_representation,-0.0043866438791155815,-6.244181713555008e-05,-1.2732925824820995e-11,0.02200855314731598,0.6467726826667786,0.6467664837837219,True,9.59634780883789e-06,2396160,9.140625,128.0,False
shared_e2e_rep_projected,44,42,7,0.007741264998912811,0.01861732266843319,0.3758658170700073,20.18903704705676,17,encoder_output_representation,0.007741264998912811,0.00010834078420884907,0.00010834078420884907,0.01861732266843319,0.7517316341400146,0.7517316341400146,False,0.0,2785280,10.625,128.0,False
shared_e2e_rep_projected,44,42,7,-0.0034108986146748066,0.015341181308031082,0.24932360649108887,16.25191707763524,18,encoder_output_representation,-0.0034108986146748066,-2.6092820917256176e-05,-1.9099388737231493e-11,0.015341181308031082,0.49864721298217773,0.49864432215690613,True,5.781650543212891e-06,2088960,7.96875,128.0,False
shared_e2e_rep_projected,44,42,7,0.008453518152236938,0.01654074341058731,0.3093808591365814,18.704168939502114,19,encoder_output_representation,0.008453518152236938,8.65198890096508e-05,8.65198890096508e-05,0.01654074341058731,0.6187617182731628,0.6187617182731628,False,0.0,2350080,8.96484375,128.0,False
shared_e2e_rep_projected,44,42,7,0.03084164299070835,0.027715718373656273,0.5857999920845032,21.136020513229948,20,encoder_output_representation,0.03084164299070835,0.0010014816652983427,0.0010014816652983427,0.027715718373656273,1.1715999841690063,1.1715999841690063,False,0.0,2350080,8.96484375,128.0,False
shared_e2e_rep_projected,44,42,7,-0.0008754404843784869,0.022717544808983803,0.3541758954524994,15.59041253931799,21,encoder_output_representation,-0.0008754404843784869,-1.4087599993217736e-05,-4.3655745685100555e-11,0.022717544808983803,0.7083517909049988,0.7083514928817749,True,4.172325134277344e-07,2350080,8.96484375,128.0,False
shared_e2e_rep_projected,44,42,7,0.003944579046219587,0.016805525869131088,0.28953391313552856,17.228494686224217,22,encoder_output_representation,0.003944579046219587,3.8386828236980364e-05,3.8386828236980364e-05,0.016805525869131088,0.5790678262710571,0.5790678262710571,False,0.0,2350080,8.96484375,128.0,False
shared_e2e_rep_projected,44,42,7,0.004057623911648989,0.01428916398435831,0.3392767012119293,23.7436354977324,23,encoder_output_representation,0.004057623911648989,3.9342565287370235e-05,3.9342565287370235e-05,0.01428916398435831,0.6785534024238586,0.6785534024238586,False,0.0,2088960,7.96875,128.0,False
shared_e2e_rep_projected,44,42,7,-0.003689242759719491,0.020591501146554947,0.3522636890411377,17.107236938870436,24,encoder_output_representation,-0.003689242759719491,-5.3520863730227575e-05,-2.000888343900442e-11,0.020591501146554947,0.7045273780822754,0.7045225501060486,True,6.854534149169922e-06,2088960,7.96875,128.0,False
shared_e2e_rep_projected,44,42,7,-0.00010805556667037308,0.01109600905328989,0.2186046838760376,19.70119912719635,25,encoder_output_representation,-0.00010805556667037308,-5.242077349976171e-07,-6.366462912410498e-12,0.01109600905328989,0.4372093677520752,0.4372093677520752,True,0.0,2396160,9.140625,128.0,False
shared_e2e_rep_projected,44,42,7,-0.0028909752145409584,0.02437642216682434,0.6264036893844604,25.697113591878104,26,encoder_output_representation,-0.0028909752145409584,-8.828737918520346e-05,-7.275957614183426e-12,0.02437642216682434,1.252807378768921,1.2528021335601807,True,4.172325134277344e-06,2350080,8.96484375,128.0,False
shared_e2e_rep_projected,44,42,7,-0.003912404179573059,0.019507449120283127,0.4067769944667816,20.852392947872918,27,encoder_output_representation,-0.003912404179573059,-6.209127604961395e-05,-2.9103830456733704e-11,0.019507449120283127,0.8135539889335632,0.8135477900505066,True,7.62939453125e-06,2088960,7.96875,128.0,False
shared_e2e_rep_projected,44,42,7,-0.004350824747234583,0.01840844191610813,0.3792118728160858,20.599889688885625,28,encoder_output_representation,-0.004350824747234583,-6.074360499042086e-05,-1.4551915228366852e-11,0.01840844191610813,0.7584237456321716,0.7584165930747986,True,9.417533874511719e-06,2135040,8.14453125,128.0,False
shared_e2e_rep_projected,44,42,7,4.372927651274949e-05,0.025450030341744423,0.6146105527877808,24.14969823354849,29,encoder_output_representation,4.372927651274949e-05,1.3680141819349956e-06,1.3680141819349956e-06,0.025450030341744423,1.2292211055755615,1.2292211055755615,False,0.0,2350080,8.96484375,128.0,False
shared_e2e_rep_projected,44,42,7,8.972868090495467e-05,0.01654515601694584,0.15410776436328888,9.314373597048526,30,encoder_output_representation,8.972868090495467e-05,4.5756905819871463e-07,4.5756905819871463e-07,0.01654515601694584,0.30821552872657776,0.30821552872657776,False,0.0,2350080,8.96484375,128.0,False
shared_e2e_rep_projected,44,42,7,-0.002874125726521015,0.01929433085024357,0.4254739582538605,22.051760258298327,31,encoder_output_representation,-0.002874125726521015,-4.718874697573483e-05,-1.8189894035458565e-12,0.01929433085024357,0.850947916507721,0.8509443402290344,True,4.231929779052734e-06,2088960,7.96875,128.0,False
shared_e2e_rep_projected,44,42,7,0.0012630829587578773,0.019050708040595055,0.2825241684913635,14.830113814632728,32,encoder_output_representation,0.0012630829587578773,1.3596545613836497e-05,1.3596545613836497e-05,0.019050708040595055,0.565048336982727,0.565048336982727,False,0.0,2785280,10.625,128.0,False
shared_e2e_rep_projected,44,42,7,0.0029146019369363785,0.02319427579641342,0.43866387009620667,18.912591794051107,33,encoder_output_representation,0.0029146019369363785,5.930917905061506e-05,5.930917905061506e-05,0.02319427579641342,0.8773277401924133,0.8773277401924133,False,0.0,2350080,8.96484375,128.0,False
shared_e2e_rep_projected,44,42,7,-0.003004757221788168,0.0252513624727726,0.3922477960586548,15.533727991176628,34,encoder_output_representation,-0.003004757221788168,-5.9522986703086644e-05,-9.094947017729282e-12,0.0252513624727726,0.7844955921173096,0.784492015838623,True,4.5299530029296875e-06,2088960,7.96875,128.0,False
shared_e2e_rep_projected,44,42,7,-0.000826045114081353,0.04309728369116783,0.58058100938797,13.47140607627092,35,encoder_output_representation,-0.000826045114081353,-4.133771653869189e-05,-9.094947017729282e-12,0.04309728369116783,1.16116201877594,1.1611615419387817,True,4.172325134277344e-07,3202560,12.216796875,128.0,False
shared_e2e_rep_projected,44,42,7,0.005564857739955187,0.020105445757508278,0.35496512055397034,17.655172873817552,36,encoder_output_representation,0.005564857739955187,7.942979573272169e-05,7.942979573272169e-05,0.020105445757508278,0.7099302411079407,0.7099302411079407,False,0.0,2088960,7.96875,128.0,False
shared_e2e_rep_projected,44,42,7,-0.0027517229318618774,0.021642738953232765,0.3832310736179352,17.7071430028357,37,encoder_output_representation,-0.0027517229318618774,-4.564651317195967e-05,-3.2741809263825417e-11,0.021642738953232765,0.7664621472358704,0.7664592862129211,True,3.7550926208496094e-06,2785280,10.625,128.0,False
shared_e2e_rep_projected,44,42,7,0.00034530364791862667,0.02738356776535511,0.6055426001548767,22.113356643066485,38,encoder_output_representation,0.00034530364791862667,1.1451593309175223e-05,1.1451593309175223e-05,0.02738356776535511,1.2110852003097534,1.2110852003097534,False,0.0,2350080,8.96484375,128.0,False
shared_e2e_rep_projected,44,42,7,-0.002038233680650592,0.025072811171412468,0.4414057433605194,17.604956234975425,39,encoder_output_representation,-0.002038233680650592,-4.511541555984877e-05,-1.0913936421275139e-11,0.025072811171412468,0.8828114867210388,0.8828096389770508,True,2.086162567138672e-06,2355200,8.984375,128.0,False
shared_e2e_rep_projected,44,42,7,-0.03076813742518425,0.018210118636488914,0.4250591993331909,23.341923675415792,40,encoder_output_representation,-0.03076813742518425,-0.00047631404595449567,-5.820766091346741e-11,0.018210118636488914,0.8501183986663818,0.8497158885002136,True,0.0004734992980957031,2350080,8.96484375,128.0,False
shared_e2e_rep_projected,44,42,7,0.0010759219294413924,0.055196814239025116,0.583827018737793,10.5771868682417,41,encoder_output_representation,0.0010759219294413924,6.934401608305052e-05,6.934401608305052e-05,0.055196814239025116,1.167654037475586,1.167654037475586,False,0.0,2420736,9.234375,128.0,False
shared_e2e_rep_projected,44,42,7,-0.0007996430504135787,0.01789020374417305,0.27768266201019287,15.521492431333312,42,encoder_output_representation,-0.0007996430504135787,-7.944932804093696e-06,-4.18367562815547e-11,0.01789020374417305,0.5553653240203857,0.5553652048110962,True,2.384185791015625e-07,2088960,7.96875,128.0,False
shared_e2e_rep_projected,44,42,7,-0.00044348635128699243,0.02701595425605774,0.654899001121521,24.241194477691796,43,encoder_output_representation,-0.00044348635128699243,-1.5692961824242957e-05,-3.637978807091713e-12,0.02701595425605774,1.309798002243042,1.3097978830337524,True,1.1920928955078125e-07,3133440,11.953125,128.0,False
shared_e2e_rep_projected,44,42,7,0.004981156904250383,0.018991997465491295,0.30508333444595337,16.063783443542142,44,encoder_output_representation,0.004981156904250383,5.772306030848995e-05,5.772306030848995e-05,0.018991997465491295,0.6101666688919067,0.6101666688919067,False,0.0,2785280,10.625,128.0,False
shared_e2e_rep_projected,44,42,7,0.0002292754506925121,0.028537625446915627,0.915127694606781,32.06740856239281,45,encoder_output_representation,0.0002292754506925121,1.1975319466728251e-05,1.1975319466728251e-05,0.028537625446915627,1.830255389213562,1.830255389213562,False,0.0,2611200,9.9609375,128.0,False
shared_e2e_rep_projected,44,42,7,-0.0057745398953557014,0.015522778034210205,0.3566552698612213,22.976252644674748,46,encoder_output_representation,-0.0057745398953557014,-6.393894727807492e-05,-1.9099388737231493e-11,0.015522778034210205,0.7133105397224426,0.7132986783981323,True,1.6629695892333984e-05,2350080,8.96484375,128.0,False
shared_e2e_rep_projected,44,42,7,0.0013759928988292813,0.019423218443989754,0.3910696804523468,20.13413387591066,47,encoder_output_representation,0.0013759928988292813,2.0903622498735785e-05,2.0903622498735785e-05,0.019423218443989754,0.7821393609046936,0.7821393609046936,False,0.0,2088960,7.96875,128.0,False
shared_e2e_rep_projected,44,42,7,0.010474646463990211,0.009181244298815727,0.10883205384016037,11.853736846344283,48,encoder_output_representation,0.010474646463990211,2.09328190976521e-05,2.09328190976521e-05,0.009181244298815727,0.21766410768032074,0.21766410768032074,False,0.0,2482176,9.46875,128.0,False
shared_e2e_rep_projected,44,42,7,0.003001624718308449,0.021138843148946762,0.5200654864311218,24.602362710517294,49,encoder_output_representation,0.003001624718308449,6.599722109967843e-05,6.599722109967843e-05,0.021138843148946762,1.0401309728622437,1.0401309728622437,False,0.0,2088960,7.96875,128.0,False
shared_e2e_rep_projected,44,42,7,0.0016100967768579721,0.017108561471104622,0.24942484498023987,14.578948990042448,50,encoder_output_representation,0.0016100967768579721,1.374153362121433e-05,1.374153362121433e-05,0.017108561471104622,0.49884968996047974,0.49884968996047974,False,0.0,2088960,7.96875,128.0,False
shared_e2e_rep_projected,44,42,7,0.0035505995620042086,0.022297298535704613,0.31832438707351685,14.276365657650622,51,encoder_output_representation,0.0035505995620042086,5.0402704800944775e-05,5.0402704800944775e-05,0.022297298535704613,0.6366487741470337,0.6366487741470337,False,0.0,2088960,7.96875,128.0,False
shared_e2e_rep_projected,44,42,7,-0.000386230181902647,0.028460487723350525,0.5773285031318665,20.2852638627902,52,encoder_output_representation,-0.000386230181902647,-1.269233507628087e-05,0.0,0.028460487723350525,1.154657006263733,1.1546568870544434,True,1.1920928955078125e-07,2396160,9.140625,128.0,False
shared_e2e_rep_projected,44,42,7,0.004286854527890682,0.026904817670583725,0.74771648645401,27.791174636783467,53,encoder_output_representation,0.004286854527890682,0.00017247880168724805,0.00017247880168724805,0.026904817670583725,1.49543297290802,1.49543297290802,False,0.0,3194880,12.1875,128.0,False
shared_e2e_rep_projected,44,42,7,-0.007208171300590038,0.01824571006000042,0.2704114019870758,14.820546917485633,54,encoder_output_representation,-0.007208171300590038,-7.112804451026022e-05,-2.9103830456733704e-11,0.01824571006000042,0.5408228039741516,0.5408087372779846,True,2.5987625122070312e-05,2785280,10.625,128.0,False
shared_e2e_rep_projected,44,42,7,-0.0007854835130274296,0.024271566420793533,0.34299230575561523,14.131444992432485,55,encoder_output_representation,-0.0007854835130274296,-1.3078238225716632e-05,-7.275957614183426e-12,0.024271566420793533,0.6859846115112305,0.6859843134880066,True,4.172325134277344e-07,3133440,11.953125,128.0,False
shared_e2e_rep_projected,44,42,7,0.0021067375782877207,0.026011621579527855,0.3682137131690979,14.155738504934126,56,encoder_output_representation,0.0021067375782877207,4.035597521578893e-05,4.035597521578893e-05,0.026011621579527855,0.7364274263381958,0.7364274263381958,False,0.0,2785280,10.625,128.0,False
shared_e2e_rep_projected,44,42,7,0.000983846839517355,0.03537096083164215,0.450715035200119,12.742516024527058,57,encoder_output_representation,0.000983846839517355,3.1369410862680525e-05,3.1369410862680525e-05,0.03537096083164215,0.901430070400238,0.901430070400238,False,0.0,2350080,8.96484375,128.0,False
shared_e2e_rep_projected,44,42,7,-0.0029419271741062403,0.018955232575535774,0.3977065682411194,20.981360511208504,58,encoder_output_representation,-0.0029419271741062403,-4.435614391695708e-05,-2.9103830456733704e-11,0.018955232575535774,0.7954131364822388,0.7954097390174866,True,4.291534423828125e-06,2088960,7.96875,128.0,False
shared_e2e_rep_projected,44,42,7,-0.020233752205967903,0.024736693128943443,0.42921194434165955,17.3512256510736,59,encoder_output_representation,-0.020233752205967903,-0.0004296549886930734,-8.731149137020111e-11,0.024736693128943443,0.8584238886833191,0.8582481741905212,True,0.0002046823501586914,2088960,7.96875,128.0,False
shared_e2e_rep_projected,44,42,7,-0.004549278412014246,0.020438723266124725,0.27340808510780334,13.376964967325122,60,encoder_output_representation,-0.004549278412014246,-5.0843758799601346e-05,-1.6370904631912708e-11,0.020438723266124725,0.5468161702156067,0.546810507774353,True,1.0371208190917969e-05,2088960,7.96875,128.0,False
shared_e2e_rep_projected,44,42,7,0.015741562470793724,0.02265843003988266,0.5337430834770203,23.55604878791436,61,encoder_output_representation,0.015741562470793724,0.00038075001793913543,0.00038075001793913543,0.02265843003988266,1.0674861669540405,1.0674861669540405,False,0.0,2027520,7.734375,128.0,False
shared_e2e_rep_projected,44,42,7,0.0002312430297024548,0.02554934471845627,0.6127462983131409,23.98285768442847,62,encoder_output_representation,0.0002312430297024548,7.240342256409349e-06,7.240342256409349e-06,0.02554934471845627,1.2254925966262817,1.2254925966262817,False,0.0,2350080,8.96484375,128.0,False
shared_e2e_rep_projected,44,42,7,0.0065894462168216705,0.015831096097826958,0.19201146066188812,12.128753402504103,63,encoder_output_representation,0.0065894462168216705,4.006056406069547e-05,4.006056406069547e-05,0.015831096097826958,0.38402292132377625,0.38402292132377625,False,0.0,2088960,7.96875,128.0,False
shared_e2e_rep_projected,44,42,7,0.002307391492649913,0.025067400187253952,0.28866031765937805,11.51536719017848,64,encoder_output_representation,0.002307391492649913,3.3392403565812856e-05,3.3392403565812856e-05,0.025067400187253952,0.5773206353187561,0.5773206353187561,False,0.0,3018752,11.515625,128.0,False
shared_e2e_rep_projected,44,42,7,-0.025767074897885323,0.027064699679613113,0.783543586730957,28.95075858983844,65,encoder_output_representation,-0.025767074897885323,-0.0010928523261100054,-1.7462298274040222e-10,0.027064699679613113,1.567087173461914,1.566566824913025,True,0.00033205747604370117,2670592,10.1875,128.0,False
shared_e2e_rep_projected,44,42,7,0.001746975351125002,0.023135768249630928,0.3190538287162781,13.79050072051823,66,encoder_output_representation,0.001746975351125002,2.5790792278712615e-05,2.5790792278712615e-05,0.023135768249630928,0.6381076574325562,0.6381076574325562,False,0.0,2785280,10.625,128.0,False
shared_e2e_rep_projected,44,42,7,0.0003889123327098787,0.026003358885645866,0.7009165287017822,26.954845786814705,67,encoder_output_representation,0.0003889123327098787,1.417677503923187e-05,1.417677503923187e-05,0.026003358885645866,1.4018330574035645,1.4018330574035645,False,0.0,2350080,8.96484375,128.0,False
shared_e2e_rep_projected,44,42,7,-0.00021835413645021617,0.021459147334098816,0.515629768371582,24.028436933849687,68,encoder_output_representation,-0.00021835413645021617,-4.8321662688977085e-06,-1.4551915228366852e-11,0.021459147334098816,1.031259536743164,1.031259536743164,True,0.0,2088960,7.96875,128.0,False
shared_e2e_rep_projected,44,42,7,0.007844610139727592,0.026527447625994682,0.3414030969142914,12.86980570945487,69,encoder_output_representation,0.007844610139727592,0.00014209024084266275,0.00014209024084266275,0.026527447625994682,0.6828061938285828,0.6828061938285828,False,0.0,2350080,8.96484375,128.0,False
shared_e2e_rep_projected,44,42,7,-0.009132569655776024,0.023396754637360573,0.3921334445476532,16.76016398964512,70,encoder_output_representation,-0.009132569655776024,-0.00016757626144681126,-4.3655745685100555e-11,0.023396754637360573,0.7842668890953064,0.7842341661453247,True,4.172325134277344e-05,2088960,7.96875,128.0,False
shared_e2e_rep_projected,44,42,7,0.00450660428032279,0.026092924177646637,0.3265739381313324,12.5158045111365,71,encoder_output_representation,0.00450660428032279,7.680397538933903e-05,7.680397538933903e-05,0.026092924177646637,0.6531478762626648,0.6531478762626648,False,0.0,2785280,10.625,128.0,False
shared_e2e_rep_projected,44,42,7,-0.0020125708542764187,0.016598323360085487,0.36480528116226196,21.978441632214537,72,encoder_output_representation,-0.0020125708542764187,-2.4372860934818164e-05,-3.637978807091713e-11,0.016598323360085487,0.7296105623245239,0.7296090722084045,True,2.0265579223632812e-06,2350080,8.96484375,128.0,False
shared_e2e_rep_projected,44,42,7,-0.001960296416655183,0.01967272348701954,0.2847852110862732,14.476145678262608,73,encoder_output_representation,-0.001960296416655183,-2.196512468799483e-05,-2.3646862246096134e-11,0.01967272348701954,0.5695704221725464,0.5695693492889404,True,1.9073486328125e-06,2088960,7.96875,128.0,False
shared_e2e_rep_projected,44,42,7,-0.0018288249848410487,0.022873474285006523,0.33544793725013733,14.66536884910493,74,encoder_output_representation,-0.0018288249848410487,-2.8064636353519745e-05,-3.0468072509393096e-11,0.022873474285006523,0.6708958745002747,0.6708947420120239,True,1.6689300537109375e-06,3993600,15.234375,128.0,False
shared_e2e_rep_projected,44,42,7,-0.0016229116590693593,0.02404315210878849,0.3021751046180725,12.568031980616155,75,encoder_output_representation,-0.0016229116590693593,-2.3581691493745893e-05,-1.4551915228366852e-11,0.02404315210878849,0.604350209236145,0.6043494343757629,True,1.3113021850585938e-06,3239424,12.357421875,128.0,False
shared_e2e_rep_projected,44,42,7,0.0008341931970790029,0.013753773644566536,0.13682635128498077,9.948277092595193,76,encoder_output_representation,0.0008341931970790029,3.139700766041642e-06,3.139700766041642e-06,0.013753773644566536,0.27365270256996155,0.27365270256996155,False,0.0,3202560,12.216796875,128.0,False
shared_e2e_rep_projected,44,42,7,-0.017179474234580994,0.023241063579916954,0.4571402072906494,19.669504612761052,77,encoder_output_representation,-0.017179474234580994,-0.0003650440485216677,0.0,0.023241063579916954,0.9142804145812988,0.9141455292701721,True,0.0001475214958190918,2350080,8.96484375,128.0,False
shared_e2e_rep_projected,44,42,7,-3.9131176890805364e-05,0.017461085692048073,0.3255975544452667,18.647039490422216,78,encoder_output_representation,-3.9131176890805364e-05,-4.449439074960537e-07,-1.1823431123048067e-11,0.017461085692048073,0.6511951088905334,0.6511951088905334,True,0.0,2088960,7.96875,128.0,False
shared_e2e_rep_projected,44,42,7,0.0004421487101353705,0.02782091498374939,0.48380187153816223,17.389861973294483,79,encoder_output_representation,0.0004421487101353705,1.1902476217073854e-05,1.1902476217073854e-05,0.02782091498374939,0.9676037430763245,0.9676037430763245,False,0.0,2088960,7.96875,128.0,False
shared_e2e_rep_projected,44,42,7,0.03353219851851463,0.030221175402402878,0.6231353878974915,20.61916452951549,80,encoder_output_representation,0.03353219851851463,0.0012629489647224545,0.0012629489647224545,0.030221175402402878,1.246270775794983,1.246270775794983,False,0.0,2325504,8.87109375,128.0,False
shared_e2e_rep_projected,44,42,7,-0.00021934194955974817,0.01963159255683422,0.5560460686683655,28.324042843625172,81,encoder_output_representation,-0.00021934194955974817,-4.788704245584086e-06,-1.4551915228366852e-11,0.01963159255683422,1.112092137336731,1.1120920181274414,True,1.1920928955078125e-07,2088960,7.96875,128.0,False
shared_e2e_rep_projected,44,42,7,0.001898853573948145,0.026839910075068474,0.556519627571106,20.73477988616868,82,encoder_output_representation,0.001898853573948145,5.672611223417334e-05,5.672611223417334e-05,0.026839910075068474,1.113039255142212,1.113039255142212,False,0.0,2350080,8.96484375,128.0,False
shared_e2e_rep_projected,44,42,7,-0.009532485157251358,0.021362237632274628,0.46267789602279663,21.6586812667869,83,encoder_output_representation,-0.009532485157251358,-0.000188435020390898,-5.820766091346741e-11,0.021362237632274628,0.9253557920455933,0.9253137707710266,True,4.5418739318847656e-05,2088960,7.96875,128.0,False
shared_e2e_rep_projected,44,42,7,0.006564656272530556,0.01895582675933838,0.4342696964740753,22.90956242571362,84,encoder_output_representation,0.006564656272530556,0.00010807972284965217,0.00010807972284965217,0.01895582675933838,0.8685393929481506,0.8685393929481506,False,0.0,2350080,8.96484375,128.0,False
shared_e2e_rep_projected,44,42,7,-0.0004936845507472754,0.018311716616153717,0.23530593514442444,12.850020567533731,85,encoder_output_representation,-0.0004936845507472754,-4.2544311327219475e-06,-1.1368683772161603e-11,0.018311716616153717,0.4706118702888489,0.4706118106842041,True,1.1920928955078125e-07,2350080,8.96484375,128.0,False
shared_e2e_rep_projected,44,42,7,-0.006356795784085989,0.017644228413701057,0.25275731086730957,14.325211901645924,86,encoder_output_representation,-0.006356795784085989,-5.6698900152696297e-05,-3.637978807091713e-11,0.017644228413701057,0.5055146217346191,0.5055043697357178,True,2.0265579223632812e-05,2088960,7.96875,128.0,False
shared_e2e_rep_projected,44,42,7,0.011546647176146507,0.01352596003562212,0.16514438390731812,12.20943899526481,87,encoder_output_representation,0.011546647176146507,5.158433486940339e-05,5.158433486940339e-05,0.01352596003562212,0.33028876781463623,0.33028876781463623,False,0.0,2088960,7.96875,128.0,False
shared_e2e_rep_projected,44,42,7,-0.0004505073302425444,0.026038380339741707,0.6279860138893127,24.117706466205732,88,encoder_output_representation,-0.0004505073302425444,-1.4733156604052056e-05,-6.366462912410498e-12,0.026038380339741707,1.2559720277786255,1.255971908569336,True,1.1920928955078125e-07,2785280,10.625,128.0,False
shared_e2e_rep_projected,44,42,7,0.0020620336290448904,0.02554224245250225,0.4244804382324219,16.618761607238504,89,encoder_output_representation,0.0020620336290448904,4.471388820093125e-05,4.471388820093125e-05,0.02554224245250225,0.8489608764648438,0.8489608764648438,False,0.0,2088960,7.96875,128.0,False
shared_e2e_rep_projected,44,42,7,0.0003316961519885808,0.031058764085173607,0.3729046881198883,12.006423922640897,90,encoder_output_representation,0.0003316961519885808,7.683382136747241e-06,7.683382136747241e-06,0.031058764085173607,0.7458093762397766,0.7458093762397766,False,0.0,2088960,7.96875,128.0,False
shared_e2e_rep_projected,44,42,7,0.010512502864003181,0.01982506550848484,0.48232343792915344,24.32897070240328,91,encoder_output_representation,0.010512502864003181,0.00020104307623114437,0.00020104307623114437,0.01982506550848484,0.9646468758583069,0.9646468758583069,False,0.0,2785280,10.625,128.0,False
shared_e2e_rep_projected,44,42,7,-0.002565911505371332,0.01977257803082466,0.3682657480239868,18.625074962398692,92,encoder_output_representation,-0.002565911505371332,-3.7367692129919305e-05,-5.4569682106375694e-12,0.01977257803082466,0.7365314960479736,0.7365291118621826,True,3.2186508178710938e-06,2350080,8.96484375,128.0,False
shared_e2e_rep_projected,44,42,7,-0.0012883885065093637,0.026675036177039146,0.6029477119445801,22.603444956658556,93,encoder_output_representation,-0.0012883885065093637,-4.144398553762585e-05,-6.366462912410498e-12,0.026675036177039146,1.2058954238891602,1.2058943510055542,True,8.940696716308594e-07,2355200,8.984375,128.0,False
shared_e2e_rep_projected,44,42,7,-0.015953490510582924,0.028237346559762955,0.4222590923309326,14.953922509582904,94,encoder_output_representation,-0.015953490510582924,-0.00038044212851673365,-4.3655745685100555e-11,0.028237346559762955,0.8445181846618652,0.8444107174873352,True,0.00012725591659545898,2396160,9.140625,128.0,False
shared_e2e_rep_projected,44,42,7,-0.049569979310035706,0.032029714435338974,0.9778218269348145,30.528583978131433,95,encoder_output_representation,-0.049569979310035706,-0.003104999428614974,-1.1641532182693481e-10,0.032029714435338974,1.955643653869629,1.9532394409179688,True,0.0012293457984924316,3018752,11.515625,128.0,False
shared_e2e_rep_projected,44,42,7,0.00482092285528779,0.015352475456893444,0.30065539479255676,19.583512485444743,96,encoder_output_representation,0.00482092285528779,4.450487540452741e-05,4.450487540452741e-05,0.015352475456893444,0.6013107895851135,0.6013107895851135,False,0.0,2088960,7.96875,128.0,False
shared_e2e_rep_projected,44,42,7,0.0009329773019999266,0.01746264658868313,0.3660784959793091,20.963517421039175,97,encoder_output_representation,0.0009329773019999266,1.1928486856049858e-05,1.1928486856049858e-05,0.01746264658868313,0.7321569919586182,0.7321569919586182,False,0.0,2350080,8.96484375,128.0,False
shared_e2e_rep_projected,44,42,7,0.009144417941570282,0.01553139928728342,0.26847726106643677,17.28609612697658,98,encoder_output_representation,0.009144417941570282,7.626129081472754e-05,7.626129081472754e-05,0.01553139928728342,0.5369545221328735,0.5369545221328735,False,0.0,2088960,7.96875,128.0,False
shared_e2e_rep_projected,44,42,7,-0.007977421395480633,0.03410414606332779,0.5820381045341492,17.066491078632083,99,encoder_output_representation,-0.007977421395480633,-0.00031670223688706756,-7.275957614183426e-11,0.03410414606332779,1.1640762090682983,1.164039134979248,True,3.1828880310058594e-05,2088960,7.96875,128.0,False
shared_e2e_rep_projected,44,42,7,0.014912149868905544,0.024616340175271034,0.5530235171318054,22.46570827321273,100,encoder_output_representation,0.014912149868905544,0.0004060105711687356,0.0004060105711687356,0.024616340175271034,1.1060470342636108,1.1060470342636108,False,0.0,3665408,13.982421875,128.0,False
shared_e2e_rep_projected,44,42,7,0.003671294776722789,0.017324697226285934,0.2449852079153061,14.140807467827013,101,encoder_output_representation,0.003671294776722789,3.1164112442638725e-05,3.1164112442638725e-05,0.017324697226285934,0.4899704158306122,0.4899704158306122,False,0.0,2350080,8.96484375,128.0,False
shared_e2e_rep_projected,44,42,7,0.004275838378816843,0.028786884620785713,0.5434737801551819,18.879214868661542,102,encoder_output_representation,0.004275838378816843,0.00013379027950577438,0.00013379027950577438,0.028786884620785713,1.0869475603103638,1.0869475603103638,False,0.0,2785280,10.625,128.0,False
shared_e2e_rep_projected,44,42,7,0.006014193873852491,0.011563517153263092,0.20464640855789185,17.697591990871306,103,encoder_output_representation,0.006014193873852491,2.8464364731917158e-05,2.8464364731917158e-05,0.011563517153263092,0.4092928171157837,0.4092928171157837,False,0.0,2088960,7.96875,128.0,False
shared_e2e_rep_projected,44,42,7,0.0133759630843997,0.021807244047522545,0.24056684970855713,11.031510867870862,104,encoder_output_representation,0.0133759630843997,0.0001403432834194973,0.0001403432834194973,0.021807244047522545,0.48113369941711426,0.48113369941711426,False,0.0,2088960,7.96875,128.0,False
shared_e2e_rep_projected,44,42,7,0.007746818941086531,0.018047740682959557,0.4125622510910034,22.859495730706026,105,encoder_output_representation,0.007746818941086531,0.00011536278179846704,0.00011536278179846704,0.018047740682959557,0.8251245021820068,0.8251245021820068,False,0.0,3594240,13.7109375,128.0,False
shared_e2e_rep_projected,44,42,7,0.00019808710203506052,0.016279853880405426,0.28586044907569885,17.559153243983534,106,encoder_output_representation,0.00019808710203506052,1.8437021935824305e-06,1.8437021935824305e-06,0.016279853880405426,0.5717208981513977,0.5717208981513977,False,0.0,2088960,7.96875,128.0,False
shared_e2e_rep_projected,44,42,7,0.0015390244079753757,0.035000279545784,0.7681766748428345,21.947729698500826,107,encoder_output_representation,0.0015390244079753757,8.275764412246644e-05,8.275764412246644e-05,0.035000279545784,1.536353349685669,1.536353349685669,False,0.0,2350080,8.96484375,128.0,False
shared_e2e_rep_projected,44,42,7,8.12040307209827e-05,0.011362818069756031,0.1809895783662796,15.928229885860137,108,encoder_output_representation,8.12040307209827e-05,3.3400056054233573e-07,3.3400056054233573e-07,0.011362818069756031,0.3619791567325592,0.3619791567325592,False,0.0,2350080,8.96484375,128.0,False
shared_e2e_rep_projected,44,42,7,-0.009632852859795094,0.024791844189167023,0.4028167426586151,16.247953947477164,109,encoder_output_representation,-0.009632852859795094,-0.00019239832181483507,-7.275957614183426e-11,0.024791844189167023,0.8056334853172302,0.805596113204956,True,4.6372413635253906e-05,2350080,8.96484375,128.0,False
shared_e2e_rep_projected,44,42,7,0.0025022157933562994,0.01690373383462429,0.16605603694915771,9.823630599827682,110,encoder_output_representation,0.0025022157933562994,1.4047274817130528e-05,1.4047274817130528e-05,0.01690373383462429,0.33211207389831543,0.33211207389831543,False,0.0,3133440,11.953125,128.0,False
shared_e2e_rep_projected,44,42,7,-0.004195584915578365,0.021093763411045074,0.4030785858631134,19.108898588103735,111,encoder_output_representation,-0.004195584915578365,-7.134545739972964e-05,-5.093170329928398e-11,0.021093763411045074,0.8061571717262268,0.8061500191688538,True,8.881092071533203e-06,2088960,7.96875,128.0,False
shared_e2e_rep_projected,44,42,7,0.0014993963995948434,0.02541888877749443,0.5094056129455566,20.04043596888382,112,encoder_output_representation,0.0014993963995948434,3.882994133164175e-05,3.882994133164175e-05,0.02541888877749443,1.0188112258911133,1.0188112258911133,False,0.0,2879488,10.984375,128.0,False
shared_e2e_rep_projected,44,42,7,-0.00045520634739659727,0.024158570915460587,0.5333048701286316,22.07518284069263,113,encoder_output_representation,-0.00045520634739659727,-1.1729651305358857e-05,-8.640199666842818e-12,0.024158570915460587,1.0666097402572632,1.0666097402572632,True,0.0,3525120,13.447265625,128.0,False
shared_e2e_rep_projected,44,42,7,0.021798478439450264,0.02058766409754753,0.2317976951599121,11.259057562898775,114,encoder_output_representation,0.021798478439450264,0.0002080522244796157,0.0002080522244796157,0.02058766409754753,0.4635953903198242,0.4635953903198242,False,0.0,2396160,9.140625,128.0,False
shared_e2e_rep_projected,44,42,7,-0.002391388174146414,0.01621350646018982,0.23593932390213013,14.552023307323978,115,encoder_output_representation,-0.002391388174146414,-1.82960502570495e-05,-1.8189894035458565e-12,0.01621350646018982,0.47187864780426025,0.4718773066997528,True,2.86102294921875e-06,2088960,7.96875,128.0,False
shared_e2e_rep_projected,44,42,7,0.004550404381006956,0.0263542328029871,0.5215626955032349,19.790471587703315,116,encoder_output_representation,0.004550404381006956,0.00012509411317296326,0.00012509411317296326,0.0263542328029871,1.0431253910064697,1.0431253910064697,False,0.0,3133440,11.953125,128.0,False
shared_e2e_rep_projected,44,42,7,-0.004277500323951244,0.012757797725498676,0.18607300519943237,14.585041180542715,117,encoder_output_representation,-0.004277500323951244,-2.0308560124249198e-05,-1.000444171950221e-11,0.012757797725498676,0.37214601039886475,0.37214258313179016,True,9.238719940185547e-06,2611200,9.9609375,128.0,False
shared_e2e_rep_projected,44,42,7,-9.497263818047941e-05,0.02252093516290188,0.4892633259296417,21.724822810004436,118,encoder_output_representation,-9.497263818047941e-05,-2.092943759635091e-06,4.547473508864641e-13,0.02252093516290188,0.9785266518592834,0.9785266518592834,True,0.0,2396160,9.140625,128.0,False
shared_e2e_rep_projected,44,42,7,0.0017436916241422296,0.016581766307353973,0.24812288582324982,14.963598040409478,119,encoder_output_representation,0.0017436916241422296,1.4348196600622032e-05,1.4348196600622032e-05,0.016581766307353973,0.49624577164649963,0.49624577164649963,False,0.0,2785280,10.625,128.0,False
shared_e2e_rep_projected,44,42,7,0.00806267186999321,0.0296332910656929,0.674283504486084,22.75425645404322,120,encoder_output_representation,0.00806267186999321,0.0003222043451387435,0.0003222043451387435,0.0296332910656929,1.348567008972168,1.348567008972168,False,0.0,2350080,8.96484375,128.0,False
shared_e2e_rep_projected,44,42,7,-0.0001056064575095661,0.015567808412015438,0.20614834129810333,13.241962891770646,121,encoder_output_representation,-0.0001056064575095661,-6.778409442631528e-07,-8.185452315956354e-12,0.015567808412015438,0.41229668259620667,0.4122966229915619,True,1.1920928955078125e-07,2350080,8.96484375,128.0,False
shared_e2e_rep_projected,44,42,7,0.00025618274230509996,0.01490358542650938,0.22479091584682465,15.08300918294355,122,encoder_output_representation,0.00025618274230509996,1.7165220924653113e-06,1.7165220924653113e-06,0.01490358542650938,0.4495818316936493,0.4495818316936493,False,0.0,2088960,7.96875,128.0,False
shared_e2e_rep_projected,44,42,7,0.002161539625376463,0.02184137888252735,0.37258440256118774,17.0586483831956,123,encoder_output_representation,0.002161539625376463,3.5180168197257444e-05,3.5180168197257444e-05,0.02184137888252735,0.7451688051223755,0.7451688051223755,False,0.0,2350080,8.96484375,128.0,False
shared_e2e_rep_projected,44,42,7,0.0127693060785532,0.015190903097391129,0.33419910073280334,21.99994948227919,124,encoder_output_representation,0.0127693060785532,0.00012965407222509384,0.00012965407222509384,0.015190903097391129,0.6683982014656067,0.6683982014656067,False,0.0,2135040,8.14453125,128.0,False
shared_e2e_rep_projected,44,42,7,-0.0013111940352246165,0.017494216561317444,0.4025864005088806,23.012542407818625,125,encoder_output_representation,-0.0013111940352246165,-1.8469305359758437e-05,-2.2737367544323206e-12,0.017494216561317444,0.8051728010177612,0.8051720261573792,True,9.5367431640625e-07,2457600,9.375,128.0,False
shared_e2e_rep_projected,44,42,7,-0.00025473980349488556,0.034871455281972885,0.5613186955451965,16.096795817849774,126,encoder_output_representation,-0.00025473980349488556,-9.97255392576335e-06,-5.4569682106375694e-12,0.034871455281972885,1.122637391090393,1.1226372718811035,True,1.1920928955078125e-07,3396096,12.955078125,128.0,False
shared_e2e_rep_projected,44,42,7,-0.0010304378811269999,0.023847777396440506,0.36528363823890686,15.317303250802262,127,encoder_output_representation,-0.0010304378811269999,-1.7952706912183203e-05,-7.958078640513122e-12,0.023847777396440506,0.7305672764778137,0.7305668592453003,True,5.960464477539062e-07,3276800,12.5,128.0,False
shared_e2e_rep_projected,44,42,7,-0.011534749530255795,0.027271108701825142,1.0071455240249634,36.93086097220387,128,encoder_output_representation,-0.011534749530255795,-0.0006336263031698763,-2.6193447411060333e-10,0.027271108701825142,2.0142910480499268,2.0141570568084717,True,6.651878356933594e-05,2713088,10.349609375,128.0,False
shared_e2e_rep_projected,44,42,7,0.005830307956784964,0.021475087851285934,0.4202927052974701,19.571175131295345,129,encoder_output_representation,0.005830307956784964,0.0001052466468536295,0.0001052466468536295,0.021475087851285934,0.8405854105949402,0.8405854105949402,False,0.0,2396160,9.140625,128.0,False
shared_e2e_rep_projected,44,42,7,-0.000615073658991605,0.017707202583551407,0.4797016680240631,27.09076522734698,130,encoder_output_representation,-0.000615073658991605,-1.0449086403241381e-05,-3.1377567211166024e-11,0.017707202583551407,0.9594033360481262,0.9594031572341919,True,1.7881393432617188e-07,2088960,7.96875,128.0,False
shared_e2e_rep_projected,44,42,7,-0.005917091853916645,0.022382475435733795,0.4775007963180542,21.333690176007988,131,encoder_output_representation,-0.005917091853916645,-0.0001264796155737713,-2.000888343900442e-11,0.022382475435733795,0.9550015926361084,0.9549849033355713,True,1.7464160919189453e-05,2350080,8.96484375,128.0,False
shared_e2e_rep_projected,44,42,7,0.0007226414163596928,0.025287030264735222,0.724990963935852,28.67046688938043,132,encoder_output_representation,0.0007226414163596928,2.6496179998503067e-05,2.6496179998503067e-05,0.025287030264735222,1.449981927871704,1.449981927871704,False,0.0,3194880,12.1875,128.0,False
shared_e2e_rep_projected,44,42,7,0.007250901311635971,0.0340663306415081,0.6495131850242615,19.066132829488318,133,encoder_output_representation,0.007250901311635971,0.00032087459112517536,0.00032087459112517536,0.0340663306415081,1.299026370048523,1.299026370048523,False,0.0,2350080,8.96484375,128.0,False
shared_e2e_rep_projected,44,42,7,0.0001753005344653502,0.03831471875309944,0.7139017581939697,18.632572061780284,134,encoder_output_representation,0.0001753005344653502,9.589972250978462e-06,9.589972250978462e-06,0.03831471875309944,1.4278035163879395,1.4278035163879395,False,0.0,3594240,13.7109375,128.0,False
shared_e2e_rep_projected,44,42,7,0.0009220947395078838,0.029207149520516396,0.46957963705062866,16.077557884269915,135,encoder_output_representation,0.0009220947395078838,2.5293211365351453e-05,2.5293211365351453e-05,0.029207149520516396,0.9391592741012573,0.9391592741012573,False,0.0,2350080,8.96484375,128.0,False
shared_e2e_rep_projected,44,42,7,-0.002776318695396185,0.02660224214196205,0.5415018200874329,20.355495495369336,136,encoder_output_representation,-0.002776318695396185,-7.998663932085037e-05,-1.2369127944111824e-10,0.02660224214196205,1.0830036401748657,1.0829994678497314,True,3.874301910400391e-06,2088960,7.96875,128.0,False
shared_e2e_rep_projected,44,42,7,0.00348293618299067,0.019152820110321045,0.28213441371917725,14.73069825195826,137,encoder_output_representation,0.00348293618299067,3.764127177419141e-05,3.764127177419141e-05,0.019152820110321045,0.5642688274383545,0.5642688274383545,False,0.0,3100672,11.828125,128.0,False
shared_e2e_rep_projected,44,42,7,-0.00016606161079835147,0.02501521073281765,0.3859153389930725,15.427227182491299,138,encoder_output_representation,-0.00016606161079835147,-3.2062357604445424e-06,-1.2505552149377763e-12,0.02501521073281765,0.771830677986145,0.771830677986145,True,0.0,2482176,9.46875,128.0,False
shared_e2e_rep_projected,44,42,7,-0.0001513278839411214,0.028634650632739067,0.4832492470741272,16.87638006386606,139,encoder_output_representation,-0.0001513278839411214,-4.18805166191305e-06,2.2737367544323206e-13,0.028634650632739067,0.9664984941482544,0.9664984941482544,True,0.0,2396160,9.140625,128.0,False
shared_e2e_rep_projected,44,42,7,-0.006794787477701902,0.03122328780591488,0.377177357673645,12.080001312424033,140,encoder_output_representation,-0.006794787477701902,-0.00016004058124963194,-7.275957614183426e-12,0.03122328780591488,0.75435471534729,0.7543373107910156,True,2.3066997528076172e-05,3100672,11.828125,128.0,False
shared_e2e_rep_projected,44,42,7,0.001985334325581789,0.014580650255084038,0.19153530895709991,13.136266600340038,141,encoder_output_representation,0.001985334325581789,1.108892320189625e-05,1.108892320189625e-05,0.014580650255084038,0.38307061791419983,0.38307061791419983,False,0.0,2088960,7.96875,128.0,False
shared_e2e_rep_projected,44,42,7,-0.011253682896494865,0.02691500261425972,0.5826553106307983,21.647975256822168,142,encoder_output_representation,-0.011253682896494865,-0.0003529642999637872,1.4551915228366852e-11,0.02691500261425972,1.1653106212615967,1.1652368307113647,True,6.330013275146484e-05,2088960,7.96875,128.0,False
shared_e2e_rep_projected,44,42,7,-0.0011233853874728084,0.024478929117321968,0.4032077193260193,16.471624121853367,143,encoder_output_representation,-0.0011233853874728084,-2.2175838239490986e-05,-1.1368683772161603e-11,0.024478929117321968,0.8064154386520386,0.8064150214195251,True,5.364418029785156e-07,2088960,7.96875,128.0,False
shared_e2e_rep_projected,44,42,7,-0.008496723137795925,0.017846431583166122,0.31344830989837646,17.563640576418685,144,encoder_output_representation,-0.008496723137795925,-9.506021160632372e-05,-3.637978807091713e-11,0.017846431583166122,0.6268966197967529,0.6268740296363831,True,3.606081008911133e-05,2396160,9.140625,128.0,False
shared_e2e_rep_projected,44,42,7,-0.03771496191620827,0.03365127742290497,0.6067959666252136,18.0318850603928,145,encoder_output_representation,-0.03771496191620827,-0.001540238270536065,-1.1641532182693481e-10,0.03365127742290497,1.2135919332504272,1.2127283811569214,True,0.0007115602493286133,2350080,8.96484375,128.0,False
shared_e2e_rep_projected,44,42,7,4.8145779146580026e-05,0.026534058153629303,0.6546652317047119,24.672638761635014,146,encoder_output_representation,4.8145779146580026e-05,1.6726735339034349e-06,1.6726735339034349e-06,0.026534058153629303,1.3093304634094238,1.3093304634094238,False,0.0,2396160,9.140625,128.0,False
shared_e2e_rep_projected,44,42,7,0.006544452626258135,0.02776489593088627,0.8284776210784912,29.839032105172592,147,encoder_output_representation,0.006544452626258135,0.0003010787768289447,0.0003010787768289447,0.02776489593088627,1.6569552421569824,1.6569552421569824,False,0.0,2549760,9.7265625,128.0,False
shared_e2e_rep_projected,44,42,7,-0.005515098571777344,0.016001224517822266,0.17915482819080353,11.196319881097834,148,encoder_output_representation,-0.005515098571777344,-3.1620227673556656e-05,-3.637978807091713e-12,0.016001224517822266,0.35830965638160706,0.3583042025566101,True,1.519918441772461e-05,3133440,11.953125,128.0,False
shared_e2e_rep_projected,44,42,7,-0.00889483094215393,0.030746351927518845,0.4748855233192444,15.445264024777149,149,encoder_output_representation,-0.00889483094215393,-0.00025974682648666203,-7.275957614183426e-11,0.030746351927518845,0.9497710466384888,0.9497334361076355,True,3.9577484130859375e-05,3488256,13.306640625,128.0,False
shared_e2e_rep_projected,44,42,7,0.002747987164184451,0.01911870390176773,0.2627438008785248,13.742762178257871,150,encoder_output_representation,0.002747987164184451,2.7608044547378086e-05,2.7608044547378086e-05,0.01911870390176773,0.5254876017570496,0.5254876017570496,False,0.0,3194880,12.1875,128.0,False
shared_e2e_rep_projected,44,42,7,7.960409129736945e-05,0.02802814356982708,0.4679338335990906,16.69514188241963,151,encoder_output_representation,7.960409129736945e-05,2.0880656848021317e-06,2.0880656848021317e-06,0.02802814356982708,0.9358676671981812,0.9358676671981812,False,0.0,2088960,7.96875,128.0,False
shared_e2e_rep_projected,44,42,7,-0.00596132455393672,0.014576265588402748,0.2204819619655609,15.126093897533126,152,encoder_output_representation,-0.00596132455393672,-3.831705544143915e-05,-1.5006662579253316e-11,0.014576265588402748,0.4409639239311218,0.44095608592033386,True,1.7762184143066406e-05,2088960,7.96875,128.0,False
shared_e2e_rep_projected,44,42,7,0.0019376393174752593,0.020903991535305977,0.33654171228408813,16.0993995675746,153,encoder_output_representation,0.0019376393174752593,2.7262836738373153e-05,2.7262836738373153e-05,0.020903991535305977,0.6730834245681763,0.6730834245681763,False,0.0,2396160,9.140625,128.0,False
shared_e2e_rep_projected,44,42,7,-0.004275198560208082,0.013416904024779797,0.32294556498527527,24.070051063108473,154,encoder_output_representation,-0.004275198560208082,-3.704827031469904e-05,-7.275957614183426e-12,0.013416904024779797,0.6458911299705505,0.6458852291107178,True,9.119510650634766e-06,2350080,8.96484375,128.0,False
shared_e2e_rep_projected,44,42,7,-0.016239168122410774,0.03247758746147156,0.3704307973384857,11.405736272065496,155,encoder_output_representation,-0.016239168122410774,-0.00039073708467185497,-1.1641532182693481e-10,0.03247758746147156,0.7408615946769714,0.7407639622688293,True,0.00013178586959838867,2088960,7.96875,128.0,False
shared_e2e_rep_projected,44,42,7,-0.009980157017707825,0.027781633660197258,0.34501662850379944,12.418874740188684,156,encoder_output_representation,-0.009980157017707825,-0.00019132212037220597,-2.9103830456733704e-11,0.027781633660197258,0.6900332570075989,0.6899989247322083,True,4.976987838745117e-05,2088960,7.96875,128.0,False
shared_e2e_rep_projected,44,42,7,0.0054931347258389,0.03611195832490921,0.6036853790283203,16.717049061609927,157,encoder_output_representation,0.0054931347258389,0.00023950354079715908,0.00023950354079715908,0.03611195832490921,1.2073707580566406,1.2073707580566406,False,0.0,3631104,13.8515625,128.0,False
shared_e2e_rep_projected,44,42,7,-0.0004048224363941699,0.01315260585397482,0.28138652443885803,21.39397527477955,158,encoder_output_representation,-0.0004048224363941699,-2.9964680834382307e-06,-8.185452315956354e-12,0.01315260585397482,0.5627730488777161,0.5627729892730713,True,1.1920928955078125e-07,2396160,9.140625,128.0,False
shared_e2e_rep_projected,44,42,7,0.0006816518725827336,0.01405590120702982,0.21974687278270721,15.633780399139727,159,encoder_output_representation,0.0006816518725827336,4.210891347611323e-06,4.210891347611323e-06,0.01405590120702982,0.43949374556541443,0.43949374556541443,False,0.0,2350080,8.96484375,128.0,False
shared_e2e_rep_projected,44,42,7,0.007118713576346636,0.023854674771428108,0.32488593459129333,13.619382268016702,160,encoder_output_representation,0.007118713576346636,0.00011034074850613251,0.00011034074850613251,0.023854674771428108,0.6497718691825867,0.6497718691825867,False,0.0,2350080,8.96484375,128.0,False
shared_e2e_rep_projected,44,42,7,-0.00523905036970973,0.017773395404219627,0.2786834239959717,15.679807805874207,161,encoder_output_representation,-0.00523905036970973,-5.1899609388783574e-05,-3.637978807091713e-12,0.017773395404219627,0.5573668479919434,0.5573592185974121,True,1.3709068298339844e-05,2088960,7.96875,128.0,False
shared_e2e_rep_projected,44,42,7,0.005819117184728384,0.019538188353180885,0.35805776715278625,18.326047465628676,162,encoder_output_representation,0.005819117184728384,8.141875878209248e-05,8.141875878209248e-05,0.019538188353180885,0.7161155343055725,0.7161155343055725,False,0.0,2088960,7.96875,128.0,False
shared_e2e_rep_projected,44,42,7,-0.0020931330509483814,0.022601760923862457,0.467545747756958,20.686253134521618,163,encoder_output_representation,-0.0020931330509483814,-4.423776772455312e-05,-1.8189894035458565e-12,0.022601760923862457,0.935091495513916,0.9350894689559937,True,2.1457672119140625e-06,3239424,12.357421875,128.0,False
shared_e2e_rep_projected,44,42,7,0.004811735358089209,0.02711142599582672,0.46261247992515564,17.063376894906444,164,encoder_output_representation,0.004811735358089209,0.0001206983724841848,0.0001206983724841848,0.02711142599582672,0.9252249598503113,0.9252249598503113,False,0.0,2350080,8.96484375,128.0,False
shared_e2e_rep_projected,44,42,7,0.0056267837062478065,0.017065541818737984,0.1981492042541504,11.611070211470365,165,encoder_output_representation,0.0056267837062478065,3.805420419666916e-05,3.805420419666916e-05,0.017065541818737984,0.3962984085083008,0.3962984085083008,False,0.0,2611200,9.9609375,128.0,False
shared_e2e_rep_projected,44,42,7,0.003261162666603923,0.012382669374346733,0.23619665205478668,19.074776602217696,166,encoder_output_representation,0.003261162666603923,1.907613841467537e-05,1.907613841467537e-05,0.012382669374346733,0.47239330410957336,0.47239330410957336,False,0.0,2088960,7.96875,128.0,False
shared_e2e_rep_projected,44,42,7,-0.0028521118219941854,0.01909611001610756,0.2169760912656784,11.36231887450686,167,encoder_output_representation,-0.0028521118219941854,-2.3634875105926767e-05,-3.183231456205249e-12,0.01909611001610756,0.4339521825313568,0.43395039439201355,True,4.112720489501953e-06,3133440,11.953125,128.0,False
shared_e2e_rep_projected,44,42,7,-0.002281858352944255,0.014591432176530361,0.25612208247184753,17.55290908892466,168,encoder_output_representation,-0.002281858352944255,-1.7055466742021963e-05,-5.9117155615240335e-12,0.014591432176530361,0.5122441649436951,0.51224285364151,True,2.562999725341797e-06,2785280,10.625,128.0,False
shared_e2e_rep_projected,44,42,7,0.0026046480052173138,0.01711193472146988,0.22184735536575317,12.964481163395705,169,encoder_output_representation,0.0026046480052173138,1.9775725377257913e-05,1.9775725377257913e-05,0.01711193472146988,0.44369471073150635,0.44369471073150635,False,0.0,2088960,7.96875,128.0,False
shared_e2e_rep_projected,44,42,7,-0.001457829144783318,0.022115541622042656,0.3789808452129364,17.136403516123003,170,encoder_output_representation,-0.001457829144783318,-2.4437202228000388e-05,-3.092281986027956e-11,0.022115541622042656,0.7579616904258728,0.757960855960846,True,1.0728836059570312e-06,2088960,7.96875,128.0,False
shared_e2e_rep_projected,44,42,7,-0.0016503201331943274,0.026230260729789734,0.3811980187892914,14.5327575168311,171,encoder_output_representation,-0.0016503201331943274,-3.3002848795149475e-05,-2.3646862246096134e-11,0.026230260729789734,0.7623960375785828,0.7623950242996216,True,1.3113021850585938e-06,2611200,9.9609375,128.0,False
shared_e2e_rep_projected,44,42,7,0.001932585146278143,0.028177889063954353,0.4866478443145752,17.27055718084658,172,encoder_output_representation,0.001932585146278143,5.3001953347120434e-05,5.3001953347120434e-05,0.028177889063954353,0.9732956886291504,0.9732956886291504,False,0.0,2785280,10.625,128.0,False
shared_e2e_rep_projected,44,42,7,0.0002911364135798067,0.02131880447268486,0.3403256833553314,15.963638288975371,173,encoder_output_representation,0.0002911364135798067,4.224585609335918e-06,4.224585609335918e-06,0.02131880447268486,0.6806513667106628,0.6806513667106628,False,0.0,2396160,9.140625,128.0,False
shared_e2e_rep_projected,44,42,7,-0.000281726272078231,0.019893713295459747,0.3828635513782501,19.245454365004314,174,encoder_output_representation,-0.000281726272078231,-4.291579898563214e-06,-7.275957614183426e-12,0.019893713295459747,0.7657271027565002,0.7657271027565002,True,0.0,2088960,7.96875,128.0,False
shared_e2e_rep_projected,44,42,7,-0.001930534839630127,0.028386300429701805,0.45870712399482727,16.159454280800265,175,encoder_output_representation,-0.001930534839630127,-5.027497900300659e-05,-1.8189894035458565e-11,0.028386300429701805,0.9174142479896545,0.9174126386642456,True,1.7285346984863281e-06,2457600,9.375,128.0,False
shared_e2e_rep_projected,44,42,7,-0.0032894890755414963,0.025927457958459854,0.4623928964138031,17.834100711093015,176,encoder_output_representation,-0.0032894890755414963,-7.887321407906711e-05,-2.000888343900442e-11,0.025927457958459854,0.9247857928276062,0.9247807264328003,True,5.4836273193359375e-06,2088960,7.96875,128.0,False
shared_e2e_rep_projected,44,42,7,0.00489431619644165,0.02136104367673397,0.32881224155426025,15.393079408025184,177,encoder_output_representation,0.00489431619644165,6.875312828924507e-05,6.875312828924507e-05,0.02136104367673397,0.6576244831085205,0.6576244831085205,False,0.0,2396160,9.140625,128.0,False
shared_e2e_rep_projected,44,42,7,0.004055071622133255,0.017556412145495415,0.3185724914073944,18.14564893825035,178,encoder_output_representation,0.004055071622133255,4.535994594334625e-05,4.535994594334625e-05,0.017556412145495415,0.6371449828147888,0.6371449828147888,False,0.0,2350080,8.96484375,128.0,False
shared_e2e_rep_projected,44,42,7,-0.008871762081980705,0.02809814177453518,0.6026383638381958,21.447623429117854,179,encoder_output_representation,-0.008871762081980705,-0.00030045141465961933,-2.9103830456733704e-11,0.02809814177453518,1.2052767276763916,1.2052292823791504,True,3.933906555175781e-05,2611200,9.9609375,128.0,False
shared_e2e_rep_projected,44,42,7,-0.011922981590032578,0.038489680737257004,0.32053062319755554,8.327702829898776,180,encoder_output_representation,-0.011922981590032578,-0.00029419054044410586,-9.094947017729282e-11,0.038489680737257004,0.6410612463951111,0.6410157084465027,True,7.104873657226562e-05,2088960,7.96875,128.0,False
shared_e2e_rep_projected,44,42,7,-0.00630493788048625,0.02290933206677437,0.4790365993976593,20.910107636547416,181,encoder_output_representation,-0.00630493788048625,-0.00013838591985404491,-3.092281986027956e-11,0.02290933206677437,0.9580731987953186,0.9580541253089905,True,1.990795135498047e-05,2396160,9.140625,128.0,False
shared_e2e_rep_projected,44,42,7,-0.0007979092188179493,0.019539881497621536,0.3983982801437378,20.388981386209135,182,encoder_output_representation,-0.0007979092188179493,-1.2422896361385938e-05,-3.183231456205249e-11,0.019539881497621536,0.7967965602874756,0.7967962622642517,True,3.5762786865234375e-07,2325504,8.87109375,128.0,False
shared_e2e_rep_projected,44,42,7,0.008026419207453728,0.026443785056471825,0.5149391889572144,19.472975894242822,183,encoder_output_representation,0.008026419207453728,0.00021859056141693145,0.00021859056141693145,0.026443785056471825,1.0298783779144287,1.0298783779144287,False,0.0,2396160,9.140625,128.0,False
shared_e2e_rep_projected,44,42,7,0.004398258402943611,0.02625161223113537,0.4944479763507843,18.8349565732329,184,encoder_output_representation,0.004398258402943611,0.00011417928908485919,0.00011417928908485919,0.02625161223113537,0.9888959527015686,0.9888959527015686,False,0.0,2350080,8.96484375,128.0,False
shared_e2e_rep_projected,44,42,7,-0.004248607438057661,0.021473746746778488,0.2871433198451996,13.371831345094778,185,encoder_output_representation,-0.004248607438057661,-5.239419260760769e-05,-5.184119800105691e-11,0.021473746746778488,0.5742866396903992,0.5742815136909485,True,8.940696716308594e-06,2135040,8.14453125,128.0,False
shared_e2e_rep_projected,44,42,7,0.0012401326093822718,0.02561515010893345,0.7442293167114258,29.054263338159046,186,encoder_output_representation,0.0012401326093822718,4.7282646846724674e-05,4.7282646846724674e-05,0.02561515010893345,1.4884586334228516,1.4884586334228516,False,0.0,3133440,11.953125,128.0,False
shared_e2e_rep_projected,44,42,7,-0.0024886636529117823,0.02987181581556797,1.2537519931793213,41.971067340537,187,encoder_output_representation,-0.0024886636529117823,-0.0001864101068349555,-1.1641532182693481e-10,0.02987181581556797,2.5075039863586426,2.5074963569641113,True,3.039836883544922e-06,2350080,8.96484375,128.0,False
shared_e2e_rep_projected,44,42,7,-0.0028497877065092325,0.020874248817563057,0.42892882227897644,20.54822791601903,188,encoder_output_representation,-0.0028497877065092325,-5.103152943775058e-05,0.0,0.020874248817563057,0.8578576445579529,0.8578541278839111,True,4.112720489501953e-06,2396160,9.140625,128.0,False
shared_e2e_rep_projected,44,42,7,0.0001098969514714554,0.012352784164249897,0.18166333436965942,14.70626637316387,189,encoder_output_representation,0.0001098969514714554,4.932280717184767e-07,4.932280717184767e-07,0.012352784164249897,0.36332666873931885,0.36332666873931885,False,0.0,2088960,7.96875,128.0,False
shared_e2e_rep_projected,44,42,7,0.0006874223472550511,0.02080235444009304,0.33804288506507874,16.250222350483458,190,encoder_output_representation,0.0006874223472550511,9.668028724263422e-06,9.668028724263422e-06,0.02080235444009304,0.6760857701301575,0.6760857701301575,False,0.0,2420736,9.234375,128.0,False
shared_e2e_rep_projected,44,42,7,-0.004653585143387318,0.021091317757964134,0.5774324536323547,27.377732404335656,191,encoder_output_representation,-0.004653585143387318,-0.00011335027375025675,-5.093170329928398e-11,0.021091317757964134,1.1548649072647095,1.1548523902893066,True,1.0848045349121094e-05,2350080,8.96484375,128.0,False
shared_e2e_rep_projected,44,42,7,0.001387890661135316,0.01974230818450451,0.24383756518363953,12.351016046595028,192,encoder_output_representation,0.001387890661135316,1.3362379831960425e-05,1.3362379831960425e-05,0.01974230818450451,0.48767513036727905,0.48767513036727905,False,0.0,2350080,8.96484375,128.0,False
shared_e2e_rep_projected,44,42,7,0.0007586305146105587,0.017697622999548912,0.5208209156990051,29.428862605575908,193,encoder_output_representation,0.0007586305146105587,1.3985038094688207e-05,1.3985038094688207e-05,0.017697622999548912,1.0416418313980103,1.0416418313980103,False,0.0,2904064,11.078125,128.0,False
shared_e2e_rep_projected,44,42,7,0.0031782013829797506,0.0412270650267601,0.5398743152618408,13.095143079222677,194,encoder_output_representation,0.0031782013829797506,0.00014147721230983734,0.00014147721230983734,0.0412270650267601,1.0797486305236816,1.0797486305236816,False,0.0,3202560,12.216796875,128.0,False
shared_e2e_rep_projected,44,42,7,-0.0030534514226019382,0.030162563547492027,0.3739470839500427,12.397722208235045,195,encoder_output_representation,-0.0030534514226019382,-6.888099596835673e-05,-9.458744898438454e-11,0.030162563547492027,0.7478941679000854,0.7478907108306885,True,4.649162292480469e-06,3916800,14.94140625,128.0,False
shared_e2e_rep_projected,44,42,7,0.0022979076020419598,0.014713292010128498,0.20279225707054138,13.782928859900355,196,encoder_output_representation,0.0022979076020419598,1.3712725376535673e-05,1.3712725376535673e-05,0.014713292010128498,0.40558451414108276,0.40558451414108276,False,0.0,2088960,7.96875,128.0,False
shared_e2e_rep_projected,44,42,7,-0.007093855179846287,0.038104403764009476,0.6325608491897583,16.600728175865783,197,encoder_output_representation,-0.007093855179846287,-0.00034197140485048294,0.0,0.038104403764009476,1.2651216983795166,1.2650898694992065,True,2.5153160095214844e-05,2350080,8.96484375,128.0,False
shared_e2e_rep_projected,44,42,7,0.018170738592743874,0.025319237262010574,0.26353827118873596,10.408618097834779,198,encoder_output_representation,0.018170738592743874,0.00024249170382972807,0.00024249170382972807,0.025319237262010574,0.5270765423774719,0.5270765423774719,False,0.0,3133440,11.953125,128.0,False
shared_e2e_rep_projected,44,42,7,0.005043697077780962,0.02080748789012432,0.26417040824890137,12.695929928873456,199,encoder_output_representation,0.005043697077780962,5.544760642806068e-05,5.544760642806068e-05,0.02080748789012432,0.5283408164978027,0.5283408164978027,False,0.0,2531328,9.65625,128.0,False
