experiment,seed,data_seed,epoch,cosine,main_grad_norm,weighted_aux_grad_norm,norm_ratio,step,projection_scope,enc_cls_aux_cosine_raw,enc_cls_aux_dot_raw,enc_cls_aux_dot_projected,enc_cls_grad_norm,enc_aux_grad_norm,enc_aux_grad_norm_projected,projection_applied,projection_removed_ratio,projection_vector_numel,projection_vector_mb,grad_scale,optimizer_step_skipped
shared_e2e_rep_projected,43,42,1,0.00032685892074368894,1.0769321918487549,0.7579262852668762,0.7037827367438562,0,encoder_output_representation,0.00032685892074368894,0.0005335875321179628,0.0005335875321179628,1.0769321918487549,1.5158525705337524,1.5158525705337524,False,0.0,3194880,12.1875,65536.0,True
shared_e2e_rep_projected,43,42,1,6.952713738428429e-05,0.6097556352615356,0.3690861165523529,0.6053016900680958,1,encoder_output_representation,6.952713738428429e-05,3.129449032712728e-05,3.129449032712728e-05,0.6097556352615356,0.7381722331047058,0.7381722331047058,False,0.0,2350080,8.96484375,32768.0,True
shared_e2e_rep_projected,43,42,1,-0.0014798761112615466,2.121100425720215,1.4323482513427734,0.6752854480505904,2,encoder_output_representation,-0.0014798761112615466,-0.00899218488484621,-9.313225746154785e-10,2.121100425720215,2.864696502685547,2.8646931648254395,True,1.1920928955078125e-06,2785280,10.625,16384.0,True
shared_e2e_rep_projected,43,42,1,-3.853191083180718e-05,0.29809123277664185,0.31453433632850647,1.0551613121885586,3,encoder_output_representation,-3.853191083180718e-05,-7.225498848129064e-06,-1.382431946694851e-10,0.29809123277664185,0.6290686726570129,0.6290687322616577,True,-1.1920928955078125e-07,3133440,11.953125,8192.0,True
shared_e2e_rep_projected,43,42,1,0.0005671720136888325,2.7375853061676025,0.607445240020752,0.22189088999426507,4,encoder_output_representation,0.0005671720136888325,0.0018863382283598185,0.0018863382283598185,2.7375853061676025,1.214890480041504,1.214890480041504,False,0.0,3525120,13.447265625,4096.0,True
shared_e2e_rep_projected,43,42,1,-0.0006116428412497044,1.396764874458313,1.0855602025985718,0.7771960925202739,5,encoder_output_representation,-0.0006116428412497044,-0.0018548342632129788,-4.656612873077393e-10,1.396764874458313,2.1711204051971436,2.1711201667785645,True,1.1920928955078125e-07,2350080,8.96484375,2048.0,True
shared_e2e_rep_projected,43,42,1,0.0007562313694506884,0.9486305713653564,0.42050594091415405,0.443276817769981,6,encoder_output_representation,0.0007562313694506884,0.0006033286335878074,0.0006033286335878074,0.9486305713653564,0.8410118818283081,0.8410118818283081,False,0.0,2088960,7.96875,1024.0,True
shared_e2e_rep_projected,43,42,1,0.00042043428402394056,2.5984785556793213,1.3486113548278809,0.5190003788487347,7,encoder_output_representation,0.00042043428402394056,0.0029466873966157436,0.0029466873966157436,2.5984785556793213,2.6972227096557617,2.6972227096557617,False,0.0,2350080,8.96484375,512.0,True
shared_e2e_rep_projected,43,42,1,-0.00031348568154498935,6.747814178466797,1.0540695190429688,0.15620903171973075,8,encoder_output_representation,-0.00031348568154498935,-0.004459437448531389,-2.3283064365386963e-09,6.747814178466797,2.1081390380859375,2.1081387996673584,True,1.1920928955078125e-07,2264064,8.63671875,256.0,True
shared_e2e_rep_projected,43,42,1,0.000397388736018911,1.1375303268432617,1.1260299682617188,0.9898900641941939,9,encoder_output_representation,0.000397388736018911,0.001018025097437203,0.001018025097437203,1.1375303268432617,2.2520599365234375,2.2520599365234375,False,0.0,2785280,10.625,128.0,False
shared_e2e_rep_projected,43,42,1,-0.007027785759419203,1.7812954187393188,0.6391928195953369,0.3588359420178123,10,encoder_output_representation,-0.007027785759419203,-0.016003550961613655,2.7939677238464355e-09,1.7812954187393188,1.2783856391906738,1.2783540487289429,True,2.473592758178711e-05,2350080,8.96484375,128.0,False
shared_e2e_rep_projected,43,42,1,-0.0010732366936281323,2.7368006706237793,0.3271339535713196,0.11953152346194007,11,encoder_output_representation,-0.0010732366936281323,-0.0019217384979128838,5.820766091346741e-11,2.7368006706237793,0.6542679071426392,0.6542676091194153,True,4.76837158203125e-07,2088960,7.96875,128.0,False
shared_e2e_rep_projected,43,42,1,-0.0011838541831821203,1.4696284532546997,0.38708317279815674,0.2633884584507781,12,encoder_output_representation,-0.0011838541831821203,-0.0013469145633280277,-1.7462298274040222e-10,1.4696284532546997,0.7741663455963135,0.7741658091545105,True,7.152557373046875e-07,2350080,8.96484375,128.0,False
shared_e2e_rep_projected,43,42,1,-0.001052733277902007,0.33311763405799866,0.34957802295684814,1.0494131418332047,13,encoder_output_representation,-0.001052733277902007,-0.00024518283316865563,-1.4551915228366852e-10,0.33311763405799866,0.6991560459136963,0.6991556882858276,True,5.364418029785156e-07,2396160,9.140625,128.0,False
shared_e2e_rep_projected,43,42,1,-3.6607558286050335e-05,0.5040727257728577,0.27577805519104004,0.5470997359918846,14,encoder_output_representation,-3.6607558286050335e-05,-1.0177795047638938e-05,-1.3642420526593924e-10,0.5040727257728577,0.5515561103820801,0.5515560507774353,True,1.1920928955078125e-07,2396160,9.140625,128.0,False
shared_e2e_rep_projected,43,42,1,-0.0003679071378428489,0.36476171016693115,0.4147685468196869,1.1370945339352379,15,encoder_output_representation,-0.0003679071378428489,-0.00011132258077850565,-7.09405867382884e-11,0.36476171016693115,0.8295370936393738,0.8295370936393738,True,0.0,2088960,7.96875,128.0,False
shared_e2e_rep_projected,43,42,1,0.00026883778627961874,0.21409271657466888,0.2614785134792328,1.2213330638365607,16,encoder_output_representation,0.00026883778627961874,3.0099427021923475e-05,3.0099427021923475e-05,0.21409271657466888,0.5229570269584656,0.5229570269584656,False,0.0,3525120,13.447265625,128.0,False
shared_e2e_rep_projected,43,42,1,-3.2008909329306334e-05,0.2350814789533615,0.3079565167427063,1.3099990612352863,17,encoder_output_representation,-3.2008909329306334e-05,-4.634561719285557e-06,-6.366462912410498e-12,0.2350814789533615,0.6159130334854126,0.6159130334854126,True,0.0,2088960,7.96875,128.0,False
shared_e2e_rep_projected,43,42,1,0.00040705286664888263,0.13189898431301117,0.42976269125938416,3.2582714226176965,18,encoder_output_representation,0.00040705286664888263,4.614779754774645e-05,4.614779754774645e-05,0.13189898431301117,0.8595253825187683,0.8595253825187683,False,0.0,3133440,11.953125,128.0,False
shared_e2e_rep_projected,43,42,1,-0.0006395410746335983,0.1544989049434662,0.27646374702453613,1.7894220488209867,19,encoder_output_representation,-0.0006395410746335983,-5.463388151838444e-05,-1.0913936421275139e-11,0.1544989049434662,0.5529274940490723,0.5529273748397827,True,2.384185791015625e-07,2088960,7.96875,128.0,False
shared_e2e_rep_projected,43,42,1,0.0004947176785208285,0.1798526644706726,0.39854684472084045,2.215962971100875,20,encoder_output_representation,0.0004947176785208285,7.092244049999863e-05,7.092244049999863e-05,0.1798526644706726,0.7970936894416809,0.7970936894416809,False,0.0,2531328,9.65625,128.0,False
shared_e2e_rep_projected,43,42,1,0.0003829367342405021,0.13905200362205505,0.7522998452186584,5.410204999731022,21,encoder_output_representation,0.0003829367342405021,8.01171045168303e-05,8.01171045168303e-05,0.13905200362205505,1.504599690437317,1.504599690437317,False,0.0,3133440,11.953125,128.0,False
shared_e2e_rep_projected,43,42,1,0.000101236451882869,0.10752547532320023,0.6421703696250916,5.972262551686984,22,encoder_output_representation,0.000101236451882869,1.3980687072034925e-05,1.3980687072034925e-05,0.10752547532320023,1.284340739250183,1.284340739250183,False,0.0,2785280,10.625,128.0,False
shared_e2e_rep_projected,43,42,1,-0.0004444894439075142,0.05027322098612785,0.7929404973983765,15.772621722749307,23,encoder_output_representation,-0.0004444894439075142,-3.543796265148558e-05,-1.2505552149377763e-11,0.05027322098612785,1.585880994796753,1.5858807563781738,True,1.7881393432617188e-07,2088960,7.96875,128.0,False
shared_e2e_rep_projected,43,42,1,-0.00037848466308787465,0.07688993960618973,0.5398879051208496,7.021567553388844,24,encoder_output_representation,-0.00037848466308787465,-3.142327113891952e-05,1.8189894035458565e-12,0.07688993960618973,1.0797758102416992,1.0797756910324097,True,1.1920928955078125e-07,2396160,9.140625,128.0,False
shared_e2e_rep_projected,43,42,1,-0.0008783430675975978,0.05116897448897362,0.841732382774353,16.450053791008408,25,encoder_output_representation,-0.0008783430675975978,-7.566149724880233e-05,3.637978807091713e-12,0.05116897448897362,1.683464765548706,1.6834640502929688,True,4.172325134277344e-07,2396160,9.140625,128.0,False
shared_e2e_rep_projected,43,42,1,0.0013318249257281423,0.04666091874241829,1.3774555921554565,29.520541585548457,26,encoder_output_representation,0.0013318249257281423,0.0001712016819510609,0.0001712016819510609,0.04666091874241829,2.754911184310913,2.754911184310913,False,0.0,2396160,9.140625,128.0,False
shared_e2e_rep_projected,43,42,1,0.00026664018514566123,0.011233372613787651,0.6181768774986267,55.03039013767663,27,encoder_output_representation,0.00026664018514566123,3.7032114050816745e-06,3.7032114050816745e-06,0.011233372613787651,1.2363537549972534,1.2363537549972534,False,0.0,3133440,11.953125,128.0,False
shared_e2e_rep_projected,43,42,1,-0.001984094036743045,0.025362960994243622,1.1118500232696533,43.83754812862736,28,encoder_output_representation,-0.001984094036743045,-0.00011190213990630582,1.8189894035458565e-12,0.025362960994243622,2.2237000465393066,2.2236955165863037,True,2.0265579223632812e-06,2088960,7.96875,128.0,False
shared_e2e_rep_projected,43,42,1,0.0005733976140618324,0.04530695080757141,1.2314810752868652,27.18084208573727,29,encoder_output_representation,0.0005733976140618324,6.398504046956077e-05,6.398504046956077e-05,0.04530695080757141,2.4629621505737305,2.4629621505737305,False,0.0,3194880,12.1875,128.0,False
shared_e2e_rep_projected,43,42,1,-0.0003827806212939322,0.04350961744785309,1.1695690155029297,26.880700960073373,30,encoder_output_representation,-0.0003827806212939322,-3.8957496144576e-05,-2.1827872842550278e-11,0.04350961744785309,2.3391380310058594,2.3391377925872803,True,1.1920928955078125e-07,2325504,8.87109375,128.0,False
shared_e2e_rep_projected,43,42,1,-0.0004996297066099942,0.03887442871928215,1.2320680618286133,31.69353486132373,31,encoder_output_representation,-0.0004996297066099942,-4.786047065863386e-05,9.094947017729282e-13,0.03887442871928215,2.4641361236572266,2.4641358852386475,True,1.1920928955078125e-07,2420736,9.234375,128.0,False
shared_e2e_rep_projected,43,42,1,-0.0007828003726899624,0.012543797492980957,0.8145233988761902,64.9343549536707,32,encoder_output_representation,-0.0007828003726899624,-1.5996081856428646e-05,-3.865352482534945e-12,0.012543797492980957,1.6290467977523804,1.6290462017059326,True,3.5762786865234375e-07,2350080,8.96484375,128.0,False
shared_e2e_rep_projected,43,42,1,-0.002227075630798936,0.010667277500033379,0.6814531683921814,63.88257626091091,33,encoder_output_representation,-0.002227075630798936,-3.2378338801208884e-05,-7.275957614183426e-12,0.010667277500033379,1.3629063367843628,1.3629028797149658,True,2.562999725341797e-06,2396160,9.140625,128.0,False
shared_e2e_rep_projected,43,42,1,0.0016965706599876285,0.02772146835923195,1.245619535446167,44.93338950537027,34,encoder_output_representation,0.0016965706599876285,0.00011716652807081118,0.00011716652807081118,0.02772146835923195,2.491239070892334,2.491239070892334,False,0.0,2088960,7.96875,128.0,False
shared_e2e_rep_projected,43,42,1,0.0008597409469075501,0.009983355179429054,0.9132013320922852,91.47238735670335,35,encoder_output_representation,0.0008597409469075501,1.5676196198910475e-05,1.5676196198910475e-05,0.009983355179429054,1.8264026641845703,1.8264026641845703,False,0.0,2088960,7.96875,128.0,False
shared_e2e_rep_projected,43,42,1,3.052208194276318e-05,0.02923060953617096,1.5118017196655273,51.719815072442195,36,encoder_output_representation,3.052208194276318e-05,2.6975958462571725e-06,2.6975958462571725e-06,0.02923060953617096,3.0236034393310547,3.0236034393310547,False,0.0,2350080,8.96484375,128.0,False
shared_e2e_rep_projected,43,42,1,-0.0011077453382313251,0.009503443725407124,0.845110297203064,88.92674293884555,37,encoder_output_representation,-0.0011077453382313251,-1.779362173692789e-05,-2.2737367544323206e-12,0.009503443725407124,1.690220594406128,1.690219521522522,True,6.556510925292969e-07,2396160,9.140625,128.0,False
shared_e2e_rep_projected,43,42,1,-0.00049137620953843,0.027043156325817108,1.4118019342422485,52.20551614733126,38,encoder_output_representation,-0.00049137620953843,-3.75210729544051e-05,-7.275957614183426e-12,0.027043156325817108,2.823603868484497,2.823603391647339,True,1.7881393432617188e-07,2350080,8.96484375,128.0,False
shared_e2e_rep_projected,43,42,1,9.072678949451074e-05,0.012311874888837337,1.2722889184951782,103.33835666643343,39,encoder_output_representation,9.072678949451074e-05,2.8423364710761234e-06,2.8423364710761234e-06,0.012311874888837337,2.5445778369903564,2.5445778369903564,False,0.0,2396160,9.140625,128.0,False
shared_e2e_rep_projected,43,42,1,0.00043453212128952146,0.018520716577768326,1.4323205947875977,77.33613269083278,40,encoder_output_representation,0.00043453212128952146,2.305419184267521e-05,2.305419184267521e-05,0.018520716577768326,2.8646411895751953,2.8646411895751953,False,0.0,2396160,9.140625,128.0,False
shared_e2e_rep_projected,43,42,1,-0.0010719693964347243,0.010072183795273304,0.8235159516334534,81.76141027330287,41,encoder_output_representation,-0.0010719693964347243,-1.7783122530090623e-05,-2.000888343900442e-11,0.010072183795273304,1.6470319032669067,1.6470309495925903,True,5.960464477539062e-07,2457600,9.375,128.0,False
shared_e2e_rep_projected,43,42,1,-8.298790817207191e-06,0.018835017457604408,1.4397512674331665,76.44013448216288,42,encoder_output_representation,-8.298790817207191e-06,-4.500889190239832e-07,-9.549694368615746e-12,0.018835017457604408,2.879502534866333,2.879502534866333,True,0.0,3421696,13.052734375,128.0,False
shared_e2e_rep_projected,43,42,1,0.006579691544175148,0.014193541370332241,0.8825989961624146,62.18314183430282,43,encoder_output_representation,0.006579691544175148,0.00016485029482282698,0.00016485029482282698,0.014193541370332241,1.765197992324829,1.765197992324829,False,0.0,2396160,9.140625,128.0,False
shared_e2e_rep_projected,43,42,1,0.00027955009136348963,0.02344217337667942,1.0679441690444946,45.556534024567,44,encoder_output_representation,0.00027955009136348963,1.3997035239299294e-05,1.3997035239299294e-05,0.02344217337667942,2.1358883380889893,2.1358883380889893,False,0.0,3202560,12.216796875,128.0,False
shared_e2e_rep_projected,43,42,1,0.005523079074919224,0.015803946182131767,1.7179862260818481,108.70615517687823,45,encoder_output_representation,0.005523079074919224,0.000299913837807253,0.000299913837807253,0.015803946182131767,3.4359724521636963,3.4359724521636963,False,0.0,2350080,8.96484375,128.0,False
shared_e2e_rep_projected,43,42,1,-0.002208405639976263,0.011906648986041546,0.7518741488456726,63.1474187008547,46,encoder_output_representation,-0.002208405639976263,-3.954062776756473e-05,-3.637978807091713e-12,0.011906648986041546,1.5037482976913452,1.5037446022033691,True,2.4437904357910156e-06,2088960,7.96875,128.0,False
shared_e2e_rep_projected,43,42,1,-0.000281274551525712,0.009214874356985092,0.9308635592460632,101.01749879426697,47,encoder_output_representation,-0.000281274551525712,-4.825428732146975e-06,9.094947017729282e-13,0.009214874356985092,1.8617271184921265,1.861726999282837,True,5.960464477539063e-08,2396160,9.140625,128.0,False
shared_e2e_rep_projected,43,42,1,-0.0006593551370315254,0.006669384893029928,0.44796404242515564,67.16722000754763,48,encoder_output_representation,-0.0006593551370315254,-3.939837824873393e-06,6.821210263296962e-13,0.006669384893029928,0.8959280848503113,0.8959278464317322,True,2.384185791015625e-07,2785280,10.625,128.0,False
shared_e2e_rep_projected,43,42,1,0.0010215380461886525,0.0066141653805971146,0.6951842904090881,105.10536861512952,49,encoder_output_representation,0.0010215380461886525,9.394194421474822e-06,9.394194421474822e-06,0.0066141653805971146,1.3903685808181763,1.3903685808181763,False,0.0,2350080,8.96484375,128.0,False
shared_e2e_rep_projected,43,42,1,-0.00038753077387809753,0.008604035712778568,0.7609195709228516,88.43751889508626,50,encoder_output_representation,-0.00038753077387809753,-5.0743119572871365e-06,-5.4569682106375694e-12,0.008604035712778568,1.5218391418457031,1.5218391418457031,True,0.0,3133440,11.953125,128.0,False
shared_e2e_rep_projected,43,42,1,-0.002239697612822056,0.007662511430680752,0.9590241312980652,125.15793809561256,51,encoder_output_representation,-0.002239697612822056,-3.29169852193445e-05,-1.2732925824820995e-11,0.007662511430680752,1.9180482625961304,1.9180433750152588,True,2.562999725341797e-06,2325504,8.87109375,128.0,False
shared_e2e_rep_projected,43,42,1,-0.0070555368438363075,0.007942967116832733,0.4588407874107361,57.76692521342067,52,encoder_output_representation,-0.0070555368438363075,-5.142861482454464e-05,5.4569682106375694e-12,0.007942967116832733,0.9176815748214722,0.9176587462425232,True,2.485513687133789e-05,2350080,8.96484375,128.0,False
shared_e2e_rep_projected,43,42,1,6.851923535577953e-05,0.011843062937259674,1.5457518100738525,130.51959769720844,53,encoder_output_representation,6.851923535577953e-05,2.5086860659939703e-06,2.5086860659939703e-06,0.011843062937259674,3.091503620147705,3.091503620147705,False,0.0,2325504,8.87109375,128.0,False
shared_e2e_rep_projected,43,42,1,0.0013682933058589697,0.007977762259542942,0.8705527186393738,109.12241933482348,54,encoder_output_representation,0.0013682933058589697,1.9005765352630988e-05,1.9005765352630988e-05,0.007977762259542942,1.7411054372787476,1.7411054372787476,False,0.0,2088960,7.96875,128.0,False
shared_e2e_rep_projected,43,42,1,0.0013038377510383725,0.010294467210769653,1.0879192352294922,105.67999421003113,55,encoder_output_representation,0.0013038377510383725,2.920478982559871e-05,2.920478982559871e-05,0.010294467210769653,2.1758384704589844,2.1758384704589844,False,0.0,2088960,7.96875,128.0,False
shared_e2e_rep_projected,43,42,1,-0.000451211875770241,0.015841340646147728,1.2920998334884644,81.56505578349994,56,encoder_output_representation,-0.000451211875770241,-1.8471346265869215e-05,-4.18367562815547e-11,0.015841340646147728,2.5841996669769287,2.5841994285583496,True,1.1920928955078125e-07,2350080,8.96484375,128.0,False
shared_e2e_rep_projected,43,42,1,-0.009512480348348618,0.011087972670793533,1.0437928438186646,94.13739326469349,57,encoder_output_representation,-0.009512480348348618,-0.00022018626623321325,7.275957614183426e-12,0.011087972670793533,2.087585687637329,2.087491035461426,True,4.5359134674072266e-05,2088960,7.96875,128.0,False
shared_e2e_rep_projected,43,42,1,-0.006585263647139072,0.015152163803577423,1.9854300022125244,131.03277049735726,58,encoder_output_representation,-0.006585263647139072,-0.00039621637552045286,-1.4551915228366852e-11,0.015152163803577423,3.970860004425049,3.970773935317993,True,2.1696090698242188e-05,2350080,8.96484375,128.0,False
shared_e2e_rep_projected,43,42,1,0.0005045324796810746,0.013858561404049397,0.8500394821166992,61.336776403669305,59,encoder_output_representation,0.0005045324796810746,1.1887113032571506e-05,1.1887113032571506e-05,0.013858561404049397,1.7000789642333984,1.7000789642333984,False,0.0,2396160,9.140625,128.0,False
shared_e2e_rep_projected,43,42,1,-0.0025654255878180265,0.007626085076481104,0.4981255531311035,65.31864621695946,60,encoder_output_representation,-0.0025654255878180265,-1.949080979102291e-05,9.094947017729282e-13,0.007626085076481104,0.996251106262207,0.9962477684020996,True,3.337860107421875e-06,2088960,7.96875,128.0,False
shared_e2e_rep_projected,43,42,1,0.0012046187184751034,0.01280236802995205,1.1747074127197266,91.75704135136681,61,encoder_output_representation,0.0012046187184751034,3.623261000029743e-05,3.623261000029743e-05,0.01280236802995205,2.349414825439453,2.349414825439453,False,0.0,2355200,8.984375,128.0,False
shared_e2e_rep_projected,43,42,1,0.0019538789056241512,0.010925457812845707,1.481577754020691,135.6078417399326,62,encoder_output_representation,0.0019538789056241512,6.325454160105437e-05,6.325454160105437e-05,0.010925457812845707,2.963155508041382,2.963155508041382,False,0.0,2457600,9.375,128.0,False
shared_e2e_rep_projected,43,42,1,-0.00286601553671062,0.005673205945640802,0.2530585825443268,44.60592211336393,63,encoder_output_representation,-0.00286601553671062,-8.229209925048053e-06,4.547473508864641e-13,0.005673205945640802,0.5061171650886536,0.5061151385307312,True,3.993511199951172e-06,2611200,9.9609375,128.0,False
shared_e2e_rep_projected,43,42,1,-0.000204395386390388,0.013881944119930267,1.9583858251571655,141.07431986745405,64,encoder_output_representation,-0.000204395386390388,-1.1113468644907698e-05,-1.8189894035458565e-12,0.013881944119930267,3.916771650314331,3.916771411895752,True,5.960464477539063e-08,3133440,11.953125,128.0,False
shared_e2e_rep_projected,43,42,1,0.0007668879115954041,0.012960384599864483,1.4377260208129883,110.93235773481764,65,encoder_output_representation,0.0007668879115954041,2.8579584977705963e-05,2.8579584977705963e-05,0.012960384599864483,2.8754520416259766,2.8754520416259766,False,0.0,2350080,8.96484375,128.0,False
shared_e2e_rep_projected,43,42,1,-0.0003347995225340128,0.006846717093139887,0.6988441944122314,102.06996797230646,66,encoder_output_representation,-0.0003347995225340128,-3.203889718861319e-06,-2.9103830456733704e-11,0.006846717093139887,1.397688388824463,1.3976882696151733,True,5.960464477539063e-08,2159616,8.23828125,128.0,False
shared_e2e_rep_projected,43,42,1,-0.00041619589319452643,0.011523343622684479,0.9436595439910889,81.89112248058207,67,encoder_output_representation,-0.00041619589319452643,-9.051522283698432e-06,-1.8189894035458565e-12,0.011523343622684479,1.8873190879821777,1.8873188495635986,True,1.1920928955078125e-07,3665408,13.982421875,128.0,False
shared_e2e_rep_projected,43,42,1,0.0016118113417178392,0.008158748038113117,0.45505616068840027,55.77524377056772,68,encoder_output_representation,0.0016118113417178392,1.1968307262577582e-05,1.1968307262577582e-05,0.008158748038113117,0.9101123213768005,0.9101123213768005,False,0.0,2088960,7.96875,128.0,False
shared_e2e_rep_projected,43,42,1,-0.0063333832658827305,0.011314916424453259,1.329708456993103,117.5181863579125,69,encoder_output_representation,-0.0063333832658827305,-0.00019057834288105369,-2.546585164964199e-11,0.011314916424453259,2.659416913986206,2.6593635082244873,True,2.008676528930664e-05,2088960,7.96875,128.0,False
shared_e2e_rep_projected,43,42,1,0.001368501572869718,0.01392598357051611,0.8465628623962402,60.790166677244315,70,encoder_output_representation,0.001368501572869718,3.2267133065033704e-05,3.2267133065033704e-05,0.01392598357051611,1.6931257247924805,1.6931257247924805,False,0.0,2350080,8.96484375,128.0,False
shared_e2e_rep_projected,43,42,1,-3.222260374968755e-06,0.004856750834733248,0.41436153650283813,85.31661404977069,71,encoder_output_representation,-3.222260374968755e-06,-1.2969280760444235e-08,-1.9326762412674725e-12,0.004856750834733248,0.8287230730056763,0.8287230730056763,True,0.0,2088960,7.96875,128.0,False
shared_e2e_rep_projected,43,42,1,0.0005198164144530892,0.008130946196615696,1.260964274406433,155.08210777870823,72,encoder_output_representation,0.0005198164144530892,1.0659181498340331e-05,1.0659181498340331e-05,0.008130946196615696,2.521928548812866,2.521928548812866,False,0.0,2785280,10.625,128.0,False
shared_e2e_rep_projected,43,42,1,-0.0018455841345712543,0.007447174750268459,1.0898358821868896,146.3421926748265,73,encoder_output_representation,-0.0018455841345712543,-2.995825525431428e-05,-3.637978807091713e-11,0.007447174750268459,2.1796717643737793,2.1796679496765137,True,1.7285346984863281e-06,3133440,11.953125,128.0,False
shared_e2e_rep_projected,43,42,1,0.006080038845539093,0.01009463518857956,0.8699612021446228,86.18054896415104,74,encoder_output_representation,0.006080038845539093,0.00010678908438421786,0.00010678908438421786,0.01009463518857956,1.7399224042892456,1.7399224042892456,False,0.0,2088960,7.96875,128.0,False
shared_e2e_rep_projected,43,42,1,-0.00019749115745071322,0.014319309964776039,1.2750149965286255,89.04165072653815,75,encoder_output_representation,-0.00019749115745071322,-7.211324373201933e-06,-2.2737367544323206e-13,0.014319309964776039,2.550029993057251,2.550029754638672,True,1.1920928955078125e-07,3525120,13.447265625,128.0,False
shared_e2e_rep_projected,43,42,1,0.0030012219212949276,0.00898953527212143,0.4842010736465454,53.86274807199009,76,encoder_output_representation,0.0030012219212949276,2.6127094315597787e-05,2.6127094315597787e-05,0.00898953527212143,0.9684021472930908,0.9684021472930908,False,0.0,2350080,8.96484375,128.0,False
shared_e2e_rep_projected,43,42,1,0.00691212946549058,0.011216224171221256,0.7734224796295166,68.95569024146064,77,encoder_output_representation,0.00691212946549058,0.00011992378131253645,0.00011992378131253645,0.011216224171221256,1.5468449592590332,1.5468449592590332,False,0.0,3202560,12.216796875,128.0,False
shared_e2e_rep_projected,43,42,1,-0.00012322794646024704,0.012652258388698101,0.8173739314079285,64.60300653818966,78,encoder_output_representation,-0.00012322794646024704,-2.5487547645752784e-06,-1.9326762412674725e-12,0.012652258388698101,1.634747862815857,1.6347477436065674,True,5.960464477539063e-08,3916800,14.94140625,128.0,False
shared_e2e_rep_projected,43,42,1,-0.00046255605411715806,0.007965484634041786,0.8175882697105408,102.64137177748673,79,encoder_output_representation,-0.00046255605411715806,-6.024780304869637e-06,-2.7284841053187847e-12,0.007965484634041786,1.6351765394210815,1.635176420211792,True,5.960464477539063e-08,2088960,7.96875,128.0,False
shared_e2e_rep_projected,43,42,1,0.005268499720841646,0.00770438089966774,0.8824869990348816,114.54353185898945,80,encoder_output_representation,0.005268499720841646,7.164123235270381e-05,7.164123235270381e-05,0.00770438089966774,1.7649739980697632,1.7649739980697632,False,0.0,2785280,10.625,128.0,False
shared_e2e_rep_projected,43,42,1,-0.00018354470375925303,0.007800102699548006,1.1431652307510376,146.55771529998967,81,encoder_output_representation,-0.00018354470375925303,-3.2732652925915318e-06,-3.296918293926865e-12,0.007800102699548006,2.286330461502075,2.286330461502075,True,0.0,2350080,8.96484375,128.0,False
shared_e2e_rep_projected,43,42,1,-0.002016804413869977,0.00694614090025425,0.5116307735443115,73.65683778824358,82,encoder_output_representation,-0.002016804413869977,-1.4334877960209269e-05,-1.000444171950221e-11,0.00694614090025425,1.023261547088623,1.0232594013214111,True,2.086162567138672e-06,2350080,8.96484375,128.0,False
shared_e2e_rep_projected,43,42,1,0.0020210600923746824,0.0054628062061965466,0.29096537828445435,53.26298742840406,83,encoder_output_representation,0.0020210600923746824,6.42489885649411e-06,6.42489885649411e-06,0.0054628062061965466,0.5819307565689087,0.5819307565689087,False,0.0,3194880,12.1875,128.0,False
shared_e2e_rep_projected,43,42,1,-0.012410310097038746,0.009716630913317204,1.07888925075531,111.03532287890343,84,encoder_output_representation,-0.012410310097038746,-0.0002601987507659942,-4.3655745685100555e-11,0.009716630913317204,2.15777850151062,2.1576123237609863,True,7.700920104980469e-05,3399680,12.96875,128.0,False
shared_e2e_rep_projected,43,42,1,0.00012314828927628696,0.006944410037249327,0.5109280943870544,73.5740101241822,85,encoder_output_representation,0.00012314828927628696,8.738834367250092e-07,8.738834367250092e-07,0.006944410037249327,1.0218561887741089,1.0218561887741089,False,0.0,2785280,10.625,128.0,False
shared_e2e_rep_projected,43,42,1,-0.0005416636122390628,0.006727348547428846,0.5481129884719849,81.47533677015598,86,encoder_output_representation,-0.0005416636122390628,-3.994603503088001e-06,-3.183231456205249e-12,0.006727348547428846,1.0962259769439697,1.0962258577346802,True,1.1920928955078125e-07,2325504,8.87109375,128.0,False
shared_e2e_rep_projected,43,42,1,-0.0016989503055810928,0.005875961855053902,0.21219411492347717,36.112234925584055,87,encoder_output_representation,-0.0016989503055810928,-4.236653694533743e-06,-5.4569682106375694e-12,0.005875961855053902,0.42438822984695435,0.4243876338005066,True,1.430511474609375e-06,2088960,7.96875,128.0,False
shared_e2e_rep_projected,43,42,1,-0.0002597951970528811,0.01476066093891859,0.5142766833305359,34.841033572864745,88,encoder_output_representation,-0.0002597951970528811,-3.944243871956132e-06,6.821210263296962e-13,0.01476066093891859,1.0285533666610718,1.0285532474517822,True,1.1920928955078125e-07,2350080,8.96484375,128.0,False
shared_e2e_rep_projected,43,42,1,0.0022387797944247723,0.005613389890640974,0.24545316398143768,43.72637011918127,89,encoder_output_representation,0.0022387797944247723,6.169290827529039e-06,6.169290827529039e-06,0.005613389890640974,0.49090632796287537,0.49090632796287537,False,0.0,2350080,8.96484375,128.0,False
shared_e2e_rep_projected,43,42,1,0.00011605511099332944,0.007998541928827763,0.511663556098938,63.969603541720204,90,encoder_output_representation,0.00011605511099332944,9.499256066192174e-07,9.499256066192174e-07,0.007998541928827763,1.023327112197876,1.023327112197876,False,0.0,2482176,9.46875,128.0,False
shared_e2e_rep_projected,43,42,1,0.0008942738641053438,0.008027773350477219,0.3778984546661377,47.07388190570592,91,encoder_output_representation,0.0008942738641053438,5.425887138699181e-06,5.425887138699181e-06,0.008027773350477219,0.7557969093322754,0.7557969093322754,False,0.0,2088960,7.96875,128.0,False
shared_e2e_rep_projected,43,42,1,-0.0009546017972752452,0.017607375979423523,0.920531153678894,52.28099602999634,92,encoder_output_representation,-0.0009546017972752452,-3.094463681918569e-05,-1.0686562745831907e-11,0.017607375979423523,1.841062307357788,1.8410614728927612,True,4.76837158203125e-07,2088960,7.96875,128.0,False
shared_e2e_rep_projected,43,42,1,-0.0005397549248300493,0.011654487811028957,1.1863213777542114,101.79094928835597,93,encoder_output_representation,-0.0005397549248300493,-1.492526826041285e-05,-2.1827872842550278e-11,0.011654487811028957,2.372642755508423,2.3726422786712646,True,1.7881393432617188e-07,2396160,9.140625,128.0,False
shared_e2e_rep_projected,43,42,1,0.005160643719136715,0.007617222610861063,0.7459270358085632,97.92637998329977,94,encoder_output_representation,0.005160643719136715,5.864444392500445e-05,5.864444392500445e-05,0.007617222610861063,1.4918540716171265,1.4918540716171265,False,0.0,2088960,7.96875,128.0,False
shared_e2e_rep_projected,43,42,1,-0.0016283293953165412,0.01766115240752697,1.1267821788787842,63.80003710282027,95,encoder_output_representation,-0.0016283293953165412,-6.480839510913938e-05,-1.382431946694851e-10,0.01766115240752697,2.2535643577575684,2.25356125831604,True,1.3709068298339844e-06,2909184,11.09765625,128.0,False
shared_e2e_rep_projected,43,42,1,-0.0022478813771158457,0.008386130444705486,1.1532131433486938,137.51433404863926,96,encoder_output_representation,-0.0022478813771158457,-4.347850335761905e-05,-7.275957614183426e-12,0.008386130444705486,2.3064262866973877,2.30642032623291,True,2.562999725341797e-06,2611200,9.9609375,128.0,False
shared_e2e_rep_projected,43,42,1,-0.0008164612227119505,0.010660838335752487,0.8216442465782166,77.07126031756127,97,encoder_output_representation,-0.0008164612227119505,-1.43034476423054e-05,-2.000888343900442e-11,0.010660838335752487,1.643288493156433,1.6432878971099854,True,3.5762786865234375e-07,3594240,13.7109375,128.0,False
shared_e2e_rep_projected,43,42,1,-0.00039410521276295185,0.00953786913305521,0.5233981609344482,54.87579601197476,98,encoder_output_representation,-0.00039410521276295185,-3.934827873308677e-06,-4.547473508864641e-13,0.00953786913305521,1.0467963218688965,1.046796202659607,True,1.1920928955078125e-07,2785280,10.625,128.0,False
shared_e2e_rep_projected,43,42,1,-0.0004027201794087887,0.014268703758716583,1.180604100227356,82.74080955014142,99,encoder_output_representation,-0.0004027201794087887,-1.3568198482971638e-05,-6.184563972055912e-11,0.014268703758716583,2.361208200454712,2.361207962036133,True,1.1920928955078125e-07,3481600,13.28125,128.0,False
shared_e2e_rep_projected,43,42,1,-9.771456097951159e-05,0.007430077530443668,0.5844421982765198,78.65896363555458,100,encoder_output_representation,-9.771456097951159e-05,-8.486413207720034e-07,-4.092726157978177e-12,0.007430077530443668,1.1688843965530396,1.1688843965530396,True,0.0,3133440,11.953125,128.0,False
shared_e2e_rep_projected,43,42,1,-0.000514486338943243,0.020231468603014946,1.5872191190719604,78.45298580229756,101,encoder_output_representation,-0.000514486338943243,-3.3042138966266066e-05,-5.4569682106375694e-12,0.020231468603014946,3.174438238143921,3.174437999725342,True,5.960464477539063e-08,2457600,9.375,128.0,False
shared_e2e_rep_projected,43,42,1,-0.002913039643317461,0.010574492625892162,0.7040751576423645,66.58240565778088,102,encoder_output_representation,-0.002913039643317461,-4.3376545363571495e-05,-4.001776687800884e-11,0.010574492625892162,1.408150315284729,1.4081443548202515,True,4.231929779052734e-06,2088960,7.96875,128.0,False
shared_e2e_rep_projected,43,42,1,-0.002405194565653801,0.008153311908245087,0.7664897441864014,94.00961876747091,103,encoder_output_representation,-0.002405194565653801,-3.0062190489843488e-05,-8.185452315956354e-12,0.008153311908245087,1.5329794883728027,1.5329749584197998,True,2.9802322387695312e-06,2088960,7.96875,128.0,False
shared_e2e_rep_projected,43,42,1,0.011696802452206612,0.007208021357655525,0.32616475224494934,45.25024775329431,104,encoder_output_representation,0.011696802452206612,5.499842518474907e-05,5.499842518474907e-05,0.007208021357655525,0.6523295044898987,0.6523295044898987,False,0.0,2785280,10.625,128.0,False
shared_e2e_rep_projected,43,42,1,-0.00046668178401887417,0.013694115914404392,1.3490476608276367,98.51294302311386,105,encoder_output_representation,-0.00046668178401887417,-1.7242971807718277e-05,-5.093170329928398e-11,0.013694115914404392,2.6980953216552734,2.6980948448181152,True,1.7881393432617188e-07,2350080,8.96484375,128.0,False
shared_e2e_rep_projected,43,42,1,0.0002559883869253099,0.016328861936926842,1.70823073387146,104.61419420837825,106,encoder_output_representation,0.0002559883869253099,1.4280805771704763e-05,1.4280805771704763e-05,0.016328861936926842,3.41646146774292,3.41646146774292,False,0.0,2350080,8.96484375,128.0,False
shared_e2e_rep_projected,43,42,1,-1.414783673681086e-05,0.011482790112495422,1.2595164775848389,109.68732035032579,107,encoder_output_representation,-1.414783673681086e-05,-4.092336212124792e-07,-5.5138116294983774e-12,0.011482790112495422,2.5190329551696777,2.5190327167510986,True,1.1920928955078125e-07,2420736,9.234375,128.0,False
shared_e2e_rep_projected,43,42,1,0.0019558309577405453,0.008211660198867321,0.6924896836280823,84.33004616089706,108,encoder_output_representation,0.0019558309577405453,2.2243624698603526e-05,2.2243624698603526e-05,0.008211660198867321,1.3849793672561646,1.3849793672561646,False,0.0,2350080,8.96484375,128.0,False
shared_e2e_rep_projected,43,42,1,0.0013794306432828307,0.017249194905161858,1.0159244537353516,58.89692007777905,109,encoder_output_representation,0.0013794306432828307,4.834595165448263e-05,4.834595165448263e-05,0.017249194905161858,2.031848907470703,2.031848907470703,False,0.0,2670592,10.1875,128.0,False
shared_e2e_rep_projected,43,42,1,3.308738814666867e-05,0.010359765030443668,0.9210489988327026,88.90635995373128,110,encoder_output_representation,3.308738814666867e-05,6.314298843790311e-07,6.314298843790311e-07,0.010359765030443668,1.8420979976654053,1.8420979976654053,False,0.0,2350080,8.96484375,128.0,False
shared_e2e_rep_projected,43,42,1,0.00024584383936598897,0.009629989974200726,0.8601623773574829,89.32121213645138,111,encoder_output_representation,0.00024584383936598897,4.07282368541928e-06,4.07282368541928e-06,0.009629989974200726,1.7203247547149658,1.7203247547149658,False,0.0,2135040,8.14453125,128.0,False
shared_e2e_rep_projected,43,42,1,0.0008420430240221322,0.007412017788738012,0.5741732120513916,77.46516919101346,112,encoder_output_representation,0.0008420430240221322,7.1671029218123294e-06,7.1671029218123294e-06,0.007412017788738012,1.1483464241027832,1.1483464241027832,False,0.0,2350080,8.96484375,128.0,False
shared_e2e_rep_projected,43,42,1,0.0018730752635747194,0.015311380848288536,0.9196720719337463,60.064606912089495,113,encoder_output_representation,0.0018730752635747194,5.275122748571448e-05,5.275122748571448e-05,0.015311380848288536,1.8393441438674927,1.8393441438674927,False,0.0,3018752,11.515625,128.0,False
shared_e2e_rep_projected,43,42,1,0.0012477593263611197,0.007962650619447231,0.4298214614391327,53.979696206860694,114,encoder_output_representation,0.0012477593263611197,8.54095742397476e-06,8.54095742397476e-06,0.007962650619447231,0.8596429228782654,0.8596429228782654,False,0.0,3133440,11.953125,128.0,False
shared_e2e_rep_projected,43,42,1,0.0018132610712200403,0.01390985306352377,0.8185375928878784,58.84588350069308,115,encoder_output_representation,0.0018132610712200403,4.1290630178991705e-05,4.1290630178991705e-05,0.01390985306352377,1.6370751857757568,1.6370751857757568,False,0.0,2785280,10.625,128.0,False
shared_e2e_rep_projected,43,42,1,0.005619016941636801,0.00860580988228321,0.6752795577049255,78.46786844491234,116,encoder_output_representation,0.005619016941636801,6.530789687531069e-05,6.530789687531069e-05,0.00860580988228321,1.350559115409851,1.350559115409851,False,0.0,2350080,8.96484375,128.0,False
shared_e2e_rep_projected,43,42,1,0.005781121086329222,0.014597571454942226,1.1610504388809204,79.53723278318527,117,encoder_output_representation,0.005781121086329222,0.00019596285710576922,0.00019596285710576922,0.014597571454942226,2.322100877761841,2.322100877761841,False,0.0,2939904,11.21484375,128.0,False
shared_e2e_rep_projected,43,42,1,0.0026986142620444298,0.011358719319105148,1.0306422710418701,90.73578121684454,118,encoder_output_representation,0.0026986142620444298,6.318414671113715e-05,6.318414671113715e-05,0.011358719319105148,2.0612845420837402,2.0612845420837402,False,0.0,2396160,9.140625,128.0,False
shared_e2e_rep_projected,43,42,1,-0.00102819106541574,0.011920790188014507,0.7246606945991516,60.78965262955014,119,encoder_output_representation,-0.00102819106541574,-1.776411409082357e-05,-9.094947017729282e-12,0.011920790188014507,1.4493213891983032,1.449320673942566,True,4.76837158203125e-07,2350080,8.96484375,128.0,False
shared_e2e_rep_projected,43,42,1,-0.0035974420607089996,0.009123812429606915,0.4298069179058075,47.10825887992582,120,encoder_output_representation,-0.0035974420607089996,-2.8214577469043434e-05,-1.4551915228366852e-11,0.009123812429606915,0.859613835811615,0.8596082925796509,True,6.4373016357421875e-06,2088960,7.96875,128.0,False
shared_e2e_rep_projected,43,42,1,-0.01595565676689148,0.009669870138168335,0.6517019867897034,67.39511260004869,121,encoder_output_representation,-0.01595565676689148,-0.00020110105106141418,-8.36735125631094e-11,0.009669870138168335,1.3034039735794067,1.303238034248352,True,0.00012731552124023438,2088960,7.96875,128.0,False
shared_e2e_rep_projected,43,42,1,0.014120464213192463,0.007000977173447609,0.31119152903556824,44.44972770598579,122,encoder_output_representation,0.014120464213192463,6.152695277705789e-05,6.152695277705789e-05,0.007000977173447609,0.6223830580711365,0.6223830580711365,False,0.0,2088960,7.96875,128.0,False
shared_e2e_rep_projected,43,42,1,-0.0003931060491595417,0.007068905048072338,0.5683178901672363,80.39687706969757,123,encoder_output_representation,-0.0003931060491595417,-3.1585168471792713e-06,-3.694822225952521e-12,0.007068905048072338,1.1366357803344727,1.136635661125183,True,1.1920928955078125e-07,2088960,7.96875,128.0,False
shared_e2e_rep_projected,43,42,1,0.0014352038269862533,0.009816702455282211,0.5295260548591614,53.941336948053454,124,encoder_output_representation,0.0014352038269862533,1.4920952708052937e-05,1.4920952708052937e-05,0.009816702455282211,1.0590521097183228,1.0590521097183228,False,0.0,2350080,8.96484375,128.0,False
shared_e2e_rep_projected,43,42,1,-0.0005664018099196255,0.012792744673788548,0.5430927276611328,42.45318276177999,125,encoder_output_representation,-0.0005664018099196255,-7.870318768254947e-06,-2.2509993868879974e-11,0.012792744673788548,1.0861854553222656,1.0861852169036865,True,2.384185791015625e-07,2350080,8.96484375,128.0,False
shared_e2e_rep_projected,43,42,1,0.003748449496924877,0.01567828468978405,0.6520566940307617,41.58979805078045,126,encoder_output_representation,0.003748449496924877,7.664177974220365e-05,7.664177974220365e-05,0.01567828468978405,1.3041133880615234,1.3041133880615234,False,0.0,2350080,8.96484375,128.0,False
shared_e2e_rep_projected,43,42,1,0.006108897738158703,0.009730738587677479,0.7680515646934509,78.93044888350747,127,encoder_output_representation,0.006108897738158703,9.131224942393601e-05,9.131224942393601e-05,0.009730738587677479,1.5361031293869019,1.5361031293869019,False,0.0,2088960,7.96875,128.0,False
shared_e2e_rep_projected,43,42,1,-0.00047359574818983674,0.013383549638092518,1.3072458505630493,97.6755708248237,128,encoder_output_representation,-0.00047359574818983674,-1.657167376833968e-05,-1.8189894035458565e-11,0.013383549638092518,2.6144917011260986,2.6144914627075195,True,1.1920928955078125e-07,3397120,12.958984375,128.0,False
shared_e2e_rep_projected,43,42,1,-0.0006498881848528981,0.0104036470875144,0.6342479586601257,60.96400169333866,129,encoder_output_representation,-0.0006498881848528981,-8.57656414154917e-06,-2.2737367544323206e-12,0.0104036470875144,1.2684959173202515,1.2684956789016724,True,1.7881393432617188e-07,2350080,8.96484375,128.0,False
shared_e2e_rep_projected,43,42,1,0.0031036585569381714,0.0076671685092151165,0.2329397350549698,30.381455001934697,130,encoder_output_representation,0.0031036585569381714,1.1086195627285633e-05,1.1086195627285633e-05,0.0076671685092151165,0.4658794701099396,0.4658794701099396,False,0.0,2088960,7.96875,128.0,False
shared_e2e_rep_projected,43,42,1,0.004297524690628052,0.01834147237241268,0.6547888517379761,35.69990666195593,131,encoder_output_representation,0.004297524690628052,0.00010322475282009691,0.00010322475282009691,0.01834147237241268,1.3095777034759521,1.3095777034759521,False,0.0,2741760,10.458984375,128.0,False
shared_e2e_rep_projected,43,42,1,-0.0006595120066776872,0.011601509526371956,0.6100202798843384,52.581112698970045,132,encoder_output_representation,-0.0006595120066776872,-9.334939022664912e-06,-5.343281372915953e-12,0.011601509526371956,1.2200405597686768,1.220040202140808,True,2.980232238769531e-07,3133440,11.953125,128.0,False
shared_e2e_rep_projected,43,42,1,4.02133991883602e-05,0.01186256855726242,0.8333215117454529,70.24798278070077,133,encoder_output_representation,4.02133991883602e-05,7.950457074912265e-07,7.950457074912265e-07,0.01186256855726242,1.6666430234909058,1.6666430234909058,False,0.0,2088960,7.96875,128.0,False
shared_e2e_rep_projected,43,42,1,0.007123205345124006,0.007970358245074749,0.1725066751241684,21.643528411131108,134,encoder_output_representation,0.007123205345124006,1.9587960196076892e-05,1.9587960196076892e-05,0.007970358245074749,0.3450133502483368,0.3450133502483368,False,0.0,2350080,8.96484375,128.0,False
shared_e2e_rep_projected,43,42,1,0.0002725800150074065,0.01054083090275526,0.8870357275009155,84.15235342301658,135,encoder_output_representation,0.0002725800150074065,5.097297616885044e-06,5.097297616885044e-06,0.01054083090275526,1.774071455001831,1.774071455001831,False,0.0,2196480,8.37890625,128.0,False
shared_e2e_rep_projected,43,42,1,-0.003345201490446925,0.010642328299582005,0.799570620059967,75.1311740769519,136,encoder_output_representation,-0.003345201490446925,-5.693059938494116e-05,-5.4569682106375694e-12,0.010642328299582005,1.599141240119934,1.5991322994232178,True,5.602836608886719e-06,2088960,7.96875,128.0,False
shared_e2e_rep_projected,43,42,1,0.0002667804656084627,0.011082286946475506,1.0018887519836426,90.40451278896661,137,encoder_output_representation,0.0002667804656084627,5.924243396293605e-06,5.924243396293605e-06,0.011082286946475506,2.003777503967285,2.003777503967285,False,0.0,2350080,8.96484375,128.0,False
shared_e2e_rep_projected,43,42,1,-4.287065166863613e-05,0.016148893162608147,0.497204065322876,30.788739532572052,138,encoder_output_representation,-4.287065166863613e-05,-6.884422418806935e-07,-1.9326762412674725e-12,0.016148893162608147,0.994408130645752,0.994408130645752,True,0.0,2350080,8.96484375,128.0,False
shared_e2e_rep_projected,43,42,1,0.006933311000466347,0.009524675086140633,0.6931097507476807,72.76991020472977,139,encoder_output_representation,0.006933311000466347,9.154251893050969e-05,9.154251893050969e-05,0.009524675086140633,1.3862195014953613,1.3862195014953613,False,0.0,2350080,8.96484375,128.0,False
shared_e2e_rep_projected,43,42,1,0.0008510051993653178,0.013178481720387936,0.6648300290107727,50.448150486276354,140,encoder_output_representation,0.0008510051993653178,1.4912080587237142e-05,1.4912080587237142e-05,0.013178481720387936,1.3296600580215454,1.3296600580215454,False,0.0,3133440,11.953125,128.0,False
shared_e2e_rep_projected,43,42,1,0.011901290155947208,0.013531048782169819,0.6492281556129456,47.98062338437866,141,encoder_output_representation,0.011901290155947208,0.00020909942395519465,0.00020909942395519465,0.013531048782169819,1.2984563112258911,1.2984563112258911,False,0.0,3133440,11.953125,128.0,False
shared_e2e_rep_projected,43,42,1,0.00376299349591136,0.009890482760965824,0.5558891892433167,56.204454593178326,142,encoder_output_representation,0.00376299349591136,4.137797077419236e-05,4.137797077419236e-05,0.009890482760965824,1.1117783784866333,1.1117783784866333,False,0.0,2088960,7.96875,128.0,False
shared_e2e_rep_projected,43,42,1,-0.0003734950441867113,0.012261446565389633,0.545911431312561,44.522595959721784,143,encoder_output_representation,-0.0003734950441867113,-5.000100827601273e-06,-8.86757334228605e-12,0.012261446565389633,1.091822862625122,1.091822862625122,True,0.0,2088960,7.96875,128.0,False
shared_e2e_rep_projected,43,42,1,0.009014113806188107,0.014691789634525776,0.4763185679912567,32.420731567780265,144,encoder_output_representation,0.009014113806188107,0.00012616103049367666,0.00012616103049367666,0.014691789634525776,0.9526371359825134,0.9526371359825134,False,0.0,2350080,8.96484375,128.0,False
shared_e2e_rep_projected,43,42,1,0.0011329404078423977,0.01448629330843687,1.0832477807998657,74.77742979075111,145,encoder_output_representation,0.0011329404078423977,3.555675721145235e-05,3.555675721145235e-05,0.01448629330843687,2.1664955615997314,2.1664955615997314,False,0.0,3481600,13.28125,128.0,False
shared_e2e_rep_projected,43,42,1,0.008559279143810272,0.014122040010988712,0.45926016569137573,32.520808986096476,146,encoder_output_representation,0.008559279143810272,0.00011102566350018606,0.00011102566350018606,0.014122040010988712,0.9185203313827515,0.9185203313827515,False,0.0,2350080,8.96484375,128.0,False
shared_e2e_rep_projected,43,42,1,-7.47140875319019e-05,0.01122894324362278,0.8178019523620605,72.82982330741696,147,encoder_output_representation,-7.47140875319019e-05,-1.3722067251364933e-06,-2.0463630789890885e-12,0.01122894324362278,1.635603904724121,1.635603904724121,True,0.0,2350080,8.96484375,128.0,False
shared_e2e_rep_projected,43,42,1,0.0013901832280680537,0.010472437366843224,0.5358744859695435,51.16998719573872,148,encoder_output_representation,0.0013901832280680537,1.5603171050315723e-05,1.5603171050315723e-05,0.010472437366843224,1.071748971939087,1.071748971939087,False,0.0,2785280,10.625,128.0,False
shared_e2e_rep_projected,43,42,1,-0.0009636443573981524,0.012823582626879215,0.8150737881660461,63.56053623092729,149,encoder_output_representation,-0.0009636443573981524,-2.0144341760897078e-05,-9.458744898438454e-11,0.012823582626879215,1.6301475763320923,1.630146861076355,True,4.172325134277344e-07,1959936,7.4765625,128.0,False
shared_e2e_rep_projected,43,42,1,0.00017580180428922176,0.015068004839122295,1.0650711059570312,70.68428218125467,150,encoder_output_representation,0.00017580180428922176,5.642709311359795e-06,5.642709311359795e-06,0.015068004839122295,2.1301422119140625,2.1301422119140625,False,0.0,3018752,11.515625,128.0,False
shared_e2e_rep_projected,43,42,1,-0.0002957225660793483,0.015776781365275383,0.6532793641090393,41.40764513266971,151,encoder_output_representation,-0.0002957225660793483,-6.09581547905691e-06,-1.8189894035458565e-12,0.015776781365275383,1.3065587282180786,1.3065587282180786,True,0.0,2903040,11.07421875,128.0,False
shared_e2e_rep_projected,43,42,1,-5.6663615396246314e-05,0.011252375319600105,0.7792750000953674,69.25426658476069,152,encoder_output_representation,-5.6663615396246314e-05,-9.937318736774614e-07,-4.689582056016661e-12,0.011252375319600105,1.5585500001907349,1.5585500001907349,True,0.0,2350080,8.96484375,128.0,False
shared_e2e_rep_projected,43,42,1,0.005100506357848644,0.012870540842413902,0.885902464389801,68.83179776489081,153,encoder_output_representation,0.005100506357848644,0.00011631239613052458,0.00011631239613052458,0.012870540842413902,1.771804928779602,1.771804928779602,False,0.0,2088960,7.96875,128.0,False
shared_e2e_rep_projected,43,42,1,-0.007241728249937296,0.014926414005458355,0.9065691828727722,60.73589963009562,154,encoder_output_representation,-0.007241728249937296,-0.00019598763901740313,-6.548361852765083e-11,0.014926414005458355,1.8131383657455444,1.8130908012390137,True,2.6226043701171875e-05,2396160,9.140625,128.0,False
shared_e2e_rep_projected,43,42,1,-0.002550780773162842,0.009874708019196987,0.4658755362033844,47.178664452426965,155,encoder_output_representation,-0.002550780773162842,-2.34691451623803e-05,-1.2732925824820995e-11,0.009874708019196987,0.9317510724067688,0.93174809217453,True,3.2186508178710938e-06,2350080,8.96484375,128.0,False
shared_e2e_rep_projected,43,42,1,0.0009862411534413695,0.005708926357328892,0.2382356822490692,41.7303827966237,156,encoder_output_representation,0.0009862411534413695,2.682713784452062e-06,2.682713784452062e-06,0.005708926357328892,0.4764713644981384,0.4764713644981384,False,0.0,2396160,9.140625,128.0,False
shared_e2e_rep_projected,43,42,1,0.011447659693658352,0.006985801737755537,0.3056279420852661,43.749873465985466,157,encoder_output_representation,0.011447659693658352,4.8882797273108736e-05,4.8882797273108736e-05,0.006985801737755537,0.6112558841705322,0.6112558841705322,False,0.0,2580480,9.84375,128.0,False
shared_e2e_rep_projected,43,42,1,0.0015345511492341757,0.011060928925871849,0.3935147821903229,35.57701028797679,158,encoder_output_representation,0.0015345511492341757,1.3358694559428841e-05,1.3358694559428841e-05,0.011060928925871849,0.7870295643806458,0.7870295643806458,False,0.0,2611200,9.9609375,128.0,False
shared_e2e_rep_projected,43,42,1,-0.0018642809009179473,0.008500714786350727,0.34990957379341125,41.16237076383832,159,encoder_output_representation,-0.0018642809009179473,-1.1090538464486599e-05,-2.7284841053187847e-12,0.008500714786350727,0.6998191475868225,0.699817955493927,True,1.7285346984863281e-06,2088960,7.96875,128.0,False
shared_e2e_rep_projected,43,42,1,0.004820471629500389,0.0064795054495334625,0.20857907831668854,32.19058613982749,160,encoder_output_representation,0.004820471629500389,1.3029630281380378e-05,1.3029630281380378e-05,0.0064795054495334625,0.4171581566333771,0.4171581566333771,False,0.0,2088960,7.96875,128.0,False
shared_e2e_rep_projected,43,42,1,-0.00020511371258180588,0.010848584584891796,0.2162044197320938,19.929274463434552,161,encoder_output_representation,-0.00020511371258180588,-9.621933259040816e-07,-1.0459189070388675e-11,0.010848584584891796,0.4324088394641876,0.4324088394641876,True,0.0,2088960,7.96875,128.0,False
shared_e2e_rep_projected,43,42,1,0.0011396674672141671,0.012734855525195599,0.31704244017601013,24.895644834662587,162,encoder_output_representation,0.0011396674672141671,9.202791261486709e-06,9.202791261486709e-06,0.012734855525195599,0.6340848803520203,0.6340848803520203,False,0.0,2350080,8.96484375,128.0,False
shared_e2e_rep_projected,43,42,1,-0.0008124709129333496,0.01051306538283825,0.5211911201477051,49.5755615672769,163,encoder_output_representation,-0.0008124709129333496,-8.903570233087521e-06,-4.001776687800884e-11,0.01051306538283825,1.0423822402954102,1.0423818826675415,True,3.5762786865234375e-07,2088960,7.96875,128.0,False
shared_e2e_rep_projected,43,42,1,-0.00019534776220098138,0.009281808510422707,0.34540051221847534,37.21263068836413,164,encoder_output_representation,-0.00019534776220098138,-1.252547008334659e-06,-5.9117155615240335e-12,0.009281808510422707,0.6908010244369507,0.6908010244369507,True,0.0,2088960,7.96875,128.0,False
shared_e2e_rep_projected,43,42,1,-0.00013439917529467493,0.00863416213542223,0.3259778916835785,37.75443251710925,165,encoder_output_representation,-0.00013439917529467493,-7.565453188362881e-07,-8.753886504564434e-12,0.00863416213542223,0.651955783367157,0.651955783367157,True,0.0,2288640,8.73046875,128.0,False
shared_e2e_rep_projected,43,42,1,0.00023249274818226695,0.017346398904919624,0.942853569984436,54.35442682671345,166,encoder_output_representation,0.00023249274818226695,7.604890924994834e-06,7.604890924994834e-06,0.017346398904919624,1.885707139968872,1.885707139968872,False,0.0,3041280,11.6015625,128.0,False
shared_e2e_rep_projected,43,42,1,-0.0023248321376740932,0.010753617621958256,0.46837031841278076,43.55467479673037,167,encoder_output_representation,-0.0023248321376740932,-2.3418850105372258e-05,-5.4569682106375694e-12,0.010753617621958256,0.9367406368255615,0.9367380738258362,True,2.7418136596679688e-06,2088960,7.96875,128.0,False
shared_e2e_rep_projected,43,42,1,-0.004933138843625784,0.01591937430202961,0.5200425982475281,32.66727626231053,168,encoder_output_representation,-0.004933138843625784,-8.168047497747466e-05,-1.6370904631912708e-11,0.01591937430202961,1.0400851964950562,1.0400725603103638,True,1.2159347534179688e-05,2088960,7.96875,128.0,False
shared_e2e_rep_projected,43,42,1,0.004198810551315546,0.01077442429959774,0.575286865234375,53.393745154054606,169,encoder_output_representation,0.004198810551315546,5.205168781685643e-05,5.205168781685643e-05,0.01077442429959774,1.15057373046875,1.15057373046875,False,0.0,2396160,9.140625,128.0,False
shared_e2e_rep_projected,43,42,1,-0.0005377609049901366,0.00970164779573679,0.4204942286014557,43.34255762059659,170,encoder_output_representation,-0.0005377609049901366,-4.387577064335346e-06,-4.547473508864641e-12,0.00970164779573679,0.8409884572029114,0.840988278388977,True,2.384185791015625e-07,2088960,7.96875,128.0,False
shared_e2e_rep_projected,43,42,1,0.02214767038822174,0.014691087417304516,1.1040358543395996,75.15004321866361,171,encoder_output_representation,0.02214767038822174,0.0007184477290138602,0.0007184477290138602,0.014691087417304516,2.208071708679199,2.208071708679199,False,0.0,3157504,12.044921875,128.0,False
shared_e2e_rep_projected,43,42,1,-0.005732742138206959,0.012008280493319035,0.41475310921669006,34.538925822680724,172,encoder_output_representation,-0.005732742138206959,-5.710351615562104e-05,-9.094947017729282e-12,0.012008280493319035,0.8295062184333801,0.8294925689697266,True,1.6450881958007812e-05,2785280,10.625,128.0,False
shared_e2e_rep_projected,43,42,1,-0.0025316765531897545,0.021276824176311493,0.9296590685844421,43.69350711745205,173,encoder_output_representation,-0.0025316765531897545,-0.00010015409498009831,2.9103830456733704e-11,0.021276824176311493,1.8593181371688843,1.8593121767044067,True,3.2186508178710938e-06,2396160,9.140625,128.0,False
shared_e2e_rep_projected,43,42,1,0.0005534019437618554,0.016908304765820503,0.4520450532436371,26.735090211848384,174,encoder_output_representation,0.0005534019437618554,8.459651326120365e-06,8.459651326120365e-06,0.016908304765820503,0.9040901064872742,0.9040901064872742,False,0.0,2088960,7.96875,128.0,False
shared_e2e_rep_projected,43,42,1,0.0006716633215546608,0.010335767641663551,0.2885250747203827,27.915205210045173,175,encoder_output_representation,0.0006716633215546608,4.005972186860163e-06,4.005972186860163e-06,0.010335767641663551,0.5770501494407654,0.5770501494407654,False,0.0,2088960,7.96875,128.0,False
shared_e2e_rep_projected,43,42,1,-0.006712984759360552,0.009453649632632732,0.5287254452705383,55.92818285177916,176,encoder_output_representation,-0.006712984759360552,-6.710816523991525e-05,7.275957614183426e-12,0.009453649632632732,1.0574508905410767,1.0574270486831665,True,2.2530555725097656e-05,2135040,8.14453125,128.0,False
shared_e2e_rep_projected,43,42,1,0.0030108473729342222,0.024043245241045952,1.0439295768737793,43.41882996275445,177,encoder_output_representation,0.0030108473729342222,0.0001511412556283176,0.0001511412556283176,0.024043245241045952,2.0878591537475586,2.0878591537475586,False,0.0,2350080,8.96484375,128.0,False
shared_e2e_rep_projected,43,42,1,-0.002872464247047901,0.014855398796498775,0.6572871804237366,44.24567724015936,178,encoder_output_representation,-0.002872464247047901,-5.609499567071907e-05,-1.4551915228366852e-11,0.014855398796498775,1.3145743608474731,1.3145688772201538,True,4.172325134277344e-06,2325504,8.87109375,128.0,False
shared_e2e_rep_projected,43,42,1,-0.0012852801010012627,0.011145137250423431,0.6288298964500427,56.42190691067101,179,encoder_output_representation,-0.0012852801010012627,-1.8015502064372413e-05,4.092726157978177e-12,0.011145137250423431,1.2576597929000854,1.2576587200164795,True,8.344650268554688e-07,2088960,7.96875,128.0,False
shared_e2e_rep_projected,43,42,1,-0.0009625310194678605,0.011484253220260143,0.8348801136016846,72.69781478945592,180,encoder_output_representation,-0.0009625310194678605,-1.8457445548847318e-05,-6.366462912410498e-12,0.011484253220260143,1.6697602272033691,1.6697593927383423,True,4.76837158203125e-07,3194880,12.1875,128.0,False
shared_e2e_rep_projected,43,42,1,-0.005824435967952013,0.011623639613389969,0.44344866275787354,38.15058600466573,181,encoder_output_representation,-0.005824435967952013,-6.004396345815621e-05,-2.3646862246096134e-11,0.011623639613389969,0.8868973255157471,0.8868823051452637,True,1.6927719116210938e-05,2785280,10.625,128.0,False
shared_e2e_rep_projected,43,42,1,0.008284333162009716,0.009804336354136467,0.5554482936859131,56.65332906001011,182,encoder_output_representation,0.008284333162009716,9.02296815183945e-05,9.02296815183945e-05,0.009804336354136467,1.1108965873718262,1.1108965873718262,False,0.0,3194880,12.1875,128.0,False
shared_e2e_rep_projected,43,42,1,-0.007968520745635033,0.01880655065178871,1.1293672323226929,60.05180073865792,183,encoder_output_representation,-0.007968520745635033,-0.00033849483588710427,0.0,0.01880655065178871,2.2587344646453857,2.258662700653076,True,3.17692756652832e-05,2135040,8.14453125,128.0,False
shared_e2e_rep_projected,43,42,1,-0.0008559556445106864,0.02041282318532467,1.1632667779922485,56.987059919695604,184,encoder_output_representation,-0.0008559556445106864,-4.065029133926146e-05,-2.546585164964199e-11,0.02041282318532467,2.326533555984497,2.3265326023101807,True,4.172325134277344e-07,2350080,8.96484375,128.0,False
shared_e2e_rep_projected,43,42,1,0.0028848012443631887,0.006688528228551149,0.12054859101772308,18.02318640192627,185,encoder_output_representation,0.0028848012443631887,4.651988092518877e-06,4.651988092518877e-06,0.006688528228551149,0.24109718203544617,0.24109718203544617,False,0.0,2088960,7.96875,128.0,False
shared_e2e_rep_projected,43,42,1,-0.016103683039546013,0.016412729397416115,0.6479758620262146,39.48007953681528,186,encoder_output_representation,-0.016103683039546013,-0.0003425270551815629,-6.093614501878619e-11,0.016412729397416115,1.2959517240524292,1.2957836389541626,True,0.00012969970703125,2350080,8.96484375,128.0,False
shared_e2e_rep_projected,43,42,1,0.007599335163831711,0.013879391364753246,0.7717571258544922,55.604536652404775,187,encoder_output_representation,0.007599335163831711,0.00016280084673780948,0.00016280084673780948,0.013879391364753246,1.5435142517089844,1.5435142517089844,False,0.0,2088960,7.96875,128.0,False
shared_e2e_rep_projected,43,42,1,0.004157843999564648,0.021135902032256126,1.0828194618225098,51.23128694341916,188,encoder_output_representation,0.004157843999564648,0.00019031588453799486,0.00019031588453799486,0.021135902032256126,2.1656389236450195,2.1656389236450195,False,0.0,2265088,8.640625,128.0,False
shared_e2e_rep_projected,43,42,1,0.005903139710426331,0.014821157790720463,0.5199648141860962,35.08260430987696,189,encoder_output_representation,0.005903139710426331,9.098486043512821e-05,9.098486043512821e-05,0.014821157790720463,1.0399296283721924,1.0399296283721924,False,0.0,2088960,7.96875,128.0,False
shared_e2e_rep_projected,43,42,1,0.004342923406511545,0.01702077127993107,0.47161898016929626,27.70843767376012,190,encoder_output_representation,0.004342923406511545,6.972406117711216e-05,6.972406117711216e-05,0.01702077127993107,0.9432379603385925,0.9432379603385925,False,0.0,2611200,9.9609375,128.0,False
shared_e2e_rep_projected,43,42,1,0.0004057800688315183,0.016705283895134926,0.8770106434822083,52.498996664020765,191,encoder_output_representation,0.0004057800688315183,1.1889933375641704e-05,1.1889933375641704e-05,0.016705283895134926,1.7540212869644165,1.7540212869644165,False,0.0,2033152,7.755859375,128.0,False
shared_e2e_rep_projected,43,42,1,-0.00010490782733540982,0.012728008441627026,0.8049485087394714,63.242298465711464,192,encoder_output_representation,-0.00010490782733540982,-2.1496434783330187e-06,-5.4569682106375694e-12,0.012728008441627026,1.6098970174789429,1.6098970174789429,True,0.0,3133440,11.953125,128.0,False
shared_e2e_rep_projected,43,42,1,-0.0019926736131310463,0.011053422465920448,0.2383575588464737,21.564140842473897,193,encoder_output_representation,-0.0019926736131310463,-1.050006176228635e-05,-6.59383658785373e-12,0.011053422465920448,0.4767151176929474,0.476714164018631,True,2.0265579223632812e-06,2088960,7.96875,128.0,False
shared_e2e_rep_projected,43,42,1,-0.0002679211611393839,0.012846906669437885,0.6607663631439209,51.43388833950583,194,encoder_output_representation,-0.0002679211611393839,-4.548660399450455e-06,-3.410605131648481e-12,0.012846906669437885,1.3215327262878418,1.3215327262878418,True,0.0,3133440,11.953125,128.0,False
shared_e2e_rep_projected,43,42,1,-0.0009493737015873194,0.020985456183552742,0.8239995241165161,39.26526623530453,195,encoder_output_representation,-0.0009493737015873194,-3.2833151635713875e-05,-3.637978807091713e-12,0.020985456183552742,1.6479990482330322,1.647998332977295,True,4.172325134277344e-07,2350080,8.96484375,128.0,False
shared_e2e_rep_projected,43,42,1,-0.0009606967796571553,0.013968005776405334,0.6865520477294922,49.15175857739202,196,encoder_output_representation,-0.0009606967796571553,-1.8425709640723653e-05,-1.3642420526593924e-11,0.013968005776405334,1.3731040954589844,1.373103380203247,True,5.364418029785156e-07,2350080,8.96484375,128.0,False
shared_e2e_rep_projected,43,42,1,-0.0022011299151927233,0.01367244403809309,0.4768063724040985,34.87352890790103,197,encoder_output_representation,-0.0022011299151927233,-2.8698808819171973e-05,-1.3642420526593924e-11,0.01367244403809309,0.953612744808197,0.9536104202270508,True,2.4437904357910156e-06,2350080,8.96484375,128.0,False
shared_e2e_rep_projected,43,42,1,0.0007966008852235973,0.012107529677450657,0.5905911326408386,48.77883006479589,198,encoder_output_representation,0.0007966008852235973,1.1392347914807033e-05,1.1392347914807033e-05,0.012107529677450657,1.1811822652816772,1.1811822652816772,False,0.0,2350080,8.96484375,128.0,False
shared_e2e_rep_projected,43,42,1,0.00014038197696208954,0.014837287366390228,0.8814535140991211,59.40799637646773,199,encoder_output_representation,0.00014038197696208954,3.6719375202665105e-06,3.6719375202665105e-06,0.014837287366390228,1.7629070281982422,1.7629070281982422,False,0.0,2350080,8.96484375,128.0,False
shared_e2e_rep_projected,43,42,2,0.004610621370375156,0.015018122270703316,0.4770754277706146,31.766649596485983,0,encoder_output_representation,0.004610621370375156,6.606814713450149e-05,6.606814713450149e-05,0.015018122270703316,0.9541508555412292,0.9541508555412292,False,0.0,2088960,7.96875,128.0,False
shared_e2e_rep_projected,43,42,2,0.007905553095042706,0.016243454068899155,1.125724196434021,69.3032523537842,1,encoder_output_representation,0.007905553095042706,0.00028911634581163526,0.00028911634581163526,0.016243454068899155,2.251448392868042,2.251448392868042,False,0.0,2350080,8.96484375,128.0,False
shared_e2e_rep_projected,43,42,2,-0.000167669088114053,0.018488191068172455,1.1584503650665283,62.65893514378529,2,encoder_output_representation,-0.000167669088114053,-7.182155968621373e-06,-9.094947017729282e-13,0.018488191068172455,2.3169007301330566,2.3169004917144775,True,1.1920928955078125e-07,2350080,8.96484375,128.0,False
shared_e2e_rep_projected,43,42,2,0.0008596158586442471,0.01134885847568512,0.5095263123512268,44.896701588347824,3,encoder_output_representation,0.0008596158586442471,9.941529242496472e-06,9.941529242496472e-06,0.01134885847568512,1.0190526247024536,1.0190526247024536,False,0.0,2088960,7.96875,128.0,False
shared_e2e_rep_projected,43,42,2,-0.00018660617934074253,0.015841985121369362,0.7412163019180298,46.78809481509978,4,encoder_output_representation,-0.00018660617934074253,-4.382385668577626e-06,-1.318767317570746e-11,0.015841985121369362,1.4824326038360596,1.48243248462677,True,5.960464477539063e-08,2420736,9.234375,128.0,False
shared_e2e_rep_projected,43,42,2,0.013970616273581982,0.01085734087973833,0.31489336490631104,29.002807261394576,5,encoder_output_representation,0.013970616273581982,9.55284049268812e-05,9.55284049268812e-05,0.01085734087973833,0.6297867298126221,0.6297867298126221,False,0.0,2350080,8.96484375,128.0,False
shared_e2e_rep_projected,43,42,2,0.007526305504143238,0.013350369408726692,0.4784347414970398,35.83681670892964,6,encoder_output_representation,0.007526305504143238,9.614525333745405e-05,9.614525333745405e-05,0.013350369408726692,0.9568694829940796,0.9568694829940796,False,0.0,2288640,8.73046875,128.0,False
shared_e2e_rep_projected,43,42,2,5.1377308409428224e-05,0.01586013473570347,0.4559411108493805,28.747619011267968,7,encoder_output_representation,5.1377308409428224e-05,7.430481900883024e-07,7.430481900883024e-07,0.01586013473570347,0.911882221698761,0.911882221698761,False,0.0,2350080,8.96484375,128.0,False
shared_e2e_rep_projected,43,42,2,0.0016133899334818125,0.010435382835566998,0.5333644151687622,51.11114978464346,8,encoder_output_representation,0.0016133899334818125,1.795981006580405e-05,1.795981006580405e-05,0.010435382835566998,1.0667288303375244,1.0667288303375244,False,0.0,2785280,10.625,128.0,False
shared_e2e_rep_projected,43,42,2,0.008365200832486153,0.011595251969993114,0.4350084066390991,37.516080527170935,9,encoder_output_representation,0.008365200832486153,8.438868098892272e-05,8.438868098892272e-05,0.011595251969993114,0.8700168132781982,0.8700168132781982,False,0.0,2088960,7.96875,128.0,False
shared_e2e_rep_projected,43,42,2,0.000963618338573724,0.012463725171983242,0.49292248487472534,39.548568190732254,10,encoder_output_representation,0.000963618338573724,1.184026859846199e-05,1.184026859846199e-05,0.012463725171983242,0.9858449697494507,0.9858449697494507,False,0.0,2350080,8.96484375,128.0,False
shared_e2e_rep_projected,43,42,2,0.0026309662498533726,0.010453034192323685,0.29774850606918335,28.484409463410984,11,encoder_output_representation,0.0026309662498533726,1.6377109204768203e-05,1.6377109204768203e-05,0.010453034192323685,0.5954970121383667,0.5954970121383667,False,0.0,2088960,7.96875,128.0,False
shared_e2e_rep_projected,43,42,2,-0.004480311181396246,0.024475572630763054,1.1121951341629028,45.44102607695471,12,encoder_output_representation,-0.004480311181396246,-0.00024392257910221815,-8.731149137020111e-11,0.024475572630763054,2.2243902683258057,2.224368095397949,True,9.953975677490234e-06,2350080,8.96484375,128.0,False
shared_e2e_rep_projected,43,42,2,-0.0031057787127792835,0.015384101308882236,0.37540072202682495,24.40186231808561,13,encoder_output_representation,-0.0031057787127792835,-3.5873003071174026e-05,-3.456079866737127e-11,0.015384101308882236,0.7508014440536499,0.7507978081703186,True,4.827976226806641e-06,2350080,8.96484375,128.0,False
shared_e2e_rep_projected,43,42,2,-0.0002086924359900877,0.013259559869766235,0.5294288396835327,39.928085463131325,14,encoder_output_representation,-0.0002086924359900877,-2.930039045168087e-06,-7.275957614183426e-12,0.013259559869766235,1.0588576793670654,1.0588576793670654,True,0.0,2088960,7.96875,128.0,False
shared_e2e_rep_projected,43,42,2,-0.012321269139647484,0.01767803728580475,1.0942848920822144,61.90081367013022,15,encoder_output_representation,-0.012321269139647484,-0.00047670520143583417,0.0,0.01767803728580475,2.1885697841644287,2.188403844833374,True,7.581710815429688e-05,3194880,12.1875,128.0,False
shared_e2e_rep_projected,43,42,2,0.00025623044348321855,0.01702631451189518,0.6668976545333862,39.168644163566235,16,encoder_output_representation,0.00025623044348321855,5.818895715492545e-06,5.818895715492545e-06,0.01702631451189518,1.3337953090667725,1.3337953090667725,False,0.0,2088960,7.96875,128.0,False
shared_e2e_rep_projected,43,42,2,0.00022610623273067176,0.015369960106909275,0.650891125202179,42.34826379995503,17,encoder_output_representation,0.00022610623273067176,4.524010364548303e-06,4.524010364548303e-06,0.015369960106909275,1.301782250404358,1.301782250404358,False,0.0,2785280,10.625,128.0,False
shared_e2e_rep_projected,43,42,2,0.014353225007653236,0.013905209489166737,0.3232191801071167,23.244466784835577,18,encoder_output_representation,0.014353225007653236,0.00012901914305984974,0.00012901914305984974,0.013905209489166737,0.6464383602142334,0.6464383602142334,False,0.0,3133440,11.953125,128.0,False
shared_e2e_rep_projected,43,42,2,-0.0003389886987861246,0.012982720509171486,0.7474774718284607,57.574794997736745,19,encoder_output_representation,-0.0003389886987861246,-6.579289674846223e-06,4.547473508864641e-13,0.012982720509171486,1.4949549436569214,1.4949549436569214,True,0.0,2847744,10.86328125,128.0,False
shared_e2e_rep_projected,43,42,2,-0.00299381953664124,0.011464765295386314,0.40209662914276123,35.07238210140893,20,encoder_output_representation,-0.00299381953664124,-2.7602676709648222e-05,-2.546585164964199e-11,0.011464765295386314,0.8041932582855225,0.8041896820068359,True,4.470348358154297e-06,2350080,8.96484375,128.0,False
shared_e2e_rep_projected,43,42,2,-0.018182529136538506,0.0227655116468668,0.6010342240333557,26.401085701760437,21,encoder_output_representation,-0.018182529136538506,-0.0004975777119398117,-2.9103830456733704e-11,0.0227655116468668,1.2020684480667114,1.2018697261810303,True,0.0001653432846069336,2350080,8.96484375,128.0,False
shared_e2e_rep_projected,43,42,2,0.004437560215592384,0.012769040651619434,0.6850912570953369,53.65252377111433,22,encoder_output_representation,0.004437560215592384,7.763917528791353e-05,7.763917528791353e-05,0.012769040651619434,1.3701825141906738,1.3701825141906738,False,0.0,2088960,7.96875,128.0,False
shared_e2e_rep_projected,43,42,2,0.0009788810275495052,0.013174888677895069,0.506813645362854,38.46815390654419,23,encoder_output_representation,0.0009788810275495052,1.307239472225774e-05,1.307239472225774e-05,0.013174888677895069,1.013627290725708,1.013627290725708,False,0.0,2350080,8.96484375,128.0,False
shared_e2e_rep_projected,43,42,2,-0.010822738520801067,0.01370578445494175,0.36175310611724854,26.394191978323068,24,encoder_output_representation,-0.010822738520801067,-0.00010732065129559487,1.0913936421275139e-11,0.01370578445494175,0.7235062122344971,0.7234638333320618,True,5.8591365814208984e-05,2088960,7.96875,128.0,False
shared_e2e_rep_projected,43,42,2,-0.000711364671587944,0.013240865431725979,0.3252115547657013,24.561200809916333,25,encoder_output_representation,-0.000711364671587944,-6.12638996244641e-06,-3.3651303965598345e-11,0.013240865431725979,0.6504231095314026,0.650422990322113,True,1.7881393432617188e-07,2088960,7.96875,128.0,False
shared_e2e_rep_projected,43,42,2,0.00012130687537137419,0.012729420326650143,0.906841516494751,71.23981243640763,26,encoder_output_representation,0.00012130687537137419,2.800628180921194e-06,2.800628180921194e-06,0.012729420326650143,1.813683032989502,1.813683032989502,False,0.0,2785280,10.625,128.0,False
shared_e2e_rep_projected,43,42,2,-0.0011704553617164493,0.014224827289581299,0.9433563351631165,66.31759500194843,27,encoder_output_representation,-0.0011704553617164493,-3.141287015751004e-05,-5.95719029661268e-11,0.014224827289581299,1.886712670326233,1.8867112398147583,True,7.748603820800781e-07,3194880,12.1875,128.0,False
shared_e2e_rep_projected,43,42,2,-0.00011005724081769586,0.01611144468188286,0.7871230244636536,48.85490035221762,28,encoder_output_representation,-0.00011005724081769586,-2.7914234124182258e-06,-3.751665644813329e-12,0.01611144468188286,1.5742460489273071,1.5742459297180176,True,5.960464477539063e-08,2088960,7.96875,128.0,False
shared_e2e_rep_projected,43,42,2,-0.000258024490904063,0.013374535366892815,0.6353051662445068,47.501101818993625,29,encoder_output_representation,-0.000258024490904063,-4.384822204883676e-06,-2.7284841053187847e-11,0.013374535366892815,1.2706103324890137,1.2706102132797241,True,1.1920928955078125e-07,2325504,8.87109375,128.0,False
shared_e2e_rep_projected,43,42,2,-0.007445399649441242,0.012452220544219017,0.6937893033027649,55.7161111015544,30,encoder_output_representation,-0.007445399649441242,-0.00012864485324826092,-2.9103830456733704e-11,0.012452220544219017,1.3875786066055298,1.3875401020050049,True,2.777576446533203e-05,2939904,11.21484375,128.0,False
shared_e2e_rep_projected,43,42,2,0.0008500534459017217,0.01651887409389019,0.548283576965332,33.19134063550523,31,encoder_output_representation,0.0008500534459017217,1.5397914467030205e-05,1.5397914467030205e-05,0.01651887409389019,1.096567153930664,1.096567153930664,False,0.0,2088960,7.96875,128.0,False
shared_e2e_rep_projected,43,42,2,0.000680044642649591,0.012069343589246273,0.5124706029891968,42.46051984515592,32,encoder_output_representation,0.000680044642649591,8.41240216686856e-06,8.41240216686856e-06,0.012069343589246273,1.0249412059783936,1.0249412059783936,False,0.0,2159616,8.23828125,128.0,False
shared_e2e_rep_projected,43,42,2,0.004069779068231583,0.011390741914510727,0.3416597843170166,29.99451544782824,33,encoder_output_representation,0.004069779068231583,3.1677194783696905e-05,3.1677194783696905e-05,0.011390741914510727,0.6833195686340332,0.6833195686340332,False,0.0,2088960,7.96875,128.0,False
shared_e2e_rep_projected,43,42,2,-0.0012478677090257406,0.01026384811848402,0.6297052502632141,61.35177011526376,34,encoder_output_representation,-0.0012478677090257406,-1.6130434232763946e-05,-6.366462912410498e-12,0.01026384811848402,1.2594105005264282,1.2594095468521118,True,7.748603820800781e-07,3133440,11.953125,128.0,False
shared_e2e_rep_projected,43,42,2,0.009889120236039162,0.015285097062587738,0.3196835219860077,20.91471978731981,35,encoder_output_representation,0.009889120236039162,9.664426761446521e-05,9.664426761446521e-05,0.015285097062587738,0.6393670439720154,0.6393670439720154,False,0.0,2611200,9.9609375,128.0,False
shared_e2e_rep_projected,43,42,2,0.0003441249718889594,0.013967562466859818,0.7055773735046387,50.5154263801382,36,encoder_output_representation,0.0003441249718889594,6.78283777233446e-06,6.78283777233446e-06,0.013967562466859818,1.4111547470092773,1.4111547470092773,False,0.0,2785280,10.625,128.0,False
shared_e2e_rep_projected,43,42,2,-0.001137590385042131,0.010149233043193817,0.36386537551879883,35.851514490822616,37,encoder_output_representation,-0.001137590385042131,-8.402139428653754e-06,-3.183231456205249e-12,0.010149233043193817,0.7277307510375977,0.7277302742004395,True,6.556510925292969e-07,2785280,10.625,128.0,False
shared_e2e_rep_projected,43,42,2,-0.00022621994139626622,0.012101522646844387,0.7830392718315125,64.70584691552835,38,encoder_output_representation,-0.00022621994139626622,-4.287305728212232e-06,-6.821210263296962e-13,0.012101522646844387,1.566078543663025,1.566078543663025,True,0.0,3525120,13.447265625,128.0,False
shared_e2e_rep_projected,43,42,2,0.002256799256429076,0.015739120543003082,0.7875811457633972,50.03971750591369,39,encoder_output_representation,0.002256799256429076,5.594981848844327e-05,5.594981848844327e-05,0.015739120543003082,1.5751622915267944,1.5751622915267944,False,0.0,2396160,9.140625,128.0,False
shared_e2e_rep_projected,43,42,2,0.004080378916114569,0.011047611013054848,0.5394893288612366,48.833121316792166,40,encoder_output_representation,0.004080378916114569,4.863867434323765e-05,4.863867434323765e-05,0.011047611013054848,1.0789786577224731,1.0789786577224731,False,0.0,2088960,7.96875,128.0,False
shared_e2e_rep_projected,43,42,2,-0.00080140121281147,0.012140922248363495,0.4841943383216858,39.881182699028614,41,encoder_output_representation,-0.00080140121281147,-9.422179573448375e-06,-9.094947017729282e-13,0.012140922248363495,0.9683886766433716,0.9683883786201477,True,2.980232238769531e-07,2396160,9.140625,128.0,False
shared_e2e_rep_projected,43,42,2,-0.011467086151242256,0.018196051940321922,0.5157938599586487,28.34647107242338,42,encoder_output_representation,-0.011467086151242256,-0.00021524664771277457,-1.4551915228366852e-11,0.018196051940321922,1.0315877199172974,1.031519889831543,True,6.574392318725586e-05,2350080,8.96484375,128.0,False
shared_e2e_rep_projected,43,42,2,-0.01122276484966278,0.01812451146543026,1.0078271627426147,55.605756031818636,43,encoder_output_representation,-0.01122276484966278,-0.0004099984362255782,-1.0186340659856796e-10,0.01812451146543026,2.0156543254852295,2.0155272483825684,True,6.306171417236328e-05,3525120,13.447265625,128.0,False
shared_e2e_rep_projected,43,42,2,0.00012117163714719936,0.009016464464366436,0.26257696747779846,29.121943364332783,44,encoder_output_representation,0.00012117163714719936,5.737515493819956e-07,5.737515493819956e-07,0.009016464464366436,0.5251539349555969,0.5251539349555969,False,0.0,2396160,9.140625,128.0,False
shared_e2e_rep_projected,43,42,2,0.00016047614917624742,0.012604583986103535,0.540190577507019,42.856676436332634,45,encoder_output_representation,0.00016047614917624742,2.1853247744729742e-06,2.1853247744729742e-06,0.012604583986103535,1.080381155014038,1.080381155014038,False,0.0,2088960,7.96875,128.0,False
shared_e2e_rep_projected,43,42,2,0.006276567932218313,0.013207514770328999,0.20742753148078918,15.705265910190777,46,encoder_output_representation,0.006276567932218313,3.4390599466860294e-05,3.4390599466860294e-05,0.013207514770328999,0.41485506296157837,0.41485506296157837,False,0.0,2457600,9.375,128.0,False
shared_e2e_rep_projected,43,42,2,0.005998808890581131,0.023943651467561722,0.7651526927947998,31.956391189180568,47,encoder_output_representation,0.005998808890581131,0.00021980295423418283,0.00021980295423418283,0.023943651467561722,1.5303053855895996,1.5303053855895996,False,0.0,2396160,9.140625,128.0,False
shared_e2e_rep_projected,43,42,2,0.006250743754208088,0.01792542263865471,0.7719784379005432,43.066121980066164,48,encoder_output_representation,0.006250743754208088,0.0001729960786178708,0.0001729960786178708,0.01792542263865471,1.5439568758010864,1.5439568758010864,False,0.0,2088960,7.96875,128.0,False
shared_e2e_rep_projected,43,42,2,0.006273144390434027,0.012632657773792744,0.5163105726242065,40.87109631793603,49,encoder_output_representation,0.006273144390434027,8.183159661712125e-05,8.183159661712125e-05,0.012632657773792744,1.032621145248413,1.032621145248413,False,0.0,2396160,9.140625,128.0,False
shared_e2e_rep_projected,43,42,2,-0.006854915525764227,0.016478996723890305,0.4943293631076813,29.99753998318544,50,encoder_output_representation,-0.006854915525764227,-0.00011168100172653794,-2.1827872842550278e-11,0.016478996723890305,0.9886587262153625,0.9886354207992554,True,2.3543834686279297e-05,2350080,8.96484375,128.0,False
shared_e2e_rep_projected,43,42,2,0.005408620461821556,0.025831175968050957,0.9701787233352661,37.558441959251965,51,encoder_output_representation,0.005408620461821556,0.00027108931681141257,0.00027108931681141257,0.025831175968050957,1.9403574466705322,1.9403574466705322,False,0.0,1766400,6.73828125,128.0,False
shared_e2e_rep_projected,43,42,2,0.00040415755938738585,0.011004600673913956,0.3396287262439728,30.86243075126311,52,encoder_output_representation,0.00040415755938738585,3.0210603654268198e-06,3.0210603654268198e-06,0.011004600673913956,0.6792574524879456,0.6792574524879456,False,0.0,2088960,7.96875,128.0,False
shared_e2e_rep_projected,43,42,2,-0.009118356741964817,0.020897002890706062,0.5183475613594055,24.804875803024387,53,encoder_output_representation,-0.009118356741964817,-0.00019753843662329018,-2.1827872842550278e-11,0.020897002890706062,1.036695122718811,1.0366519689559937,True,4.1604042053222656e-05,3133440,11.953125,128.0,False
shared_e2e_rep_projected,43,42,2,0.01613280549645424,0.017440782859921455,0.2918580174446106,16.73422688584089,54,encoder_output_representation,0.01613280549645424,0.00016423946362920105,0.00016423946362920105,0.017440782859921455,0.5837160348892212,0.5837160348892212,False,0.0,2088960,7.96875,128.0,False
shared_e2e_rep_projected,43,42,2,-0.006588941439986229,0.01813127100467682,0.955025315284729,52.67282779229254,55,encoder_output_representation,-0.006588941439986229,-0.00022818589059170336,-5.820766091346741e-11,0.01813127100467682,1.910050630569458,1.9100090265274048,True,2.1755695343017578e-05,3194880,12.1875,128.0,False
shared_e2e_rep_projected,43,42,2,0.0009254770120605826,0.011130609549582005,0.35014426708221436,31.457780054405337,56,encoder_output_representation,0.0009254770120605826,7.213758635771228e-06,7.213758635771228e-06,0.011130609549582005,0.7002885341644287,0.7002885341644287,False,0.0,2088960,7.96875,128.0,False
shared_e2e_rep_projected,43,42,2,0.00010152235336136073,0.016143620014190674,0.5351429581642151,33.14888220199745,57,encoder_output_representation,0.00010152235336136073,1.7541326542414026e-06,1.7541326542414026e-06,0.016143620014190674,1.0702859163284302,1.0702859163284302,False,0.0,3194880,12.1875,128.0,False
shared_e2e_rep_projected,43,42,2,-0.000667208747472614,0.01102467905730009,0.3083827495574951,27.972038728265446,58,encoder_output_representation,-0.000667208747472614,-4.536780124908546e-06,-3.183231456205249e-12,0.01102467905730009,0.6167654991149902,0.6167653203010559,True,2.980232238769531e-07,3227648,12.3125,128.0,False
shared_e2e_rep_projected,43,42,2,3.635889925135416e-06,0.01704350858926773,0.7402081489562988,43.43050288497562,59,encoder_output_representation,3.635889925135416e-06,9.173891157843173e-08,9.173891157843173e-08,0.01704350858926773,1.4804162979125977,1.4804162979125977,False,0.0,2396160,9.140625,128.0,False
shared_e2e_rep_projected,43,42,2,0.0004696368705481291,0.019191499799489975,0.7843016982078552,40.86713943162996,60,encoder_output_representation,0.0004696368705481291,1.4137878679321148e-05,1.4137878679321148e-05,0.019191499799489975,1.5686033964157104,1.5686033964157104,False,0.0,3396096,12.955078125,128.0,False
shared_e2e_rep_projected,43,42,2,0.0025440934114158154,0.010136181488633156,0.3195459544658661,31.525279497432937,61,encoder_output_representation,0.0025440934114158154,1.6480513295391575e-05,1.6480513295391575e-05,0.010136181488633156,0.6390919089317322,0.6390919089317322,False,0.0,2396160,9.140625,128.0,False
shared_e2e_rep_projected,43,42,2,0.007284816354513168,0.007504513952881098,0.15284782648086548,20.367451835063196,62,encoder_output_representation,0.007284816354513168,1.6712077922420576e-05,1.6712077922420576e-05,0.007504513952881098,0.30569565296173096,0.30569565296173096,False,0.0,2088960,7.96875,128.0,False
shared_e2e_rep_projected,43,42,2,0.012976457364857197,0.010886769741773605,0.2634305953979492,24.197314873588272,63,encoder_output_representation,0.012976457364857197,7.443057984346524e-05,7.443057984346524e-05,0.010886769741773605,0.5268611907958984,0.5268611907958984,False,0.0,2088960,7.96875,128.0,False
shared_e2e_rep_projected,43,42,2,-0.012895110994577408,0.011951969936490059,0.3939701020717621,32.962775522798836,64,encoder_output_representation,-0.012895110994577408,-0.00012143890489824116,-3.637978807091713e-11,0.011951969936490059,0.7879402041435242,0.7878746390342712,True,8.320808410644531e-05,3225600,12.3046875,128.0,False
shared_e2e_rep_projected,43,42,2,0.0020191133953630924,0.016228334978222847,0.5481083989143372,33.774777243004635,65,encoder_output_representation,0.0020191133953630924,3.59195691999048e-05,3.59195691999048e-05,0.016228334978222847,1.0962167978286743,1.0962167978286743,False,0.0,2420736,9.234375,128.0,False
shared_e2e_rep_projected,43,42,2,0.0008302255882881582,0.010724574327468872,0.3405332565307617,31.75261284343503,66,encoder_output_representation,0.0008302255882881582,6.064090939617017e-06,6.064090939617017e-06,0.010724574327468872,0.6810665130615234,0.6810665130615234,False,0.0,2088960,7.96875,128.0,False
shared_e2e_rep_projected,43,42,2,0.01902872323989868,0.01855497434735298,0.5473679304122925,29.49979451145827,67,encoder_output_representation,0.01902872323989868,0.0003865265753120184,0.0003865265753120184,0.01855497434735298,1.094735860824585,1.094735860824585,False,0.0,2350080,8.96484375,128.0,False
shared_e2e_rep_projected,43,42,2,0.010222750715911388,0.01769469864666462,0.5562115907669067,31.433798442888452,68,encoder_output_representation,0.010222750715911388,0.00020122455316595733,0.00020122455316595733,0.01769469864666462,1.1124231815338135,1.1124231815338135,False,0.0,2785280,10.625,128.0,False
shared_e2e_rep_projected,43,42,2,-0.004440838471055031,0.019705839455127716,0.5110058784484863,25.931698043724595,69,encoder_output_representation,-0.004440838471055031,-8.943671127781272e-05,0.0,0.019705839455127716,1.0220117568969727,1.0220017433166504,True,9.775161743164062e-06,2611200,9.9609375,128.0,False
shared_e2e_rep_projected,43,42,2,0.005669187288731337,0.0226986613124609,0.8104031085968018,35.70268296623794,70,encoder_output_representation,0.005669187288731337,0.00020857015624642372,0.00020857015624642372,0.0226986613124609,1.6208062171936035,1.6208062171936035,False,0.0,2088960,7.96875,128.0,False
shared_e2e_rep_projected,43,42,2,-0.012118512764573097,0.016763463616371155,0.4820253849029541,28.75452209245167,71,encoder_output_representation,-0.012118512764573097,-0.00019584523397497833,4.3655745685100555e-11,0.016763463616371155,0.9640507698059082,0.963979959487915,True,7.343292236328125e-05,2350080,8.96484375,128.0,False
shared_e2e_rep_projected,43,42,2,-0.0027011435013264418,0.012944907881319523,0.45835161209106445,35.40786974254953,72,encoder_output_representation,-0.0027011435013264418,-3.205349275958724e-05,-1.0913936421275139e-11,0.012944907881319523,0.9167032241821289,0.9166998863220215,True,3.635883331298828e-06,2785280,10.625,128.0,False
shared_e2e_rep_projected,43,42,2,0.012159585021436214,0.02209935151040554,0.650196373462677,29.421513710777,73,encoder_output_representation,0.012159585021436214,0.00034944014623761177,0.00034944014623761177,0.02209935151040554,1.300392746925354,1.300392746925354,False,0.0,2350080,8.96484375,128.0,False
shared_e2e_rep_projected,43,42,2,-0.0003500936145428568,0.014577768743038177,0.4667065143585205,32.01494841804257,74,encoder_output_representation,-0.0003500936145428568,-4.7637513489462435e-06,-7.275957614183426e-12,0.014577768743038177,0.933413028717041,0.9334129691123962,True,5.960464477539063e-08,2785280,10.625,128.0,False
shared_e2e_rep_projected,43,42,2,-0.013632700778543949,0.028581934049725533,1.1900930404663086,41.637946487310465,75,encoder_output_representation,-0.013632700778543949,-0.0009274369804188609,-5.238689482212067e-10,0.028581934049725533,2.380186080932617,2.37996506690979,True,9.28640365600586e-05,2264064,8.63671875,128.0,False
shared_e2e_rep_projected,43,42,2,-0.0001727810740703717,0.014648579992353916,0.5891057848930359,40.215897049443015,76,encoder_output_representation,-0.0001727810740703717,-2.9820503186783753e-06,-5.184119800105691e-11,0.014648579992353916,1.1782115697860718,1.1782115697860718,True,0.0,3100672,11.828125,128.0,False
shared_e2e_rep_projected,43,42,2,0.00034774059895426035,0.015190115198493004,0.48920565843582153,32.20552655745199,77,encoder_output_representation,0.00034774059895426035,5.168183633941226e-06,5.168183633941226e-06,0.015190115198493004,0.9784113168716431,0.9784113168716431,False,0.0,2088960,7.96875,128.0,False
shared_e2e_rep_projected,43,42,2,0.0055293370969593525,0.015112154185771942,0.5612039566040039,37.135933746121786,78,encoder_output_representation,0.0055293370969593525,9.378862159792334e-05,9.378862159792334e-05,0.015112154185771942,1.1224079132080078,1.1224079132080078,False,0.0,2350080,8.96484375,128.0,False
shared_e2e_rep_projected,43,42,2,0.005853785667568445,0.01843053475022316,0.8628581762313843,46.816773790078805,79,encoder_output_representation,0.005853785667568445,0.00018618478497955948,0.00018618478497955948,0.01843053475022316,1.7257163524627686,1.7257163524627686,False,0.0,3133440,11.953125,128.0,False
shared_e2e_rep_projected,43,42,2,-0.011666844598948956,0.022187886759638786,0.6052178144454956,27.276947146964275,80,encoder_output_representation,-0.011666844598948956,-0.00031333655351772904,-2.1827872842550278e-11,0.022187886759638786,1.2104356288909912,1.210353136062622,True,6.812810897827148e-05,2611200,9.9609375,128.0,False
shared_e2e_rep_projected,43,42,2,0.005798067897558212,0.013026708737015724,0.3298867344856262,25.323874291304655,81,encoder_output_representation,0.005798067897558212,4.9832520744530484e-05,4.9832520744530484e-05,0.013026708737015724,0.6597734689712524,0.6597734689712524,False,0.0,3481600,13.28125,128.0,False
shared_e2e_rep_projected,43,42,2,0.0015697878552600741,0.02683192864060402,1.095260739326477,40.819307251326286,82,encoder_output_representation,0.0015697878552600741,9.226572001352906e-05,9.226572001352906e-05,0.02683192864060402,2.190521478652954,2.190521478652954,False,0.0,2549760,9.7265625,128.0,False
shared_e2e_rep_projected,43,42,2,-0.002099761739373207,0.021443739533424377,0.8134649991989136,37.934847974205475,83,encoder_output_representation,-0.002099761739373207,-7.325535989366472e-05,-1.4551915228366852e-11,0.021443739533424377,1.6269299983978271,1.6269261837005615,True,2.3245811462402344e-06,3594240,13.7109375,128.0,False
shared_e2e_rep_projected,43,42,2,0.0036141618620604277,0.0132444454357028,0.35660669207572937,26.924999903312784,84,encoder_output_representation,0.0036141618620604277,3.4139793569920585e-05,3.4139793569920585e-05,0.0132444454357028,0.7132133841514587,0.7132133841514587,False,0.0,2437120,9.296875,128.0,False
shared_e2e_rep_projected,43,42,2,-0.00830006878823042,0.02128865383565426,0.9587402939796448,45.035270965510534,85,encoder_output_representation,-0.00830006878823042,-0.0003388136101420969,-5.275069270282984e-11,0.02128865383565426,1.9174805879592896,1.9174144268035889,True,3.451108932495117e-05,2088960,7.96875,128.0,False
shared_e2e_rep_projected,43,42,2,-0.004364506807178259,0.013931441120803356,0.9843083024024963,70.6537316468044,86,encoder_output_representation,-0.004364506807178259,-0.00011969950719503686,-5.093170329928398e-11,0.013931441120803356,1.9686166048049927,1.9685977697372437,True,9.59634780883789e-06,2785280,10.625,128.0,False
shared_e2e_rep_projected,43,42,2,0.007177754770964384,0.009915007278323174,0.2847955524921417,28.723685671394318,87,encoder_output_representation,0.007177754770964384,4.053637167089619e-05,4.053637167089619e-05,0.009915007278323174,0.5695911049842834,0.5695911049842834,False,0.0,2396160,9.140625,128.0,False
shared_e2e_rep_projected,43,42,2,0.00014255168207455426,0.01815814897418022,0.6972297430038452,38.39762213622453,88,encoder_output_representation,0.00014255168207455426,3.609523218983668e-06,3.609523218983668e-06,0.01815814897418022,1.3944594860076904,1.3944594860076904,False,0.0,2457600,9.375,128.0,False
shared_e2e_rep_projected,43,42,2,-0.0001385080104228109,0.0232085008174181,1.2563141584396362,54.13163772718857,89,encoder_output_representation,-0.0001385080104228109,-8.077002348727547e-06,-6.139089236967266e-12,0.0232085008174181,2.5126283168792725,2.5126283168792725,True,0.0,2350080,8.96484375,128.0,False
shared_e2e_rep_projected,43,42,2,0.0020216230768710375,0.01107044704258442,0.2667059004306793,24.091701031109967,90,encoder_output_representation,0.0020216230768710375,1.193790103570791e-05,1.193790103570791e-05,0.01107044704258442,0.5334118008613586,0.5334118008613586,False,0.0,2088960,7.96875,128.0,False
shared_e2e_rep_projected,43,42,2,-2.8639227821258828e-05,0.01511091273277998,1.0997374057769775,72.77769551215303,91,encoder_output_representation,-2.8639227821258828e-05,-9.518554406895419e-07,-1.3642420526593924e-12,0.01511091273277998,2.199474811553955,2.199474811553955,True,0.0,2350080,8.96484375,128.0,False
shared_e2e_rep_projected,43,42,2,0.00010949664283543825,0.01736939325928688,0.6980622410774231,40.1892127523908,92,encoder_output_representation,0.00010949664283543825,2.65527546616795e-06,2.65527546616795e-06,0.01736939325928688,1.3961244821548462,1.3961244821548462,False,0.0,2879488,10.984375,128.0,False
shared_e2e_rep_projected,43,42,2,-0.0005486056907102466,0.015784261748194695,0.8015685081481934,50.7827683635487,93,encoder_output_representation,-0.0005486056907102466,-1.3882101484341547e-05,-2.546585164964199e-11,0.015784261748194695,1.6031370162963867,1.6031367778778076,True,1.1920928955078125e-07,2350080,8.96484375,128.0,False
shared_e2e_rep_projected,43,42,2,0.024703526869416237,0.023880507797002792,1.4124480485916138,59.146483006064386,94,encoder_output_representation,0.024703526869416237,0.0016664988361299038,0.0016664988361299038,0.023880507797002792,2.8248960971832275,2.8248960971832275,False,0.0,3202560,12.216796875,128.0,False
shared_e2e_rep_projected,43,42,2,-0.008500855416059494,0.02038361318409443,0.6592870950698853,32.34397597302988,95,encoder_output_representation,-0.008500855416059494,-0.00022848008666187525,-1.8189894035458565e-12,0.02038361318409443,1.3185741901397705,1.3185265064239502,True,3.618001937866211e-05,2088960,7.96875,128.0,False
shared_e2e_rep_projected,43,42,2,0.016051916405558586,0.014857716858386993,0.8001247644424438,53.85247087884728,96,encoder_output_representation,0.016051916405558586,0.00038165124715305865,0.00038165124715305865,0.014857716858386993,1.6002495288848877,1.6002495288848877,False,0.0,2350080,8.96484375,128.0,False
shared_e2e_rep_projected,43,42,2,-6.670103903161362e-05,0.01643591746687889,0.8278113007545471,50.365992797343054,97,encoder_output_representation,-6.670103903161362e-05,-1.8150471987610217e-06,-1.0459189070388675e-11,0.01643591746687889,1.6556226015090942,1.6556226015090942,True,0.0,2350080,8.96484375,128.0,False
shared_e2e_rep_projected,43,42,2,-0.0052357870154082775,0.01778857409954071,0.8967205286026001,50.409916139695135,98,encoder_output_representation,-0.0052357870154082775,-0.0001670360506977886,-7.275957614183426e-12,0.01778857409954071,1.7934410572052002,1.7934163808822632,True,1.3768672943115234e-05,2350080,8.96484375,128.0,False
shared_e2e_rep_projected,43,42,2,0.02106512524187565,0.012349178083240986,0.49715450406074524,40.25810468596541,99,encoder_output_representation,0.02106512524187565,0.00025865653879009187,0.00025865653879009187,0.012349178083240986,0.9943090081214905,0.9943090081214905,False,0.0,2350080,8.96484375,128.0,False
shared_e2e_rep_projected,43,42,2,0.0015788068994879723,0.011451566591858864,0.4430036246776581,38.68498000898827,100,encoder_output_representation,0.0015788068994879723,1.601884468982462e-05,1.601884468982462e-05,0.011451566591858864,0.8860072493553162,0.8860072493553162,False,0.0,3100672,11.828125,128.0,False
shared_e2e_rep_projected,43,42,2,0.008245387114584446,0.017403466627001762,0.5776962041854858,33.1943179233717,101,encoder_output_representation,0.008245387114584446,0.0001657968678046018,0.0001657968678046018,0.017403466627001762,1.1553924083709717,1.1553924083709717,False,0.0,2088960,7.96875,128.0,False
shared_e2e_rep_projected,43,42,2,0.01953091286122799,0.010435538366436958,0.5231301188468933,50.12967232523408,102,encoder_output_representation,0.01953091286122799,0.00021324414410628378,0.00021324414410628378,0.010435538366436958,1.0462602376937866,1.0462602376937866,False,0.0,2135040,8.14453125,128.0,False
shared_e2e_rep_projected,43,42,2,0.0039571537636220455,0.010642322711646557,0.19447582960128784,18.27381436088767,103,encoder_output_representation,0.0039571537636220455,1.6380039596697316e-05,1.6380039596697316e-05,0.010642322711646557,0.3889516592025757,0.3889516592025757,False,0.0,3133440,11.953125,128.0,False
shared_e2e_rep_projected,43,42,2,0.0023443889804184437,0.01304088905453682,0.24721093475818634,18.956601327129892,104,encoder_output_representation,0.0023443889804184437,1.5115918358787894e-05,1.5115918358787894e-05,0.01304088905453682,0.4944218695163727,0.4944218695163727,False,0.0,2088960,7.96875,128.0,False
shared_e2e_rep_projected,43,42,2,-0.00954658817499876,0.017053646966814995,0.4522768259048462,26.520827291953445,105,encoder_output_representation,-0.00954658817499876,-0.00014726507652085274,1.2732925824820995e-11,0.017053646966814995,0.9045536518096924,0.9045124053955078,True,4.559755325317383e-05,2325504,8.87109375,128.0,False
shared_e2e_rep_projected,43,42,2,-0.000598606769926846,0.019820451736450195,0.4927366375923157,24.86001046515824,106,encoder_output_representation,-0.000598606769926846,-1.169230199593585e-05,-9.322320693172514e-12,0.019820451736450195,0.9854732751846313,0.985473096370697,True,1.7881393432617188e-07,3594240,13.7109375,128.0,False
shared_e2e_rep_projected,43,42,2,-0.005813502240926027,0.012785141356289387,0.33075326681137085,25.87012983228876,107,encoder_output_representation,-0.005813502240926027,-4.916743273497559e-05,0.0,0.012785141356289387,0.6615065336227417,0.6614953279495239,True,1.6927719116210938e-05,2088960,7.96875,128.0,False
shared_e2e_rep_projected,43,42,2,0.008266396820545197,0.015595667064189911,0.5807290077209473,37.23656098394097,108,encoder_output_representation,0.008266396820545197,0.00014973513316363096,0.00014973513316363096,0.015595667064189911,1.1614580154418945,1.1614580154418945,False,0.0,2350080,8.96484375,128.0,False
shared_e2e_rep_projected,43,42,2,-0.0013229564065113664,0.010607858188450336,0.49975842237472534,47.11209496737562,109,encoder_output_representation,-0.0013229564065113664,-1.4026953977008816e-05,-1.6370904631912708e-11,0.010607858188450336,0.9995168447494507,0.999515950679779,True,8.940696716308594e-07,2846720,10.859375,128.0,False
shared_e2e_rep_projected,43,42,2,-0.00042953682714141905,0.01386816706508398,0.37293127179145813,26.891172426844413,110,encoder_output_representation,-0.00042953682714141905,-4.443019861355424e-06,-1.4551915228366852e-11,0.01386816706508398,0.7458625435829163,0.7458625435829163,True,0.0,2350080,8.96484375,128.0,False
shared_e2e_rep_projected,43,42,2,0.0024971228558570147,0.01638179086148739,0.33407649397850037,20.39316072358696,111,encoder_output_representation,0.0024971228558570147,2.7332363970344886e-05,2.7332363970344886e-05,0.01638179086148739,0.6681529879570007,0.6681529879570007,False,0.0,2350080,8.96484375,128.0,False
shared_e2e_rep_projected,43,42,2,-0.004263640847057104,0.011771653778851032,0.3517068326473236,29.877436021708398,112,encoder_output_representation,-0.004263640847057104,-3.5304405173519626e-05,0.0,0.011771653778851032,0.7034136652946472,0.7034072875976562,True,9.059906005859375e-06,2350080,8.96484375,128.0,False
shared_e2e_rep_projected,43,42,2,0.00044639912084676325,0.019155677407979965,0.8916800618171692,46.54912707214984,113,encoder_output_representation,0.00044639912084676325,1.5249650459736586e-05,1.5249650459736586e-05,0.019155677407979965,1.7833601236343384,1.7833601236343384,False,0.0,3133440,11.953125,128.0,False
shared_e2e_rep_projected,43,42,2,-0.004290895536541939,0.018937330693006516,0.7727187871932983,40.80399712714846,114,encoder_output_representation,-0.004290895536541939,-0.00012557933223433793,-3.637978807091713e-12,0.018937330693006516,1.5454375743865967,1.5454232692718506,True,9.238719940185547e-06,2350080,8.96484375,128.0,False
shared_e2e_rep_projected,43,42,2,-0.0010432993294671178,0.01624722220003605,0.40730205178260803,25.069026986145627,115,encoder_output_representation,-0.0010432993294671178,-1.3808123185299337e-05,-2.1827872842550278e-11,0.01624722220003605,0.8146041035652161,0.8146036267280579,True,5.960464477539062e-07,2350080,8.96484375,128.0,False
shared_e2e_rep_projected,43,42,2,0.001903862226754427,0.012668129988014698,0.27547821402549744,21.745767866774894,116,encoder_output_representation,0.001903862226754427,1.328817324974807e-05,1.328817324974807e-05,0.012668129988014698,0.5509564280509949,0.5509564280509949,False,0.0,2088960,7.96875,128.0,False
shared_e2e_rep_projected,43,42,2,-0.0008091908530332148,0.013191797770559788,0.4468349814414978,33.872182488932786,117,encoder_output_representation,-0.0008091908530332148,-9.539642633171752e-06,-2.1827872842550278e-11,0.013191797770559788,0.8936699628829956,0.8936696648597717,True,3.5762786865234375e-07,2088960,7.96875,128.0,False
shared_e2e_rep_projected,43,42,2,-0.011291571892797947,0.021817754954099655,0.5636304616928101,25.833568251113817,118,encoder_output_representation,-0.011291571892797947,-0.0002777083427645266,-1.4551915228366852e-11,0.021817754954099655,1.1272609233856201,1.127189040184021,True,6.377696990966797e-05,2396160,9.140625,128.0,False
shared_e2e_rep_projected,43,42,2,0.006663604639470577,0.008003721944987774,0.17296665906906128,21.610778117720518,119,encoder_output_representation,0.006663604639470577,1.8449882190907374e-05,1.8449882190907374e-05,0.008003721944987774,0.34593331813812256,0.34593331813812256,False,0.0,3525120,13.447265625,128.0,False
shared_e2e_rep_projected,43,42,2,0.008977949619293213,0.012874132953584194,0.3242533504962921,25.186422391732336,120,encoder_output_representation,0.008977949619293213,7.495655154343694e-05,7.495655154343694e-05,0.012874132953584194,0.6485067009925842,0.6485067009925842,False,0.0,2396160,9.140625,128.0,False
shared_e2e_rep_projected,43,42,2,0.0008075761143118143,0.014429637230932713,0.34851351380348206,24.152617853508893,121,encoder_output_representation,0.0008075761143118143,8.122477083816193e-06,8.122477083816193e-06,0.014429637230932713,0.6970270276069641,0.6970270276069641,False,0.0,2088960,7.96875,128.0,False
shared_e2e_rep_projected,43,42,2,-0.0006437196861952543,0.017313102260231972,0.6290037631988525,36.331083461781894,122,encoder_output_representation,-0.0006437196861952543,-1.4020222806720994e-05,-8.640199666842818e-12,0.017313102260231972,1.258007526397705,1.258007287979126,True,1.7881393432617188e-07,3133440,11.953125,128.0,False
shared_e2e_rep_projected,43,42,2,0.008180525153875351,0.016072794795036316,0.5131664276123047,31.92764134404201,123,encoder_output_representation,0.008180525153875351,0.00013494625454768538,0.00013494625454768538,0.016072794795036316,1.0263328552246094,1.0263328552246094,False,0.0,2088960,7.96875,128.0,False
shared_e2e_rep_projected,43,42,2,0.008750301785767078,0.013590590097010136,0.3359985947608948,24.72288490510893,124,encoder_output_representation,0.008750301785767078,7.99150948296301e-05,7.99150948296301e-05,0.013590590097010136,0.6719971895217896,0.6719971895217896,False,0.0,2088960,7.96875,128.0,False
shared_e2e_rep_projected,43,42,2,0.010463389568030834,0.019779261201620102,0.5903528928756714,29.84706490590842,125,encoder_output_representation,0.010463389568030834,0.0002443566336296499,0.0002443566336296499,0.019779261201620102,1.1807057857513428,1.1807057857513428,False,0.0,2396160,9.140625,128.0,False
shared_e2e_rep_projected,43,42,2,-0.0055815689265728,0.02535097859799862,0.898286759853363,35.43400726646032,126,encoder_output_representation,-0.0055815689265728,-0.00025421197642572224,1.8189894035458565e-11,0.02535097859799862,1.796573519706726,1.7965455055236816,True,1.5616416931152344e-05,2846720,10.859375,128.0,False
shared_e2e_rep_projected,43,42,2,0.00035090663004666567,0.0164363831281662,0.950741708278656,57.8437300265542,127,encoder_output_representation,0.00035090663004666567,1.0967063644784503e-05,1.0967063644784503e-05,0.0164363831281662,1.901483416557312,1.901483416557312,False,0.0,2785280,10.625,128.0,False
shared_e2e_rep_projected,43,42,2,0.009205123409628868,0.013359521515667439,0.47595760226249695,35.62684499623101,128,encoder_output_representation,0.009205123409628868,0.00011706276563927531,0.00011706276563927531,0.013359521515667439,0.9519152045249939,0.9519152045249939,False,0.0,2088960,7.96875,128.0,False
shared_e2e_rep_projected,43,42,2,0.002620961982756853,0.02288910187780857,0.3802492618560791,16.61267724203448,129,encoder_output_representation,0.002620961982756853,4.562342292047106e-05,4.562342292047106e-05,0.02288910187780857,0.7604985237121582,0.7604985237121582,False,0.0,2350080,8.96484375,128.0,False
shared_e2e_rep_projected,43,42,2,0.007576833479106426,0.018160982057452202,0.34176531434059143,18.818658223405436,130,encoder_output_representation,0.007576833479106426,9.405568562215194e-05,9.405568562215194e-05,0.018160982057452202,0.6835306286811829,0.6835306286811829,False,0.0,2350080,8.96484375,128.0,False
shared_e2e_rep_projected,43,42,2,0.0001810130779631436,0.016510816290974617,0.5222467184066772,31.63058138392318,131,encoder_output_representation,0.0001810130779631436,3.12165025206923e-06,3.12165025206923e-06,0.016510816290974617,1.0444934368133545,1.0444934368133545,False,0.0,2350080,8.96484375,128.0,False
shared_e2e_rep_projected,43,42,2,0.003431015880778432,0.02378062903881073,0.9794078469276428,41.185111013220826,132,encoder_output_representation,0.003431015880778432,0.00015982313198037446,0.00015982313198037446,0.02378062903881073,1.9588156938552856,1.9588156938552856,False,0.0,2088960,7.96875,128.0,False
shared_e2e_rep_projected,43,42,2,-0.003245474537834525,0.014780353754758835,0.7088639736175537,47.959878726807915,133,encoder_output_representation,-0.003245474537834525,-6.800736446166411e-05,-1.4551915228366852e-11,0.014780353754758835,1.4177279472351074,1.4177204370498657,True,5.304813385009766e-06,2561024,9.76953125,128.0,False
shared_e2e_rep_projected,43,42,2,0.0015372664202004671,0.015189510770142078,0.482278436422348,31.750755091491136,134,encoder_output_representation,0.0015372664202004671,2.2522715880768374e-05,2.2522715880768374e-05,0.015189510770142078,0.964556872844696,0.964556872844696,False,0.0,2752512,10.5,128.0,False
shared_e2e_rep_projected,43,42,2,0.004187835846096277,0.014636988751590252,0.3121090233325958,21.323308272590317,135,encoder_output_representation,0.004187835846096277,3.826288229902275e-05,3.826288229902275e-05,0.014636988751590252,0.6242180466651917,0.6242180466651917,False,0.0,2088960,7.96875,128.0,False
shared_e2e_rep_projected,43,42,2,-0.001964600756764412,0.02428119257092476,0.6379935145378113,26.275213322996724,136,encoder_output_representation,-0.001964600756764412,-6.0868216678500175e-05,-7.412381819449365e-11,0.02428119257092476,1.2759870290756226,1.275984525680542,True,1.9669532775878906e-06,2088960,7.96875,128.0,False
shared_e2e_rep_projected,43,42,2,0.00019677939417306334,0.01762080006301403,0.730027973651886,41.429899382617194,137,encoder_output_representation,0.00019677939417306334,5.062613126938231e-06,5.062613126938231e-06,0.01762080006301403,1.460055947303772,1.460055947303772,False,0.0,2396160,9.140625,128.0,False
shared_e2e_rep_projected,43,42,2,-0.010517474263906479,0.02070341445505619,0.7623870372772217,36.8242175189142,138,encoder_output_representation,-0.010517474263906479,-0.00033201591577380896,-2.9103830456733704e-11,0.02070341445505619,1.5247740745544434,1.5246896743774414,True,5.537271499633789e-05,2350080,8.96484375,128.0,False
shared_e2e_rep_projected,43,42,2,-0.00167635187972337,0.01775135099887848,0.2813798189163208,15.851177689748697,139,encoder_output_representation,-0.00167635187972337,-1.6746325854910538e-05,-2.2282620193436742e-11,0.01775135099887848,0.5627596378326416,0.5627588629722595,True,1.3709068298339844e-06,2350080,8.96484375,128.0,False
shared_e2e_rep_projected,43,42,2,0.001234983210451901,0.01767258532345295,0.6389886140823364,36.15705355991955,140,encoder_output_representation,0.001234983210451901,2.789229438349139e-05,2.789229438349139e-05,0.01767258532345295,1.2779772281646729,1.2779772281646729,False,0.0,2350080,8.96484375,128.0,False
shared_e2e_rep_projected,43,42,2,-0.00016813765978440642,0.012528267689049244,0.3243004381656647,25.885497198398024,141,encoder_output_representation,-0.00016813765978440642,-1.3662606761499774e-06,-5.343281372915953e-12,0.012528267689049244,0.6486008763313293,0.6486008167266846,True,1.1920928955078125e-07,3133440,11.953125,128.0,False
shared_e2e_rep_projected,43,42,2,-0.00047385477228090167,0.010211965069174767,0.270513117313385,26.489820076837113,142,encoder_output_representation,-0.00047385477228090167,-2.61801960732555e-06,-3.637978807091713e-12,0.010211965069174767,0.54102623462677,0.5410261750221252,True,1.1920928955078125e-07,2396160,9.140625,128.0,False
shared_e2e_rep_projected,43,42,2,0.0010680468985810876,0.025878842920064926,0.8044202923774719,31.08409038465054,143,encoder_output_representation,0.0010680468985810876,4.446805905899964e-05,4.446805905899964e-05,0.025878842920064926,1.6088405847549438,1.6088405847549438,False,0.0,2548224,9.720703125,128.0,False
shared_e2e_rep_projected,43,42,2,-0.020826181396842003,0.022574931383132935,0.9543015360832214,42.27262178064632,144,encoder_output_representation,-0.020826181396842003,-0.000897329009603709,0.0,0.022574931383132935,1.9086030721664429,1.9081891775131226,True,0.0002168416976928711,2396160,9.140625,128.0,False
shared_e2e_rep_projected,43,42,2,-0.002081535290926695,0.01232249103486538,0.27609995007514954,22.406179829544982,145,encoder_output_representation,-0.002081535290926695,-1.4163761989038903e-05,-4.092726157978177e-12,0.01232249103486538,0.5521999001502991,0.5521987080574036,True,2.1457672119140625e-06,2088960,7.96875,128.0,False
shared_e2e_rep_projected,43,42,2,0.0013970871223136783,0.021764488890767097,0.5397366881370544,24.798959940934832,146,encoder_output_representation,0.0013970871223136783,3.282342368038371e-05,3.282342368038371e-05,0.021764488890767097,1.0794733762741089,1.0794733762741089,False,0.0,2088960,7.96875,128.0,False
shared_e2e_rep_projected,43,42,2,0.009767165407538414,0.013448118232190609,0.40967199206352234,30.46314621795153,147,encoder_output_representation,0.009767165407538414,0.00010762082820292562,0.00010762082820292562,0.013448118232190609,0.8193439841270447,0.8193439841270447,False,0.0,2088960,7.96875,128.0,False
shared_e2e_rep_projected,43,42,2,0.005391116254031658,0.02371661737561226,0.9755712151527405,41.13450074697069,148,encoder_output_representation,0.005391116254031658,0.000249471195274964,0.000249471195274964,0.02371661737561226,1.951142430305481,1.951142430305481,False,0.0,2903040,11.07421875,128.0,False
shared_e2e_rep_projected,43,42,2,4.389597233966924e-05,0.012743718922138214,0.31772539019584656,24.9319207475534,149,encoder_output_representation,4.389597233966924e-05,3.5546986509871203e-07,3.5546986509871203e-07,0.012743718922138214,0.6354507803916931,0.6354507803916931,False,0.0,2088960,7.96875,128.0,False
shared_e2e_rep_projected,43,42,2,0.0008162996964529157,0.015719380229711533,0.432992547750473,27.545141183878528,150,encoder_output_representation,0.0008162996964529157,1.1112082574982196e-05,1.1112082574982196e-05,0.015719380229711533,0.865985095500946,0.865985095500946,False,0.0,2350080,8.96484375,128.0,False
shared_e2e_rep_projected,43,42,2,0.001190435141324997,0.02385183610022068,0.7423601746559143,31.12381669640292,151,encoder_output_representation,0.001190435141324997,4.2157244024565443e-05,4.2157244024565443e-05,0.02385183610022068,1.4847203493118286,1.4847203493118286,False,0.0,2088960,7.96875,128.0,False
shared_e2e_rep_projected,43,42,2,0.005206765606999397,0.01507557462900877,0.3833443522453308,25.428175156102554,152,encoder_output_representation,0.005206765606999397,6.018121712259017e-05,6.018121712259017e-05,0.01507557462900877,0.7666887044906616,0.7666887044906616,False,0.0,2350080,8.96484375,128.0,False
shared_e2e_rep_projected,43,42,2,-0.002168137114495039,0.012351490557193756,0.3558127284049988,28.807270406547516,153,encoder_output_representation,-0.002168137114495039,-1.9057135432376526e-05,-6.366462912410498e-12,0.012351490557193756,0.7116254568099976,0.7116237878799438,True,2.3245811462402344e-06,2135040,8.14453125,128.0,False
shared_e2e_rep_projected,43,42,2,-0.0026738555170595646,0.013242179527878761,0.3007342517375946,22.71032884763862,154,encoder_output_representation,-0.0026738555170595646,-2.129660060745664e-05,-1.0459189070388675e-11,0.013242179527878761,0.6014685034751892,0.6014663577079773,True,3.5762786865234375e-06,2135040,8.14453125,128.0,False
shared_e2e_rep_projected,43,42,2,-0.00026116924709640443,0.01713610626757145,0.6941980719566345,40.510840742762106,155,encoder_output_representation,-0.00026116924709640443,-6.213661436049733e-06,2.2737367544323206e-13,0.01713610626757145,1.388396143913269,1.3883960247039795,True,5.960464477539063e-08,2350080,8.96484375,128.0,False
shared_e2e_rep_projected,43,42,2,0.000143403114634566,0.019992567598819733,0.6758002042770386,33.802571927626474,156,encoder_output_representation,0.000143403114634566,3.875033598887967e-06,3.875033598887967e-06,0.019992567598819733,1.3516004085540771,1.3516004085540771,False,0.0,3488256,13.306640625,128.0,False
shared_e2e_rep_projected,43,42,2,8.70524745550938e-05,0.022283457219600677,1.1904003620147705,53.420811245020204,157,encoder_output_representation,8.70524745550938e-05,4.618348611984402e-06,4.618348611984402e-06,0.022283457219600677,2.380800724029541,2.380800724029541,False,0.0,3180544,12.1328125,128.0,False
shared_e2e_rep_projected,43,42,2,-0.004460976924747229,0.016959233209490776,0.7302855253219604,43.06123492147486,158,encoder_output_representation,-0.004460976924747229,-0.00011049913155147806,-6.912159733474255e-11,0.016959233209490776,1.460571050643921,1.4605565071105957,True,9.953975677490234e-06,2088960,7.96875,128.0,False
shared_e2e_rep_projected,43,42,2,-2.159906580345705e-05,0.02403264306485653,0.5082222819328308,21.14716556815241,159,encoder_output_representation,-2.159906580345705e-05,-5.276187380331976e-07,-6.252776074688882e-13,0.02403264306485653,1.0164445638656616,1.0164445638656616,True,0.0,3133440,11.953125,128.0,False
shared_e2e_rep_projected,43,42,2,-0.0006491190288215876,0.01973969116806984,0.3699723184108734,18.742558597336433,160,encoder_output_representation,-0.0006491190288215876,-9.481213055551052e-06,-1.8189894035458565e-11,0.01973969116806984,0.7399446368217468,0.7399444580078125,True,2.384185791015625e-07,2482176,9.46875,128.0,False
shared_e2e_rep_projected,43,42,2,-0.001983623020350933,0.01729857735335827,0.47206753492355347,27.28938485984273,161,encoder_output_representation,-0.001983623020350933,-3.23969179589767e-05,-1.2732925824820995e-11,0.01729857735335827,0.9441350698471069,0.9441332221031189,True,1.9669532775878906e-06,3133440,11.953125,128.0,False
shared_e2e_rep_projected,43,42,2,-0.0008813511813059449,0.019508101046085358,0.744392991065979,38.15814718754261,162,encoder_output_representation,-0.0008813511813059449,-2.5597424610168673e-05,-2.0463630789890885e-11,0.019508101046085358,1.488785982131958,1.4887853860855103,True,4.172325134277344e-07,2785280,10.625,128.0,False
shared_e2e_rep_projected,43,42,2,-8.840285590849817e-05,0.015171987935900688,0.4144851863384247,27.319108615796477,163,encoder_output_representation,-8.840285590849817e-05,-1.1118540896859486e-06,-3.410605131648481e-11,0.015171987935900688,0.8289703726768494,0.8289703726768494,True,0.0,2396160,9.140625,128.0,False
shared_e2e_rep_projected,43,42,2,-0.0005554870003834367,0.02238444797694683,1.1172773838043213,49.913108643776994,164,encoder_output_representation,-0.0005554870003834367,-2.7785057682194747e-05,-9.322320693172514e-12,0.02238444797694683,2.2345547676086426,2.2345545291900635,True,1.1920928955078125e-07,3018752,11.515625,128.0,False
shared_e2e_rep_projected,43,42,2,-0.0006545850192196667,0.026896344497799873,0.6806579232215881,25.306707507307028,165,encoder_output_representation,-0.0006545850192196667,-2.3967251763679087e-05,-2.1827872842550278e-11,0.026896344497799873,1.3613158464431763,1.3613154888153076,True,2.384185791015625e-07,2350080,8.96484375,128.0,False
shared_e2e_rep_projected,43,42,2,-0.010234793648123741,0.013194011524319649,0.2863163650035858,21.700478620610404,166,encoder_output_representation,-0.010234793648123741,-7.732716767350212e-05,-1.0913936421275139e-11,0.013194011524319649,0.5726327300071716,0.5726027488708496,True,5.233287811279297e-05,2396160,9.140625,128.0,False
shared_e2e_rep_projected,43,42,2,0.0019785102922469378,0.018850335851311684,0.36813703179359436,19.529468052845218,167,encoder_output_representation,0.0019785102922469378,2.745977144513745e-05,2.745977144513745e-05,0.018850335851311684,0.7362740635871887,0.7362740635871887,False,0.0,2611200,9.9609375,128.0,False
shared_e2e_rep_projected,43,42,2,-0.0005829301080666482,0.0253898948431015,0.7109731435775757,28.002209066681065,168,encoder_output_representation,-0.0005829301080666482,-2.104556369886268e-05,-6.366462912410498e-11,0.0253898948431015,1.4219462871551514,1.4219460487365723,True,1.7881393432617188e-07,2088960,7.96875,128.0,False
shared_e2e_rep_projected,43,42,2,0.00017773490981198847,0.02266102284193039,0.8284192681312561,36.55701130129071,169,encoder_output_representation,0.00017773490981198847,6.673173629678786e-06,6.673173629678786e-06,0.02266102284193039,1.6568385362625122,1.6568385362625122,False,0.0,2088960,7.96875,128.0,False
shared_e2e_rep_projected,43,42,2,-0.0061321561224758625,0.014899096451699734,0.5077863931655884,34.08169044423218,170,encoder_output_representation,-0.0061321561224758625,-9.27863729884848e-05,-4.3655745685100555e-11,0.014899096451699734,1.0155727863311768,1.015553593635559,True,1.8894672393798828e-05,2350080,8.96484375,128.0,False
shared_e2e_rep_projected,43,42,2,0.0013587179128080606,0.022829610854387283,0.608212411403656,26.64138321423787,171,encoder_output_representation,0.0013587179128080606,3.773228309000842e-05,3.773228309000842e-05,0.022829610854387283,1.216424822807312,1.216424822807312,False,0.0,2785280,10.625,128.0,False
shared_e2e_rep_projected,43,42,2,-0.006202338729053736,0.019977912306785583,0.6069206595420837,30.379583723367357,172,encoder_output_representation,-0.006202338729053736,-0.0001504068059148267,-2.9103830456733704e-11,0.019977912306785583,1.2138413190841675,1.213818073272705,True,1.913309097290039e-05,2088960,7.96875,128.0,False
shared_e2e_rep_projected,43,42,2,0.008466805331408978,0.02397688291966915,0.4964168667793274,20.703978429660584,173,encoder_output_representation,0.008466805331408978,0.00020155278616584837,0.00020155278616584837,0.02397688291966915,0.9928337335586548,0.9928337335586548,False,0.0,2088960,7.96875,128.0,False
shared_e2e_rep_projected,43,42,2,0.0017055771313607693,0.025220755487680435,0.4301265478134155,17.05446722337557,174,encoder_output_representation,0.0017055771313607693,3.70045963791199e-05,3.70045963791199e-05,0.025220755487680435,0.860253095626831,0.860253095626831,False,0.0,2531328,9.65625,128.0,False
shared_e2e_rep_projected,43,42,2,-0.0013096830807626247,0.037303000688552856,0.6860994696617126,18.392608020733718,175,encoder_output_representation,-0.0013096830807626247,-6.703892722725868e-05,-7.275957614183426e-12,0.037303000688552856,1.3721989393234253,1.3721977472305298,True,8.940696716308594e-07,2396160,9.140625,128.0,False
shared_e2e_rep_projected,43,42,2,0.0013147429563105106,0.025325264781713486,0.5483882427215576,21.65380095522358,176,encoder_output_representation,0.0013147429563105106,3.6518504202831537e-05,3.6518504202831537e-05,0.025325264781713486,1.0967764854431152,1.0967764854431152,False,0.0,2355200,8.984375,128.0,False
shared_e2e_rep_projected,43,42,2,-0.019316887483000755,0.01937928982079029,0.33600902557373047,17.338562387010526,177,encoder_output_representation,-0.019316887483000755,-0.00025156832998618484,7.275957614183426e-12,0.01937928982079029,0.6720180511474609,0.6718927025794983,True,0.00018650293350219727,2159616,8.23828125,128.0,False
shared_e2e_rep_projected,43,42,2,0.007697696797549725,0.021146444603800774,0.5882849097251892,27.819565924545696,178,encoder_output_representation,0.007697696797549725,0.00019152075401507318,0.00019152075401507318,0.021146444603800774,1.1765698194503784,1.1765698194503784,False,0.0,3194880,12.1875,128.0,False
shared_e2e_rep_projected,43,42,2,-0.0003128675452899188,0.03139365464448929,0.8395612835884094,26.74302476394804,179,encoder_output_representation,-0.0003128675452899188,-1.6492434951942414e-05,-3.092281986027956e-11,0.03139365464448929,1.6791225671768188,1.6791224479675293,True,5.960464477539063e-08,2396160,9.140625,128.0,False
shared_e2e_rep_projected,43,42,2,0.00018138998711947352,0.013038644567131996,0.419317364692688,32.15958242697322,180,encoder_output_representation,0.00018138998711947352,1.983437869057525e-06,1.983437869057525e-06,0.013038644567131996,0.838634729385376,0.838634729385376,False,0.0,2785280,10.625,128.0,False
shared_e2e_rep_projected,43,42,2,0.00013031030539423227,0.03110934980213642,1.0545097589492798,33.89687555851334,181,encoder_output_representation,0.00013031030539423227,8.54968857311178e-06,8.54968857311178e-06,0.03110934980213642,2.1090195178985596,2.1090195178985596,False,0.0,2350080,8.96484375,128.0,False
shared_e2e_rep_projected,43,42,2,-0.0024326674174517393,0.0233099777251482,0.7226839065551758,31.00320022080077,182,encoder_output_representation,-0.0024326674174517393,-8.196019189199433e-05,-5.4569682106375694e-11,0.0233099777251482,1.4453678131103516,1.4453635215759277,True,2.9802322387695312e-06,2350080,8.96484375,128.0,False
shared_e2e_rep_projected,43,42,2,0.004192300606518984,0.012112334370613098,0.28732791543006897,23.72192730471369,183,encoder_output_representation,0.004192300606518984,2.9180189812905155e-05,2.9180189812905155e-05,0.012112334370613098,0.5746558308601379,0.5746558308601379,False,0.0,2396160,9.140625,128.0,False
shared_e2e_rep_projected,43,42,2,-0.0009371336782351136,0.021706473082304,0.49159717559814453,22.64749200545687,184,encoder_output_representation,-0.0009371336782351136,-2.000000858970452e-05,-7.275957614183426e-12,0.021706473082304,0.9831943511962891,0.9831938743591309,True,4.76837158203125e-07,3525120,13.447265625,128.0,False
shared_e2e_rep_projected,43,42,2,-0.0010362009052187204,0.01896541565656662,0.4803878366947174,25.329676153361135,185,encoder_output_representation,-0.0010362009052187204,-1.888114638859406e-05,-3.456079866737127e-11,0.01896541565656662,0.9607756733894348,0.9607751369476318,True,5.364418029785156e-07,2350080,8.96484375,128.0,False
shared_e2e_rep_projected,43,42,2,0.005617071408778429,0.014386538416147232,0.5128253102302551,35.64619197448274,186,encoder_output_representation,0.005617071408778429,8.28830452519469e-05,8.28830452519469e-05,0.014386538416147232,1.0256506204605103,1.0256506204605103,False,0.0,2350080,8.96484375,128.0,False
shared_e2e_rep_projected,43,42,2,0.00021587323863059282,0.032532766461372375,0.6194956302642822,19.042205678998663,187,encoder_output_representation,0.00021587323863059282,8.701377737452276e-06,8.701377737452276e-06,0.032532766461372375,1.2389912605285645,1.2389912605285645,False,0.0,2350080,8.96484375,128.0,False
shared_e2e_rep_projected,43,42,2,-0.002531181089580059,0.017580853775143623,0.3197265565395355,18.186065399825758,188,encoder_output_representation,-0.002531181089580059,-2.8455871870392002e-05,-1.4551915228366852e-11,0.017580853775143623,0.639453113079071,0.6394510865211487,True,3.159046173095703e-06,2785280,10.625,128.0,False
shared_e2e_rep_projected,43,42,2,-0.022699866443872452,0.026568496599793434,0.4928986132144928,18.551994892263682,189,encoder_output_representation,-0.022699866443872452,-0.0005945356097072363,1.4551915228366852e-11,0.026568496599793434,0.9857972264289856,0.9855432510375977,True,0.0002576112747192383,2027520,7.734375,128.0,False
shared_e2e_rep_projected,43,42,2,-0.0012345088180154562,0.0249182116240263,0.34048596024513245,13.664141126277045,190,encoder_output_representation,-0.0012345088180154562,-2.0947889424860477e-05,-6.366462912410498e-12,0.0249182116240263,0.6809719204902649,0.6809713840484619,True,7.748603820800781e-07,2350080,8.96484375,128.0,False
shared_e2e_rep_projected,43,42,2,0.002154320478439331,0.02954779379069805,0.6703429222106934,22.686733465079353,191,encoder_output_representation,0.002154320478439331,8.534191874787211e-05,8.534191874787211e-05,0.02954779379069805,1.3406858444213867,1.3406858444213867,False,0.0,2350080,8.96484375,128.0,False
shared_e2e_rep_projected,43,42,2,-0.0016658924287185073,0.019140712916851044,0.6709221601486206,35.05209879397732,192,encoder_output_representation,-0.0016658924287185073,-4.2786545236594975e-05,-4.729372449219227e-11,0.019140712916851044,1.3418443202972412,1.341842532157898,True,1.3113021850585938e-06,2088960,7.96875,128.0,False
shared_e2e_rep_projected,43,42,2,0.0024517092388123274,0.010315350256860256,0.1927308589220047,18.683888973506104,193,encoder_output_representation,0.0024517092388123274,9.748419870447833e-06,9.748419870447833e-06,0.010315350256860256,0.3854617178440094,0.3854617178440094,False,0.0,2088960,7.96875,128.0,False
shared_e2e_rep_projected,43,42,2,-0.0007276422693394125,0.02022668346762657,0.6481094360351562,32.04229883126788,194,encoder_output_representation,-0.0007276422693394125,-1.907747719087638e-05,-4.9112713895738125e-11,0.02022668346762657,1.2962188720703125,1.2962185144424438,True,2.980232238769531e-07,2350080,8.96484375,128.0,False
shared_e2e_rep_projected,43,42,2,0.00013807234063278884,0.018507380038499832,0.5868927240371704,31.71128073321515,195,encoder_output_representation,0.00013807234063278884,2.9994412216183264e-06,2.9994412216183264e-06,0.018507380038499832,1.1737854480743408,1.1737854480743408,False,0.0,2088960,7.96875,128.0,False
shared_e2e_rep_projected,43,42,2,0.00740743288770318,0.010481515899300575,0.21337449550628662,20.357217177004422,196,encoder_output_representation,0.00740743288770318,3.313327397336252e-05,3.313327397336252e-05,0.010481515899300575,0.42674899101257324,0.42674899101257324,False,0.0,2611200,9.9609375,128.0,False
shared_e2e_rep_projected,43,42,2,-0.0020662276074290276,0.019984520971775055,0.74295574426651,37.1765600644527,197,encoder_output_representation,-0.0020662276074290276,-6.135710282251239e-05,-1.2732925824820995e-11,0.019984520971775055,1.48591148853302,1.4859083890914917,True,2.086162567138672e-06,2350080,8.96484375,128.0,False
shared_e2e_rep_projected,43,42,2,5.085087468614802e-05,0.021593252196907997,0.925574779510498,42.864074900354005,198,encoder_output_representation,5.085087468614802e-05,2.0326283447502647e-06,2.0326283447502647e-06,0.021593252196907997,1.851149559020996,1.851149559020996,False,0.0,2482176,9.46875,128.0,False
shared_e2e_rep_projected,43,42,2,-0.00797263439744711,0.014456977136433125,0.32621529698371887,22.564557853634668,199,encoder_output_representation,-0.00797263439744711,-7.51992774894461e-05,-2.1827872842550278e-11,0.014456977136433125,0.6524305939674377,0.6524098515510559,True,3.17692756652832e-05,2350080,8.96484375,128.0,False
shared_e2e_rep_projected,43,42,3,0.00011621169687714428,0.022517550736665726,0.457192599773407,20.303833446190584,0,encoder_output_representation,0.00011621169687714428,2.3927657366584754e-06,2.3927657366584754e-06,0.022517550736665726,0.914385199546814,0.914385199546814,False,0.0,2396160,9.140625,128.0,False
shared_e2e_rep_projected,43,42,3,0.001404695911332965,0.010955325327813625,0.24162523448467255,22.055505177124132,1,encoder_output_representation,0.001404695911332965,7.436693522322457e-06,7.436693522322457e-06,0.010955325327813625,0.4832504689693451,0.4832504689693451,False,0.0,2350080,8.96484375,128.0,False
shared_e2e_rep_projected,43,42,3,-0.00142019207123667,0.015806375071406364,0.49910968542099,31.576479943454988,2,encoder_output_representation,-0.00142019207123667,-2.240811772935558e-05,-1.3642420526593924e-12,0.015806375071406364,0.99821937084198,0.9982183575630188,True,1.0132789611816406e-06,2088960,7.96875,128.0,False
shared_e2e_rep_projected,43,42,3,0.001846102881245315,0.02170480601489544,0.48019108176231384,22.123721420627824,3,encoder_output_representation,0.001846102881245315,3.8481844967463985e-05,3.8481844967463985e-05,0.02170480601489544,0.9603821635246277,0.9603821635246277,False,0.0,2396160,9.140625,128.0,False
shared_e2e_rep_projected,43,42,3,0.0029017364140599966,0.014595224522054195,0.3142458498477936,21.53073077930049,4,encoder_output_representation,0.0029017364140599966,2.661756479938049e-05,2.661756479938049e-05,0.014595224522054195,0.6284916996955872,0.6284916996955872,False,0.0,2088960,7.96875,128.0,False
shared_e2e_rep_projected,43,42,3,-0.0006080999155528843,0.02038945071399212,0.6629436016082764,32.51404909860254,5,encoder_output_representation,-0.0006080999155528843,-1.643944051465951e-05,0.0,0.02038945071399212,1.3258872032165527,1.325886845588684,True,2.980232238769531e-07,2088960,7.96875,128.0,False
shared_e2e_rep_projected,43,42,3,-0.003711480414494872,0.01529618352651596,0.40134191513061523,26.23804260944492,6,encoder_output_representation,-0.003711480414494872,-4.556955173029564e-05,-5.4569682106375694e-12,0.01529618352651596,0.8026838302612305,0.8026782870292664,True,6.9141387939453125e-06,2088960,7.96875,128.0,False
shared_e2e_rep_projected,43,42,3,-0.012827551923692226,0.022105572745203972,0.7309938073158264,33.0683043475733,7,encoder_output_representation,-0.012827551923692226,-0.00041456177132204175,-8.731149137020111e-11,0.022105572745203972,1.4619876146316528,1.4618672132492065,True,8.237361907958984e-05,2325504,8.87109375,128.0,False
shared_e2e_rep_projected,43,42,3,0.007926027290523052,0.012522963806986809,0.22609025239944458,18.05405300886555,8,encoder_output_representation,0.007926027290523052,4.488223930820823e-05,4.488223930820823e-05,0.012522963806986809,0.45218050479888916,0.45218050479888916,False,0.0,2088960,7.96875,128.0,False
shared_e2e_rep_projected,43,42,3,0.00556638278067112,0.012992116622626781,0.5550792813301086,42.72431486363006,9,encoder_output_representation,0.00556638278067112,8.028566662687808e-05,8.028566662687808e-05,0.012992116622626781,1.1101585626602173,1.1101585626602173,False,0.0,2498560,9.53125,128.0,False
shared_e2e_rep_projected,43,42,3,0.00010970127186737955,0.02395477145910263,0.5609182715415955,23.415722103599983,10,encoder_output_representation,0.00010970127186737955,2.948039309558226e-06,2.948039309558226e-06,0.02395477145910263,1.121836543083191,1.121836543083191,False,0.0,2088960,7.96875,128.0,False
shared_e2e_rep_projected,43,42,3,0.0022844395134598017,0.01342682633548975,0.45965394377708435,34.23399784073533,11,encoder_output_representation,0.0022844395134598017,2.8197720894240774e-05,2.8197720894240774e-05,0.01342682633548975,0.9193078875541687,0.9193078875541687,False,0.0,2785280,10.625,128.0,False
shared_e2e_rep_projected,43,42,3,9.85137012321502e-05,0.02654729224741459,0.49676787853240967,18.7125629952256,12,encoder_output_representation,9.85137012321502e-05,2.598366336314939e-06,2.598366336314939e-06,0.02654729224741459,0.9935357570648193,0.9935357570648193,False,0.0,2457600,9.375,128.0,False
shared_e2e_rep_projected,43,42,3,-9.8341233751853e-06,0.01876918599009514,0.35623374581336975,18.97971206643491,13,encoder_output_representation,-9.8341233751853e-06,-1.315061837203757e-07,-7.744915819785092e-13,0.01876918599009514,0.7124674916267395,0.7124674916267395,True,0.0,2396160,9.140625,128.0,False
shared_e2e_rep_projected,43,42,3,8.424908446613699e-05,0.014887288212776184,0.39950308203697205,26.8351815540268,14,encoder_output_representation,8.424908446613699e-05,1.0021458365372382e-06,1.0021458365372382e-06,0.014887288212776184,0.7990061640739441,0.7990061640739441,False,0.0,2350080,8.96484375,128.0,False
shared_e2e_rep_projected,43,42,3,-0.00063725357176736,0.02417568489909172,0.3702595829963684,15.315370982944895,15,encoder_output_representation,-0.00063725357176736,-1.140846961789066e-05,-6.139089236967266e-12,0.02417568489909172,0.7405191659927368,0.7405190467834473,True,1.7881393432617188e-07,2611200,9.9609375,128.0,False
shared_e2e_rep_projected,43,42,3,0.0002751466818153858,0.011426654644310474,0.2443687468767166,21.38585215738466,16,encoder_output_representation,0.0002751466818153858,1.5365936860689544e-06,1.5365936860689544e-06,0.011426654644310474,0.4887374937534332,0.4887374937534332,False,0.0,2350080,8.96484375,128.0,False
shared_e2e_rep_projected,43,42,3,0.004537882283329964,0.017915312200784683,0.5430184602737427,30.310298485892904,17,encoder_output_representation,0.004537882283329964,8.82921667653136e-05,8.82921667653136e-05,0.017915312200784683,1.0860369205474854,1.0860369205474854,False,0.0,3525120,13.447265625,128.0,False
shared_e2e_rep_projected,43,42,3,0.004801333881914616,0.015125853940844536,0.2861071825027466,18.915109429304202,18,encoder_output_representation,0.004801333881914616,4.155665010330267e-05,4.155665010330267e-05,0.015125853940844536,0.5722143650054932,0.5722143650054932,False,0.0,2396160,9.140625,128.0,False
shared_e2e_rep_projected,43,42,3,0.0014667564537376165,0.029504114761948586,0.6174561977386475,20.927799485615473,19,encoder_output_representation,0.0014667564537376165,5.3441268391907215e-05,5.3441268391907215e-05,0.029504114761948586,1.234912395477295,1.234912395477295,False,0.0,2088960,7.96875,128.0,False
shared_e2e_rep_projected,43,42,3,0.0068816873244941235,0.01687052473425865,0.35148629546165466,20.834342795982995,20,encoder_output_representation,0.0068816873244941235,8.161348523572087e-05,8.161348523572087e-05,0.01687052473425865,0.7029725909233093,0.7029725909233093,False,0.0,2088960,7.96875,128.0,False
shared_e2e_rep_projected,43,42,3,0.004964577499777079,0.010663142427802086,0.20680898427963257,19.394750251147173,21,encoder_output_representation,0.004964577499777079,2.1896104954066686e-05,2.1896104954066686e-05,0.010663142427802086,0.41361796855926514,0.41361796855926514,False,0.0,2088960,7.96875,128.0,False
shared_e2e_rep_projected,43,42,3,-0.0010821799514815211,0.015276848338544369,0.8169158101081848,53.47410617719226,22,encoder_output_representation,-0.0010821799514815211,-2.701099219848402e-05,3.637978807091713e-12,0.015276848338544369,1.6338316202163696,1.6338306665420532,True,5.960464477539062e-07,2785280,10.625,128.0,False
shared_e2e_rep_projected,43,42,3,0.002297891303896904,0.010990732349455357,0.5703580379486084,51.89445250906073,23,encoder_output_representation,0.002297891303896904,2.8809365176130086e-05,2.8809365176130086e-05,0.010990732349455357,1.1407160758972168,1.1407160758972168,False,0.0,3133440,11.953125,128.0,False
shared_e2e_rep_projected,43,42,3,0.0008785534300841391,0.01002043392509222,0.21131716668605804,21.08862433161678,24,encoder_output_representation,0.0008785534300841391,3.7206557408353547e-06,3.7206557408353547e-06,0.01002043392509222,0.4226343333721161,0.4226343333721161,False,0.0,2396160,9.140625,128.0,False
shared_e2e_rep_projected,43,42,3,0.0018180923070758581,0.02764623984694481,0.2901868224143982,10.49643003970635,25,encoder_output_representation,0.0018180923070758581,2.9171562346164137e-05,2.9171562346164137e-05,0.02764623984694481,0.5803736448287964,0.5803736448287964,False,0.0,2396160,9.140625,128.0,False
shared_e2e_rep_projected,43,42,3,0.001546754501760006,0.019090497866272926,0.4659273028373718,24.406241581605,26,encoder_output_representation,0.001546754501760006,2.7516096452018246e-05,2.7516096452018246e-05,0.019090497866272926,0.9318546056747437,0.9318546056747437,False,0.0,2088960,7.96875,128.0,False
shared_e2e_rep_projected,43,42,3,-0.00011647197970887646,0.04641231521964073,0.3424951136112213,7.379401609042862,27,encoder_output_representation,-0.00011647197970887646,-3.7028748920420185e-06,-4.888534022029489e-12,0.04641231521964073,0.6849902272224426,0.6849902272224426,True,0.0,2396160,9.140625,128.0,False
shared_e2e_rep_projected,43,42,3,-6.146929536043899e-06,0.022787487134337425,0.7679110765457153,33.69880461231661,28,encoder_output_representation,-6.146929536043899e-06,-2.1512732928385958e-07,-3.609557097661309e-12,0.022787487134337425,1.5358221530914307,1.5358221530914307,True,0.0,2649600,10.107421875,128.0,False
shared_e2e_rep_projected,43,42,3,-0.00015956191055011004,0.018467219546437263,0.3790207803249359,20.52397651805994,29,encoder_output_representation,-0.00015956191055011004,-2.233694431197364e-06,-2.7284841053187847e-12,0.018467219546437263,0.7580415606498718,0.758041501045227,True,5.960464477539063e-08,2396160,9.140625,128.0,False
shared_e2e_rep_projected,43,42,3,-0.0012380240950733423,0.026699719950556755,0.8396985530853271,31.449713878658766,30,encoder_output_representation,-0.0012380240950733423,-5.5512296967208385e-05,-5.820766091346741e-11,0.026699719950556755,1.6793971061706543,1.6793957948684692,True,7.748603820800781e-07,2088960,7.96875,128.0,False
shared_e2e_rep_projected,43,42,3,7.039487536530942e-05,0.01743411086499691,0.412806898355484,23.678115939040588,31,encoder_output_representation,7.039487536530942e-05,1.0132528132089647e-06,1.0132528132089647e-06,0.01743411086499691,0.825613796710968,0.825613796710968,False,0.0,2350080,8.96484375,128.0,False
shared_e2e_rep_projected,43,42,3,0.0016663266578689218,0.024340959265828133,0.3228437304496765,13.263393891912528,32,encoder_output_representation,0.0016663266578689218,2.618907456053421e-05,2.618907456053421e-05,0.024340959265828133,0.645687460899353,0.645687460899353,False,0.0,2350080,8.96484375,128.0,False
shared_e2e_rep_projected,43,42,3,-0.024264004081487656,0.017702491953969002,0.3453477621078491,19.508426441081937,33,encoder_output_representation,-0.024264004081487656,-0.0002966767642647028,-5.093170329928398e-11,0.017702491953969002,0.6906955242156982,0.6904922127723694,True,0.0002943873405456543,3133440,11.953125,128.0,False
shared_e2e_rep_projected,43,42,3,-0.0005245055654086173,0.029518235474824905,0.6895885467529297,23.361442025931943,34,encoder_output_representation,-0.0005245055654086173,-2.1353080228436738e-05,-3.637978807091713e-12,0.029518235474824905,1.3791770935058594,1.3791768550872803,True,1.7881393432617188e-07,3194880,12.1875,128.0,False
shared_e2e_rep_projected,43,42,3,0.007221953012049198,0.014796960167586803,0.42990052700042725,29.053300281373843,35,encoder_output_representation,0.007221953012049198,9.188088006339967e-05,9.188088006339967e-05,0.014796960167586803,0.8598010540008545,0.8598010540008545,False,0.0,2350080,8.96484375,128.0,False
shared_e2e_rep_projected,43,42,3,-0.008062906563282013,0.014611885882914066,0.354885071516037,24.287424248981463,36,encoder_output_representation,-0.008062906563282013,-8.362105290871114e-05,2.2737367544323206e-12,0.014611885882914066,0.709770143032074,0.7097470760345459,True,3.248453140258789e-05,2088960,7.96875,128.0,False
shared_e2e_rep_projected,43,42,3,-0.0009614145383238792,0.01756950281560421,0.37322869896888733,21.24298580819301,37,encoder_output_representation,-0.0009614145383238792,-1.2608841643668711e-05,-9.094947017729282e-12,0.01756950281560421,0.7464573979377747,0.746457040309906,True,4.76837158203125e-07,2088960,7.96875,128.0,False
shared_e2e_rep_projected,43,42,3,-0.006776914000511169,0.028011487796902657,0.6458851099014282,23.057865208175283,38,encoder_output_representation,-0.006776914000511169,-0.00024521860177628696,-8.003553375601768e-11,0.028011487796902657,1.2917702198028564,1.2917405366897583,True,2.300739288330078e-05,2785280,10.625,128.0,False
shared_e2e_rep_projected,43,42,3,-0.0028536415193229914,0.013271941803395748,0.3676459491252899,27.70099165377777,39,encoder_output_representation,-0.0028536415193229914,-2.7847976525663398e-05,-9.094947017729282e-13,0.013271941803395748,0.7352918982505798,0.7352888584136963,True,4.112720489501953e-06,2350080,8.96484375,128.0,False
shared_e2e_rep_projected,43,42,3,0.00026419409550726414,0.024481693282723427,0.7514997124671936,30.69639439513451,40,encoder_output_representation,0.00026419409550726414,9.721277820062824e-06,9.721277820062824e-06,0.024481693282723427,1.5029994249343872,1.5029994249343872,False,0.0,2088960,7.96875,128.0,False
shared_e2e_rep_projected,43,42,3,-0.0006931542884558439,0.020620277151465416,0.6688172221183777,32.43492884240147,41,encoder_output_representation,-0.0006931542884558439,-1.9118853742838837e-05,-1.3642420526593924e-12,0.020620277151465416,1.3376344442367554,1.3376342058181763,True,1.7881393432617188e-07,2396160,9.140625,128.0,False
shared_e2e_rep_projected,43,42,3,-0.000542374502401799,0.017438670620322227,0.3111158311367035,17.84057041447548,42,encoder_output_representation,-0.000542374502401799,-5.885247901460389e-06,-1.2505552149377763e-12,0.017438670620322227,0.622231662273407,0.6222315430641174,True,1.7881393432617188e-07,3133440,11.953125,128.0,False
shared_e2e_rep_projected,43,42,3,-0.007170483935624361,0.02556692436337471,0.6370267271995544,24.9160484908428,43,encoder_output_representation,-0.007170483935624361,-0.00023356868769042194,0.0,0.02556692436337471,1.2740534543991089,1.274020791053772,True,2.562999725341797e-05,2088960,7.96875,128.0,False
shared_e2e_rep_projected,43,42,3,0.009362132288515568,0.02285170927643776,0.30624309182167053,13.401321017917713,44,encoder_output_representation,0.009362132288515568,0.0001310357329202816,0.0001310357329202816,0.02285170927643776,0.6124861836433411,0.6124861836433411,False,0.0,2088960,7.96875,128.0,False
shared_e2e_rep_projected,43,42,3,-0.00027033378137275577,0.024022916331887245,0.7033411860466003,29.277926806622055,45,encoder_output_representation,-0.00027033378137275577,-9.135284017247614e-06,-1.2278178473934531e-11,0.024022916331887245,1.4066823720932007,1.4066822528839111,True,5.960464477539063e-08,3303424,12.6015625,128.0,False
shared_e2e_rep_projected,43,42,3,0.004264100920408964,0.020385729148983955,0.5466387867927551,26.814777278643483,46,encoder_output_representation,0.004264100920408964,9.503512410447001e-05,9.503512410447001e-05,0.020385729148983955,1.0932775735855103,1.0932775735855103,False,0.0,3396096,12.955078125,128.0,False
shared_e2e_rep_projected,43,42,3,0.0008491578046232462,0.023925989866256714,0.39398759603500366,16.46692982139276,47,encoder_output_representation,0.0008491578046232462,1.6009245882742107e-05,1.6009245882742107e-05,0.023925989866256714,0.7879751920700073,0.7879751920700073,False,0.0,2088960,7.96875,128.0,False
shared_e2e_rep_projected,43,42,3,-0.005683778319507837,0.012885154224932194,0.32359904050827026,25.114099129843606,48,encoder_output_representation,-0.005683778319507837,-4.7398429160239175e-05,-1.2732925824820995e-11,0.012885154224932194,0.6471980810165405,0.6471876502037048,True,1.609325408935547e-05,2420736,9.234375,128.0,False
shared_e2e_rep_projected,43,42,3,0.001628691446967423,0.023198988288640976,0.8180065751075745,35.26044174556089,49,encoder_output_representation,0.001628691446967423,6.181510980241e-05,6.181510980241e-05,0.023198988288640976,1.636013150215149,1.636013150215149,False,0.0,2350080,8.96484375,128.0,False
shared_e2e_rep_projected,43,42,3,-0.004040021449327469,0.02258880063891411,0.9199602603912354,40.726388049412606,50,encoder_output_representation,-0.004040021449327469,-0.00016790973313618451,0.0,0.02258880063891411,1.8399205207824707,1.8399055004119873,True,8.165836334228516e-06,2548224,9.720703125,128.0,False
shared_e2e_rep_projected,43,42,3,0.002764197764918208,0.01488326583057642,0.5221503376960754,35.083048548616354,51,encoder_output_representation,0.002764197764918208,4.2962834413629025e-05,4.2962834413629025e-05,0.01488326583057642,1.0443006753921509,1.0443006753921509,False,0.0,2088960,7.96875,128.0,False
shared_e2e_rep_projected,43,42,3,-0.0019786027260124683,0.017387552186846733,0.4940757155418396,28.415484263253344,52,encoder_output_representation,-0.0019786027260124683,-3.399543129489757e-05,3.637978807091713e-12,0.017387552186846733,0.9881514310836792,0.9881494641304016,True,1.9669532775878906e-06,3525120,13.447265625,128.0,False
shared_e2e_rep_projected,43,42,3,-0.003972705453634262,0.011594301089644432,0.2704218626022339,23.32368812155171,53,encoder_output_representation,-0.003972705453634262,-2.4911661967053078e-05,-3.637978807091713e-12,0.011594301089644432,0.5408437252044678,0.540839433670044,True,7.927417755126953e-06,3194880,12.1875,128.0,False
shared_e2e_rep_projected,43,42,3,-0.004328017123043537,0.015268937684595585,0.3548474609851837,23.23982639232195,54,encoder_output_representation,-0.004328017123043537,-4.689963679993525e-05,-4.001776687800884e-11,0.015268937684595585,0.7096949219703674,0.7096882462501526,True,9.417533874511719e-06,2396160,9.140625,128.0,False
shared_e2e_rep_projected,43,42,3,-0.0051589542999863625,0.012120389379560947,0.23914486169815063,19.73079034089691,55,encoder_output_representation,-0.0051589542999863625,-2.9906757845310494e-05,-1.7280399333685637e-11,0.012120389379560947,0.47828972339630127,0.4782833456993103,True,1.33514404296875e-05,3133440,11.953125,128.0,False
shared_e2e_rep_projected,43,42,3,0.010533454827964306,0.015264187008142471,0.39020922780036926,25.563708541582823,56,encoder_output_representation,0.010533454827964306,0.0001254792878171429,0.0001254792878171429,0.015264187008142471,0.7804184556007385,0.7804184556007385,False,0.0,2396160,9.140625,128.0,False
shared_e2e_rep_projected,43,42,3,0.001046835328452289,0.020680777728557587,0.6846011281013489,33.10325835357728,57,encoder_output_representation,0.001046835328452289,2.96423659165157e-05,2.96423659165157e-05,0.020680777728557587,1.3692022562026978,1.3692022562026978,False,0.0,2580480,9.84375,128.0,False
shared_e2e_rep_projected,43,42,3,0.004425205755978823,0.017814382910728455,0.40715259313583374,22.85527347066465,58,encoder_output_representation,0.004425205755978823,6.419356213882565e-05,6.419356213882565e-05,0.017814382910728455,0.8143051862716675,0.8143051862716675,False,0.0,2350080,8.96484375,128.0,False
shared_e2e_rep_projected,43,42,3,-0.008601239882409573,0.00963586661964655,0.1312483847141266,13.620817918600546,59,encoder_output_representation,-0.008601239882409573,-2.1755837224191055e-05,-9.094947017729282e-12,0.00963586661964655,0.2624967694282532,0.2624870538711548,True,3.701448440551758e-05,2350080,8.96484375,128.0,False
shared_e2e_rep_projected,43,42,3,-0.001761944149620831,0.013662430457770824,0.33629468083381653,24.61455755425574,60,encoder_output_representation,-0.001761944149620831,-1.619086651771795e-05,-1.6370904631912708e-11,0.013662430457770824,0.6725893616676331,0.6725882887840271,True,1.6093254089355469e-06,2088960,7.96875,128.0,False
shared_e2e_rep_projected,43,42,3,-1.2305467862461228e-05,0.021093184128403664,0.5575154423713684,26.431070765680616,61,encoder_output_representation,-1.2305467862461228e-05,-2.894190913593775e-07,-7.560174708487466e-12,0.021093184128403664,1.1150308847427368,1.1150308847427368,True,0.0,3309568,12.625,128.0,False
shared_e2e_rep_projected,43,42,3,0.0023386101238429546,0.03611595183610916,0.7477976083755493,20.70546587748775,62,encoder_output_representation,0.0023386101238429546,0.0001263196609215811,0.0001263196609215811,0.03611595183610916,1.4955952167510986,1.4955952167510986,False,0.0,2396160,9.140625,128.0,False
shared_e2e_rep_projected,43,42,3,0.007641428615897894,0.015950024127960205,0.3392868638038635,21.271871508275503,63,encoder_output_representation,0.007641428615897894,8.270522812381387e-05,8.270522812381387e-05,0.015950024127960205,0.678573727607727,0.678573727607727,False,0.0,2088960,7.96875,128.0,False
shared_e2e_rep_projected,43,42,3,0.0007891678833402693,0.0239991657435894,0.6365824341773987,26.52519012447093,64,encoder_output_representation,0.0007891678833402693,2.411294190096669e-05,2.411294190096669e-05,0.0239991657435894,1.2731648683547974,1.2731648683547974,False,0.0,2088960,7.96875,128.0,False
shared_e2e_rep_projected,43,42,3,-0.002305125119164586,0.018361089751124382,0.42567723989486694,23.183658795023298,65,encoder_output_representation,-0.002305125119164586,-3.60332487616688e-05,-1.4551915228366852e-11,0.018361089751124382,0.8513544797897339,0.8513522148132324,True,2.682209014892578e-06,2088960,7.96875,128.0,False
shared_e2e_rep_projected,43,42,3,0.0034217650536447763,0.0287565179169178,0.4533134996891022,15.763852250776596,66,encoder_output_representation,0.0034217650536447763,8.921032713260502e-05,8.921032713260502e-05,0.0287565179169178,0.9066269993782043,0.9066269993782043,False,0.0,2325504,8.87109375,128.0,False
shared_e2e_rep_projected,43,42,3,0.005204719956964254,0.01302399579435587,0.28551965951919556,21.92258535916677,67,encoder_output_representation,0.005204719956964254,3.870861473842524e-05,3.870861473842524e-05,0.01302399579435587,0.5710393190383911,0.5710393190383911,False,0.0,2580480,9.84375,128.0,False
shared_e2e_rep_projected,43,42,3,-0.005015662405639887,0.024615224450826645,0.6228081583976746,25.301746065401368,68,encoder_output_representation,-0.005015662405639887,-0.00015378584794234484,-2.9103830456733704e-11,0.024615224450826645,1.2456163167953491,1.245600700378418,True,1.2516975402832031e-05,3133440,11.953125,128.0,False
shared_e2e_rep_projected,43,42,3,-0.0014568050391972065,0.029834914952516556,0.8498914241790771,28.486470483717245,69,encoder_output_representation,-0.0014568050391972065,-7.387877121800557e-05,-1.0913936421275139e-11,0.029834914952516556,1.6997828483581543,1.699781060218811,True,1.0728836059570312e-06,2350080,8.96484375,128.0,False
shared_e2e_rep_projected,43,42,3,0.0060044992715120316,0.018975650891661644,0.48131632804870605,25.364944306611797,70,encoder_output_representation,0.0060044992715120316,0.00010968167043756694,0.00010968167043756694,0.018975650891661644,0.9626326560974121,0.9626326560974121,False,0.0,2088960,7.96875,128.0,False
shared_e2e_rep_projected,43,42,3,0.012174835428595543,0.020750684663653374,0.45859161019325256,22.100071280853474,71,encoder_output_representation,0.012174835428595543,0.00023171366774477065,0.00023171366774477065,0.020750684663653374,0.9171832203865051,0.9171832203865051,False,0.0,2396160,9.140625,128.0,False
shared_e2e_rep_projected,43,42,3,0.012554350309073925,0.012689396739006042,0.2922546863555908,23.031409007587154,72,encoder_output_representation,0.012554350309073925,9.311651228927076e-05,9.311651228927076e-05,0.012689396739006042,0.5845093727111816,0.5845093727111816,False,0.0,2088960,7.96875,128.0,False
shared_e2e_rep_projected,43,42,3,0.0019777831621468067,0.018511520698666573,0.31642138957977295,17.09321425994816,73,encoder_output_representation,0.0019777831621468067,2.3169495761976577e-05,2.3169495761976577e-05,0.018511520698666573,0.6328427791595459,0.6328427791595459,False,0.0,2088960,7.96875,128.0,False
shared_e2e_rep_projected,43,42,3,0.0019794839899986982,0.01443354319781065,0.2818170189857483,19.52514466638349,74,encoder_output_representation,0.0019794839899986982,1.6103569578262977e-05,1.6103569578262977e-05,0.01443354319781065,0.5636340379714966,0.5636340379714966,False,0.0,3133440,11.953125,128.0,False
shared_e2e_rep_projected,43,42,3,0.002758161863312125,0.014361522160470486,0.3614554703235626,25.168325911751495,75,encoder_output_representation,0.002758161863312125,2.8635517082875594e-05,2.8635517082875594e-05,0.014361522160470486,0.7229109406471252,0.7229109406471252,False,0.0,2088960,7.96875,128.0,False
shared_e2e_rep_projected,43,42,3,-0.00015329233428929,0.024792645126581192,0.3951577842235565,15.938508465153319,76,encoder_output_representation,-0.00015329233428929,-3.003612164320657e-06,-2.8194335754960775e-11,0.024792645126581192,0.790315568447113,0.790315568447113,True,0.0,2396160,9.140625,128.0,False
shared_e2e_rep_projected,43,42,3,0.02440755069255829,0.01985032856464386,0.5022120475769043,25.29993626762493,77,encoder_output_representation,0.02440755069255829,0.0004866413655690849,0.0004866413655690849,0.01985032856464386,1.0044240951538086,1.0044240951538086,False,0.0,2785280,10.625,128.0,False
shared_e2e_rep_projected,43,42,3,0.0163937509059906,0.02470298670232296,0.5275619029998779,21.356199125115033,78,encoder_output_representation,0.0163937509059906,0.0004272983642295003,0.0004272983642295003,0.02470298670232296,1.0551238059997559,1.0551238059997559,False,0.0,2088960,7.96875,128.0,False
shared_e2e_rep_projected,43,42,3,0.0059930188581347466,0.025966938585042953,0.5112812519073486,19.689700818326287,79,encoder_output_representation,0.0059930188581347466,0.0001591315376572311,0.0001591315376572311,0.025966938585042953,1.0225625038146973,1.0225625038146973,False,0.0,3133440,11.953125,128.0,False
shared_e2e_rep_projected,43,42,3,-0.004304863978177309,0.012655871920287609,0.2252834290266037,17.800703929807472,80,encoder_output_representation,-0.004304863978177309,-2.4547694920329377e-05,-2.000888343900442e-11,0.012655871920287609,0.4505668580532074,0.4505626857280731,True,9.238719940185547e-06,2088960,7.96875,128.0,False
shared_e2e_rep_projected,43,42,3,0.0026924635749310255,0.015102053061127663,0.4472872018814087,29.617642056411235,81,encoder_output_representation,0.0026924635749310255,3.637494228314608e-05,3.637494228314608e-05,0.015102053061127663,0.8945744037628174,0.8945744037628174,False,0.0,2785280,10.625,128.0,False
shared_e2e_rep_projected,43,42,3,0.0029604884330183268,0.016721591353416443,0.4518241584300995,27.020404271378503,82,encoder_output_representation,0.0029604884330183268,4.473427543416619e-05,4.473427543416619e-05,0.016721591353416443,0.903648316860199,0.903648316860199,False,0.0,2088960,7.96875,128.0,False
shared_e2e_rep_projected,43,42,3,-2.8712731364066713e-05,0.036288999021053314,0.512266218662262,14.116295088907444,83,encoder_output_representation,-2.8712731364066713e-05,-1.0675180419639219e-06,-2.0179413695586845e-12,0.036288999021053314,1.024532437324524,1.024532437324524,True,0.0,2350080,8.96484375,128.0,False
shared_e2e_rep_projected,43,42,3,-0.000976636540144682,0.021186575293540955,0.3983193337917328,18.800553098978977,84,encoder_output_representation,-0.000976636540144682,-1.6483714716741815e-05,-4.3655745685100555e-11,0.021186575293540955,0.7966386675834656,0.7966382503509521,True,5.364418029785156e-07,2611200,9.9609375,128.0,False
shared_e2e_rep_projected,43,42,3,-0.0066449460573494434,0.020632410421967506,0.6493855714797974,31.474052628789845,85,encoder_output_representation,-0.0066449460573494434,-0.00017806314281187952,0.0,0.020632410421967506,1.2987711429595947,1.298742413520813,True,2.2113323211669922e-05,2350080,8.96484375,128.0,False
shared_e2e_rep_projected,43,42,3,0.001671959413215518,0.0267746951431036,0.6159482598304749,23.00486547235723,86,encoder_output_representation,0.001671959413215518,5.514733129530214e-05,5.514733129530214e-05,0.0267746951431036,1.2318965196609497,1.2318965196609497,False,0.0,3133440,11.953125,128.0,False
shared_e2e_rep_projected,43,42,3,0.0014014614280313253,0.0331355482339859,0.980694055557251,29.596433673953506,87,encoder_output_representation,0.0014014614280313253,9.108331869356334e-05,9.108331869356334e-05,0.0331355482339859,1.961388111114502,1.961388111114502,False,0.0,2350080,8.96484375,128.0,False
shared_e2e_rep_projected,43,42,3,0.0021318336948752403,0.020269693806767464,0.8885652422904968,43.837131964659015,88,encoder_output_representation,0.0021318336948752403,7.679268310312182e-05,7.679268310312182e-05,0.020269693806767464,1.7771304845809937,1.7771304845809937,False,0.0,3133440,11.953125,128.0,False
shared_e2e_rep_projected,43,42,3,-0.015304898843169212,0.016846157610416412,0.5789916515350342,34.36935976290693,89,encoder_output_representation,-0.015304898843169212,-0.00029856135370209813,-3.092281986027956e-11,0.016846157610416412,1.1579833030700684,1.1578477621078491,True,0.00011706352233886719,2613248,9.96875,128.0,False
shared_e2e_rep_projected,43,42,3,-0.006451028399169445,0.03754161670804024,0.7137808203697205,19.01305492304094,90,encoder_output_representation,-0.006451028399169445,-0.00034572978620417416,-6.548361852765083e-11,0.03754161670804024,1.427561640739441,1.4275319576263428,True,2.0802021026611328e-05,2088960,7.96875,128.0,False
shared_e2e_rep_projected,43,42,3,0.002981344936415553,0.013545471243560314,0.35468870401382446,26.18503982889838,91,encoder_output_representation,0.002981344936415553,2.8647300496231765e-05,2.8647300496231765e-05,0.013545471243560314,0.7093774080276489,0.7093774080276489,False,0.0,2350080,8.96484375,128.0,False
shared_e2e_rep_projected,43,42,3,0.002267190022394061,0.015503687784075737,0.6888792514801025,44.43325104802931,92,encoder_output_representation,0.002267190022394061,4.8427944420836866e-05,4.8427944420836866e-05,0.015503687784075737,1.377758502960205,1.377758502960205,False,0.0,3133440,11.953125,128.0,False
shared_e2e_rep_projected,43,42,3,-0.003466398222371936,0.01441708393394947,0.3391418755054474,23.523611089398823,93,encoder_output_representation,-0.003466398222371936,-3.389747143955901e-05,-2.4556356947869062e-11,0.01441708393394947,0.6782837510108948,0.67827969789505,True,5.9604644775390625e-06,2785280,10.625,128.0,False
shared_e2e_rep_projected,43,42,3,-0.0013155816122889519,0.024614140391349792,0.5293557643890381,21.506164991854472,94,encoder_output_representation,-0.0013155816122889519,-3.428310083108954e-05,-1.0913936421275139e-11,0.024614140391349792,1.0587115287780762,1.0587106943130493,True,7.748603820800781e-07,2482176,9.46875,128.0,False
shared_e2e_rep_projected,43,42,3,-0.00044589382014237344,0.016846079379320145,0.6377837061882019,37.85947411426366,95,encoder_output_representation,-0.00044589382014237344,-9.581504855304956e-06,-1.0913936421275139e-11,0.016846079379320145,1.2755674123764038,1.2755671739578247,True,1.7881393432617188e-07,2649600,10.107421875,128.0,False
shared_e2e_rep_projected,43,42,3,0.002684025326743722,0.013297501020133495,0.4495090842247009,33.804027053211556,96,encoder_output_representation,0.002684025326743722,3.2086703868117183e-05,3.2086703868117183e-05,0.013297501020133495,0.8990181684494019,0.8990181684494019,False,0.0,2785280,10.625,128.0,False
shared_e2e_rep_projected,43,42,3,0.017240600660443306,0.017711559310555458,0.7603904008865356,42.93187220581815,97,encoder_output_representation,0.017240600660443306,0.0004643824358936399,0.0004643824358936399,0.017711559310555458,1.5207808017730713,1.5207808017730713,False,0.0,2420736,9.234375,128.0,False
shared_e2e_rep_projected,43,42,3,0.00932352989912033,0.023514695465564728,0.81361985206604,34.6004843336167,98,encoder_output_representation,0.00932352989912033,0.0003567559760995209,0.0003567559760995209,0.023514695465564728,1.62723970413208,1.62723970413208,False,0.0,2549760,9.7265625,128.0,False
shared_e2e_rep_projected,43,42,3,0.0012909547658637166,0.020630156621336937,0.5023614168167114,24.350829033316177,99,encoder_output_representation,0.0012909547658637166,2.675838186405599e-05,2.675838186405599e-05,0.020630156621336937,1.0047228336334229,1.0047228336334229,False,0.0,2350080,8.96484375,128.0,False
shared_e2e_rep_projected,43,42,3,-0.002824510680511594,0.011448065750300884,0.35431113839149475,30.949432517207768,100,encoder_output_representation,-0.002824510680511594,-2.2913431166671216e-05,0.0,0.011448065750300884,0.7086222767829895,0.7086194753646851,True,3.933906555175781e-06,2350080,8.96484375,128.0,False
shared_e2e_rep_projected,43,42,3,-0.00013756519183516502,0.031023770570755005,0.7156988382339478,23.069369875646622,101,encoder_output_representation,-0.00013756519183516502,-6.1089058362995274e-06,-1.1823431123048067e-11,0.031023770570755005,1.4313976764678955,1.431397557258606,True,5.960464477539063e-08,2325504,8.87109375,128.0,False
shared_e2e_rep_projected,43,42,3,-0.0011467169970273972,0.017811069265007973,0.611684262752533,34.342927628396886,102,encoder_output_representation,-0.0011467169970273972,-2.4986391508718953e-05,-5.638867150992155e-11,0.017811069265007973,1.223368525505066,1.2233678102493286,True,5.960464477539062e-07,2350080,8.96484375,128.0,False
shared_e2e_rep_projected,43,42,3,0.005560723133385181,0.017731154337525368,0.30257946252822876,17.064848501592706,103,encoder_output_representation,0.005560723133385181,5.966747994534671e-05,5.966747994534671e-05,0.017731154337525368,0.6051589250564575,0.6051589250564575,False,0.0,2785280,10.625,128.0,False
shared_e2e_rep_projected,43,42,3,0.01090602669864893,0.011377032846212387,0.20710217952728271,18.203531828268446,104,encoder_output_representation,0.01090602669864893,5.139374115969986e-05,5.139374115969986e-05,0.011377032846212387,0.41420435905456543,0.41420435905456543,False,0.0,2350080,8.96484375,128.0,False
shared_e2e_rep_projected,43,42,3,-0.0017335668671876192,0.010946742258965969,0.3799518942832947,34.709129464713,105,encoder_output_representation,-0.0017335668671876192,-1.442062512069242e-05,-1.4551915228366852e-11,0.010946742258965969,0.7599037885665894,0.7599026560783386,True,1.4901161193847656e-06,2846720,10.859375,128.0,False
shared_e2e_rep_projected,43,42,3,0.006734166294336319,0.01827464997768402,0.41459429264068604,22.68685272478353,106,encoder_output_representation,0.006734166294336319,0.00010204370482824743,0.00010204370482824743,0.01827464997768402,0.8291885852813721,0.8291885852813721,False,0.0,2611200,9.9609375,128.0,False
shared_e2e_rep_projected,43,42,3,0.0026188057381659746,0.019013268873095512,0.696017861366272,36.60695412303159,107,encoder_output_representation,0.0026188057381659746,6.931232201168314e-05,6.931232201168314e-05,0.019013268873095512,1.392035722732544,1.392035722732544,False,0.0,3194880,12.1875,128.0,False
shared_e2e_rep_projected,43,42,3,-0.001820691511966288,0.01565517671406269,0.45595285296440125,29.124733708999216,108,encoder_output_representation,-0.001820691511966288,-2.5992274458985776e-05,-5.4569682106375694e-12,0.01565517671406269,0.9119057059288025,0.9119041562080383,True,1.7285346984863281e-06,3100672,11.828125,128.0,False
shared_e2e_rep_projected,43,42,3,-0.00633788900449872,0.012243947945535183,0.2829744219779968,23.111370877820896,109,encoder_output_representation,-0.00633788900449872,-4.3918073060922325e-05,-1.1823431123048067e-11,0.012243947945535183,0.5659488439559937,0.5659374594688416,True,2.008676528930664e-05,2350080,8.96484375,128.0,False
shared_e2e_rep_projected,43,42,3,-0.0016673950012773275,0.013143237680196762,0.30320075154304504,23.0689544631674,110,encoder_output_representation,-0.0016673950012773275,-1.3289269190863706e-05,-2.091837814077735e-11,0.013143237680196762,0.6064015030860901,0.6064006686210632,True,1.3709068298339844e-06,2088960,7.96875,128.0,False
shared_e2e_rep_projected,43,42,3,0.010678422637283802,0.021929176524281502,0.5845792293548584,26.65760060381528,111,encoder_output_representation,0.010678422637283802,0.000273780693532899,0.000273780693532899,0.021929176524281502,1.1691584587097168,1.1691584587097168,False,0.0,2396160,9.140625,128.0,False
shared_e2e_rep_projected,43,42,3,2.205310738645494e-05,0.016609081998467445,0.4745621979236603,28.572451985452847,112,encoder_output_representation,2.205310738645494e-05,3.4764707379508764e-07,3.4764707379508764e-07,0.016609081998467445,0.9491243958473206,0.9491243958473206,False,0.0,2088960,7.96875,128.0,False
shared_e2e_rep_projected,43,42,3,-0.004001939669251442,0.01348288357257843,0.3339272439479828,24.766752761043346,113,encoder_output_representation,-0.004001939669251442,-3.6035882658325136e-05,-2.1827872842550278e-11,0.01348288357257843,0.6678544878959656,0.6678491234779358,True,8.046627044677734e-06,2350080,8.96484375,128.0,False
shared_e2e_rep_projected,43,42,3,-0.001122897956520319,0.02088947221636772,0.4827153980731964,23.10807056652058,114,encoder_output_representation,-0.001122897956520319,-2.2645865101367235e-05,-2.7284841053187847e-11,0.02088947221636772,0.9654307961463928,0.9654302000999451,True,5.960464477539062e-07,2350080,8.96484375,128.0,False
shared_e2e_rep_projected,43,42,3,0.0007344703772105277,0.01194460317492485,0.3500482141971588,29.305972669900868,115,encoder_output_representation,0.0007344703772105277,6.141915946500376e-06,6.141915946500376e-06,0.01194460317492485,0.7000964283943176,0.7000964283943176,False,0.0,2135040,8.14453125,128.0,False
shared_e2e_rep_projected,43,42,3,-5.844586485181935e-05,0.01738516241312027,0.39718449115753174,22.84617662575207,116,encoder_output_representation,-5.844586485181935e-05,-8.071510819718242e-07,-2.546585164964199e-11,0.01738516241312027,0.7943689823150635,0.7943689823150635,True,0.0,2088960,7.96875,128.0,False
shared_e2e_rep_projected,43,42,3,0.0036287312395870686,0.024843519553542137,0.7527658939361572,30.30029188552833,117,encoder_output_representation,0.0036287312395870686,0.00013572437455877662,0.00013572437455877662,0.024843519553542137,1.5055317878723145,1.5055317878723145,False,0.0,2088960,7.96875,128.0,False
shared_e2e_rep_projected,43,42,3,-0.003195322584360838,0.03772812336683273,1.0985541343688965,29.117645839089075,118,encoder_output_representation,-0.003195322584360838,-0.0002648691588547081,-1.6007106751203537e-10,0.03772812336683273,2.197108268737793,2.197097063064575,True,5.125999450683594e-06,3525120,13.447265625,128.0,False
shared_e2e_rep_projected,43,42,3,-0.0011761573841795325,0.02572636306285858,0.398815393447876,15.502206529287847,119,encoder_output_representation,-0.0011761573841795325,-2.413491347397212e-05,-3.637978807091713e-12,0.02572636306285858,0.797630786895752,0.7976301908493042,True,7.748603820800781e-07,2350080,8.96484375,128.0,False
shared_e2e_rep_projected,43,42,3,0.011791198514401913,0.013184239156544209,0.2607991397380829,19.78112931974774,120,encoder_output_representation,0.011791198514401913,8.108661859296262e-05,8.108661859296262e-05,0.013184239156544209,0.5215982794761658,0.5215982794761658,False,0.0,2088960,7.96875,128.0,False
shared_e2e_rep_projected,43,42,3,-0.0008666370995342731,0.020779859274625778,0.48944345116615295,23.55374233760143,121,encoder_output_representation,-0.0008666370995342731,-1.7628379282541573e-05,-3.456079866737127e-11,0.020779859274625778,0.9788869023323059,0.9788864850997925,True,4.172325134277344e-07,3028480,11.552734375,128.0,False
shared_e2e_rep_projected,43,42,3,-0.00503663532435894,0.023618405684828758,0.5149604678153992,21.80335432828064,122,encoder_output_representation,-0.00503663532435894,-0.000122516619740054,-4.3655745685100555e-11,0.023618405684828758,1.0299209356307983,1.0299078226089478,True,1.2755393981933594e-05,2785280,10.625,128.0,False
shared_e2e_rep_projected,43,42,3,0.025273973122239113,0.01572554185986519,0.34320566058158875,21.824727162980633,123,encoder_output_representation,0.025273973122239113,0.000272812059847638,0.000272812059847638,0.01572554185986519,0.6864113211631775,0.6864113211631775,False,0.0,2350080,8.96484375,128.0,False
shared_e2e_rep_projected,43,42,3,-0.0007949037244543433,0.01543848030269146,0.3157636225223541,20.453024930653676,124,encoder_output_representation,-0.0007949037244543433,-7.750169061182532e-06,-1.000444171950221e-11,0.01543848030269146,0.6315272450447083,0.6315270662307739,True,2.980232238769531e-07,2350080,8.96484375,128.0,False
shared_e2e_rep_projected,43,42,3,0.00017855811165645719,0.03868887573480606,0.5427071452140808,14.027472623760938,125,encoder_output_representation,0.00017855811165645719,7.498272680095397e-06,7.498272680095397e-06,0.03868887573480606,1.0854142904281616,1.0854142904281616,False,0.0,3018752,11.515625,128.0,False
shared_e2e_rep_projected,43,42,3,0.0012878593988716602,0.04256662353873253,0.4912858307361603,11.541573888028163,126,encoder_output_representation,0.0012878593988716602,5.386440534493886e-05,5.386440534493886e-05,0.04256662353873253,0.9825716614723206,0.9825716614723206,False,0.0,3100672,11.828125,128.0,False
shared_e2e_rep_projected,43,42,3,-0.00025263905990868807,0.026258304715156555,0.5959774851799011,22.696723632576973,127,encoder_output_representation,-0.00025263905990868807,-7.907277904450893e-06,-8.731149137020111e-11,0.026258304715156555,1.1919549703598022,1.1919548511505127,True,1.1920928955078125e-07,2350080,8.96484375,128.0,False
shared_e2e_rep_projected,43,42,3,-0.0027215518057346344,0.013663947582244873,0.2909529209136963,21.293474609911755,128,encoder_output_representation,-0.0027215518057346344,-2.1639414626406506e-05,-6.366462912410498e-12,0.013663947582244873,0.5819058418273926,0.5819036960601807,True,3.6954879760742188e-06,2088960,7.96875,128.0,False
shared_e2e_rep_projected,43,42,3,-0.0010598358931019902,0.024255678057670593,0.5273236036300659,21.74021284320706,129,encoder_output_representation,-0.0010598358931019902,-2.7111855160910636e-05,-2.9103830456733704e-11,0.024255678057670593,1.0546472072601318,1.0546464920043945,True,6.556510925292969e-07,3202560,12.216796875,128.0,False
shared_e2e_rep_projected,43,42,3,0.0011890302412211895,0.03218083456158638,0.6843124628067017,21.264596525521803,130,encoder_output_representation,0.0011890302412211895,5.2369046898093075e-05,5.2369046898093075e-05,0.03218083456158638,1.3686249256134033,1.3686249256134033,False,0.0,3133440,11.953125,128.0,False
shared_e2e_rep_projected,43,42,3,-0.008211561478674412,0.02688574232161045,0.44078969955444336,16.39492390731357,131,encoder_output_representation,-0.008211561478674412,-0.0001946297415997833,-1.4551915228366852e-11,0.02688574232161045,0.8815793991088867,0.8815497159957886,True,3.36766242980957e-05,2135040,8.14453125,128.0,False
shared_e2e_rep_projected,43,42,3,0.002012204146012664,0.02558792196214199,0.3595709204673767,14.052368965302122,132,encoder_output_representation,0.002012204146012664,3.702726462506689e-05,3.702726462506689e-05,0.02558792196214199,0.7191418409347534,0.7191418409347534,False,0.0,2350080,8.96484375,128.0,False
shared_e2e_rep_projected,43,42,3,-0.00012980852625332773,0.019851814955472946,0.5486385822296143,27.636696365556244,133,encoder_output_representation,-0.00012980852625332773,-2.8276117518544197e-06,-1.2732925824820995e-11,0.019851814955472946,1.0972771644592285,1.0972771644592285,True,0.0,3133440,11.953125,128.0,False
shared_e2e_rep_projected,43,42,3,-0.0036813379265367985,0.0276297926902771,0.8058838248252869,29.16720490302038,134,encoder_output_representation,-0.0036813379265367985,-0.0001639403053559363,-2.546585164964199e-11,0.0276297926902771,1.6117676496505737,1.6117568016052246,True,6.735324859619141e-06,3594240,13.7109375,128.0,False
shared_e2e_rep_projected,43,42,3,-0.0030954312533140182,0.025017468258738518,0.6469289660453796,25.859090110743303,135,encoder_output_representation,-0.0030954312533140182,-0.00010019617184298113,-7.275957614183426e-11,0.025017468258738518,1.2938579320907593,1.2938517332077026,True,4.76837158203125e-06,2350080,8.96484375,128.0,False
shared_e2e_rep_projected,43,42,3,-0.0005572292720898986,0.02361265756189823,0.6016080379486084,25.47820110343585,136,encoder_output_representation,-0.0005572292720898986,-1.583151242812164e-05,-1.8189894035458565e-11,0.02361265756189823,1.2032160758972168,1.2032158374786377,True,1.7881393432617188e-07,2088960,7.96875,128.0,False
shared_e2e_rep_projected,43,42,3,0.00043689095764420927,0.03428737074136734,0.41904133558273315,12.221448496112428,137,encoder_output_representation,0.00043689095764420927,1.2554345630633179e-05,1.2554345630633179e-05,0.03428737074136734,0.8380826711654663,0.8380826711654663,False,0.0,2350080,8.96484375,128.0,False
shared_e2e_rep_projected,43,42,3,-0.00227707764133811,0.021041622385382652,0.7167693972587585,34.06435987353756,138,encoder_output_representation,-0.00227707764133811,-6.868573109386489e-05,-3.637978807091713e-12,0.021041622385382652,1.433538794517517,1.433535099029541,True,2.562999725341797e-06,2785280,10.625,128.0,False
shared_e2e_rep_projected,43,42,3,-0.0005639433511532843,0.02261635661125183,0.265035480260849,11.718752264853817,139,encoder_output_representation,-0.0005639433511532843,-6.7607070377562195e-06,-2.000888343900442e-11,0.02261635661125183,0.530070960521698,0.5300709009170532,True,1.1920928955078125e-07,2350080,8.96484375,128.0,False
shared_e2e_rep_projected,43,42,3,0.0006581555935554206,0.02205418422818184,0.570402204990387,25.863672810962605,140,encoder_output_representation,0.0006581555935554206,1.6558871720917523e-05,1.6558871720917523e-05,0.02205418422818184,1.140804409980774,1.140804409980774,False,0.0,2088960,7.96875,128.0,False
shared_e2e_rep_projected,43,42,3,0.011091373860836029,0.030201101675629616,0.6691881418228149,22.157739443088182,141,encoder_output_representation,0.011091373860836029,0.0004483181983232498,0.0004483181983232498,0.030201101675629616,1.3383762836456299,1.3383762836456299,False,0.0,2088960,7.96875,128.0,False
shared_e2e_rep_projected,43,42,3,-0.0024079333525151014,0.020073940977454185,0.47097018361091614,23.461769870693594,142,encoder_output_representation,-0.0024079333525151014,-4.553030157694593e-05,-1.2732925824820995e-11,0.020073940977454185,0.9419403672218323,0.9419376254081726,True,2.9206275939941406e-06,2350080,8.96484375,128.0,False
shared_e2e_rep_projected,43,42,3,0.009971576742827892,0.01732780784368515,0.371437668800354,21.435929585040885,143,encoder_output_representation,0.009971576742827892,0.0001283581368625164,0.0001283581368625164,0.01732780784368515,0.742875337600708,0.742875337600708,False,0.0,2088960,7.96875,128.0,False
shared_e2e_rep_projected,43,42,3,0.008542506955564022,0.014790447428822517,0.20435702800750732,13.816825284762626,144,encoder_output_representation,0.008542506955564022,5.16399995831307e-05,5.16399995831307e-05,0.014790447428822517,0.40871405601501465,0.40871405601501465,False,0.0,2088960,7.96875,128.0,False
shared_e2e_rep_projected,43,42,3,0.003835268784314394,0.024053366854786873,0.3569115698337555,14.838320638789341,145,encoder_output_representation,0.003835268784314394,6.585098890354857e-05,6.585098890354857e-05,0.024053366854786873,0.713823139667511,0.713823139667511,False,0.0,2350080,8.96484375,128.0,False
shared_e2e_rep_projected,43,42,3,0.017751643434166908,0.02039823681116104,0.33468398451805115,16.40749578585765,146,encoder_output_representation,0.017751643434166908,0.00024237962497863919,0.00024237962497863919,0.02039823681116104,0.6693679690361023,0.6693679690361023,False,0.0,2088960,7.96875,128.0,False
shared_e2e_rep_projected,43,42,3,0.004742210265249014,0.01978396810591221,0.5658746361732483,28.602686434989916,147,encoder_output_representation,0.004742210265249014,0.00010618042142596096,0.00010618042142596096,0.01978396810591221,1.1317492723464966,1.1317492723464966,False,0.0,2088960,7.96875,128.0,False
shared_e2e_rep_projected,43,42,3,-0.014214757829904556,0.02488573081791401,0.9182321429252625,36.89793760303284,148,encoder_output_representation,-0.014214757829904556,-0.000649639405310154,-1.1641532182693481e-10,0.02488573081791401,1.836464285850525,1.8362789154052734,True,0.00010091066360473633,3525120,13.447265625,128.0,False
shared_e2e_rep_projected,43,42,3,0.01663241721689701,0.03026304580271244,0.6325781345367432,20.902659258442714,149,encoder_output_representation,0.01663241721689701,0.0006368134054355323,0.0006368134054355323,0.03026304580271244,1.2651562690734863,1.2651562690734863,False,0.0,2396160,9.140625,128.0,False
shared_e2e_rep_projected,43,42,3,0.000413374335039407,0.02848917618393898,0.5729974508285522,20.112812217840982,150,encoder_output_representation,0.000413374335039407,1.349603189737536e-05,1.349603189737536e-05,0.02848917618393898,1.1459949016571045,1.1459949016571045,False,0.0,2350080,8.96484375,128.0,False
shared_e2e_rep_projected,43,42,3,-0.00025904105859808624,0.021197941154241562,0.6522756814956665,30.770709133945804,151,encoder_output_representation,-0.00025904105859808624,-7.163470399973448e-06,-1.1823431123048067e-11,0.021197941154241562,1.304551362991333,1.3045512437820435,True,1.1920928955078125e-07,2670592,10.1875,128.0,False
shared_e2e_rep_projected,43,42,3,0.0013344775652512908,0.017814254388213158,0.4362446367740631,24.488515054702788,152,encoder_output_representation,0.0013344775652512908,2.0741445041494444e-05,2.0741445041494444e-05,0.017814254388213158,0.8724892735481262,0.8724892735481262,False,0.0,2350080,8.96484375,128.0,False
shared_e2e_rep_projected,43,42,3,-0.007285688538104296,0.03296462818980217,0.7279706597328186,22.08338754926474,153,encoder_output_representation,-0.007285688538104296,-0.00034967344254255295,-4.3655745685100555e-11,0.03296462818980217,1.4559413194656372,1.4559026956558228,True,2.6524066925048828e-05,2611200,9.9609375,128.0,False
shared_e2e_rep_projected,43,42,3,-0.0038630107883363962,0.02946215309202671,0.2955201268196106,10.03050000780787,154,encoder_output_representation,-0.0038630107883363962,-6.726783612975851e-05,-2.1827872842550278e-11,0.02946215309202671,0.5910402536392212,0.5910358428955078,True,7.450580596923828e-06,2135040,8.14453125,128.0,False
shared_e2e_rep_projected,43,42,3,-0.00517161563038826,0.03602093085646629,0.9130336046218872,25.347307326956102,155,encoder_output_representation,-0.00517161563038826,-0.00034017147845588624,1.4551915228366852e-11,0.03602093085646629,1.8260672092437744,1.8260427713394165,True,1.341104507446289e-05,2350080,8.96484375,128.0,False
shared_e2e_rep_projected,43,42,3,-0.0007544007967226207,0.019987285137176514,0.32819247245788574,16.42006256504767,156,encoder_output_representation,-0.0007544007967226207,-9.897250492940657e-06,-1.6370904631912708e-11,0.019987285137176514,0.6563849449157715,0.6563847064971924,True,3.5762786865234375e-07,2350080,8.96484375,128.0,False
shared_e2e_rep_projected,43,42,3,0.0008250315440818667,0.029769379645586014,0.640533983707428,21.516537843018227,157,encoder_output_representation,0.0008250315440818667,3.146389644825831e-05,3.146389644825831e-05,0.029769379645586014,1.281067967414856,1.281067967414856,False,0.0,3759104,14.33984375,128.0,False
shared_e2e_rep_projected,43,42,3,0.0017010477604344487,0.01948767900466919,0.4393916130065918,22.54714955543525,158,encoder_output_representation,0.0017010477604344487,2.913120260927826e-05,2.913120260927826e-05,0.01948767900466919,0.8787832260131836,0.8787832260131836,False,0.0,2396160,9.140625,128.0,False
shared_e2e_rep_projected,43,42,3,0.007398751564323902,0.028235824778676033,0.4416654706001282,15.642024770378876,159,encoder_output_representation,0.007398751564323902,0.00018453654774930328,0.00018453654774930328,0.028235824778676033,0.8833309412002563,0.8833309412002563,False,0.0,2350080,8.96484375,128.0,False
shared_e2e_rep_projected,43,42,3,-0.004481758456677198,0.024131260812282562,0.5101038217544556,21.13871404078555,160,encoder_output_representation,-0.004481758456677198,-0.00011033595365006477,1.4551915228366852e-11,0.024131260812282562,1.0202076435089111,1.0201975107192993,True,9.953975677490234e-06,3133440,11.953125,128.0,False
shared_e2e_rep_projected,43,42,3,-0.0004382386978249997,0.027364492416381836,0.8589182496070862,31.388057068176867,161,encoder_output_representation,-0.0004382386978249997,-2.0600604329956695e-05,-4.547473508864641e-13,0.027364492416381836,1.7178364992141724,1.7178362607955933,True,1.1920928955078125e-07,3665408,13.982421875,128.0,False
shared_e2e_rep_projected,43,42,3,0.003920759540051222,0.016373373568058014,0.4023696482181549,24.574633110620372,162,encoder_output_representation,0.003920759540051222,5.166109258425422e-05,5.166109258425422e-05,0.016373373568058014,0.8047392964363098,0.8047392964363098,False,0.0,2088960,7.96875,128.0,False
shared_e2e_rep_projected,43,42,3,0.014785045757889748,0.037203382700681686,0.9762654304504395,26.241308170951648,163,encoder_output_representation,0.014785045757889748,0.0010739968856796622,0.0010739968856796622,0.037203382700681686,1.952530860900879,1.952530860900879,False,0.0,2396160,9.140625,128.0,False
shared_e2e_rep_projected,43,42,3,-0.005416390486061573,0.018351616337895393,0.2816563546657562,15.347768255385033,164,encoder_output_representation,-0.005416390486061573,-5.599301221081987e-05,-3.54702933691442e-11,0.018351616337895393,0.5633127093315125,0.5633044838905334,True,1.4603137969970703e-05,2611200,9.9609375,128.0,False
shared_e2e_rep_projected,43,42,3,-0.0022440580651164055,0.0227191299200058,0.539009690284729,23.72492662274416,165,encoder_output_representation,-0.0022440580651164055,-5.496071025845595e-05,-2.1827872842550278e-11,0.0227191299200058,1.078019380569458,1.0780166387557983,True,2.562999725341797e-06,2350080,8.96484375,128.0,False
shared_e2e_rep_projected,43,42,3,-0.004229580983519554,0.02692224644124508,0.7080234885215759,26.298826513855797,166,encoder_output_representation,-0.004229580983519554,-0.0001612450141692534,7.275957614183426e-12,0.02692224644124508,1.4160469770431519,1.41603422164917,True,9.000301361083984e-06,2088960,7.96875,128.0,False
shared_e2e_rep_projected,43,42,3,0.005188334733247757,0.0221866425126791,0.5434520840644836,24.4945617054908,167,encoder_output_representation,0.005188334733247757,0.0001251154171768576,0.0001251154171768576,0.0221866425126791,1.0869041681289673,1.0869041681289673,False,0.0,3993600,15.234375,128.0,False
shared_e2e_rep_projected,43,42,3,-0.003050795989111066,0.029262982308864594,0.4457378387451172,15.232139842769561,168,encoder_output_representation,-0.003050795989111066,-7.958684000186622e-05,-6.184563972055912e-11,0.029262982308864594,0.8914756774902344,0.8914715051651001,True,4.708766937255859e-06,2396160,9.140625,128.0,False
shared_e2e_rep_projected,43,42,3,0.019310159608721733,0.021109966561198235,0.6524999141693115,30.909566449463604,169,encoder_output_representation,0.019310159608721733,0.0005319659831002355,0.0005319659831002355,0.021109966561198235,1.304999828338623,1.304999828338623,False,0.0,2088960,7.96875,128.0,False
shared_e2e_rep_projected,43,42,3,0.010584689676761627,0.02134486846625805,0.6992950439453125,32.761740605277446,170,encoder_output_representation,0.010584689676761627,0.00031598180066794157,0.00031598180066794157,0.02134486846625805,1.398590087890625,1.398590087890625,False,0.0,2457600,9.375,128.0,False
shared_e2e_rep_projected,43,42,3,0.00471507478505373,0.018635595217347145,0.3357972800731659,18.01913360731217,171,encoder_output_representation,0.00471507478505373,5.90118215768598e-05,5.90118215768598e-05,0.018635595217347145,0.6715945601463318,0.6715945601463318,False,0.0,2350080,8.96484375,128.0,False
shared_e2e_rep_projected,43,42,3,0.007934645749628544,0.024319706484675407,0.4992043375968933,20.526741879531205,172,encoder_output_representation,0.007934645749628544,0.00019266117305960506,0.00019266117305960506,0.024319706484675407,0.9984086751937866,0.9984086751937866,False,0.0,2350080,8.96484375,128.0,False
shared_e2e_rep_projected,43,42,3,-0.002302792388945818,0.02833845652639866,0.685764729976654,24.199085413767353,173,encoder_output_representation,-0.002302792388945818,-8.950269693741575e-05,-1.8189894035458565e-11,0.02833845652639866,1.371529459953308,1.371525764465332,True,2.682209014892578e-06,3133440,11.953125,128.0,False
shared_e2e_rep_projected,43,42,3,-0.010311499238014221,0.018844161182641983,0.431619793176651,22.904696526064058,174,encoder_output_representation,-0.010311499238014221,-0.00016773742390796542,-4.3655745685100555e-11,0.018844161182641983,0.863239586353302,0.863193690776825,True,5.316734313964844e-05,2288640,8.73046875,128.0,False
shared_e2e_rep_projected,43,42,3,0.004944032058119774,0.013663970865309238,0.18451270461082458,13.503593240181338,175,encoder_output_representation,0.004944032058119774,2.492955172783695e-05,2.492955172783695e-05,0.013663970865309238,0.36902540922164917,0.36902540922164917,False,0.0,2088960,7.96875,128.0,False
shared_e2e_rep_projected,43,42,3,0.002352384617552161,0.023228606209158897,0.928905189037323,39.98970840837886,176,encoder_output_representation,0.002352384617552161,0.00010151561582461,0.00010151561582461,0.023228606209158897,1.857810378074646,1.857810378074646,False,0.0,2159616,8.23828125,128.0,False
shared_e2e_rep_projected,43,42,3,0.001969611970707774,0.019984576851129532,0.3548165261745453,17.754517837313678,177,encoder_output_representation,0.001969611970707774,2.793247767840512e-05,2.793247767840512e-05,0.019984576851129532,0.7096330523490906,0.7096330523490906,False,0.0,2088960,7.96875,128.0,False
shared_e2e_rep_projected,43,42,3,0.0011539123952388763,0.024369891732931137,0.6664824485778809,27.34860112969892,178,encoder_output_representation,0.0011539123952388763,3.74839328287635e-05,3.74839328287635e-05,0.024369891732931137,1.3329648971557617,1.3329648971557617,False,0.0,2221056,8.47265625,128.0,False
shared_e2e_rep_projected,43,42,3,0.0025814585387706757,0.02094476856291294,0.4395137131214142,20.98441488151196,179,encoder_output_representation,0.0025814585387706757,4.7527297283522785e-05,4.7527297283522785e-05,0.02094476856291294,0.8790274262428284,0.8790274262428284,False,0.0,2350080,8.96484375,128.0,False
shared_e2e_rep_projected,43,42,3,0.017757637426257133,0.013977066613733768,0.31388139724731445,22.456886406973034,180,encoder_output_representation,0.017757637426257133,0.00015581052866764367,0.00015581052866764367,0.013977066613733768,0.6277627944946289,0.6277627944946289,False,0.0,3133440,11.953125,128.0,False
shared_e2e_rep_projected,43,42,3,0.005191209260374308,0.018352095037698746,0.7051107287406921,38.421266198341854,181,encoder_output_representation,0.005191209260374308,0.00013435118307825178,0.00013435118307825178,0.018352095037698746,1.4102214574813843,1.4102214574813843,False,0.0,2785280,10.625,128.0,False
shared_e2e_rep_projected,43,42,3,-0.003567703766748309,0.016189346089959145,0.3541812300682068,21.87742655571956,182,encoder_output_representation,-0.003567703766748309,-4.0914161218097433e-05,-2.1827872842550278e-11,0.016189346089959145,0.7083624601364136,0.7083579301834106,True,6.377696990966797e-06,3194880,12.1875,128.0,False
shared_e2e_rep_projected,43,42,3,0.007110049016773701,0.014442972838878632,0.13492651283740997,9.342018041756964,183,encoder_output_representation,0.007110049016773701,2.7711274015018716e-05,2.7711274015018716e-05,0.014442972838878632,0.26985302567481995,0.26985302567481995,False,0.0,2350080,8.96484375,128.0,False
shared_e2e_rep_projected,43,42,3,-0.0019966084510087967,0.01529809832572937,0.3350937068462372,21.904272002400067,184,encoder_output_representation,-0.0019966084510087967,-2.0470413801376708e-05,-3.092281986027956e-11,0.01529809832572937,0.6701874136924744,0.6701860427856445,True,2.0265579223632812e-06,2350080,8.96484375,128.0,False
shared_e2e_rep_projected,43,42,3,0.0032951654866337776,0.029992302879691124,0.43237078189849854,14.416058134411294,185,encoder_output_representation,0.0032951654866337776,8.546205935999751e-05,8.546205935999751e-05,0.029992302879691124,0.8647415637969971,0.8647415637969971,False,0.0,2611200,9.9609375,128.0,False
shared_e2e_rep_projected,43,42,3,-0.0043250154703855515,0.009307654574513435,0.12724392116069794,13.670889926353945,186,encoder_output_representation,-0.0043250154703855515,-1.0244598342978861e-05,5.684341886080801e-13,0.009307654574513435,0.2544878423213959,0.25448548793792725,True,9.238719940185547e-06,2350080,8.96484375,128.0,False
shared_e2e_rep_projected,43,42,3,-0.0008338956395164132,0.014767547138035297,0.24159890413284302,16.36012412044928,187,encoder_output_representation,-0.0008338956395164132,-5.950384547759313e-06,-7.958078640513122e-12,0.014767547138035297,0.48319780826568604,0.4831976592540741,True,2.980232238769531e-07,2088960,7.96875,128.0,False
shared_e2e_rep_projected,43,42,3,-0.0027028722688555717,0.024011686444282532,0.5397799015045166,22.479882983522995,188,encoder_output_representation,-0.0027028722688555717,-7.006399391684681e-05,-1.4551915228366852e-11,0.024011686444282532,1.0795598030090332,1.079555869102478,True,3.635883331298828e-06,2350080,8.96484375,128.0,False
shared_e2e_rep_projected,43,42,3,-0.0021959329023957253,0.016245301812887192,0.2715834677219391,16.71766218012,189,encoder_output_representation,-0.0021959329023957253,-1.93767154996749e-05,0.0,0.016245301812887192,0.5431669354438782,0.5431656241416931,True,2.4437904357910156e-06,2088960,7.96875,128.0,False
shared_e2e_rep_projected,43,42,3,-0.0020123061258345842,0.02223222516477108,0.298677533864975,13.43444174622052,190,encoder_output_representation,-0.0020123061258345842,-2.672449772944674e-05,-1.9099388737231493e-11,0.02223222516477108,0.59735506772995,0.5973538160324097,True,2.086162567138672e-06,2088960,7.96875,128.0,False
shared_e2e_rep_projected,43,42,3,-0.0016510040732100606,0.050315435975790024,0.3667694628238678,7.289402460913666,191,encoder_output_representation,-0.0016510040732100606,-6.093580668675713e-05,-7.275957614183426e-12,0.050315435975790024,0.7335389256477356,0.7335379123687744,True,1.3709068298339844e-06,2531328,9.65625,128.0,False
shared_e2e_rep_projected,43,42,3,0.0009873664239421487,0.015635663643479347,0.4185048043727875,26.766040375095912,192,encoder_output_representation,0.0009873664239421487,1.2921863344672602e-05,1.2921863344672602e-05,0.015635663643479347,0.837009608745575,0.837009608745575,False,0.0,2088960,7.96875,128.0,False
shared_e2e_rep_projected,43,42,3,-0.0010874656727537513,0.0457305982708931,0.5200636386871338,11.372334024725568,193,encoder_output_representation,-0.0010874656727537513,-5.172600140213035e-05,1.8189894035458565e-12,0.0457305982708931,1.0401272773742676,1.0401266813278198,True,5.960464477539062e-07,2350080,8.96484375,128.0,False
shared_e2e_rep_projected,43,42,3,-0.002992291934788227,0.019534921273589134,0.30911633372306824,15.823781902872986,194,encoder_output_representation,-0.002992291934788227,-3.613828812376596e-05,-3.2741809263825417e-11,0.019534921273589134,0.6182326674461365,0.6182299256324768,True,4.410743713378906e-06,2531328,9.65625,128.0,False
shared_e2e_rep_projected,43,42,3,0.0022011054679751396,0.018551357090473175,0.2835349142551422,15.283782899136158,195,encoder_output_representation,0.0022011054679751396,2.3155444068834186e-05,2.3155444068834186e-05,0.018551357090473175,0.5670698285102844,0.5670698285102844,False,0.0,2785280,10.625,128.0,False
shared_e2e_rep_projected,43,42,3,0.0006311609176918864,0.021246420219540596,0.5657546520233154,26.62823412967159,196,encoder_output_representation,0.0006311609176918864,1.5173438441706821e-05,1.5173438441706821e-05,0.021246420219540596,1.1315093040466309,1.1315093040466309,False,0.0,3525120,13.447265625,128.0,False
shared_e2e_rep_projected,43,42,3,0.0008395416662096977,0.015906192362308502,0.3404909372329712,21.406187570056204,197,encoder_output_representation,0.0008395416662096977,9.09377104107989e-06,9.09377104107989e-06,0.015906192362308502,0.6809818744659424,0.6809818744659424,False,0.0,2785280,10.625,128.0,False
shared_e2e_rep_projected,43,42,3,-0.002837061882019043,0.010358860716223717,0.23122212290763855,22.32119238223812,198,encoder_output_representation,-0.002837061882019043,-1.3590648450190201e-05,-9.094947017729282e-13,0.010358860716223717,0.4624442458152771,0.46244239807128906,True,3.993511199951172e-06,2088960,7.96875,128.0,False
shared_e2e_rep_projected,43,42,3,0.0029674244578927755,0.01121558342128992,0.20675240457057953,18.434386942199804,199,encoder_output_representation,0.0029674244578927755,1.376201726088766e-05,1.376201726088766e-05,0.01121558342128992,0.41350480914115906,0.41350480914115906,False,0.0,2088960,7.96875,128.0,False
shared_e2e_rep_projected,43,42,4,8.760706259636208e-05,0.022802935913205147,0.5053642988204956,22.162247034507512,0,encoder_output_representation,8.760706259636208e-05,2.019130761254928e-06,2.019130761254928e-06,0.022802935913205147,1.0107285976409912,1.0107285976409912,False,0.0,2752512,10.5,128.0,False
shared_e2e_rep_projected,43,42,4,0.003958211746066809,0.017148947343230247,0.3599799573421478,20.991373414197007,1,encoder_output_representation,0.003958211746066809,4.8870275350054726e-05,4.8870275350054726e-05,0.017148947343230247,0.7199599146842957,0.7199599146842957,False,0.0,2088960,7.96875,128.0,False
shared_e2e_rep_projected,43,42,4,0.006001350469887257,0.017422329634428024,0.49993589520454407,28.69512319504205,2,encoder_output_representation,0.006001350469887257,0.00010454410221427679,0.00010454410221427679,0.017422329634428024,0.9998717904090881,0.9998717904090881,False,0.0,3133440,11.953125,128.0,False
shared_e2e_rep_projected,43,42,4,0.004941551014780998,0.017359722405672073,0.48318809270858765,27.833860554746657,3,encoder_output_representation,0.004941551014780998,8.289956895168871e-05,8.289956895168871e-05,0.017359722405672073,0.9663761854171753,0.9663761854171753,False,0.0,2396160,9.140625,128.0,False
shared_e2e_rep_projected,43,42,4,-0.009022524580359459,0.015291866846382618,0.287623792886734,18.80893914236332,4,encoder_output_representation,-0.009022524580359459,-7.93676299508661e-05,-7.275957614183426e-12,0.015291866846382618,0.575247585773468,0.5752241015434265,True,4.082918167114258e-05,3133440,11.953125,128.0,False
shared_e2e_rep_projected,43,42,4,1.3168835721444339e-05,0.05917295813560486,0.5804560780525208,9.809482174649903,5,encoder_output_representation,1.3168835721444339e-05,9.046279956237413e-07,9.046279956237413e-07,0.05917295813560486,1.1609121561050415,1.1609121561050415,False,0.0,2350080,8.96484375,128.0,False
shared_e2e_rep_projected,43,42,4,-0.001313914661295712,0.015295203775167465,0.3983055353164673,26.04120488823669,6,encoder_output_representation,-0.001313914661295712,-1.6009167666197754e-05,-2.6147972675971687e-11,0.015295203775167465,0.7966110706329346,0.7966103553771973,True,8.940696716308594e-07,2350080,8.96484375,128.0,False
shared_e2e_rep_projected,43,42,4,-0.0008267535013146698,0.021818269044160843,0.5196515917778015,23.817269405103165,7,encoder_output_representation,-0.0008267535013146698,-1.8747294234344736e-05,-8.776623872108757e-11,0.021818269044160843,1.039303183555603,1.0393028259277344,True,3.5762786865234375e-07,3133440,11.953125,128.0,False
shared_e2e_rep_projected,43,42,4,-0.0021075517870485783,0.022358549758791924,0.5383972525596619,24.08015092069874,8,encoder_output_representation,-0.0021075517870485783,-5.0740498409140855e-05,-9.094947017729282e-12,0.022358549758791924,1.0767945051193237,1.0767921209335327,True,2.205371856689453e-06,3133440,11.953125,128.0,False
shared_e2e_rep_projected,43,42,4,-0.0018917411798611283,0.01612860895693302,0.36016881465911865,22.33105257997448,9,encoder_output_representation,-0.0018917411798611283,-2.1978332370053977e-05,-1.0913936421275139e-11,0.01612860895693302,0.7203376293182373,0.7203363180160522,True,1.8477439880371094e-06,2088960,7.96875,128.0,False
shared_e2e_rep_projected,43,42,4,-0.004315926693379879,0.02560538239777088,0.4759964644908905,18.589703410652017,10,encoder_output_representation,-0.004315926693379879,-0.00010520564683247358,-4.001776687800884e-11,0.02560538239777088,0.951992928981781,0.9519841074943542,True,9.238719940185547e-06,2420736,9.234375,128.0,False
shared_e2e_rep_projected,43,42,4,0.005631472449749708,0.014898847788572311,0.16092652082443237,10.801272897617356,11,encoder_output_representation,0.005631472449749708,2.700425829971209e-05,2.700425829971209e-05,0.014898847788572311,0.32185304164886475,0.32185304164886475,False,0.0,3133440,11.953125,128.0,False
shared_e2e_rep_projected,43,42,4,-0.005083763040602207,0.01538900751620531,0.29013773798942566,18.853570490747874,12,encoder_output_representation,-0.005083763040602207,-4.5397311623673886e-05,-9.094947017729282e-13,0.01538900751620531,0.5802754759788513,0.5802679657936096,True,1.2934207916259766e-05,3133440,11.953125,128.0,False
shared_e2e_rep_projected,43,42,4,0.000638642639387399,0.027429893612861633,0.5562752485275269,20.279890851151325,13,encoder_output_representation,0.000638642639387399,1.948954741237685e-05,1.948954741237685e-05,0.027429893612861633,1.1125504970550537,1.1125504970550537,False,0.0,3133440,11.953125,128.0,False
shared_e2e_rep_projected,43,42,4,-0.0007353529217652977,0.015111589804291725,0.3452332615852356,22.8455950734706,14,encoder_output_representation,-0.0007353529217652977,-7.672707397432532e-06,-1.0913936421275139e-11,0.015111589804291725,0.6904665231704712,0.6904662847518921,True,3.5762786865234375e-07,2350080,8.96484375,128.0,False
shared_e2e_rep_projected,43,42,4,0.0009409473859705031,0.03832331672310829,0.46464255452156067,12.124278226716982,15,encoder_output_representation,0.0009409473859705031,3.351023042341694e-05,3.351023042341694e-05,0.03832331672310829,0.9292851090431213,0.9292851090431213,False,0.0,3133440,11.953125,128.0,False
shared_e2e_rep_projected,43,42,4,-5.396960477810353e-05,0.017460698261857033,0.27272525429725647,15.619378458250202,16,encoder_output_representation,-5.396960477810353e-05,-5.140036591910757e-07,-2.2737367544323206e-13,0.017460698261857033,0.5454505085945129,0.5454505085945129,True,0.0,3018752,11.515625,128.0,False
shared_e2e_rep_projected,43,42,4,0.007151839789003134,0.021377893164753914,0.3656851649284363,17.10576257960478,17,encoder_output_representation,0.007151839789003134,0.00011182013986399397,0.00011182013986399397,0.021377893164753914,0.7313703298568726,0.7313703298568726,False,0.0,2961408,11.296875,128.0,False
shared_e2e_rep_projected,43,42,4,0.004925125744193792,0.011542621068656445,0.1185838058590889,10.273559632057816,18,encoder_output_representation,0.004925125744193792,1.3482707799994387e-05,1.3482707799994387e-05,0.011542621068656445,0.2371676117181778,0.2371676117181778,False,0.0,3525120,13.447265625,128.0,False
shared_e2e_rep_projected,43,42,4,-0.006044751964509487,0.0333557054400444,0.45907509326934814,13.763015568491513,19,encoder_output_representation,-0.006044751964509487,-0.0001851238339440897,-7.639755494892597e-11,0.0333557054400444,0.9181501865386963,0.9181334376335144,True,1.823902130126953e-05,2611200,9.9609375,128.0,False
shared_e2e_rep_projected,43,42,4,-0.0018527819775044918,0.01569007895886898,0.46054741740226746,29.352778823457623,20,encoder_output_representation,-0.0018527819775044918,-2.6776498998515308e-05,-2.091837814077735e-11,0.01569007895886898,0.9210948348045349,0.921093225479126,True,1.7285346984863281e-06,2088960,7.96875,128.0,False
shared_e2e_rep_projected,43,42,4,0.0058126612566411495,0.02017010934650898,0.5069146156311035,25.131971618133033,21,encoder_output_representation,0.0058126612566411495,0.00011886337597388774,0.00011886337597388774,0.02017010934650898,1.013829231262207,1.013829231262207,False,0.0,3194880,12.1875,128.0,False
shared_e2e_rep_projected,43,42,4,0.005266932770609856,0.028940903022885323,0.6144596338272095,21.231529415005436,22,encoder_output_representation,0.005266932770609856,0.0001873238943517208,0.0001873238943517208,0.028940903022885323,1.228919267654419,1.228919267654419,False,0.0,2088960,7.96875,128.0,False
shared_e2e_rep_projected,43,42,4,-0.004770322237163782,0.017729006707668304,0.4455612003803253,25.131763314614084,23,encoder_output_representation,-0.004770322237163782,-7.536496559623629e-05,-2.9103830456733704e-11,0.017729006707668304,0.8911224007606506,0.8911122679710388,True,1.138448715209961e-05,2785280,10.625,128.0,False
shared_e2e_rep_projected,43,42,4,-0.01022900827229023,0.01559096947312355,0.35906484723091125,23.030309170310684,24,encoder_output_representation,-0.01022900827229023,-0.00011452743638074026,-2.9103830456733704e-11,0.01559096947312355,0.7181296944618225,0.7180920839309692,True,5.239248275756836e-05,2088960,7.96875,128.0,False
shared_e2e_rep_projected,43,42,4,-0.0035460900980979204,0.02309335768222809,0.5296224355697632,22.933972740453576,25,encoder_output_representation,-0.0035460900980979204,-8.674275886733085e-05,-5.4569682106375694e-12,0.02309335768222809,1.0592448711395264,1.0592381954193115,True,6.318092346191406e-06,2350080,8.96484375,128.0,False
shared_e2e_rep_projected,43,42,4,-0.0032552320044487715,0.021379102021455765,0.7102504372596741,33.2217151378424,26,encoder_output_representation,-0.0032552320044487715,-9.885825420496985e-05,-5.4569682106375694e-12,0.021379102021455765,1.4205008745193481,1.4204933643341064,True,5.304813385009766e-06,2785280,10.625,128.0,False
shared_e2e_rep_projected,43,42,4,-0.0009049742948263884,0.021375734359025955,0.6324660778045654,29.58803974552131,27,encoder_output_representation,-0.0009049742948263884,-2.4469467462040484e-05,0.0,0.021375734359025955,1.2649321556091309,1.2649316787719727,True,3.5762786865234375e-07,2350080,8.96484375,128.0,False
shared_e2e_rep_projected,43,42,4,0.0017931504407897592,0.021946648135781288,0.45384106040000916,20.67928813512427,28,encoder_output_representation,0.0017931504407897592,3.572059722500853e-05,3.572059722500853e-05,0.021946648135781288,0.9076821208000183,0.9076821208000183,False,0.0,2350080,8.96484375,128.0,False
shared_e2e_rep_projected,43,42,4,0.012050515972077847,0.017031243070960045,0.37443727254867554,21.98531669054317,29,encoder_output_representation,0.012050515972077847,0.00015369546599686146,0.00015369546599686146,0.017031243070960045,0.7488745450973511,0.7488745450973511,False,0.0,3194880,12.1875,128.0,False
shared_e2e_rep_projected,43,42,4,-0.023660825565457344,0.030295219272375107,0.6513658761978149,21.500615999560274,30,encoder_output_representation,-0.023660825565457344,-0.0009338110685348511,-2.9103830456733704e-11,0.030295219272375107,1.3027317523956299,1.302367091178894,True,0.0002799034118652344,2350080,8.96484375,128.0,False
shared_e2e_rep_projected,43,42,4,-0.005716260522603989,0.027484862133860588,0.43482911586761475,15.82067662373017,31,encoder_output_representation,-0.005716260522603989,-0.000136632559588179,-4.3655745685100555e-11,0.027484862133860588,0.8696582317352295,0.8696439862251282,True,1.6391277313232422e-05,2350080,8.96484375,128.0,False
shared_e2e_rep_projected,43,42,4,-0.0018205582164227962,0.022442642599344254,0.49406272172927856,22.014462848671595,32,encoder_output_representation,-0.0018205582164227962,-4.037296457681805e-05,-2.546585164964199e-11,0.022442642599344254,0.9881254434585571,0.9881237745285034,True,1.6689300537109375e-06,2350080,8.96484375,128.0,False
shared_e2e_rep_projected,43,42,4,0.0001686902978690341,0.02162027731537819,0.6715592741966248,31.061547657344544,33,encoder_output_representation,0.0001686902978690341,4.898529368801974e-06,4.898529368801974e-06,0.02162027731537819,1.3431185483932495,1.3431185483932495,False,0.0,2350080,8.96484375,128.0,False
shared_e2e_rep_projected,43,42,4,-8.062546112341806e-05,0.03255745768547058,0.9018613696098328,27.700607901344412,34,encoder_output_representation,-8.062546112341806e-05,-4.734700269182213e-06,-3.183231456205249e-12,0.03255745768547058,1.8037227392196655,1.8037227392196655,True,0.0,2879488,10.984375,128.0,False
shared_e2e_rep_projected,43,42,4,-0.0005514954100362957,0.025900833308696747,0.9996086955070496,38.59368861199574,35,encoder_output_representation,-0.0005514954100362957,-2.855720231309533e-05,-6.366462912410498e-12,0.025900833308696747,1.9992173910140991,1.999216914176941,True,2.384185791015625e-07,2785280,10.625,128.0,False
shared_e2e_rep_projected,43,42,4,-0.0005696133594028652,0.02934533916413784,0.700585663318634,23.873830845846932,36,encoder_output_representation,-0.0005696133594028652,-2.3421274818247184e-05,-5.093170329928398e-11,0.02934533916413784,1.401171326637268,1.4011709690093994,True,2.384185791015625e-07,2396160,9.140625,128.0,False
shared_e2e_rep_projected,43,42,4,0.0029034027829766273,0.02323903888463974,0.5395436882972717,23.217125758754715,37,encoder_output_representation,0.0029034027829766273,7.280849968083203e-05,7.280849968083203e-05,0.02323903888463974,1.0790873765945435,1.0790873765945435,False,0.0,3133440,11.953125,128.0,False
shared_e2e_rep_projected,43,42,4,0.003929152153432369,0.03389758989214897,0.49784213304519653,14.686652786500963,38,encoder_output_representation,0.003929152153432369,0.00013261398999020457,0.00013261398999020457,0.03389758989214897,0.9956842660903931,0.9956842660903931,False,0.0,2355200,8.984375,128.0,False
shared_e2e_rep_projected,43,42,4,-0.001148668467067182,0.03134084492921829,0.6070137023925781,19.368134578486565,39,encoder_output_representation,-0.001148668467067182,-4.370527676655911e-05,-1.000444171950221e-11,0.03134084492921829,1.2140274047851562,1.2140265703201294,True,7.152557373046875e-07,2785280,10.625,128.0,False
shared_e2e_rep_projected,43,42,4,-0.006621204316616058,0.020356254652142525,0.30218741297721863,14.844941672284149,40,encoder_output_representation,-0.006621204316616058,-8.145940228132531e-05,-5.093170329928398e-11,0.020356254652142525,0.6043748259544373,0.6043615937232971,True,2.187490463256836e-05,2420736,9.234375,128.0,False
shared_e2e_rep_projected,43,42,4,0.005032562650740147,0.0195060633122921,0.20124463737010956,10.317029845960338,41,encoder_output_representation,0.005032562650740147,3.951055623474531e-05,3.951055623474531e-05,0.0195060633122921,0.4024892747402191,0.4024892747402191,False,0.0,2437120,9.296875,128.0,False
shared_e2e_rep_projected,43,42,4,7.319890573853627e-05,0.013486149720847607,0.2426220327615738,17.990459677791932,42,encoder_output_representation,7.319890573853627e-05,4.790190359926783e-07,4.790190359926783e-07,0.013486149720847607,0.4852440655231476,0.4852440655231476,False,0.0,2350080,8.96484375,128.0,False
shared_e2e_rep_projected,43,42,4,0.0002575675316620618,0.0186903215944767,0.550912618637085,29.475823401556063,43,encoder_output_representation,0.0002575675316620618,5.3042090257804375e-06,5.3042090257804375e-06,0.0186903215944767,1.10182523727417,1.10182523727417,False,0.0,2088960,7.96875,128.0,False
shared_e2e_rep_projected,43,42,4,0.0013254581717774272,0.01530310045927763,0.24825212359428406,16.2223416264499,44,encoder_output_representation,0.0013254581717774272,1.0070903954328969e-05,1.0070903954328969e-05,0.01530310045927763,0.4965042471885681,0.4965042471885681,False,0.0,2088960,7.96875,128.0,False
shared_e2e_rep_projected,43,42,4,0.012850664556026459,0.01932324841618538,0.46507731080055237,24.06827779593198,45,encoder_output_representation,0.012850664556026459,0.0002309728297404945,0.0002309728297404945,0.01932324841618538,0.9301546216011047,0.9301546216011047,False,0.0,2396160,9.140625,128.0,False
shared_e2e_rep_projected,43,42,4,-0.003663901938125491,0.019955502822995186,0.24789324402809143,12.42230006564597,46,encoder_output_representation,-0.003663901938125491,-3.624943201430142e-05,-3.387867764104158e-11,0.019955502822995186,0.49578648805618286,0.4957831799983978,True,6.67572021484375e-06,2088960,7.96875,128.0,False
shared_e2e_rep_projected,43,42,4,-0.003975460305809975,0.025482654571533203,0.4942067265510559,19.393847888325443,47,encoder_output_representation,-0.003975460305809975,-0.00010013150313170627,-7.275957614183426e-12,0.025482654571533203,0.9884134531021118,0.9884056448936462,True,7.927417755126953e-06,2420736,9.234375,128.0,False
shared_e2e_rep_projected,43,42,4,-0.0005286088562570512,0.024599716067314148,0.6739914417266846,27.398342317544987,48,encoder_output_representation,-0.0005286088562570512,-1.75286677404074e-05,-3.092281986027956e-11,0.024599716067314148,1.3479828834533691,1.3479827642440796,True,5.960464477539063e-08,2350080,8.96484375,128.0,False
shared_e2e_rep_projected,43,42,4,-0.010525214485824108,0.01817300356924534,0.27128198742866516,14.927746335105715,49,encoder_output_representation,-0.010525214485824108,-0.00010377879516454414,-3.2741809263825417e-11,0.01817300356924534,0.5425639748573303,0.5425339341163635,True,5.537271499633789e-05,2350080,8.96484375,128.0,False
shared_e2e_rep_projected,43,42,4,0.01121725793927908,0.012734666466712952,0.2355596274137497,18.49751055745961,50,encoder_output_representation,0.01121725793927908,6.72984606353566e-05,6.72984606353566e-05,0.012734666466712952,0.4711192548274994,0.4711192548274994,False,0.0,2350080,8.96484375,128.0,False
shared_e2e_rep_projected,43,42,4,0.022974111139774323,0.01977350562810898,0.5112136006355286,25.8534632275227,51,encoder_output_representation,0.022974111139774323,0.0004644669243134558,0.0004644669243134558,0.01977350562810898,1.0224272012710571,1.0224272012710571,False,0.0,2785280,10.625,128.0,False
shared_e2e_rep_projected,43,42,4,-0.004343903157860041,0.05345948785543442,0.7452261447906494,13.940016537492765,52,encoder_output_representation,-0.004343903157860041,-0.0003461170708760619,-8.731149137020111e-11,0.05345948785543442,1.4904522895812988,1.4904382228851318,True,9.417533874511719e-06,2350080,8.96484375,128.0,False
shared_e2e_rep_projected,43,42,4,0.002220181981101632,0.020866086706519127,0.4583926498889923,21.968309455254882,53,encoder_output_representation,0.002220181981101632,4.247146353009157e-05,4.247146353009157e-05,0.020866086706519127,0.9167852997779846,0.9167852997779846,False,0.0,3194880,12.1875,128.0,False
shared_e2e_rep_projected,43,42,4,0.0002787063713185489,0.03073616325855255,0.45609402656555176,14.83900325258197,54,encoder_output_representation,0.0002787063713185489,7.814135642547626e-06,7.814135642547626e-06,0.03073616325855255,0.9121880531311035,0.9121880531311035,False,0.0,2088960,7.96875,128.0,False
shared_e2e_rep_projected,43,42,4,0.0002472189662512392,0.023418284952640533,0.48478633165359497,20.701188521447758,55,encoder_output_representation,0.0002472189662512392,5.61328670301009e-06,5.61328670301009e-06,0.023418284952640533,0.9695726633071899,0.9695726633071899,False,0.0,2548224,9.720703125,128.0,False
shared_e2e_rep_projected,43,42,4,0.0023871734738349915,0.03254124894738197,0.4422818124294281,13.591420942219576,56,encoder_output_representation,0.0023871734738349915,6.871432560728863e-05,6.871432560728863e-05,0.03254124894738197,0.8845636248588562,0.8845636248588562,False,0.0,2350080,8.96484375,128.0,False
shared_e2e_rep_projected,43,42,4,0.003175236051902175,0.02374240942299366,0.4324302077293396,18.213408758360753,57,encoder_output_representation,0.003175236051902175,6.519988528452814e-05,6.519988528452814e-05,0.02374240942299366,0.8648604154586792,0.8648604154586792,False,0.0,2088960,7.96875,128.0,False
shared_e2e_rep_projected,43,42,4,-0.00017362645303364843,0.07925853878259659,0.8367802500724792,10.557603797967287,58,encoder_output_representation,-0.00017362645303364843,-2.3030499505694024e-05,-2.546585164964199e-11,0.07925853878259659,1.6735605001449585,1.6735605001449585,True,0.0,2785280,10.625,128.0,False
shared_e2e_rep_projected,43,42,4,-0.005429825745522976,0.02108599804341793,0.2942025661468506,13.952508462775228,59,encoder_output_representation,-0.005429825745522976,-6.736844079568982e-05,-1.2732925824820995e-11,0.02108599804341793,0.5884051322937012,0.5883964896202087,True,1.4662742614746094e-05,2088960,7.96875,128.0,False
shared_e2e_rep_projected,43,42,4,0.0024409680627286434,0.018068712204694748,0.3256226181983948,18.021351743805464,60,encoder_output_representation,0.0024409680627286434,2.8723268769681454e-05,2.8723268769681454e-05,0.018068712204694748,0.6512452363967896,0.6512452363967896,False,0.0,2457600,9.375,128.0,False
shared_e2e_rep_projected,43,42,4,-0.0024529097136110067,0.023188656195998192,0.3966405391693115,17.104938544811503,61,encoder_output_representation,-0.0024529097136110067,-4.512157465796918e-05,-2.9103830456733704e-11,0.023188656195998192,0.793281078338623,0.793278694152832,True,2.9802322387695312e-06,2088960,7.96875,128.0,False
shared_e2e_rep_projected,43,42,4,-0.008174554444849491,0.023169344291090965,0.45966482162475586,19.839353926019623,62,encoder_output_representation,-0.008174554444849491,-0.0001741201849654317,-2.9103830456733704e-11,0.023169344291090965,0.9193296432495117,0.9192989468574524,True,3.337860107421875e-05,2350080,8.96484375,128.0,False
shared_e2e_rep_projected,43,42,4,0.0015382347628474236,0.029627075418829918,0.8970491290092468,30.278018208949312,63,encoder_output_representation,0.0015382347628474236,8.176315168384463e-05,8.176315168384463e-05,0.029627075418829918,1.7940982580184937,1.7940982580184937,False,0.0,2350080,8.96484375,128.0,False
shared_e2e_rep_projected,43,42,4,0.00971972569823265,0.021939117461442947,0.39746254682540894,18.116615106507005,64,encoder_output_representation,0.00971972569823265,0.0001695115934126079,0.0001695115934126079,0.021939117461442947,0.7949250936508179,0.7949250936508179,False,0.0,2355200,8.984375,128.0,False
shared_e2e_rep_projected,43,42,4,0.002190276049077511,0.014626297168433666,0.39654746651649475,27.111951982783427,65,encoder_output_representation,0.002190276049077511,2.5407294742763042e-05,2.5407294742763042e-05,0.014626297168433666,0.7930949330329895,0.7930949330329895,False,0.0,2350080,8.96484375,128.0,False
shared_e2e_rep_projected,43,42,4,0.011707968078553677,0.022278012707829475,0.2227431982755661,9.998342365487758,66,encoder_output_representation,0.011707968078553677,0.00011619633005466312,0.00011619633005466312,0.022278012707829475,0.4454863965511322,0.4454863965511322,False,0.0,2088960,7.96875,128.0,False
shared_e2e_rep_projected,43,42,4,-0.0079513443633914,0.029408909380435944,0.4145467281341553,14.095957207101646,67,encoder_output_representation,-0.0079513443633914,-0.00019387551583349705,1.8189894035458565e-11,0.029408909380435944,0.8290934562683105,0.8290672898292542,True,3.153085708618164e-05,2088960,7.96875,128.0,False
shared_e2e_rep_projected,43,42,4,0.008779361844062805,0.022334346547722816,0.20794954895973206,9.31075142563033,68,encoder_output_representation,0.008779361844062805,8.15500388853252e-05,8.15500388853252e-05,0.022334346547722816,0.4158990979194641,0.4158990979194641,False,0.0,3194880,12.1875,128.0,False
shared_e2e_rep_projected,43,42,4,0.0005667150253430009,0.033135198056697845,0.4503213167190552,13.590421760826887,69,encoder_output_representation,0.0005667150253430009,1.6912461433093995e-05,1.6912461433093995e-05,0.033135198056697845,0.9006426334381104,0.9006426334381104,False,0.0,2396160,9.140625,128.0,False
shared_e2e_rep_projected,43,42,4,0.006282716058194637,0.029843535274267197,0.42636072635650635,14.286535507210466,70,encoder_output_representation,0.006282716058194637,0.00015988395898602903,0.00015988395898602903,0.029843535274267197,0.8527214527130127,0.8527214527130127,False,0.0,2350080,8.96484375,128.0,False
shared_e2e_rep_projected,43,42,4,0.012239089235663414,0.02347012609243393,0.5499367713928223,23.431351379492824,71,encoder_output_representation,0.012239089235663414,0.00031594192842021585,0.00031594192842021585,0.02347012609243393,1.0998735427856445,1.0998735427856445,False,0.0,2088960,7.96875,128.0,False
shared_e2e_rep_projected,43,42,4,0.00045111647341400385,0.01897122897207737,0.44546258449554443,23.480955564407264,72,encoder_output_representation,0.00045111647341400385,7.6247461038292386e-06,7.6247461038292386e-06,0.01897122897207737,0.8909251689910889,0.8909251689910889,False,0.0,2785280,10.625,128.0,False
shared_e2e_rep_projected,43,42,4,-0.002656944328919053,0.030673997476696968,0.32043367624282837,10.44642702622186,73,encoder_output_representation,-0.002656944328919053,-5.223011612542905e-05,-1.2732925824820995e-11,0.030673997476696968,0.6408673524856567,0.6408650875091553,True,3.516674041748047e-06,2350080,8.96484375,128.0,False
shared_e2e_rep_projected,43,42,4,0.002347181783989072,0.030471473932266235,0.8350441455841064,27.40412713347215,74,encoder_output_representation,0.002347181783989072,0.00011944820289500058,0.00011944820289500058,0.030471473932266235,1.670088291168213,1.670088291168213,False,0.0,2350080,8.96484375,128.0,False
shared_e2e_rep_projected,43,42,4,0.003598793875426054,0.016872216016054153,0.28978845477104187,17.175482728250042,75,encoder_output_representation,0.003598793875426054,3.519169331411831e-05,3.519169331411831e-05,0.016872216016054153,0.5795769095420837,0.5795769095420837,False,0.0,2580480,9.84375,128.0,False
shared_e2e_rep_projected,43,42,4,0.0009004581952467561,0.023797258734703064,0.7126621007919312,29.94723504655897,76,encoder_output_representation,0.0009004581952467561,3.054246917599812e-05,3.054246917599812e-05,0.023797258734703064,1.4253242015838623,1.4253242015838623,False,0.0,2785280,10.625,128.0,False
shared_e2e_rep_projected,43,42,4,0.006944348569959402,0.019820749759674072,0.2221190482378006,11.206389815268677,77,encoder_output_representation,0.006944348569959402,6.11459108768031e-05,6.11459108768031e-05,0.019820749759674072,0.4442380964756012,0.4442380964756012,False,0.0,2396160,9.140625,128.0,False
shared_e2e_rep_projected,43,42,4,-0.031162891536951065,0.026647137477993965,0.4669930040836334,17.52507204457855,78,encoder_output_representation,-0.031162891536951065,-0.0007755837286822498,-1.4551915228366852e-11,0.026647137477993965,0.9339860081672668,0.9335324168205261,True,0.0004856586456298828,2088960,7.96875,128.0,False
shared_e2e_rep_projected,43,42,4,0.0006948940572328866,0.03058544732630253,0.37496355175971985,12.25954120465856,79,encoder_output_representation,0.0006948940572328866,1.593868546478916e-05,1.593868546478916e-05,0.03058544732630253,0.7499271035194397,0.7499271035194397,False,0.0,2350080,8.96484375,128.0,False
shared_e2e_rep_projected,43,42,4,0.026850013062357903,0.02278519794344902,0.33773717284202576,14.82265695827008,80,encoder_output_representation,0.026850013062357903,0.0004132436297368258,0.0004132436297368258,0.02278519794344902,0.6754743456840515,0.6754743456840515,False,0.0,2088960,7.96875,128.0,False
shared_e2e_rep_projected,43,42,4,0.005158970132470131,0.030233463272452354,0.271746963262558,8.988284299872587,81,encoder_output_representation,0.005158970132470131,8.477066876366735e-05,8.477066876366735e-05,0.030233463272452354,0.543493926525116,0.543493926525116,False,0.0,2785280,10.625,128.0,False
shared_e2e_rep_projected,43,42,4,-0.013316023163497448,0.02671106532216072,0.478372722864151,17.909159260198848,82,encoder_output_representation,-0.013316023163497448,-0.0003403001755941659,5.820766091346741e-11,0.02671106532216072,0.956745445728302,0.9566606879234314,True,8.857250213623047e-05,2350080,8.96484375,128.0,False
shared_e2e_rep_projected,43,42,4,0.0038804644718766212,0.021418694406747818,0.2712620496749878,12.664733177645434,83,encoder_output_representation,0.0038804644718766212,4.509161226451397e-05,4.509161226451397e-05,0.021418694406747818,0.5425240993499756,0.5425240993499756,False,0.0,2350080,8.96484375,128.0,False
shared_e2e_rep_projected,43,42,4,0.008966097608208656,0.03116452507674694,0.5121409296989441,16.433458505712068,84,encoder_output_representation,0.008966097608208656,0.0002862091059796512,0.0002862091059796512,0.03116452507674694,1.0242818593978882,1.0242818593978882,False,0.0,2611200,9.9609375,128.0,False
shared_e2e_rep_projected,43,42,4,0.0020847294945269823,0.01651098020374775,0.4120146334171295,24.95397779736955,85,encoder_output_representation,0.0020847294945269823,2.836385101545602e-05,2.836385101545602e-05,0.01651098020374775,0.824029266834259,0.824029266834259,False,0.0,2088960,7.96875,128.0,False
shared_e2e_rep_projected,43,42,4,-0.003611105727031827,0.013608007691800594,0.2569933533668518,18.885450330962207,86,encoder_output_representation,-0.003611105727031827,-2.5257282686652616e-05,-7.275957614183426e-12,0.013608007691800594,0.5139867067337036,0.5139833688735962,True,6.496906280517578e-06,2785280,10.625,128.0,False
shared_e2e_rep_projected,43,42,4,-0.0005170442163944244,0.03126329556107521,0.5135553479194641,16.42678222825853,87,encoder_output_representation,-0.0005170442163944244,-1.6602738469373435e-05,-3.637978807091713e-12,0.03126329556107521,1.0271106958389282,1.0271105766296387,True,1.1920928955078125e-07,2350080,8.96484375,128.0,False
shared_e2e_rep_projected,43,42,4,0.001451847841963172,0.040325164794921875,0.46322301030158997,11.487194476634189,88,encoder_output_representation,0.001451847841963172,5.423971015261486e-05,5.423971015261486e-05,0.040325164794921875,0.9264460206031799,0.9264460206031799,False,0.0,2703360,10.3125,128.0,False
shared_e2e_rep_projected,43,42,4,-0.0017472602194175124,0.019722435623407364,0.38822200894355774,19.684283237451695,89,encoder_output_representation,-0.0017472602194175124,-2.67564373643836e-05,-1.8189894035458565e-11,0.019722435623407364,0.7764440178871155,0.77644282579422,True,1.5497207641601562e-06,2396160,9.140625,128.0,False
shared_e2e_rep_projected,43,42,4,-0.001900344155728817,0.030142011120915413,0.5427396297454834,18.0060855119544,90,encoder_output_representation,-0.001900344155728817,-6.217646296136081e-05,-5.4569682106375694e-12,0.030142011120915413,1.0854792594909668,1.085477352142334,True,1.7285346984863281e-06,2088960,7.96875,128.0,False
shared_e2e_rep_projected,43,42,4,-0.0017653096001595259,0.03015790320932865,0.5489317178726196,18.201919213760863,91,encoder_output_representation,-0.0017653096001595259,-5.844809129484929e-05,-2.9103830456733704e-11,0.03015790320932865,1.0978634357452393,1.0978617668151855,True,1.5497207641601562e-06,2350080,8.96484375,128.0,False
shared_e2e_rep_projected,43,42,4,0.005070335231721401,0.03375985845923424,0.5086508393287659,15.066734949228913,92,encoder_output_representation,0.005070335231721401,0.00017413540626876056,0.00017413540626876056,0.03375985845923424,1.0173016786575317,1.0173016786575317,False,0.0,2396160,9.140625,128.0,False
shared_e2e_rep_projected,43,42,4,-0.00020043752738274634,0.026419518515467644,0.5926008224487305,22.430417197110717,93,encoder_output_representation,-0.00020043752738274634,-6.2761919252807274e-06,-9.094947017729282e-12,0.026419518515467644,1.185201644897461,1.185201644897461,True,0.0,2548224,9.720703125,128.0,False
shared_e2e_rep_projected,43,42,4,0.00442484999075532,0.01608949340879917,0.34744343161582947,21.594429531623188,94,encoder_output_representation,0.00442484999075532,4.947149136569351e-05,4.947149136569351e-05,0.01608949340879917,0.6948868632316589,0.6948868632316589,False,0.0,2785280,10.625,128.0,False
shared_e2e_rep_projected,43,42,4,0.0007233492215164006,0.01634621061384678,0.33770206570625305,20.659348743505582,95,encoder_output_representation,0.0007233492215164006,7.985991032910533e-06,7.985991032910533e-06,0.01634621061384678,0.6754041314125061,0.6754041314125061,False,0.0,2088960,7.96875,128.0,False
shared_e2e_rep_projected,43,42,4,0.0012623664224520326,0.03622054681181908,0.5648898482322693,15.595839874177186,96,encoder_output_representation,0.0012623664224520326,5.1657596486620605e-05,5.1657596486620605e-05,0.03622054681181908,1.1297796964645386,1.1297796964645386,False,0.0,2159616,8.23828125,128.0,False
shared_e2e_rep_projected,43,42,4,-0.0018797783413901925,0.03365236520767212,0.6495683789253235,19.30230980547049,97,encoder_output_representation,-0.0018797783413901925,-8.218207221943885e-05,-2.1827872842550278e-11,0.03365236520767212,1.299136757850647,1.2991344928741455,True,1.7285346984863281e-06,2350080,8.96484375,128.0,False
shared_e2e_rep_projected,43,42,4,0.0007274093804880977,0.07254382222890854,0.776863694190979,10.708888370116796,98,encoder_output_representation,0.0007274093804880977,8.198872819775715e-05,8.198872819775715e-05,0.07254382222890854,1.553727388381958,1.553727388381958,False,0.0,2350080,8.96484375,128.0,False
shared_e2e_rep_projected,43,42,4,-0.0023668354842811823,0.029384836554527283,0.4593394994735718,15.6318548385052,99,encoder_output_representation,-0.0023668354842811823,-6.389327609213069e-05,-4.3655745685100555e-11,0.029384836554527283,0.9186789989471436,0.9186763763427734,True,2.86102294921875e-06,2350080,8.96484375,128.0,False
shared_e2e_rep_projected,43,42,4,-0.012991338036954403,0.01347090769559145,0.18812523782253265,13.965297816130043,100,encoder_output_representation,-0.012991338036954403,-6.584575749002397e-05,-1.0913936421275139e-11,0.01347090769559145,0.3762504756450653,0.3762187063694,True,8.445978164672852e-05,2088960,7.96875,128.0,False
shared_e2e_rep_projected,43,42,4,0.0041208285838365555,0.018519975244998932,0.4053977429866791,21.889756202355144,101,encoder_output_representation,0.0041208285838365555,6.187800318002701e-05,6.187800318002701e-05,0.018519975244998932,0.8107954859733582,0.8107954859733582,False,0.0,2088960,7.96875,128.0,False
shared_e2e_rep_projected,43,42,4,-0.006767360959202051,0.028153935447335243,0.3357848525047302,11.926746551395965,102,encoder_output_representation,-0.006767360959202051,-0.00012795273505616933,-4.4565240386873484e-11,0.028153935447335243,0.6715697050094604,0.6715543270111084,True,2.288818359375e-05,2088960,7.96875,128.0,False
shared_e2e_rep_projected,43,42,4,0.0019566803239285946,0.024225372821092606,0.26342207193374634,10.873808790442613,103,encoder_output_representation,0.0019566803239285946,2.4973101972136647e-05,2.4973101972136647e-05,0.024225372821092606,0.5268441438674927,0.5268441438674927,False,0.0,2350080,8.96484375,128.0,False
shared_e2e_rep_projected,43,42,4,-0.004818679299205542,0.019349772483110428,0.2352554053068161,12.158045037075256,104,encoder_output_representation,-0.004818679299205542,-4.3870590161532164e-05,-1.0913936421275139e-11,0.019349772483110428,0.4705108106136322,0.47050535678863525,True,1.1563301086425781e-05,2088960,7.96875,128.0,False
shared_e2e_rep_projected,43,42,4,0.0006517118308693171,0.023867739364504814,0.3236527442932129,13.560259702455811,105,encoder_output_representation,0.0006517118308693171,1.00687648227904e-05,1.00687648227904e-05,0.023867739364504814,0.6473054885864258,0.6473054885864258,False,0.0,2135040,8.14453125,128.0,False
shared_e2e_rep_projected,43,42,4,0.0025192771572619677,0.021853797137737274,0.3066554665565491,14.032136595018285,106,encoder_output_representation,0.0025192771572619677,3.376630775164813e-05,3.376630775164813e-05,0.021853797137737274,0.6133109331130981,0.6133109331130981,False,0.0,2325504,8.87109375,128.0,False
shared_e2e_rep_projected,43,42,4,0.0009223597589880228,0.01875864341855049,0.2455502152442932,13.089977231587424,107,encoder_output_representation,0.0009223597589880228,8.497126145812217e-06,8.497126145812217e-06,0.01875864341855049,0.4911004304885864,0.4911004304885864,False,0.0,2350080,8.96484375,128.0,False
shared_e2e_rep_projected,43,42,4,0.003970042336732149,0.015324999578297138,0.2412824183702469,15.74436704794072,108,encoder_output_representation,0.003970042336732149,2.9359678592300043e-05,2.9359678592300043e-05,0.015324999578297138,0.4825648367404938,0.4825648367404938,False,0.0,2088960,7.96875,128.0,False
shared_e2e_rep_projected,43,42,4,-0.00429952098056674,0.03860194608569145,0.3178291916847229,8.233501776806335,109,encoder_output_representation,-0.00429952098056674,-0.00010550014121690765,3.637978807091713e-12,0.03860194608569145,0.6356583833694458,0.635652482509613,True,9.298324584960938e-06,2396160,9.140625,128.0,False
shared_e2e_rep_projected,43,42,4,-0.0016846749931573868,0.020965829491615295,0.22716973721981049,10.835237275523047,110,encoder_output_representation,-0.0016846749931573868,-1.604754652362317e-05,-6.366462912410498e-12,0.020965829491615295,0.45433947443962097,0.45433881878852844,True,1.430511474609375e-06,2350080,8.96484375,128.0,False
shared_e2e_rep_projected,43,42,4,0.0006563960341736674,0.020112376660108566,0.6440336108207703,32.02175564353685,111,encoder_output_representation,0.0006563960341736674,1.7004656911012717e-05,1.7004656911012717e-05,0.020112376660108566,1.2880672216415405,1.2880672216415405,False,0.0,2396160,9.140625,128.0,False
shared_e2e_rep_projected,43,42,4,0.0015129391103982925,0.0334109365940094,0.40792590379714966,12.209352546863084,112,encoder_output_representation,0.0015129391103982925,4.124025872442871e-05,4.124025872442871e-05,0.0334109365940094,0.8158518075942993,0.8158518075942993,False,0.0,2396160,9.140625,128.0,False
shared_e2e_rep_projected,43,42,4,0.004535515792667866,0.05167260020971298,0.5119801163673401,9.90815469493448,113,encoder_output_representation,0.004535515792667866,0.00023997727839741856,0.00023997727839741856,0.05167260020971298,1.0239602327346802,1.0239602327346802,False,0.0,3875840,14.78515625,128.0,False
shared_e2e_rep_projected,43,42,4,-0.004420230630785227,0.041955381631851196,0.30876943469047546,7.359471483297568,114,encoder_output_representation,-0.004420230630785227,-0.00011452410399215296,-4.3655745685100555e-11,0.041955381631851196,0.6175388693809509,0.6175327897071838,True,9.834766387939453e-06,2350080,8.96484375,128.0,False
shared_e2e_rep_projected,43,42,4,-8.418915967922658e-05,0.03293605521321297,0.5601629614830017,17.007591159802313,115,encoder_output_representation,-8.418915967922658e-05,-3.106505573668983e-06,-9.663381206337363e-13,0.03293605521321297,1.1203259229660034,1.1203259229660034,True,0.0,3133440,11.953125,128.0,False
shared_e2e_rep_projected,43,42,4,0.0033692531287670135,0.021454785019159317,0.36178311705589294,16.8625841150502,116,encoder_output_representation,0.0033692531287670135,5.230414535617456e-05,5.230414535617456e-05,0.021454785019159317,0.7235662341117859,0.7235662341117859,False,0.0,2396160,9.140625,128.0,False
shared_e2e_rep_projected,43,42,4,-0.0015780121320858598,0.024222929030656815,0.2710246443748474,11.188764332828434,117,encoder_output_representation,-0.0015780121320858598,-2.071933340630494e-05,-4.729372449219227e-11,0.024222929030656815,0.5420492887496948,0.5420485734939575,True,1.3113021850585938e-06,2088960,7.96875,128.0,False
shared_e2e_rep_projected,43,42,4,0.004972497932612896,0.01498983334749937,0.1704050600528717,11.368042332591974,118,encoder_output_representation,0.004972497932612896,2.5402936444152147e-05,2.5402936444152147e-05,0.01498983334749937,0.3408101201057434,0.3408101201057434,False,0.0,2350080,8.96484375,128.0,False
shared_e2e_rep_projected,43,42,4,0.0029796797316521406,0.028283286839723587,0.3922649323940277,13.869142388468642,119,encoder_output_representation,0.0029796797316521406,6.611635762965307e-05,6.611635762965307e-05,0.028283286839723587,0.7845298647880554,0.7845298647880554,False,0.0,2482176,9.46875,128.0,False
shared_e2e_rep_projected,43,42,4,-0.012846442870795727,0.028559448197484016,0.6258909702301025,21.915373360933536,120,encoder_output_representation,-0.012846442870795727,-0.0004592629265971482,-4.3655745685100555e-11,0.028559448197484016,1.251781940460205,1.2516785860061646,True,8.255243301391602e-05,2325504,8.87109375,128.0,False
shared_e2e_rep_projected,43,42,4,-0.0014540771953761578,0.03010246902704239,0.4394136667251587,14.597263311870327,121,encoder_output_representation,-0.0014540771953761578,-3.846742765745148e-05,-5.820766091346741e-11,0.03010246902704239,0.8788273334503174,0.878826379776001,True,1.0728836059570312e-06,2350080,8.96484375,128.0,False
shared_e2e_rep_projected,43,42,4,0.009703049436211586,0.04878181591629982,0.7326205372810364,15.01831212142803,122,encoder_output_representation,0.009703049436211586,0.0006935460260137916,0.0006935460260137916,0.04878181591629982,1.4652410745620728,1.4652410745620728,False,0.0,3202560,12.216796875,128.0,False
shared_e2e_rep_projected,43,42,4,-0.0045492565259337425,0.01556442305445671,0.26864945888519287,17.26048295816965,123,encoder_output_representation,-0.0045492565259337425,-3.804428342846222e-05,-3.183231456205249e-12,0.01556442305445671,0.5372989177703857,0.5372933149337769,True,1.043081283569336e-05,2088960,7.96875,128.0,False
shared_e2e_rep_projected,43,42,4,0.010126338340342045,0.01839292235672474,0.2728312015533447,14.833488461587148,124,encoder_output_representation,0.010126338340342045,0.00010163123079109937,0.00010163123079109937,0.01839292235672474,0.5456624031066895,0.5456624031066895,False,0.0,3018752,11.515625,128.0,False
shared_e2e_rep_projected,43,42,4,0.00010854180436581373,0.028866950422525406,0.6176908016204834,21.39785438293087,125,encoder_output_representation,0.00010854180436581373,3.870785349135986e-06,3.870785349135986e-06,0.028866950422525406,1.2353816032409668,1.2353816032409668,False,0.0,2482176,9.46875,128.0,False
shared_e2e_rep_projected,43,42,4,-0.0006576522719115019,0.018101660534739494,0.31882286071777344,17.61290684387269,126,encoder_output_representation,-0.0006576522719115019,-7.590915629407391e-06,-5.4569682106375694e-11,0.018101660534739494,0.6376457214355469,0.6376456022262573,True,1.7881393432617188e-07,2088960,7.96875,128.0,False
shared_e2e_rep_projected,43,42,4,0.006487343460321426,0.02062396891415119,0.3537948429584503,17.154546946378154,127,encoder_output_representation,0.006487343460321426,9.467179916100577e-05,9.467179916100577e-05,0.02062396891415119,0.7075896859169006,0.7075896859169006,False,0.0,2611200,9.9609375,128.0,False
shared_e2e_rep_projected,43,42,4,0.009133946150541306,0.01481934916228056,0.20352688431739807,13.733861189763424,128,encoder_output_representation,0.009133946150541306,5.5098447774071246e-05,5.5098447774071246e-05,0.01481934916228056,0.40705376863479614,0.40705376863479614,False,0.0,2088960,7.96875,128.0,False
shared_e2e_rep_projected,43,42,4,0.008105372078716755,0.03430327773094177,0.3603540062904358,10.504943845800316,129,encoder_output_representation,0.008105372078716755,0.00020038624643348157,0.00020038624643348157,0.03430327773094177,0.7207080125808716,0.7207080125808716,False,0.0,2396160,9.140625,128.0,False
shared_e2e_rep_projected,43,42,4,-0.0015858347760513425,0.01827499456703663,0.2613535523414612,14.301156226490786,130,encoder_output_representation,-0.0015858347760513425,-1.5148638340178877e-05,-2.9103830456733704e-11,0.01827499456703663,0.5227071046829224,0.5227064490318298,True,1.2516975402832031e-06,2088960,7.96875,128.0,False
shared_e2e_rep_projected,43,42,4,0.0042240978218615055,0.027929794043302536,0.9733408093452454,34.84955198152093,131,encoder_output_representation,0.0042240978218615055,0.00022966596588958055,0.00022966596588958055,0.027929794043302536,1.9466816186904907,1.9466816186904907,False,0.0,2350080,8.96484375,128.0,False
shared_e2e_rep_projected,43,42,4,0.0062424177303910255,0.015637319535017014,0.24548636376857758,15.698749598283404,132,encoder_output_representation,0.0062424177303910255,4.7926147090038285e-05,4.7926147090038285e-05,0.015637319535017014,0.49097272753715515,0.49097272753715515,False,0.0,2785280,10.625,128.0,False
shared_e2e_rep_projected,43,42,4,-0.004313081502914429,0.014552440494298935,0.3106618821620941,21.347751415564904,133,encoder_output_representation,-0.004313081502914429,-3.89979213650804e-05,-1.2732925824820995e-11,0.014552440494298935,0.6213237643241882,0.621317982673645,True,9.298324584960938e-06,2088960,7.96875,128.0,False
shared_e2e_rep_projected,43,42,4,0.0014892396284267306,0.02778446674346924,0.4961789548397064,17.858142084239702,134,encoder_output_representation,0.0014892396284267306,4.1061513911699876e-05,4.1061513911699876e-05,0.02778446674346924,0.9923579096794128,0.9923579096794128,False,0.0,3194880,12.1875,128.0,False
shared_e2e_rep_projected,43,42,4,0.008399991318583488,0.031744781881570816,0.6385747790336609,20.11589751714062,135,encoder_output_representation,0.008399991318583488,0.0003405594325158745,0.0003405594325158745,0.031744781881570816,1.2771495580673218,1.2771495580673218,False,0.0,3004416,11.4609375,128.0,False
shared_e2e_rep_projected,43,42,4,-0.007710490375757217,0.013328388333320618,0.27740412950515747,20.81302874494244,136,encoder_output_representation,-0.007710490375757217,-5.701676127500832e-05,-1.4551915228366852e-11,0.013328388333320618,0.5548082590103149,0.5547917485237122,True,2.9742717742919922e-05,2135040,8.14453125,128.0,False
shared_e2e_rep_projected,43,42,4,0.004501103889197111,0.022046435624361038,0.3609873354434967,16.37395457452588,137,encoder_output_representation,0.004501103889197111,7.164392445702106e-05,7.164392445702106e-05,0.022046435624361038,0.7219746708869934,0.7219746708869934,False,0.0,2396160,9.140625,128.0,False
shared_e2e_rep_projected,43,42,4,0.0010604847921058536,0.01802901178598404,0.1924879550933838,10.676567156222402,138,encoder_output_representation,0.0010604847921058536,7.360544259427115e-06,7.360544259427115e-06,0.01802901178598404,0.3849759101867676,0.3849759101867676,False,0.0,2088960,7.96875,128.0,False
shared_e2e_rep_projected,43,42,4,-0.016791097819805145,0.028393328189849854,0.5577500462532043,19.643700890711035,139,encoder_output_representation,-0.016791097819805145,-0.0005318204057402909,-1.4551915228366852e-11,0.028393328189849854,1.1155000925064087,1.1153428554534912,True,0.00014096498489379883,2088960,7.96875,128.0,False
shared_e2e_rep_projected,43,42,4,0.008041487075388432,0.030905259773135185,0.5563690662384033,18.002407044060334,140,encoder_output_representation,0.008041487075388432,0.0002765424142125994,0.0002765424142125994,0.030905259773135185,1.1127381324768066,1.1127381324768066,False,0.0,2350080,8.96484375,128.0,False
shared_e2e_rep_projected,43,42,4,-0.006770444102585316,0.03498955816030502,0.47359034419059753,13.535190756649126,141,encoder_output_representation,-0.006770444102585316,-0.00022438222367782146,-1.2732925824820995e-10,0.03498955816030502,0.9471806883811951,0.9471588730812073,True,2.300739288330078e-05,2088960,7.96875,128.0,False
shared_e2e_rep_projected,43,42,4,0.00013370858505368233,0.01488007977604866,0.20358936488628387,13.682007620280793,142,encoder_output_representation,0.00013370858505368233,8.101205821731128e-07,8.101205821731128e-07,0.01488007977604866,0.40717872977256775,0.40717872977256775,False,0.0,2785280,10.625,128.0,False
shared_e2e_rep_projected,43,42,4,0.0038021153304725885,0.022844413295388222,0.3442428708076477,15.06901781001934,143,encoder_output_representation,0.0038021153304725885,5.979986963211559e-05,5.979986963211559e-05,0.022844413295388222,0.6884857416152954,0.6884857416152954,False,0.0,2396160,9.140625,128.0,False
shared_e2e_rep_projected,43,42,4,-0.001778074773028493,0.019288135692477226,0.3293350040912628,17.074486064493538,144,encoder_output_representation,-0.001778074773028493,-2.2589580112253316e-05,-1.3642420526593924e-11,0.019288135692477226,0.6586700081825256,0.6586689352989197,True,1.6093254089355469e-06,2350080,8.96484375,128.0,False
shared_e2e_rep_projected,43,42,4,0.005820426158607006,0.010586952790617943,0.1252848207950592,11.833888680989059,145,encoder_output_representation,0.005820426158607006,1.5440245988429524e-05,1.5440245988429524e-05,0.010586952790617943,0.2505696415901184,0.2505696415901184,False,0.0,2088960,7.96875,128.0,False
shared_e2e_rep_projected,43,42,4,0.0038125216960906982,0.023050813004374504,0.2248096466064453,9.75278601079197,146,encoder_output_representation,0.0038125216960906982,3.951331746065989e-05,3.951331746065989e-05,0.023050813004374504,0.4496192932128906,0.4496192932128906,False,0.0,2350080,8.96484375,128.0,False
shared_e2e_rep_projected,43,42,4,-0.0009019282879307866,0.028317183256149292,0.7255615592002869,25.622660016607608,147,encoder_output_representation,-0.0009019282879307866,-3.706178176798858e-05,1.8189894035458565e-12,0.028317183256149292,1.4511231184005737,1.451122522354126,True,4.172325134277344e-07,2350080,8.96484375,128.0,False
shared_e2e_rep_projected,43,42,4,-0.0001804593048291281,0.03669745847582817,0.9907854199409485,26.998747626993232,148,encoder_output_representation,-0.0001804593048291281,-1.3122750715410803e-05,-2.7284841053187847e-12,0.03669745847582817,1.981570839881897,1.981570839881897,True,0.0,3133440,11.953125,128.0,False
shared_e2e_rep_projected,43,42,4,0.000563810404855758,0.026545174419879913,0.2849854528903961,10.735866654429215,149,encoder_output_representation,0.000563810404855758,8.530438208254054e-06,8.530438208254054e-06,0.026545174419879913,0.5699709057807922,0.5699709057807922,False,0.0,3133440,11.953125,128.0,False
shared_e2e_rep_projected,43,42,4,-0.0009184859227389097,0.012889353558421135,0.17018915712833405,13.2038551318303,150,encoder_output_representation,-0.0009184859227389097,-4.029633146274136e-06,-4.547473508864641e-12,0.012889353558421135,0.3403783142566681,0.34037816524505615,True,4.172325134277344e-07,2088960,7.96875,128.0,False
shared_e2e_rep_projected,43,42,4,0.0028174822218716145,0.032261669635772705,0.48514890670776367,15.037935487685239,151,encoder_output_representation,0.0028174822218716145,8.819685172056779e-05,8.819685172056779e-05,0.032261669635772705,0.9702978134155273,0.9702978134155273,False,0.0,2396160,9.140625,128.0,False
shared_e2e_rep_projected,43,42,4,-0.02757163718342781,0.026246504858136177,0.43060269951820374,16.406096805865594,152,encoder_output_representation,-0.02757163718342781,-0.0006232191226445138,-5.820766091346741e-11,0.026246504858136177,0.8612053990364075,0.8608779907226562,True,0.0003801584243774414,2350080,8.96484375,128.0,False
shared_e2e_rep_projected,43,42,4,-0.0008735273731872439,0.019353171810507774,0.2927537262439728,15.126911966183373,153,encoder_output_representation,-0.0008735273731872439,-9.898310963762924e-06,-1.3869794202037156e-11,0.019353171810507774,0.5855074524879456,0.5855072140693665,True,4.172325134277344e-07,2350080,8.96484375,128.0,False
shared_e2e_rep_projected,43,42,4,-0.0026842313818633556,0.020220579579472542,0.433504581451416,21.438781205435856,154,encoder_output_representation,-0.0026842313818633556,-4.7058409109013155e-05,-2.1827872842550278e-11,0.020220579579472542,0.867009162902832,0.8670060634613037,True,3.5762786865234375e-06,2088960,7.96875,128.0,False
shared_e2e_rep_projected,43,42,4,0.003051408799365163,0.0288739912211895,0.42785122990608215,14.817876289721207,155,encoder_output_representation,0.003051408799365163,7.539281796198338e-05,7.539281796198338e-05,0.0288739912211895,0.8557024598121643,0.8557024598121643,False,0.0,2703360,10.3125,128.0,False
shared_e2e_rep_projected,43,42,4,-0.004049386363476515,0.02708989754319191,0.40922388434410095,15.10614367188498,156,encoder_output_representation,-0.004049386363476515,-8.978164987638593e-05,-5.820766091346741e-11,0.02708989754319191,0.8184477686882019,0.8184410333633423,True,8.225440979003906e-06,2396160,9.140625,128.0,False
shared_e2e_rep_projected,43,42,4,-0.00639387546107173,0.021565282717347145,0.3803247809410095,17.63597472501836,157,encoder_output_representation,-0.00639387546107173,-0.00010488272528164089,-1.4551915228366852e-11,0.021565282717347145,0.760649561882019,0.7606340050697327,True,2.0444393157958984e-05,2350080,8.96484375,128.0,False
shared_e2e_rep_projected,43,42,4,-0.0027233310975134373,0.023824365809559822,0.6738482713699341,28.283996172504374,158,encoder_output_representation,-0.0027233310975134373,-8.74407560331747e-05,-1.8189894035458565e-11,0.023824365809559822,1.3476965427398682,1.347691535949707,True,3.6954879760742188e-06,2879488,10.984375,128.0,False
shared_e2e_rep_projected,43,42,4,-0.00903230533003807,0.02360469475388527,0.4768918752670288,20.203263809989906,159,encoder_output_representation,-0.00903230533003807,-0.0002033512864727527,-1.0913936421275139e-11,0.02360469475388527,0.9537837505340576,0.9537448287010193,True,4.082918167114258e-05,2088960,7.96875,128.0,False
shared_e2e_rep_projected,43,42,4,0.011251573450863361,0.01807880774140358,0.2442587912082672,13.510779842460106,160,encoder_output_representation,0.011251573450863361,9.937182767316699e-05,9.937182767316699e-05,0.01807880774140358,0.4885175824165344,0.4885175824165344,False,0.0,2088960,7.96875,128.0,False
shared_e2e_rep_projected,43,42,4,0.0015278540086001158,0.020777249708771706,0.4072471857070923,19.600630084123278,161,encoder_output_representation,0.0015278540086001158,2.585580114100594e-05,2.585580114100594e-05,0.020777249708771706,0.8144943714141846,0.8144943714141846,False,0.0,2088960,7.96875,128.0,False
shared_e2e_rep_projected,43,42,4,0.00699807982891798,0.02565384842455387,0.40507790446281433,15.790141804810277,162,encoder_output_representation,0.00699807982891798,0.00014544538862537593,0.00014544538862537593,0.02565384842455387,0.8101558089256287,0.8101558089256287,False,0.0,2785280,10.625,128.0,False
shared_e2e_rep_projected,43,42,4,0.00038896987098269165,0.061918679624795914,0.9248242974281311,14.936111413102171,163,encoder_output_representation,0.00038896987098269165,4.4547861762112007e-05,4.4547861762112007e-05,0.061918679624795914,1.8496485948562622,1.8496485948562622,False,0.0,3481600,13.28125,128.0,False
shared_e2e_rep_projected,43,42,4,0.004590633790940046,0.013031297363340855,0.22454655170440674,17.231327429922096,164,encoder_output_representation,0.004590633790940046,2.6865607651416212e-05,2.6865607651416212e-05,0.013031297363340855,0.4490931034088135,0.4490931034088135,False,0.0,2396160,9.140625,128.0,False
shared_e2e_rep_projected,43,42,4,0.009102215990424156,0.025811390951275826,0.374080091714859,14.492829635605853,165,encoder_output_representation,0.009102215990424156,0.000175773398950696,0.000175773398950696,0.025811390951275826,0.748160183429718,0.748160183429718,False,0.0,2088960,7.96875,128.0,False
shared_e2e_rep_projected,43,42,4,0.004785637836903334,0.01793641969561577,0.5655236840248108,31.529351655561605,166,encoder_output_representation,0.004785637836903334,9.70859473454766e-05,9.70859473454766e-05,0.01793641969561577,1.1310473680496216,1.1310473680496216,False,0.0,2457600,9.375,128.0,False
shared_e2e_rep_projected,43,42,4,0.0004951287992298603,0.020504340529441833,0.33468595147132874,16.32268792018738,167,encoder_output_representation,0.0004951287992298603,6.79565710015595e-06,6.79565710015595e-06,0.020504340529441833,0.6693719029426575,0.6693719029426575,False,0.0,2396160,9.140625,128.0,False
shared_e2e_rep_projected,43,42,4,0.0027359011583030224,0.02786676585674286,0.3676315248012543,13.192471874603967,168,encoder_output_representation,0.0027359011583030224,5.605698606814258e-05,5.605698606814258e-05,0.02786676585674286,0.7352630496025085,0.7352630496025085,False,0.0,2611200,9.9609375,128.0,False
shared_e2e_rep_projected,43,42,4,0.00397115433588624,0.01780826784670353,0.6111321449279785,34.31732665909473,169,encoder_output_representation,0.00397115433588624,8.643777255201712e-05,8.643777255201712e-05,0.01780826784670353,1.222264289855957,1.222264289855957,False,0.0,2437120,9.296875,128.0,False
shared_e2e_rep_projected,43,42,4,0.0008136478718370199,0.017458010464906693,0.2997436225414276,17.16940330308306,170,encoder_output_representation,0.0008136478718370199,8.515520676155575e-06,8.515520676155575e-06,0.017458010464906693,0.5994872450828552,0.5994872450828552,False,0.0,2350080,8.96484375,128.0,False
shared_e2e_rep_projected,43,42,4,0.0021367014851421118,0.01902231201529503,0.28521543741226196,14.993731423547906,171,encoder_output_representation,0.0021367014851421118,2.318516453669872e-05,2.318516453669872e-05,0.01902231201529503,0.5704308748245239,0.5704308748245239,False,0.0,2350080,8.96484375,128.0,False
shared_e2e_rep_projected,43,42,4,0.001933717867359519,0.020360758528113365,0.40600258111953735,19.940444780529386,172,encoder_output_representation,0.001933717867359519,3.197023761458695e-05,3.197023761458695e-05,0.020360758528113365,0.8120051622390747,0.8120051622390747,False,0.0,2088960,7.96875,128.0,False
shared_e2e_rep_projected,43,42,4,-0.01106337457895279,0.021892715245485306,0.4612877666950226,21.070377133332006,173,encoder_output_representation,-0.01106337457895279,-0.00022345453908201307,0.0,0.021892715245485306,0.9225755333900452,0.9225190281867981,True,6.127357482910156e-05,2325504,8.87109375,128.0,False
shared_e2e_rep_projected,43,42,4,-0.0040531037375330925,0.022084588184952736,0.368860125541687,16.702150950363144,174,encoder_output_representation,-0.0040531037375330925,-6.603416841244325e-05,-2.1827872842550278e-11,0.022084588184952736,0.737720251083374,0.7377141714096069,True,8.225440979003906e-06,2785280,10.625,128.0,False
shared_e2e_rep_projected,43,42,4,-0.0024331691674888134,0.013214731588959694,0.2763270139694214,20.910527929320942,175,encoder_output_representation,-0.0024331691674888134,-1.7769858459359966e-05,-1.2732925824820995e-11,0.013214731588959694,0.5526540279388428,0.5526523590087891,True,3.039836883544922e-06,2088960,7.96875,128.0,False
shared_e2e_rep_projected,43,42,4,0.0094074085354805,0.020425595343112946,0.35979950428009033,17.615129362748622,176,encoder_output_representation,0.0094074085354805,0.00013827232760377228,0.00013827232760377228,0.020425595343112946,0.7195990085601807,0.7195990085601807,False,0.0,2785280,10.625,128.0,False
shared_e2e_rep_projected,43,42,4,-0.003958262503147125,0.025448676198720932,0.5154410004615784,20.254138032039748,177,encoder_output_representation,-0.003958262503147125,-0.0001038433620124124,-1.0913936421275139e-11,0.025448676198720932,1.0308820009231567,1.0308738946914673,True,7.867813110351562e-06,2396160,9.140625,128.0,False
shared_e2e_rep_projected,43,42,4,0.002506659831851721,0.012930885888636112,0.22698147594928741,17.55343585150362,178,encoder_output_representation,0.002506659831851721,1.4714451026520692e-05,1.4714451026520692e-05,0.012930885888636112,0.45396295189857483,0.45396295189857483,False,0.0,2350080,8.96484375,128.0,False
shared_e2e_rep_projected,43,42,4,0.0024086113553494215,0.025683114305138588,0.7032955288887024,27.383576638444875,179,encoder_output_representation,0.0024086113553494215,8.70126168592833e-05,8.70126168592833e-05,0.025683114305138588,1.4065910577774048,1.4065910577774048,False,0.0,2785280,10.625,128.0,False
shared_e2e_rep_projected,43,42,4,0.00014026112330611795,0.06086715683341026,0.3915860652923584,6.433454192120487,180,encoder_output_representation,0.00014026112330611795,6.6861721279565245e-06,6.6861721279565245e-06,0.06086715683341026,0.7831721305847168,0.7831721305847168,False,0.0,2088960,7.96875,128.0,False
shared_e2e_rep_projected,43,42,4,0.004290368873625994,0.02354702167212963,0.4739914834499359,20.12957265041101,181,encoder_output_representation,0.004290368873625994,9.577036689734086e-05,9.577036689734086e-05,0.02354702167212963,0.9479829668998718,0.9479829668998718,False,0.0,2350080,8.96484375,128.0,False
shared_e2e_rep_projected,43,42,4,-0.026933301240205765,0.02285877987742424,0.5240477919578552,22.925448985814622,182,encoder_output_representation,-0.026933301240205765,-0.0006452730158343911,1.4551915228366852e-11,0.02285877987742424,1.0480955839157104,1.047715425491333,True,0.00036269426345825195,3202560,12.216796875,128.0,False
shared_e2e_rep_projected,43,42,4,0.011145520024001598,0.019957784563302994,0.49092862010002136,24.598352514672758,183,encoder_output_representation,0.011145520024001598,0.00021840420959051698,0.00021840420959051698,0.019957784563302994,0.9818572402000427,0.9818572402000427,False,0.0,2135040,8.14453125,128.0,False
shared_e2e_rep_projected,43,42,4,-0.001923621748574078,0.021991221234202385,0.40298423171043396,18.32477730175725,184,encoder_output_representation,-0.001923621748574078,-3.409471537452191e-05,-2.1827872842550278e-11,0.021991221234202385,0.8059684634208679,0.8059669137001038,True,1.9073486328125e-06,2196480,8.37890625,128.0,False
shared_e2e_rep_projected,43,42,4,0.01145481038838625,0.020346589386463165,0.35629624128341675,17.51134966730419,185,encoder_output_representation,0.01145481038838625,0.00016608131409157068,0.00016608131409157068,0.020346589386463165,0.7125924825668335,0.7125924825668335,False,0.0,3525120,13.447265625,128.0,False
shared_e2e_rep_projected,43,42,4,0.011331258341670036,0.03170272335410118,0.9340186715126038,29.46178033603462,186,encoder_output_representation,0.011331258341670036,0.0006710583111271262,0.0006710583111271262,0.03170272335410118,1.8680373430252075,1.8680373430252075,False,0.0,2549760,9.7265625,128.0,False
shared_e2e_rep_projected,43,42,4,-6.973948620725423e-05,0.03140148147940636,0.4135255217552185,13.168981279638535,187,encoder_output_representation,-6.973948620725423e-05,-1.8111782082996797e-06,-5.7980287238024175e-12,0.03140148147940636,0.827051043510437,0.827051043510437,True,0.0,2350080,8.96484375,128.0,False
shared_e2e_rep_projected,43,42,4,0.014705485664308071,0.018363263458013535,0.3289221525192261,17.91196609857971,188,encoder_output_representation,0.014705485664308071,0.0001776447461452335,0.0001776447461452335,0.018363263458013535,0.6578443050384521,0.6578443050384521,False,0.0,2531328,9.65625,128.0,False
shared_e2e_rep_projected,43,42,4,-0.0007113143801689148,0.027942391112446785,0.5896580815315247,21.102635030717348,189,encoder_output_representation,-0.0007113143801689148,-2.343987944186665e-05,-4.638422979041934e-11,0.027942391112446785,1.1793161630630493,1.1793159246444702,True,1.7881393432617188e-07,3875840,14.78515625,128.0,False
shared_e2e_rep_projected,43,42,4,0.00021713960450142622,0.017312288284301758,0.30872100591659546,17.832478344098163,190,encoder_output_representation,0.00021713960450142622,2.321077772649005e-06,2.321077772649005e-06,0.017312288284301758,0.6174420118331909,0.6174420118331909,False,0.0,2580480,9.84375,128.0,False
shared_e2e_rep_projected,43,42,4,0.005194040946662426,0.022536054253578186,0.408226877450943,18.114390072793082,191,encoder_output_representation,0.005194040946662426,9.556851728120819e-05,9.556851728120819e-05,0.022536054253578186,0.816453754901886,0.816453754901886,False,0.0,3133440,11.953125,128.0,False
shared_e2e_rep_projected,43,42,4,0.009157092310488224,0.023588847368955612,0.5446249842643738,23.088240631084588,192,encoder_output_representation,0.009157092310488224,0.00023528371821157634,0.00023528371821157634,0.023588847368955612,1.0892499685287476,1.0892499685287476,False,0.0,2396160,9.140625,128.0,False
shared_e2e_rep_projected,43,42,4,0.002922654151916504,0.038216982036828995,0.6894217729568481,18.03967074879082,193,encoder_output_representation,0.002922654151916504,0.00015400996198877692,0.00015400996198877692,0.038216982036828995,1.3788435459136963,1.3788435459136963,False,0.0,3686400,14.0625,128.0,False
shared_e2e_rep_projected,43,42,4,-0.0036461169365793467,0.016437238082289696,0.19143638014793396,11.646505282064211,194,encoder_output_representation,-0.0036461169365793467,-2.2946365788811818e-05,-1.000444171950221e-11,0.016437238082289696,0.3828727602958679,0.38287022709846497,True,6.616115570068359e-06,2350080,8.96484375,128.0,False
shared_e2e_rep_projected,43,42,4,-0.00017230407684110105,0.04742054641246796,0.708085834980011,14.932047151481976,195,encoder_output_representation,-0.00017230407684110105,-1.157119004346896e-05,-7.09405867382884e-11,0.04742054641246796,1.416171669960022,1.416171669960022,True,0.0,2350080,8.96484375,128.0,False
shared_e2e_rep_projected,43,42,4,-0.013808640651404858,0.018063530325889587,0.2695218622684479,14.920774477963214,196,encoder_output_representation,-0.013808640651404858,-0.00013445518561638892,-2.1827872842550278e-11,0.018063530325889587,0.5390437245368958,0.5389923453330994,True,9.530782699584961e-05,2088960,7.96875,128.0,False
shared_e2e_rep_projected,43,42,4,-0.0010514854220673442,0.030308431014418602,0.7413036823272705,24.45866240897164,197,encoder_output_representation,-0.0010514854220673442,-4.724902464658953e-05,-9.094947017729282e-12,0.030308431014418602,1.482607364654541,1.4826065301895142,True,5.364418029785156e-07,3133440,11.953125,128.0,False
shared_e2e_rep_projected,43,42,4,0.010118389502167702,0.05188063532114029,0.41589242219924927,8.016332483688412,198,encoder_output_representation,0.010118389502167702,0.00043664415716193616,0.00043664415716193616,0.05188063532114029,0.8317848443984985,0.8317848443984985,False,0.0,3194880,12.1875,128.0,False
shared_e2e_rep_projected,43,42,4,-0.002795499050989747,0.02544405497610569,0.4398204982280731,17.285786351314876,199,encoder_output_representation,-0.002795499050989747,-6.256783672142774e-05,-2.1827872842550278e-11,0.02544405497610569,0.8796409964561462,0.8796375393867493,True,3.933906555175781e-06,2396160,9.140625,128.0,False
shared_e2e_rep_projected,43,42,5,0.004360366612672806,0.014342927373945713,0.20155303180217743,14.052433408280624,0,encoder_output_representation,0.004360366612672806,2.5210421881638467e-05,2.5210421881638467e-05,0.014342927373945713,0.40310606360435486,0.40310606360435486,False,0.0,2088960,7.96875,128.0,False
shared_e2e_rep_projected,43,42,5,0.0009022793965414166,0.027132103219628334,0.3040001690387726,11.20444539731988,1,encoder_output_representation,0.0009022793965414166,1.4884297343087383e-05,1.4884297343087383e-05,0.027132103219628334,0.6080003380775452,0.6080003380775452,False,0.0,2396160,9.140625,128.0,False
shared_e2e_rep_projected,43,42,5,-0.00869608111679554,0.02359377034008503,0.28880929946899414,12.240913398157343,2,encoder_output_representation,-0.00869608111679554,-0.00011851193266920745,-7.275957614183426e-12,0.02359377034008503,0.5776185989379883,0.5775967240333557,True,3.784894943237305e-05,3481600,13.28125,128.0,False
shared_e2e_rep_projected,43,42,5,0.002334548393264413,0.02520591951906681,0.5640378594398499,22.377198301104947,3,encoder_output_representation,0.002334548393264413,6.638098420808092e-05,6.638098420808092e-05,0.02520591951906681,1.1280757188796997,1.1280757188796997,False,0.0,2350080,8.96484375,128.0,False
shared_e2e_rep_projected,43,42,5,0.005938227754086256,0.031204096972942352,0.569064736366272,18.23685962967358,4,encoder_output_representation,0.005938227754086256,0.00021089201618451625,0.00021089201618451625,0.031204096972942352,1.138129472732544,1.138129472732544,False,0.0,2088960,7.96875,128.0,False
shared_e2e_rep_projected,43,42,5,0.0002056812372757122,0.023178135976195335,0.5096114873886108,21.986733010454234,5,encoder_output_representation,0.0002056812372757122,4.858949523622869e-06,4.858949523622869e-06,0.023178135976195335,1.0192229747772217,1.0192229747772217,False,0.0,2088960,7.96875,128.0,False
shared_e2e_rep_projected,43,42,5,-0.0019473991123959422,0.02461385726928711,0.3612811863422394,14.677958939537767,6,encoder_output_representation,-0.0019473991123959422,-3.463458415353671e-05,-2.9103830456733704e-11,0.02461385726928711,0.7225623726844788,0.7225610017776489,True,1.9073486328125e-06,2420736,9.234375,128.0,False
shared_e2e_rep_projected,43,42,5,0.002790493192151189,0.01413487084209919,0.17859947681427002,12.635380882457781,7,encoder_output_representation,0.002790493192151189,1.4089091564528644e-05,1.4089091564528644e-05,0.01413487084209919,0.35719895362854004,0.35719895362854004,False,0.0,2135040,8.14453125,128.0,False
shared_e2e_rep_projected,43,42,5,-0.0007407116936519742,0.026988565921783447,0.330142080783844,12.232664815931342,8,encoder_output_representation,-0.0007407116936519742,-1.3199573004385456e-05,-6.821210263296962e-12,0.026988565921783447,0.660284161567688,0.6602839827537537,True,2.980232238769531e-07,2611200,9.9609375,128.0,False
shared_e2e_rep_projected,43,42,5,-0.011193836107850075,0.022492479532957077,0.5418537259101868,24.090439878637493,9,encoder_output_representation,-0.011193836107850075,-0.0002728527470026165,1.4551915228366852e-11,0.022492479532957077,1.0837074518203735,1.0836396217346191,True,6.258487701416016e-05,3133440,11.953125,128.0,False
shared_e2e_rep_projected,43,42,5,0.006015327759087086,0.01431636605411768,0.18840667605400085,13.160230420331509,10,encoder_output_representation,0.006015327759087086,3.2450276194140315e-05,3.2450276194140315e-05,0.01431636605411768,0.3768133521080017,0.3768133521080017,False,0.0,2088960,7.96875,128.0,False
shared_e2e_rep_projected,43,42,5,0.0010420846519991755,0.013754678890109062,0.2942229211330414,21.390751720464806,11,encoder_output_representation,0.0010420846519991755,8.43451198306866e-06,8.43451198306866e-06,0.013754678890109062,0.5884458422660828,0.5884458422660828,False,0.0,2350080,8.96484375,128.0,False
shared_e2e_rep_projected,43,42,5,-0.016595719382166862,0.02334863878786564,0.2986358404159546,12.790289109751296,12,encoder_output_representation,-0.016595719382166862,-0.000231435289606452,-2.9103830456733704e-11,0.02334863878786564,0.5972716808319092,0.5971894264221191,True,0.00013774633407592773,2088960,7.96875,128.0,False
shared_e2e_rep_projected,43,42,5,-0.004441677127033472,0.01953641138970852,0.2596040964126587,13.288218149901068,13,encoder_output_representation,-0.004441677127033472,-4.505399556364864e-05,-1.4551915228366852e-11,0.01953641138970852,0.5192081928253174,0.5192031264305115,True,9.775161743164062e-06,2088960,7.96875,128.0,False
shared_e2e_rep_projected,43,42,5,-0.0051530636847019196,0.021330414339900017,0.2784888446331024,13.055951009454596,14,encoder_output_representation,-0.0051530636847019196,-6.122130434960127e-05,7.275957614183426e-12,0.021330414339900017,0.5569776892662048,0.5569702386856079,True,1.33514404296875e-05,2088960,7.96875,128.0,False
shared_e2e_rep_projected,43,42,5,0.0072119091637432575,0.040152184665203094,0.2840856909751892,7.075223760399396,15,encoder_output_representation,0.0072119091637432575,0.00016452760610263795,0.00016452760610263795,0.040152184665203094,0.5681713819503784,0.5681713819503784,False,0.0,2396160,9.140625,128.0,False
shared_e2e_rep_projected,43,42,5,0.0065343561582267284,0.024082638323307037,0.5104086995124817,21.19405243978236,16,encoder_output_representation,0.0065343561582267284,0.0001606404548510909,0.0001606404548510909,0.024082638323307037,1.0208173990249634,1.0208173990249634,False,0.0,3525120,13.447265625,128.0,False
shared_e2e_rep_projected,43,42,5,-0.005177910905331373,0.024129824712872505,0.44514384865760803,18.447869139311972,17,encoder_output_representation,-0.005177910905331373,-0.00011123439617222175,1.4551915228366852e-11,0.024129824712872505,0.8902876973152161,0.8902757167816162,True,1.3470649719238281e-05,2457600,9.375,128.0,False
shared_e2e_rep_projected,43,42,5,-0.005601422395557165,0.031052973121404648,0.540932297706604,17.419662059145708,18,encoder_output_representation,-0.005601422395557165,-0.00018818040553014725,-2.1827872842550278e-11,0.031052973121404648,1.081864595413208,1.0818475484848022,True,1.5735626220703125e-05,2350080,8.96484375,128.0,False
shared_e2e_rep_projected,43,42,5,-0.00010231630585622042,0.02673058584332466,0.5023692846298218,18.793800015246457,19,encoder_output_representation,-0.00010231630585622042,-2.747934786384576e-06,-2.7284841053187847e-12,0.02673058584332466,1.0047385692596436,1.0047385692596436,True,0.0,3133440,11.953125,128.0,False
shared_e2e_rep_projected,43,42,5,0.0025959662161767483,0.02235870063304901,0.3918106257915497,17.523854906505775,20,encoder_output_representation,0.0025959662161767483,4.548328433884308e-05,4.548328433884308e-05,0.02235870063304901,0.7836212515830994,0.7836212515830994,False,0.0,2350080,8.96484375,128.0,False
shared_e2e_rep_projected,43,42,5,-0.0033249719999730587,0.021659309044480324,0.43240928649902344,19.96413115538508,21,encoder_output_representation,-0.0033249719999730587,-6.228128768270835e-05,-2.9103830456733704e-11,0.021659309044480324,0.8648185729980469,0.8648138046264648,True,5.543231964111328e-06,2350080,8.96484375,128.0,False
shared_e2e_rep_projected,43,42,5,-0.00032440514769405127,0.01872517541050911,0.4050394594669342,21.630743135234628,22,encoder_output_representation,-0.00032440514769405127,-4.920859282719903e-06,-1.0913936421275139e-11,0.01872517541050911,0.8100789189338684,0.8100787997245789,True,1.1920928955078125e-07,3133440,11.953125,128.0,False
shared_e2e_rep_projected,43,42,5,-0.006696165073662996,0.03582514822483063,0.4226948916912079,11.798831620694747,23,encoder_output_representation,-0.006696165073662996,-0.00020280148601159453,-4.3655745685100555e-11,0.03582514822483063,0.8453897833824158,0.8453708291053772,True,2.2411346435546875e-05,2396160,9.140625,128.0,False
shared_e2e_rep_projected,43,42,5,0.006009208969771862,0.021123792976140976,0.4434705674648285,20.993889116680997,24,encoder_output_representation,0.006009208969771862,0.00011258590529905632,0.00011258590529905632,0.021123792976140976,0.886941134929657,0.886941134929657,False,0.0,3194880,12.1875,128.0,False
shared_e2e_rep_projected,43,42,5,-0.0031566654797643423,0.02674398012459278,0.3544551730155945,13.253643300820828,25,encoder_output_representation,-0.0031566654797643423,-5.984748713672161e-05,-5.911715561524034e-11,0.02674398012459278,0.708910346031189,0.7089068293571472,True,4.947185516357422e-06,2088960,7.96875,128.0,False
shared_e2e_rep_projected,43,42,5,0.0035815369337797165,0.016160069033503532,0.2288753241300583,14.163016485607036,26,encoder_output_representation,0.0035815369337797165,2.6493638870306313e-05,2.6493638870306313e-05,0.016160069033503532,0.4577506482601166,0.4577506482601166,False,0.0,2350080,8.96484375,128.0,False
shared_e2e_rep_projected,43,42,5,0.0032092484179884195,0.024986380711197853,0.544945478439331,21.809700441933522,27,encoder_output_representation,0.0032092484179884195,8.739563782000914e-05,8.739563782000914e-05,0.024986380711197853,1.089890956878662,1.089890956878662,False,0.0,2350080,8.96484375,128.0,False
shared_e2e_rep_projected,43,42,5,0.006670554168522358,0.033601295202970505,0.24615538120269775,7.325770620322294,28,encoder_output_representation,0.006670554168522358,0.0001103461763705127,0.0001103461763705127,0.033601295202970505,0.4923107624053955,0.4923107624053955,False,0.0,3133440,11.953125,128.0,False
shared_e2e_rep_projected,43,42,5,-0.00046099050086922944,0.03866696357727051,0.5175451040267944,13.384684395829352,29,encoder_output_representation,-0.00046099050086922944,-1.8450589777785353e-05,-1.0913936421275139e-11,0.03866696357727051,1.0350902080535889,1.0350900888442993,True,1.1920928955078125e-07,2350080,8.96484375,128.0,False
shared_e2e_rep_projected,43,42,5,0.0008615698898211122,0.02530154027044773,0.4983099400997162,19.694846035983968,30,encoder_output_representation,0.0008615698898211122,2.1725361875724047e-05,2.1725361875724047e-05,0.02530154027044773,0.9966198801994324,0.9966198801994324,False,0.0,3665408,13.982421875,128.0,False
shared_e2e_rep_projected,43,42,5,-0.0012873829109594226,0.02155885472893715,0.3982286751270294,18.47169899023027,31,encoder_output_representation,-0.0012873829109594226,-2.2105276002548635e-05,-1.0913936421275139e-11,0.02155885472893715,0.7964573502540588,0.7964566349983215,True,8.940696716308594e-07,2350080,8.96484375,128.0,False
shared_e2e_rep_projected,43,42,5,-0.008757338859140873,0.01688973233103752,0.4115692377090454,24.36801422558501,32,encoder_output_representation,-0.008757338859140873,-0.00012174967559985816,-1.2732925824820995e-11,0.01688973233103752,0.8231384754180908,0.8231068849563599,True,3.838539123535156e-05,2088960,7.96875,128.0,False
shared_e2e_rep_projected,43,42,5,-0.0005771134165115654,0.021353550255298615,0.357544869184494,16.74404794096353,33,encoder_output_representation,-0.0005771134165115654,-8.812351552478503e-06,-9.094947017729282e-12,0.021353550255298615,0.715089738368988,0.7150896787643433,True,5.960464477539063e-08,2396160,9.140625,128.0,False
shared_e2e_rep_projected,43,42,5,-0.0008034922066144645,0.028555914759635925,0.6032478213310242,21.12514434955945,34,encoder_output_representation,-0.0008034922066144645,-2.76823848253116e-05,-4.3655745685100555e-11,0.028555914759635925,1.2064956426620483,1.2064954042434692,True,1.7881393432617188e-07,2159616,8.23828125,128.0,False
shared_e2e_rep_projected,43,42,5,-0.0001985061971936375,0.023222142830491066,0.5233879685401917,22.53831493332193,35,encoder_output_representation,-0.0001985061971936375,-4.825364158023149e-06,-3.637978807091713e-12,0.023222142830491066,1.0467759370803833,1.0467759370803833,True,0.0,2088960,7.96875,128.0,False
shared_e2e_rep_projected,43,42,5,0.0013799055013805628,0.02390441671013832,0.3788776099681854,15.849690647649068,36,encoder_output_representation,0.0013799055013805628,2.4995189960463904e-05,2.4995189960463904e-05,0.02390441671013832,0.7577552199363708,0.7577552199363708,False,0.0,2752512,10.5,128.0,False
shared_e2e_rep_projected,43,42,5,-0.003943807911127806,0.02216310426592827,0.24866512417793274,11.219778655294693,37,encoder_output_representation,-0.003943807911127806,-4.3470161472214386e-05,-3.637978807091713e-12,0.02216310426592827,0.4973302483558655,0.4973263740539551,True,7.808208465576172e-06,2088960,7.96875,128.0,False
shared_e2e_rep_projected,43,42,5,-0.0008228739607147872,0.020763104781508446,0.3027614951133728,14.581706266926476,38,encoder_output_representation,-0.0008228739607147872,-1.0345613191020675e-05,-4.092726157978177e-12,0.020763104781508446,0.6055229902267456,0.605522871017456,True,1.7881393432617188e-07,3018752,11.515625,128.0,False
shared_e2e_rep_projected,43,42,5,0.013065599836409092,0.014972382225096226,0.3603260815143585,24.06604881555799,39,encoder_output_representation,0.013065599836409092,0.00014097624807618558,0.00014097624807618558,0.014972382225096226,0.720652163028717,0.720652163028717,False,0.0,2785280,10.625,128.0,False
shared_e2e_rep_projected,43,42,5,0.0011101638665422797,0.031079785898327827,0.6558040380477905,21.10066138142459,40,encoder_output_representation,0.0011101638665422797,4.5255274017108604e-05,4.5255274017108604e-05,0.031079785898327827,1.311608076095581,1.311608076095581,False,0.0,2457600,9.375,128.0,False
shared_e2e_rep_projected,43,42,5,0.010487893596291542,0.023577019572257996,0.4352571666240692,18.461076697591434,41,encoder_output_representation,0.010487893596291542,0.00021525492775253952,0.00021525492775253952,0.023577019572257996,0.8705143332481384,0.8705143332481384,False,0.0,2088960,7.96875,128.0,False
shared_e2e_rep_projected,43,42,5,-0.003632690291851759,0.019100213423371315,0.359038382768631,18.797611042885315,42,encoder_output_representation,-0.003632690291851759,-4.982387326890603e-05,-3.637978807091713e-12,0.019100213423371315,0.718076765537262,0.7180720567703247,True,6.556510925292969e-06,2088960,7.96875,128.0,False
shared_e2e_rep_projected,43,42,5,3.8124100683489814e-05,0.031977955251932144,0.5020662546157837,15.70038642747329,43,encoder_output_representation,3.8124100683489814e-05,1.2241689546499401e-06,1.2241689546499401e-06,0.031977955251932144,1.0041325092315674,1.0041325092315674,False,0.0,3133440,11.953125,128.0,False
shared_e2e_rep_projected,43,42,5,0.004442836157977581,0.03411240875720978,0.38840559124946594,11.386049985912386,44,encoder_output_representation,0.004442836157977581,0.00011773027654271573,0.00011773027654271573,0.03411240875720978,0.7768111824989319,0.7768111824989319,False,0.0,2350080,8.96484375,128.0,False
shared_e2e_rep_projected,43,42,5,-0.006031578406691551,0.02936355210840702,0.6708786487579346,22.84732604151991,45,encoder_output_representation,-0.006031578406691551,-0.00023763670469634235,-8.003553375601768e-11,0.02936355210840702,1.3417572975158691,1.3417328596115112,True,1.823902130126953e-05,3239424,12.357421875,128.0,False
shared_e2e_rep_projected,43,42,5,-0.0008297411841340363,0.03221987187862396,0.44586890935897827,13.838320370689827,46,encoder_output_representation,-0.0008297411841340363,-2.383985702181235e-05,1.000444171950221e-11,0.03221987187862396,0.8917378187179565,0.8917375206947327,True,3.5762786865234375e-07,3133440,11.953125,128.0,False
shared_e2e_rep_projected,43,42,5,0.00013979592768009752,0.05711225047707558,0.4483269453048706,7.849926093961673,47,encoder_output_representation,0.00013979592768009752,7.158938842621865e-06,7.158938842621865e-06,0.05711225047707558,0.8966538906097412,0.8966538906097412,False,0.0,2350080,8.96484375,128.0,False
shared_e2e_rep_projected,43,42,5,0.0018682203954085708,0.03070126101374626,0.42885854840278625,13.968760052258702,48,encoder_output_representation,0.0018682203954085708,4.919584171148017e-05,4.919584171148017e-05,0.03070126101374626,0.8577170968055725,0.8577170968055725,False,0.0,2396160,9.140625,128.0,False
shared_e2e_rep_projected,43,42,5,0.004411780741065741,0.018582241609692574,0.2718634009361267,14.630280169983456,49,encoder_output_representation,0.004411780741065741,4.457514296518639e-05,4.457514296518639e-05,0.018582241609692574,0.5437268018722534,0.5437268018722534,False,0.0,2350080,8.96484375,128.0,False
shared_e2e_rep_projected,43,42,5,0.0034769889898598194,0.017391035333275795,0.2556396424770355,14.699506819349493,50,encoder_output_representation,0.0034769889898598194,3.0916260584490374e-05,3.0916260584490374e-05,0.017391035333275795,0.511279284954071,0.511279284954071,False,0.0,2350080,8.96484375,128.0,False
shared_e2e_rep_projected,43,42,5,-0.0011246466310694814,0.02825329639017582,0.4273788034915924,15.126688142492277,51,encoder_output_representation,-0.0011246466310694814,-2.7159901947015896e-05,-2.546585164964199e-11,0.02825329639017582,0.8547576069831848,0.8547570705413818,True,6.556510925292969e-07,2482176,9.46875,128.0,False
shared_e2e_rep_projected,43,42,5,1.96522414626088e-05,0.029353652149438858,0.8315088748931885,28.3272715320054,52,encoder_output_representation,1.96522414626088e-05,9.593368304194883e-07,9.593368304194883e-07,0.029353652149438858,1.663017749786377,1.663017749786377,False,0.0,3431936,13.091796875,128.0,False
shared_e2e_rep_projected,43,42,5,-0.003106161253526807,0.0350043922662735,0.44075414538383484,12.591395446350845,53,encoder_output_representation,-0.003106161253526807,-9.584576764609665e-05,-4.3655745685100555e-11,0.0350043922662735,0.8815082907676697,0.8815040588378906,True,4.827976226806641e-06,2396160,9.140625,128.0,False
shared_e2e_rep_projected,43,42,5,0.0034101742785423994,0.027017077431082726,0.4717480540275574,17.461106044165184,54,encoder_output_representation,0.0034101742785423994,8.692707342561334e-05,8.692707342561334e-05,0.027017077431082726,0.9434961080551147,0.9434961080551147,False,0.0,2325504,8.87109375,128.0,False
shared_e2e_rep_projected,43,42,5,-0.0023141009733080864,0.023630816489458084,0.3515903949737549,14.878470032154938,55,encoder_output_representation,-0.0023141009733080864,-3.845280298264697e-05,1.8189894035458565e-12,0.023630816489458084,0.7031807899475098,0.703178882598877,True,2.7418136596679688e-06,2088960,7.96875,128.0,False
shared_e2e_rep_projected,43,42,5,0.00017178528651129454,0.03192916139960289,0.5592457056045532,17.515201812081063,56,encoder_output_representation,0.00017178528651129454,6.134880550234811e-06,6.134880550234811e-06,0.03192916139960289,1.1184914112091064,1.1184914112091064,False,0.0,3133440,11.953125,128.0,False
shared_e2e_rep_projected,43,42,5,-0.003399967448785901,0.043025244027376175,0.4257669448852539,9.895747357396653,57,encoder_output_representation,-0.003399967448785901,-0.00012456615513656288,-6.548361852765083e-11,0.043025244027376175,0.8515338897705078,0.8515289425849915,True,5.781650543212891e-06,3133440,11.953125,128.0,False
shared_e2e_rep_projected,43,42,5,0.0019268528558313847,0.026789341121912003,0.40970492362976074,15.293579702661958,58,encoder_output_representation,0.0019268528558313847,4.22972152591683e-05,4.22972152591683e-05,0.026789341121912003,0.8194098472595215,0.8194098472595215,False,0.0,3133440,11.953125,128.0,False
shared_e2e_rep_projected,43,42,5,-0.0005161486333236098,0.014059229753911495,0.45023003220558167,32.02380500825948,59,encoder_output_representation,-0.0005161486333236098,-6.534325621032622e-06,-1.000444171950221e-11,0.014059229753911495,0.9004600644111633,0.9004599452018738,True,1.1920928955078125e-07,2088960,7.96875,128.0,False
shared_e2e_rep_projected,43,42,5,0.0001970065204659477,0.019994329661130905,0.4760769307613373,23.81059724581983,60,encoder_output_representation,0.0001970065204659477,3.7505469663301483e-06,3.7505469663301483e-06,0.019994329661130905,0.9521538615226746,0.9521538615226746,False,0.0,2350080,8.96484375,128.0,False
shared_e2e_rep_projected,43,42,5,-0.014590147882699966,0.025066468864679337,0.5853453278541565,23.351726603939614,61,encoder_output_representation,-0.014590147882699966,-0.0004281490691937506,-1.0913936421275139e-10,0.025066468864679337,1.170690655708313,1.1705659627914429,True,0.00010651350021362305,3133440,11.953125,128.0,False
shared_e2e_rep_projected,43,42,5,-0.014226594008505344,0.023385753855109215,0.2609248459339142,11.157427190524734,62,encoder_output_representation,-0.014226594008505344,-0.00017361919162794948,-1.4551915228366852e-11,0.023385753855109215,0.5218496918678284,0.5217968821525574,True,0.00010120868682861328,2785280,10.625,128.0,False
shared_e2e_rep_projected,43,42,5,0.005235123448073864,0.019165394827723503,0.27590394020080566,14.39594345333808,63,encoder_output_representation,0.005235123448073864,5.5364653235301375e-05,5.5364653235301375e-05,0.019165394827723503,0.5518078804016113,0.5518078804016113,False,0.0,2265088,8.640625,128.0,False
shared_e2e_rep_projected,43,42,5,-0.002033286029472947,0.020630156621336937,0.46194326877593994,22.391651079283164,64,encoder_output_representation,-0.002033286029472947,-3.8754278648411855e-05,-1.0913936421275139e-11,0.020630156621336937,0.9238865375518799,0.9238846302032471,True,2.086162567138672e-06,2847744,10.86328125,128.0,False
shared_e2e_rep_projected,43,42,5,-0.0037249643355607986,0.02325839176774025,0.44732585549354553,19.232879898170495,65,encoder_output_representation,-0.0037249643355607986,-7.750965596642345e-05,3.637978807091713e-12,0.02325839176774025,0.8946517109870911,0.8946455121040344,True,6.9141387939453125e-06,2088960,7.96875,128.0,False
shared_e2e_rep_projected,43,42,5,0.004251942969858646,0.04272518306970596,0.4460972249507904,10.441083990745799,66,encoder_output_representation,0.004251942969858646,0.00016208054148592055,0.00016208054148592055,0.04272518306970596,0.8921944499015808,0.8921944499015808,False,0.0,2350080,8.96484375,128.0,False
shared_e2e_rep_projected,43,42,5,-0.004299115855246782,0.022667279466986656,0.3387410342693329,14.944053377145945,67,encoder_output_representation,-0.004299115855246782,-6.602012581424788e-05,-5.4569682106375694e-12,0.022667279466986656,0.6774820685386658,0.6774758696556091,True,9.179115295410156e-06,3481600,13.28125,128.0,False
shared_e2e_rep_projected,43,42,5,-0.001625405391678214,0.022024163976311684,0.37589865922927856,17.067556327385695,68,encoder_output_representation,-0.001625405391678214,-2.6912985049420968e-05,-1.0913936421275139e-11,0.022024163976311684,0.7517973184585571,0.751796305179596,True,1.3709068298339844e-06,2611200,9.9609375,128.0,False
shared_e2e_rep_projected,43,42,5,0.0021441977005451918,0.049282871186733246,0.7306666970252991,14.82597664119033,69,encoder_output_representation,0.0021441977005451918,0.00015442233416251838,0.00015442233416251838,0.049282871186733246,1.4613333940505981,1.4613333940505981,False,0.0,2350080,8.96484375,128.0,False
shared_e2e_rep_projected,43,42,5,-0.004524931311607361,0.03007359988987446,0.31580954790115356,10.501221970685462,70,encoder_output_representation,-0.004524931311607361,-8.595133840572089e-05,-3.2741809263825417e-11,0.03007359988987446,0.6316190958023071,0.6316126585006714,True,1.0192394256591797e-05,2847744,10.86328125,128.0,False
shared_e2e_rep_projected,43,42,5,-0.005086903925985098,0.020882081240415573,0.4072777032852173,19.503693075236406,71,encoder_output_representation,-0.005086903925985098,-8.652626274852082e-05,-3.637978807091713e-11,0.020882081240415573,0.8145554065704346,0.8145449161529541,True,1.2874603271484375e-05,2088960,7.96875,128.0,False
shared_e2e_rep_projected,43,42,5,0.0008755757007747889,0.024754568934440613,0.4274006485939026,17.265525799533002,72,encoder_output_representation,0.0008755757007747889,1.8527389329392463e-05,1.8527389329392463e-05,0.024754568934440613,0.8548012971878052,0.8548012971878052,False,0.0,3133440,11.953125,128.0,False
shared_e2e_rep_projected,43,42,5,0.0003643566742539406,0.017998596653342247,0.33296477794647217,18.49948550764608,73,encoder_output_representation,0.0003643566742539406,4.367105248093139e-06,4.367105248093139e-06,0.017998596653342247,0.6659295558929443,0.6659295558929443,False,0.0,2088960,7.96875,128.0,False
shared_e2e_rep_projected,43,42,5,0.005746213253587484,0.01901029422879219,0.3676091730594635,19.337374195013677,74,encoder_output_representation,0.005746213253587484,8.031319885049015e-05,8.031319885049015e-05,0.01901029422879219,0.735218346118927,0.735218346118927,False,0.0,2088960,7.96875,128.0,False
shared_e2e_rep_projected,43,42,5,-0.002668997272849083,0.0323486328125,0.6048563122749329,18.698048717570753,75,encoder_output_representation,-0.002668997272849083,-0.00010444466897752136,0.0,0.0323486328125,1.2097126245498657,1.209708333015442,True,3.5762786865234375e-06,2088960,7.96875,128.0,False
shared_e2e_rep_projected,43,42,5,-0.009534144774079323,0.03296017274260521,0.4755794405937195,14.428912260492272,76,encoder_output_representation,-0.009534144774079323,-0.00029889887082390487,-2.1827872842550278e-11,0.03296017274260521,0.951158881187439,0.9511157274246216,True,4.5359134674072266e-05,2350080,8.96484375,128.0,False
shared_e2e_rep_projected,43,42,5,-0.012659511528909206,0.025282634422183037,0.4698178470134735,18.582630242094325,77,encoder_output_representation,-0.012659511528909206,-0.0003007452469319105,-1.4551915228366852e-11,0.025282634422183037,0.939635694026947,0.9395603537559509,True,8.016824722290039e-05,2350080,8.96484375,128.0,False
shared_e2e_rep_projected,43,42,5,0.004194943699985743,0.015010563656687737,0.29351797699928284,19.554094284028448,78,encoder_output_representation,0.004194943699985743,3.6964753235224634e-05,3.6964753235224634e-05,0.015010563656687737,0.5870359539985657,0.5870359539985657,False,0.0,2350080,8.96484375,128.0,False
shared_e2e_rep_projected,43,42,5,0.0001799434976419434,0.019046351313591003,0.3717527389526367,19.51831785688859,79,encoder_output_representation,0.0001799434976419434,2.548191787354881e-06,2.548191787354881e-06,0.019046351313591003,0.7435054779052734,0.7435054779052734,False,0.0,2350080,8.96484375,128.0,False
shared_e2e_rep_projected,43,42,5,-0.008346286602318287,0.03277616202831268,0.37856051325798035,11.549873134352108,80,encoder_output_representation,-0.008346286602318287,-0.00020711746765300632,-5.093170329928398e-11,0.03277616202831268,0.7571210265159607,0.75709468126297,True,3.4809112548828125e-05,2088960,7.96875,128.0,False
shared_e2e_rep_projected,43,42,5,-0.01241337787359953,0.027962470427155495,0.6345993280410767,22.69468034644004,81,encoder_output_representation,-0.01241337787359953,-0.0004405499203130603,-1.4551915228366852e-10,0.027962470427155495,1.2691986560821533,1.2691007852554321,True,7.712841033935547e-05,2088960,7.96875,128.0,False
shared_e2e_rep_projected,43,42,5,-0.0008877413347363472,0.02627035602927208,0.5241081118583679,19.95055229835385,82,encoder_output_representation,-0.0008877413347363472,-2.444574420223944e-05,-4.547473508864641e-12,0.02627035602927208,1.0482162237167358,1.0482158660888672,True,3.5762786865234375e-07,3018752,11.515625,128.0,False
shared_e2e_rep_projected,43,42,5,0.001058641355484724,0.017420919612050056,0.3184587061405182,18.28024657896017,83,encoder_output_representation,0.001058641355484724,1.1746352356567513e-05,1.1746352356567513e-05,0.017420919612050056,0.6369174122810364,0.6369174122810364,False,0.0,2088960,7.96875,128.0,False
shared_e2e_rep_projected,43,42,5,0.00016439254977740347,0.03316475450992584,0.6817861795425415,20.557552426281053,84,encoder_output_representation,0.00016439254977740347,7.4342492553114425e-06,7.4342492553114425e-06,0.03316475450992584,1.363572359085083,1.363572359085083,False,0.0,3665408,13.982421875,128.0,False
shared_e2e_rep_projected,43,42,5,-0.005493340082466602,0.025222228839993477,0.5225662589073181,20.718480599887116,85,encoder_output_representation,-0.005493340082466602,-0.0001448075781809166,0.0,0.025222228839993477,1.0451325178146362,1.045116662979126,True,1.519918441772461e-05,3194880,12.1875,128.0,False
shared_e2e_rep_projected,43,42,5,0.010303656570613384,0.01931053027510643,0.440174400806427,22.794526848072326,86,encoder_output_representation,0.010303656570613384,0.00017516218940727413,0.00017516218940727413,0.01931053027510643,0.880348801612854,0.880348801612854,False,0.0,2088960,7.96875,128.0,False
shared_e2e_rep_projected,43,42,5,-0.00755740562453866,0.016938863322138786,0.3824118673801422,22.57600525534301,87,encoder_output_representation,-0.00755740562453866,-9.790803596843034e-05,-2.3646862246096134e-11,0.016938863322138786,0.7648237347602844,0.7648019194602966,True,2.855062484741211e-05,2135040,8.14453125,128.0,False
shared_e2e_rep_projected,43,42,5,0.004948473069816828,0.018356865271925926,0.428276926279068,23.330613366436445,88,encoder_output_representation,0.004948473069816828,7.780802843626589e-05,7.780802843626589e-05,0.018356865271925926,0.856553852558136,0.856553852558136,False,0.0,3133440,11.953125,128.0,False
shared_e2e_rep_projected,43,42,5,0.0010836174478754401,0.016083231195807457,0.3395594358444214,21.1126378592964,89,encoder_output_representation,0.0010836174478754401,1.1835731129394844e-05,1.1835731129394844e-05,0.016083231195807457,0.6791188716888428,0.6791188716888428,False,0.0,2350080,8.96484375,128.0,False
shared_e2e_rep_projected,43,42,5,0.004758436232805252,0.020604560151696205,0.31694069504737854,15.382065558011313,90,encoder_output_representation,0.004758436232805252,6.214920722413808e-05,6.214920722413808e-05,0.020604560151696205,0.6338813900947571,0.6338813900947571,False,0.0,2785280,10.625,128.0,False
shared_e2e_rep_projected,43,42,5,-0.00046014130930416286,0.027473198249936104,0.7615296840667725,27.719003704584836,91,encoder_output_representation,-0.00046014130930416286,-1.9253837308497168e-05,-6.366462912410498e-12,0.027473198249936104,1.523059368133545,1.5230592489242554,True,5.960464477539063e-08,2088960,7.96875,128.0,False
shared_e2e_rep_projected,43,42,5,-0.00037265976425260305,0.030178755521774292,0.4825034737586975,15.98818325727733,92,encoder_output_representation,-0.00037265976425260305,-1.0852862033061683e-05,-1.4551915228366852e-11,0.030178755521774292,0.965006947517395,0.9650068879127502,True,5.960464477539063e-08,2350080,8.96484375,128.0,False
shared_e2e_rep_projected,43,42,5,-0.00021737958013545722,0.023577315732836723,0.6399680972099304,27.1433824130637,93,encoder_output_representation,-0.00021737958013545722,-6.559963367180899e-06,-5.4569682106375694e-12,0.023577315732836723,1.2799361944198608,1.2799361944198608,True,0.0,2482176,9.46875,128.0,False
shared_e2e_rep_projected,43,42,5,0.0016938280314207077,0.040082354098558426,0.8769508004188538,21.878724943712665,94,encoder_output_representation,0.0016938280314207077,0.00011907696898560971,0.00011907696898560971,0.040082354098558426,1.7539016008377075,1.7539016008377075,False,0.0,3525120,13.447265625,128.0,False
shared_e2e_rep_projected,43,42,5,-0.004831414204090834,0.026155097410082817,0.6311846971511841,24.132377993280258,95,encoder_output_representation,-0.004831414204090834,-0.0001595206995261833,-1.4551915228366852e-11,0.026155097410082817,1.2623693943023682,1.2623547315597534,True,1.1622905731201172e-05,2088960,7.96875,128.0,False
shared_e2e_rep_projected,43,42,5,0.00018799399549607188,0.020530620589852333,0.3918187916278839,19.084605353895057,96,encoder_output_representation,0.00018799399549607188,3.0245537345763296e-06,3.0245537345763296e-06,0.020530620589852333,0.7836375832557678,0.7836375832557678,False,0.0,2396160,9.140625,128.0,False
shared_e2e_rep_projected,43,42,5,0.0010769288055598736,0.054663579910993576,0.33585652709007263,6.14406388379491,97,encoder_output_representation,0.0010769288055598736,3.9542934246128425e-05,3.9542934246128425e-05,0.054663579910993576,0.6717130541801453,0.6717130541801453,False,0.0,2437120,9.296875,128.0,False
shared_e2e_rep_projected,43,42,5,-0.003618529997766018,0.022858433425426483,0.5677767395973206,24.838829898367248,98,encoder_output_representation,-0.003618529997766018,-9.39260862651281e-05,-1.0913936421275139e-10,0.022858433425426483,1.1355534791946411,1.135546088218689,True,6.496906280517578e-06,2437120,9.296875,128.0,False
shared_e2e_rep_projected,43,42,5,0.007406190503388643,0.023760128766298294,0.2144259810447693,9.024613593378929,99,encoder_output_representation,0.007406190503388643,7.546595588792115e-05,7.546595588792115e-05,0.023760128766298294,0.4288519620895386,0.4288519620895386,False,0.0,2355200,8.984375,128.0,False
shared_e2e_rep_projected,43,42,5,0.0009149201214313507,0.028464123606681824,0.6036409735679626,21.207080952468203,100,encoder_output_representation,0.0009149201214313507,3.144051879644394e-05,3.144051879644394e-05,0.028464123606681824,1.2072819471359253,1.2072819471359253,False,0.0,3133440,11.953125,128.0,False
shared_e2e_rep_projected,43,42,5,0.0020309125538915396,0.02433175966143608,0.2653554379940033,10.905723288668296,101,encoder_output_representation,0.0020309125538915396,2.622543615871109e-05,2.622543615871109e-05,0.02433175966143608,0.5307108759880066,0.5307108759880066,False,0.0,2785280,10.625,128.0,False
shared_e2e_rep_projected,43,42,5,-0.002915328834205866,0.02205442078411579,0.2091270238161087,9.482317666067559,102,encoder_output_representation,-0.002915328834205866,-2.689201573957689e-05,-3.456079866737127e-11,0.02205442078411579,0.4182540476322174,0.41825222969055176,True,4.351139068603516e-06,2135040,8.14453125,128.0,False
shared_e2e_rep_projected,43,42,5,0.00851904321461916,0.0254619549959898,0.37015479803085327,14.537563910122055,103,encoder_output_representation,0.00851904321461916,0.0001605816651135683,0.0001605816651135683,0.0254619549959898,0.7403095960617065,0.7403095960617065,False,0.0,2350080,8.96484375,128.0,False
shared_e2e_rep_projected,43,42,5,-0.003923434764146805,0.016951147466897964,0.20983466506004333,12.378788248394772,104,encoder_output_representation,-0.003923434764146805,-2.7910831704502925e-05,-2.000888343900442e-11,0.016951147466897964,0.41966933012008667,0.4196661114692688,True,7.68899917602539e-06,2350080,8.96484375,128.0,False
shared_e2e_rep_projected,43,42,5,-0.0036264569498598576,0.022351697087287903,0.2988685667514801,13.371180075693484,105,encoder_output_representation,-0.0036264569498598576,-4.845106013817713e-05,7.275957614183426e-12,0.022351697087287903,0.5977371335029602,0.597733199596405,True,6.556510925292969e-06,2325504,8.87109375,128.0,False
shared_e2e_rep_projected,43,42,5,-0.00031672537443228066,0.052985478192567825,0.5802456140518188,10.951030996511962,106,encoder_output_representation,-0.00031672537443228066,-1.9475184672046453e-05,-3.637978807091713e-11,0.052985478192567825,1.1604912281036377,1.1604912281036377,True,0.0,2350080,8.96484375,128.0,False
shared_e2e_rep_projected,43,42,5,0.00010585421114228666,0.015463781543076038,0.281114399433136,18.178891020289015,107,encoder_output_representation,0.00010585421114228666,9.203158697346225e-07,9.203158697346225e-07,0.015463781543076038,0.562228798866272,0.562228798866272,False,0.0,2350080,8.96484375,128.0,False
shared_e2e_rep_projected,43,42,5,0.00422646664083004,0.02613796852529049,0.25238245725631714,9.655779369851095,108,encoder_output_representation,0.00422646664083004,5.576200783252716e-05,5.576200783252716e-05,0.02613796852529049,0.5047649145126343,0.5047649145126343,False,0.0,2135040,8.14453125,128.0,False
shared_e2e_rep_projected,43,42,5,0.0010584917617961764,0.015510756522417068,0.14676383137702942,9.462067898810583,109,encoder_output_representation,0.0010584917617961764,4.819139576284215e-06,4.819139576284215e-06,0.015510756522417068,0.29352766275405884,0.29352766275405884,False,0.0,3133440,11.953125,128.0,False
shared_e2e_rep_projected,43,42,5,-0.0011298642493784428,0.02496926113963127,0.5283774137496948,21.161115292716968,110,encoder_output_representation,-0.0011298642493784428,-2.9813036235282198e-05,-5.4569682106375694e-12,0.02496926113963127,1.0567548274993896,1.0567541122436523,True,6.556510925292969e-07,2350080,8.96484375,128.0,False
shared_e2e_rep_projected,43,42,5,0.0018110747914761305,0.019515004009008408,0.31271272897720337,16.024220586009136,111,encoder_output_representation,0.0018110747914761305,2.2104495656094514e-05,2.2104495656094514e-05,0.019515004009008408,0.6254254579544067,0.6254254579544067,False,0.0,2350080,8.96484375,128.0,False
shared_e2e_rep_projected,43,42,5,0.013207786716520786,0.018892092630267143,0.28055334091186523,14.850305172778421,112,encoder_output_representation,0.013207786716520786,0.0001400088658556342,0.0001400088658556342,0.018892092630267143,0.5611066818237305,0.5611066818237305,False,0.0,2088960,7.96875,128.0,False
shared_e2e_rep_projected,43,42,5,0.00963052548468113,0.02900860272347927,0.25519320368766785,8.797156006453115,113,encoder_output_representation,0.00963052548468113,0.00014258567534852773,0.00014258567534852773,0.02900860272347927,0.5103864073753357,0.5103864073753357,False,0.0,3133440,11.953125,128.0,False
shared_e2e_rep_projected,43,42,5,-0.0007102132658474147,0.025282014161348343,0.4172933101654053,16.505540559476934,114,encoder_output_representation,-0.0007102132658474147,-1.4985522284405306e-05,-3.637978807091713e-12,0.025282014161348343,0.8345866203308105,0.8345863819122314,True,2.980232238769531e-07,2879488,10.984375,128.0,False
shared_e2e_rep_projected,43,42,5,-0.003505328670144081,0.03904249519109726,0.6802821159362793,17.424145475502343,115,encoder_output_representation,-0.003505328670144081,-0.0001862024364527315,-5.820766091346741e-11,0.03904249519109726,1.3605642318725586,1.3605557680130005,True,6.198883056640625e-06,2088960,7.96875,128.0,False
shared_e2e_rep_projected,43,42,5,0.004146486986428499,0.024959992617368698,0.7021274566650391,28.130114757183687,116,encoder_output_representation,0.004146486986428499,0.00014533515786752105,0.00014533515786752105,0.024959992617368698,1.4042549133300781,1.4042549133300781,False,0.0,3133440,11.953125,128.0,False
shared_e2e_rep_projected,43,42,5,0.0020487874280661345,0.024690361693501472,0.5364305377006531,21.72631346432815,117,encoder_output_representation,0.0020487874280661345,5.4271004046313465e-05,5.4271004046313465e-05,0.024690361693501472,1.0728610754013062,1.0728610754013062,False,0.0,2350080,8.96484375,128.0,False
shared_e2e_rep_projected,43,42,5,0.004050159826874733,0.014182820916175842,0.21845263242721558,15.402622208820615,118,encoder_output_representation,0.004050159826874733,2.5097015168284997e-05,2.5097015168284997e-05,0.014182820916175842,0.43690526485443115,0.43690526485443115,False,0.0,2785280,10.625,128.0,False
shared_e2e_rep_projected,43,42,5,-0.012777055613696575,0.020666228607296944,0.2383980005979538,11.535631639813515,119,encoder_output_representation,-0.012777055613696575,-0.0001258996780961752,-2.000888343900442e-11,0.020666228607296944,0.4767960011959076,0.47675710916519165,True,8.159875869750977e-05,2088960,7.96875,128.0,False
shared_e2e_rep_projected,43,42,5,-0.001987457275390625,0.030872387811541557,0.6775730848312378,21.94754383650004,120,encoder_output_representation,-0.001987457275390625,-8.314845035783947e-05,-6.912159733474255e-11,0.030872387811541557,1.3551461696624756,1.3551435470581055,True,1.9073486328125e-06,2396160,9.140625,128.0,False
shared_e2e_rep_projected,43,42,5,0.015551155433058739,0.01874789223074913,0.244493767619133,13.041133617043599,121,encoder_output_representation,0.015551155433058739,0.00014256499707698822,0.00014256499707698822,0.01874789223074913,0.488987535238266,0.488987535238266,False,0.0,2549760,9.7265625,128.0,False
shared_e2e_rep_projected,43,42,5,0.010394363664090633,0.026870636269450188,0.5455684065818787,20.303516489564757,122,encoder_output_representation,0.010394363664090633,0.00030475796665996313,0.00030475796665996313,0.026870636269450188,1.0911368131637573,1.0911368131637573,False,0.0,2088960,7.96875,128.0,False
shared_e2e_rep_projected,43,42,5,0.0007577119977213442,0.01678527146577835,0.1850428581237793,11.024120670377174,123,encoder_output_representation,0.0007577119977213442,4.706898835138418e-06,4.706898835138418e-06,0.01678527146577835,0.3700857162475586,0.3700857162475586,False,0.0,2350080,8.96484375,128.0,False
shared_e2e_rep_projected,43,42,5,-0.000741273513995111,0.015928596258163452,0.21225939691066742,13.325681276018523,124,encoder_output_representation,-0.000741273513995111,-5.01248314321856e-06,-1.2732925824820995e-11,0.015928596258163452,0.42451879382133484,0.4245186746120453,True,2.980232238769531e-07,3133440,11.953125,128.0,False
shared_e2e_rep_projected,43,42,5,0.0068768104538321495,0.019539371132850647,0.2958773970603943,15.142626395122267,125,encoder_output_representation,0.0068768104538321495,7.951323641464114e-05,7.951323641464114e-05,0.019539371132850647,0.5917547941207886,0.5917547941207886,False,0.0,2088960,7.96875,128.0,False
shared_e2e_rep_projected,43,42,5,0.0012234033783897758,0.019581234082579613,0.3062974214553833,15.642396192376859,126,encoder_output_representation,0.0012234033783897758,1.4675168131361715e-05,1.4675168131361715e-05,0.019581234082579613,0.6125948429107666,0.6125948429107666,False,0.0,2088960,7.96875,128.0,False
shared_e2e_rep_projected,43,42,5,0.014857430011034012,0.0335998497903347,0.7315623760223389,21.772787098375044,127,encoder_output_representation,0.014857430011034012,0.0007304027094505727,0.0007304027094505727,0.0335998497903347,1.4631247520446777,1.4631247520446777,False,0.0,2350080,8.96484375,128.0,False
shared_e2e_rep_projected,43,42,5,-0.00025090828421525657,0.01942615397274494,0.21062198281288147,10.84218642086261,128,encoder_output_representation,-0.00025090828421525657,-2.0532202142931055e-06,-1.9099388737231493e-11,0.01942615397274494,0.42124396562576294,0.42124393582344055,True,5.960464477539063e-08,2350080,8.96484375,128.0,False
shared_e2e_rep_projected,43,42,5,-0.0011310303816571832,0.028634145855903625,0.6780568957328796,23.68001124060356,129,encoder_output_representation,-0.0011310303816571832,-4.3919222662225366e-05,-1.4551915228366852e-11,0.028634145855903625,1.3561137914657593,1.3561129570007324,True,5.960464477539062e-07,2396160,9.140625,128.0,False
shared_e2e_rep_projected,43,42,5,0.0037820248398929834,0.027635332196950912,0.7045872211456299,25.495883896896636,130,encoder_output_representation,0.0037820248398929834,0.0001472834119340405,0.0001472834119340405,0.027635332196950912,1.4091744422912598,1.4091744422912598,False,0.0,3101184,11.830078125,128.0,False
shared_e2e_rep_projected,43,42,5,-0.00225255498662591,0.024508828297257423,0.58657306432724,23.93313369423207,131,encoder_output_representation,-0.00225255498662591,-6.4766441937536e-05,0.0,0.024508828297257423,1.17314612865448,1.1731431484222412,True,2.562999725341797e-06,2350080,8.96484375,128.0,False
shared_e2e_rep_projected,43,42,5,-0.0012637857580557466,0.02815263904631138,0.7998994588851929,28.41294763057027,132,encoder_output_representation,-0.0012637857580557466,-5.691909609595314e-05,-1.0459189070388675e-11,0.02815263904631138,1.5997989177703857,1.5997976064682007,True,8.344650268554688e-07,2785280,10.625,128.0,False
shared_e2e_rep_projected,43,42,5,0.0015863630687817931,0.0387105718255043,0.5486076474189758,14.172036773105168,133,encoder_output_representation,0.0015863630687817931,6.737891817465425e-05,6.737891817465425e-05,0.0387105718255043,1.0972152948379517,1.0972152948379517,False,0.0,2350080,8.96484375,128.0,False
shared_e2e_rep_projected,43,42,5,3.925707687812974e-07,0.032310180366039276,0.7498973608016968,23.20932140601425,134,encoder_output_representation,3.925707687812974e-07,1.9023445929633453e-08,1.9023445929633453e-08,0.032310180366039276,1.4997947216033936,1.4997947216033936,False,0.0,3004416,11.4609375,128.0,False
shared_e2e_rep_projected,43,42,5,0.00038915948243811727,0.04497334733605385,0.7491617202758789,16.657904395639623,135,encoder_output_representation,0.00038915948243811727,2.6223364329780452e-05,2.6223364329780452e-05,0.04497334733605385,1.4983234405517578,1.4983234405517578,False,0.0,2350080,8.96484375,128.0,False
shared_e2e_rep_projected,43,42,5,-0.0003369833866599947,0.03880967199802399,0.5528674721717834,14.245610532341859,136,encoder_output_representation,-0.0003369833866599947,-1.44610385177657e-05,-2.000888343900442e-11,0.03880967199802399,1.105734944343567,1.1057348251342773,True,1.1920928955078125e-07,3594240,13.7109375,128.0,False
shared_e2e_rep_projected,43,42,5,-0.009556681849062443,0.026316890493035316,0.29651376605033875,11.267051710718263,137,encoder_output_representation,-0.009556681849062443,-0.00014914770144969225,0.0,0.026316890493035316,0.5930275321006775,0.5930004119873047,True,4.571676254272461e-05,2785280,10.625,128.0,False
shared_e2e_rep_projected,43,42,5,-0.0003490605449769646,0.022759078070521355,0.30894505977630615,13.574585878171689,138,encoder_output_representation,-0.0003490605449769646,-4.908702067041304e-06,-9.094947017729282e-12,0.022759078070521355,0.6178901195526123,0.6178900599479675,True,1.1920928955078125e-07,2785280,10.625,128.0,False
shared_e2e_rep_projected,43,42,5,0.005561585538089275,0.018514370545744896,0.25324562191963196,13.678327399460775,139,encoder_output_representation,0.005561585538089275,5.2153027354506776e-05,5.2153027354506776e-05,0.018514370545744896,0.5064912438392639,0.5064912438392639,False,0.0,2088960,7.96875,128.0,False
shared_e2e_rep_projected,43,42,5,-0.0019977097399532795,0.0238802470266819,0.4214886724948883,17.65009683626598,140,encoder_output_representation,-0.0019977097399532795,-4.021490894956514e-05,-2.3646862246096134e-11,0.0238802470266819,0.8429773449897766,0.8429756760597229,True,1.9669532775878906e-06,2396160,9.140625,128.0,False
shared_e2e_rep_projected,43,42,5,-0.0011000300291925669,0.03319477662444115,0.4687453806400299,14.121058440709465,141,encoder_output_representation,-0.0011000300291925669,-3.4232711186632514e-05,-2.9103830456733704e-11,0.03319477662444115,0.9374907612800598,0.9374901652336121,True,6.556510925292969e-07,2088960,7.96875,128.0,False
shared_e2e_rep_projected,43,42,5,-0.005929919425398111,0.021875562146306038,0.6776401996612549,30.977041647164388,142,encoder_output_representation,-0.005929919425398111,-0.00017580740677658468,-4.3655745685100555e-11,0.021875562146306038,1.3552803993225098,1.35525643825531,True,1.7702579498291016e-05,3133440,11.953125,128.0,False
shared_e2e_rep_projected,43,42,5,-0.00465956749394536,0.031227318570017815,0.6087576746940613,19.49439473418463,143,encoder_output_representation,-0.00465956749394536,-0.00017715553985908628,-9.458744898438454e-11,0.031227318570017815,1.2175153493881226,1.2175021171569824,True,1.0848045349121094e-05,3194880,12.1875,128.0,False
shared_e2e_rep_projected,43,42,5,-0.010578214190900326,0.024402331560850143,0.4240712821483612,17.37830998201498,144,encoder_output_representation,-0.010578214190900326,-0.00021893366647418588,-2.9103830456733704e-11,0.024402331560850143,0.8481425642967224,0.8480951189994812,True,5.59687614440918e-05,2420736,9.234375,128.0,False
shared_e2e_rep_projected,43,42,5,-0.0037269273307174444,0.02003549225628376,0.2904195487499237,14.495253974048929,145,encoder_output_representation,-0.0037269273307174444,-4.337173231760971e-05,-3.8198777474462986e-11,0.02003549225628376,0.5808390974998474,0.5808350443840027,True,6.973743438720703e-06,2088960,7.96875,128.0,False
shared_e2e_rep_projected,43,42,5,0.002422287594527006,0.013402100652456284,0.34059953689575195,25.41389187622078,146,encoder_output_representation,0.002422287594527006,2.2114269086159766e-05,2.2114269086159766e-05,0.013402100652456284,0.6811990737915039,0.6811990737915039,False,0.0,2350080,8.96484375,128.0,False
shared_e2e_rep_projected,43,42,5,0.010212765075266361,0.021482637152075768,0.28874877095222473,13.441030023835983,147,encoder_output_representation,0.010212765075266361,0.00012670129945036024,0.00012670129945036024,0.021482637152075768,0.5774975419044495,0.5774975419044495,False,0.0,2611200,9.9609375,128.0,False
shared_e2e_rep_projected,43,42,5,0.0024620038457214832,0.012633899226784706,0.15616580843925476,12.360855950803602,148,encoder_output_representation,0.0024620038457214832,9.714984116726555e-06,9.714984116726555e-06,0.012633899226784706,0.3123316168785095,0.3123316168785095,False,0.0,2088960,7.96875,128.0,False
shared_e2e_rep_projected,43,42,5,0.00016841544129420072,0.020135175436735153,0.4604918956756592,22.87002152638439,149,encoder_output_representation,0.00016841544129420072,3.1231247703544796e-06,3.1231247703544796e-06,0.020135175436735153,0.9209837913513184,0.9209837913513184,False,0.0,2350080,8.96484375,128.0,False
shared_e2e_rep_projected,43,42,5,-0.01636907272040844,0.022769322618842125,0.571650505065918,25.106170905271654,150,encoder_output_representation,-0.01636907272040844,-0.0004261228023096919,0.0,0.022769322618842125,1.143301010131836,1.1431478261947632,True,0.00013399124145507812,2088960,7.96875,128.0,False
shared_e2e_rep_projected,43,42,5,-0.01981603167951107,0.01972428895533085,0.24168850481510162,12.253344359456918,151,encoder_output_representation,-0.01981603167951107,-0.00018893135711550713,-6.366462912410498e-12,0.01972428895533085,0.48337700963020325,0.48328208923339844,True,0.0001963973045349121,2088960,7.96875,128.0,False
shared_e2e_rep_projected,43,42,5,-0.000729352526832372,0.016691356897354126,0.2683620750904083,16.077906472238244,152,encoder_output_representation,-0.000729352526832372,-6.534017302328721e-06,-2.546585164964199e-11,0.016691356897354126,0.5367241501808167,0.5367239713668823,True,3.5762786865234375e-07,2396160,9.140625,128.0,False
shared_e2e_rep_projected,43,42,5,-0.010103832930326462,0.025882871821522713,0.28760024905204773,11.111605042717704,153,encoder_output_representation,-0.010103832930326462,-0.0001504242536611855,-6.184563972055912e-11,0.025882871821522713,0.5752004981040955,0.5751711130142212,True,5.1081180572509766e-05,2088960,7.96875,128.0,False
shared_e2e_rep_projected,43,42,5,-0.013062944635748863,0.01905639097094536,0.3405316472053528,17.869682025549853,154,encoder_output_representation,-0.013062944635748863,-0.00016953884914983064,1.0913936421275139e-11,0.01905639097094536,0.6810632944107056,0.6810051798820496,True,8.535385131835938e-05,2088960,7.96875,128.0,False
shared_e2e_rep_projected,43,42,5,0.0044036447070539,0.01859821192920208,0.17457404732704163,9.386603830066765,155,encoder_output_representation,0.0044036447070539,2.8595199182746e-05,2.8595199182746e-05,0.01859821192920208,0.34914809465408325,0.34914809465408325,False,0.0,2088960,7.96875,128.0,False
shared_e2e_rep_projected,43,42,5,0.0007258625701069832,0.028083061799407005,0.5170022249221802,18.40975277607006,156,encoder_output_representation,0.0007258625701069832,2.107760519720614e-05,2.107760519720614e-05,0.028083061799407005,1.0340044498443604,1.0340044498443604,False,0.0,2350080,8.96484375,128.0,False
shared_e2e_rep_projected,43,42,5,0.007528777699917555,0.024516457691788673,0.33297261595726013,13.581595683326757,157,encoder_output_representation,0.007528777699917555,0.00012291947496123612,0.00012291947496123612,0.024516457691788673,0.6659452319145203,0.6659452319145203,False,0.0,2350080,8.96484375,128.0,False
shared_e2e_rep_projected,43,42,5,0.00445168511942029,0.025187788531184196,0.5262397527694702,20.892654077905632,158,encoder_output_representation,0.00445168511942029,0.00011801253276644275,0.00011801253276644275,0.025187788531184196,1.0524795055389404,1.0524795055389404,False,0.0,2088960,7.96875,128.0,False
shared_e2e_rep_projected,43,42,5,0.011003391817212105,0.019572628661990166,0.4269636571407318,21.81432369224327,159,encoder_output_representation,0.011003391817212105,0.00018390631885267794,0.00018390631885267794,0.019572628661990166,0.8539273142814636,0.8539273142814636,False,0.0,2088960,7.96875,128.0,False
shared_e2e_rep_projected,43,42,5,0.0047011165879666805,0.02378675900399685,0.2734944522380829,11.497760253598571,160,encoder_output_representation,0.0047011165879666805,6.116666918387637e-05,6.116666918387637e-05,0.02378675900399685,0.5469889044761658,0.5469889044761658,False,0.0,3276800,12.5,128.0,False
shared_e2e_rep_projected,43,42,5,0.01759633608162403,0.06310533732175827,0.38093534111976624,6.036499562271137,161,encoder_output_representation,0.01759633608162403,0.0008459985256195068,0.0008459985256195068,0.06310533732175827,0.7618706822395325,0.7618706822395325,False,0.0,2325504,8.87109375,128.0,False
shared_e2e_rep_projected,43,42,5,0.0023310550022870302,0.02016773633658886,0.46156206727027893,22.886161320589082,162,encoder_output_representation,0.0023310550022870302,4.339800580055453e-05,4.339800580055453e-05,0.02016773633658886,0.9231241345405579,0.9231241345405579,False,0.0,2350080,8.96484375,128.0,False
shared_e2e_rep_projected,43,42,5,0.003327729646116495,0.02066679112613201,0.3668038547039032,17.74846672931726,163,encoder_output_representation,0.003327729646116495,5.045276338933036e-05,5.045276338933036e-05,0.02066679112613201,0.7336077094078064,0.7336077094078064,False,0.0,2894848,11.04296875,128.0,False
shared_e2e_rep_projected,43,42,5,-0.0026701337192207575,0.0281242523342371,0.5749618411064148,20.44363115055984,164,encoder_output_representation,-0.0026701337192207575,-8.635410631541163e-05,-3.8198777474462986e-11,0.0281242523342371,1.1499236822128296,1.1499195098876953,True,3.635883331298828e-06,2785280,10.625,128.0,False
shared_e2e_rep_projected,43,42,5,-0.007132479455322027,0.020189549773931503,0.3646318018436432,18.06042264074909,165,encoder_output_representation,-0.007132479455322027,-0.00010501508950255811,-1.6370904631912708e-11,0.020189549773931503,0.7292636036872864,0.7292450666427612,True,2.5391578674316406e-05,2088960,7.96875,128.0,False
shared_e2e_rep_projected,43,42,5,0.007531843613833189,0.01653299666941166,0.25089624524116516,15.175485137873286,166,encoder_output_representation,0.007531843613833189,6.248518184293061e-05,6.248518184293061e-05,0.01653299666941166,0.5017924904823303,0.5017924904823303,False,0.0,2088960,7.96875,128.0,False
shared_e2e_rep_projected,43,42,5,-0.012949212454259396,0.04120916500687599,0.3817732632160187,9.264280485962711,167,encoder_output_representation,-0.012949212454259396,-0.00040744844591245055,-4.3655745685100555e-11,0.04120916500687599,0.7635465264320374,0.7634825706481934,True,8.374452590942383e-05,2611200,9.9609375,128.0,False
shared_e2e_rep_projected,43,42,5,0.00472464831545949,0.018181296065449715,0.2656858265399933,14.61314009647978,168,encoder_output_representation,0.00472464831545949,4.564494520309381e-05,4.564494520309381e-05,0.018181296065449715,0.5313716530799866,0.5313716530799866,False,0.0,2350080,8.96484375,128.0,False
shared_e2e_rep_projected,43,42,5,-0.002667129971086979,0.021008530631661415,0.24411308765411377,11.61971257933752,169,encoder_output_representation,-0.002667129971086979,-2.7356523787602782e-05,-2.4556356947869062e-11,0.021008530631661415,0.48822617530822754,0.48822441697120667,True,3.5762786865234375e-06,3194880,12.1875,128.0,False
shared_e2e_rep_projected,43,42,5,-0.0028630406595766544,0.036849889904260635,0.3949200510978699,10.716994056804731,170,encoder_output_representation,-0.0028630406595766544,-8.333029109053314e-05,-9.231371222995222e-11,0.036849889904260635,0.7898401021957397,0.7898368835449219,True,4.0531158447265625e-06,3558400,13.57421875,128.0,False
shared_e2e_rep_projected,43,42,5,-0.006974407006055117,0.014055495150387287,0.22119629383087158,15.737353359961617,171,encoder_output_representation,-0.006974407006055117,-4.3367188482079655e-05,-7.275957614183426e-12,0.014055495150387287,0.44239258766174316,0.4423817992210388,True,2.4378299713134766e-05,2903040,11.07421875,128.0,False
shared_e2e_rep_projected,43,42,5,0.01379295065999031,0.02388579770922661,0.24062806367874146,10.07410623702099,172,encoder_output_representation,0.01379295065999031,0.00015855254605412483,0.00015855254605412483,0.02388579770922661,0.4812561273574829,0.4812561273574829,False,0.0,2088960,7.96875,128.0,False
shared_e2e_rep_projected,43,42,5,0.00040846935007721186,0.01564761996269226,0.2230798453092575,14.2564713254242,173,encoder_output_representation,0.00040846935007721186,2.851662429748103e-06,2.851662429748103e-06,0.01564761996269226,0.446159690618515,0.446159690618515,False,0.0,2325504,8.87109375,128.0,False
shared_e2e_rep_projected,43,42,5,0.0003934812266379595,0.0240139439702034,0.34756195545196533,14.473339151753732,174,encoder_output_representation,0.0003934812266379595,6.568250682903454e-06,6.568250682903454e-06,0.0240139439702034,0.6951239109039307,0.6951239109039307,False,0.0,2396160,9.140625,128.0,False
shared_e2e_rep_projected,43,42,5,0.0009221272775903344,0.035206086933612823,0.632615327835083,17.968919097086502,175,encoder_output_representation,0.0009221272775903344,4.107507265871391e-05,4.107507265871391e-05,0.035206086933612823,1.265230655670166,1.265230655670166,False,0.0,2785280,10.625,128.0,False
shared_e2e_rep_projected,43,42,5,-0.0021986106876283884,0.03415202721953392,0.6661067008972168,19.50416286024228,176,encoder_output_representation,-0.0021986106876283884,-0.00010003193165175617,-1.6370904631912708e-11,0.03415202721953392,1.3322134017944336,1.3322101831436157,True,2.4437904357910156e-06,2350080,8.96484375,128.0,False
shared_e2e_rep_projected,43,42,5,0.005585688631981611,0.01745680160820484,0.14332906901836395,8.21049996644277,177,encoder_output_representation,0.005585688631981611,2.795153523038607e-05,2.795153523038607e-05,0.01745680160820484,0.2866581380367279,0.2866581380367279,False,0.0,2350080,8.96484375,128.0,False
shared_e2e_rep_projected,43,42,5,0.0012158480240032077,0.016993721947073936,0.23478639125823975,13.816066426735105,178,encoder_output_representation,0.0012158480240032077,9.702211173134856e-06,9.702211173134856e-06,0.016993721947073936,0.4695727825164795,0.4695727825164795,False,0.0,2396160,9.140625,128.0,False
shared_e2e_rep_projected,43,42,5,-0.0010581203969195485,0.029231630265712738,0.3982324004173279,13.623338718964124,179,encoder_output_representation,-0.0010581203969195485,-2.4635122827021405e-05,-1.4551915228366852e-11,0.029231630265712738,0.7964648008346558,0.7964643239974976,True,5.960464477539062e-07,3194880,12.1875,128.0,False
shared_e2e_rep_projected,43,42,5,0.0028581912629306316,0.015458199195563793,0.22279247641563416,14.41257636785864,180,encoder_output_representation,0.0028581912629306316,1.968705328181386e-05,1.968705328181386e-05,0.015458199195563793,0.4455849528312683,0.4455849528312683,False,0.0,2088960,7.96875,128.0,False
shared_e2e_rep_projected,43,42,5,0.015222493559122086,0.030120080336928368,0.33477655053138733,11.114729668265145,181,encoder_output_representation,0.015222493559122086,0.0003069919184781611,0.0003069919184781611,0.030120080336928368,0.6695531010627747,0.6695531010627747,False,0.0,2088960,7.96875,128.0,False
shared_e2e_rep_projected,43,42,5,0.0013217816594988108,0.026003941893577576,0.4733758270740509,18.204002647420342,182,encoder_output_representation,0.0013217816594988108,3.2541305699851364e-05,3.2541305699851364e-05,0.026003941893577576,0.9467516541481018,0.9467516541481018,False,0.0,2350080,8.96484375,128.0,False
shared_e2e_rep_projected,43,42,5,-0.000709721352905035,0.023885251954197884,0.42773377895355225,17.907861293394358,183,encoder_output_representation,-0.000709721352905035,-1.4501778423436917e-05,-2.000888343900442e-11,0.023885251954197884,0.8554675579071045,0.8554672598838806,True,3.5762786865234375e-07,2325504,8.87109375,128.0,False
shared_e2e_rep_projected,43,42,5,-0.00010019236651714891,0.05527329444885254,0.36887431144714355,6.67364439057425,184,encoder_output_representation,-0.00010019236651714891,-4.085623913852032e-06,-1.8417267710901797e-11,0.05527329444885254,0.7377486228942871,0.7377486824989319,True,-1.1920928955078125e-07,2350080,8.96484375,128.0,False
shared_e2e_rep_projected,43,42,5,0.0006253264145925641,0.055669430643320084,0.3924386501312256,7.0494460891044755,185,encoder_output_representation,0.0006253264145925641,2.7322807000018656e-05,2.7322807000018656e-05,0.055669430643320084,0.7848773002624512,0.7848773002624512,False,0.0,2088960,7.96875,128.0,False
shared_e2e_rep_projected,43,42,5,-0.005988696590065956,0.03779039531946182,0.5439578294754028,14.394076189916644,186,encoder_output_representation,-0.005988696590065956,-0.00024621185730211437,-2.9103830456733704e-11,0.03779039531946182,1.0879156589508057,1.0878961086273193,True,1.7940998077392578e-05,2088960,7.96875,128.0,False
shared_e2e_rep_projected,43,42,5,0.005959083326160908,0.03881250321865082,0.46452635526657104,11.968471928998108,187,encoder_output_representation,0.005959083326160908,0.00021487775666173548,0.00021487775666173548,0.03881250321865082,0.9290527105331421,0.9290527105331421,False,0.0,2350080,8.96484375,128.0,False
shared_e2e_rep_projected,43,42,5,-0.0009400329436175525,0.022304439917206764,0.4056011438369751,18.184771522734987,188,encoder_output_representation,-0.0009400329436175525,-1.700840402918402e-05,-9.322320693172514e-12,0.022304439917206764,0.8112022876739502,0.8112018704414368,True,5.364418029785156e-07,3194880,12.1875,128.0,False
shared_e2e_rep_projected,43,42,5,-0.0032488482538610697,0.031394604593515396,0.2846159338951111,9.065759469826192,189,encoder_output_representation,-0.0032488482538610697,-5.805955152027309e-05,-2.546585164964199e-11,0.031394604593515396,0.5692318677902222,0.5692288875579834,True,5.245208740234375e-06,2350080,8.96484375,128.0,False
shared_e2e_rep_projected,43,42,5,-0.01234341785311699,0.024426346644759178,0.6930620074272156,28.373543432698163,190,encoder_output_representation,-0.01234341785311699,-0.00041792276897467673,0.0,0.024426346644759178,1.3861240148544312,1.3860183954238892,True,7.617473602294922e-05,2396160,9.140625,128.0,False
shared_e2e_rep_projected,43,42,5,-4.70663835585583e-05,0.018845561891794205,0.30462896823883057,16.164493793707106,191,encoder_output_representation,-4.70663835585583e-05,-5.404071998782456e-07,-1.0913936421275139e-11,0.018845561891794205,0.6092579364776611,0.6092579364776611,True,0.0,2350080,8.96484375,128.0,False
shared_e2e_rep_projected,43,42,5,-0.012630654498934746,0.02949140965938568,0.45441734790802,15.408464809121156,192,encoder_output_representation,-0.012630654498934746,-0.00033853709464892745,0.0,0.02949140965938568,0.90883469581604,0.9087621569633484,True,7.981061935424805e-05,2088960,7.96875,128.0,False
shared_e2e_rep_projected,43,42,5,-0.0024192477576434612,0.025172919034957886,0.38652321696281433,15.354723718216615,193,encoder_output_representation,-0.0024192477576434612,-4.707816333393566e-05,-7.275957614183426e-12,0.025172919034957886,0.7730464339256287,0.7730441689491272,True,2.9206275939941406e-06,3133440,11.953125,128.0,False
shared_e2e_rep_projected,43,42,5,0.001291872700676322,0.036816664040088654,0.5652498006820679,15.35309663218218,194,encoder_output_representation,0.001291872700676322,5.376932313083671e-05,5.376932313083671e-05,0.036816664040088654,1.1304996013641357,1.1304996013641357,False,0.0,3594240,13.7109375,128.0,False
shared_e2e_rep_projected,43,42,5,0.006531961727887392,0.025065548717975616,0.47487661242485046,18.94539065423672,195,encoder_output_representation,0.006531961727887392,0.0001555004419060424,0.0001555004419060424,0.025065548717975616,0.9497532248497009,0.9497532248497009,False,0.0,2088960,7.96875,128.0,False
shared_e2e_rep_projected,43,42,5,0.007559062447398901,0.01775147020816803,0.28506335616111755,16.058577279416024,196,encoder_output_representation,0.007559062447398901,7.650215411558747e-05,7.650215411558747e-05,0.01775147020816803,0.5701267123222351,0.5701267123222351,False,0.0,2088960,7.96875,128.0,False
shared_e2e_rep_projected,43,42,5,-0.010390032082796097,0.027811281383037567,0.3449719548225403,12.404029504118526,197,encoder_output_representation,-0.010390032082796097,-0.00019936625903937966,-3.637978807091713e-11,0.027811281383037567,0.6899439096450806,0.6899067163467407,True,5.3882598876953125e-05,2088960,7.96875,128.0,False
shared_e2e_rep_projected,43,42,5,0.0022042107302695513,0.032713208347558975,0.7713651657104492,23.579624398656932,198,encoder_output_representation,0.0022042107302695513,0.00011124135198770091,0.00011124135198770091,0.032713208347558975,1.5427303314208984,1.5427303314208984,False,0.0,2548224,9.720703125,128.0,False
shared_e2e_rep_projected,43,42,5,0.0012828181497752666,0.009562179446220398,0.1084463819861412,11.341178294766927,199,encoder_output_representation,0.0012828181497752666,2.66052325059718e-06,2.66052325059718e-06,0.009562179446220398,0.2168927639722824,0.2168927639722824,False,0.0,2088960,7.96875,128.0,False
shared_e2e_rep_projected,43,42,6,-0.0016497981268912554,0.023955507203936577,0.30380016565322876,12.681850693743845,0,encoder_output_representation,-0.0016497981268912554,-2.4013428628677502e-05,-2.9103830456733704e-11,0.023955507203936577,0.6076003313064575,0.6075994968414307,True,1.3709068298339844e-06,2088960,7.96875,128.0,False
shared_e2e_rep_projected,43,42,6,0.0015415633097290993,0.024285947903990746,0.28594616055488586,11.774140407667526,1,encoder_output_representation,0.0015415633097290993,2.1410691260825843e-05,2.1410691260825843e-05,0.024285947903990746,0.5718923211097717,0.5718923211097717,False,0.0,3100672,11.828125,128.0,False
shared_e2e_rep_projected,43,42,6,0.008368542417883873,0.014200808480381966,0.18333394825458527,12.910106386397379,2,encoder_output_representation,0.008368542417883873,4.357484067440964e-05,4.357484067440964e-05,0.014200808480381966,0.36666789650917053,0.36666789650917053,False,0.0,2611200,9.9609375,128.0,False
shared_e2e_rep_projected,43,42,6,-0.0013756308471783996,0.030887849628925323,0.4466153383255005,14.459256429015435,3,encoder_output_representation,-0.0013756308471783996,-3.795362135861069e-05,-5.093170329928398e-11,0.030887849628925323,0.893230676651001,0.8932297825813293,True,1.0132789611816406e-06,2196480,8.37890625,128.0,False
shared_e2e_rep_projected,43,42,6,-0.002149414736777544,0.025852451100945473,0.28650256991386414,11.082220745536434,4,encoder_output_representation,-0.002149414736777544,-3.184054367011413e-05,-5.9117155615240335e-12,0.025852451100945473,0.5730051398277283,0.5730038285255432,True,2.2649765014648438e-06,2350080,8.96484375,128.0,False
shared_e2e_rep_projected,43,42,6,-0.0024131296668201685,0.02938312292098999,0.47109583020210266,16.032871368671735,5,encoder_output_representation,-0.0024131296668201685,-6.680637306999415e-05,-1.4551915228366852e-11,0.02938312292098999,0.9421916604042053,0.9421889185905457,True,2.9206275939941406e-06,2785280,10.625,128.0,False
shared_e2e_rep_projected,43,42,6,-0.005521843675523996,0.021513037383556366,0.4173290431499481,19.39888987823432,6,encoder_output_representation,-0.005521843675523996,-9.915039845509455e-05,-1.0913936421275139e-11,0.021513037383556366,0.8346580862998962,0.8346453905105591,True,1.519918441772461e-05,2785280,10.625,128.0,False
shared_e2e_rep_projected,43,42,6,9.975099237635732e-05,0.020252039656043053,0.36781197786331177,18.161725145228,7,encoder_output_representation,9.975099237635732e-05,1.4860788724035956e-06,1.4860788724035956e-06,0.020252039656043053,0.7356239557266235,0.7356239557266235,False,0.0,2088960,7.96875,128.0,False
shared_e2e_rep_projected,43,42,6,-0.003913849592208862,0.016307728365063667,0.2699059545993805,16.550800243742394,8,encoder_output_representation,-0.003913849592208862,-3.4454031265340745e-05,-1.2732925824820995e-11,0.016307728365063667,0.539811909198761,0.5398077964782715,True,7.62939453125e-06,2088960,7.96875,128.0,False
shared_e2e_rep_projected,43,42,6,0.0007478766492567956,0.024385975673794746,0.29418307542800903,12.063617193883253,9,encoder_output_representation,0.0007478766492567956,1.0730446774687152e-05,1.0730446774687152e-05,0.024385975673794746,0.5883661508560181,0.5883661508560181,False,0.0,2785280,10.625,128.0,False
shared_e2e_rep_projected,43,42,6,-0.0021811153274029493,0.0205177403986454,0.4541341960430145,22.1337334043371,10,encoder_output_representation,-0.0021811153274029493,-4.0646427805768326e-05,-1.0913936421275139e-11,0.0205177403986454,0.908268392086029,0.9082661867141724,True,2.4437904357910156e-06,2350080,8.96484375,128.0,False
shared_e2e_rep_projected,43,42,6,1.1368249943188857e-05,0.022141126915812492,0.5322752594947815,24.040116003067908,11,encoder_output_representation,1.1368249943188857e-05,2.6795359531206486e-07,2.6795359531206486e-07,0.022141126915812492,1.064550518989563,1.064550518989563,False,0.0,2088960,7.96875,128.0,False
shared_e2e_rep_projected,43,42,6,0.0012928344076499343,0.030773168429732323,0.6942751407623291,22.56105484710299,12,encoder_output_representation,0.0012928344076499343,5.52429337403737e-05,5.52429337403737e-05,0.030773168429732323,1.3885502815246582,1.3885502815246582,False,0.0,2088960,7.96875,128.0,False
shared_e2e_rep_projected,43,42,6,0.00327034923247993,0.04943237453699112,0.4697396755218506,9.502672690148358,13,encoder_output_representation,0.00327034923247993,0.0001518772915005684,0.0001518772915005684,0.04943237453699112,0.9394793510437012,0.9394793510437012,False,0.0,2350080,8.96484375,128.0,False
shared_e2e_rep_projected,43,42,6,-0.010577334091067314,0.01962033100426197,0.3321986198425293,16.931346355490557,14,encoder_output_representation,-0.010577334091067314,-0.00013788288924843073,3.637978807091713e-12,0.01962033100426197,0.6643972396850586,0.6643600463867188,True,5.59687614440918e-05,2350080,8.96484375,128.0,False
shared_e2e_rep_projected,43,42,6,-0.01068868674337864,0.030755959451198578,0.3264319598674774,10.61361653781073,15,encoder_output_representation,-0.01068868674337864,-0.00021462301083374768,-1.0186340659856796e-10,0.030755959451198578,0.6528639197349548,0.6528266668319702,True,5.704164505004883e-05,2350080,8.96484375,128.0,False
shared_e2e_rep_projected,43,42,6,0.0003681075759232044,0.021771099418401718,0.34571361541748047,15.879474379014175,16,encoder_output_representation,0.0003681075759232044,5.5411715038644616e-06,5.5411715038644616e-06,0.021771099418401718,0.6914272308349609,0.6914272308349609,False,0.0,3133440,11.953125,128.0,False
shared_e2e_rep_projected,43,42,6,0.0019022925989702344,0.03242320939898491,0.6791255474090576,20.94566083980321,17,encoder_output_representation,0.0019022925989702344,8.377479389309883e-05,8.377479389309883e-05,0.03242320939898491,1.3582510948181152,1.3582510948181152,False,0.0,3194880,12.1875,128.0,False
shared_e2e_rep_projected,43,42,6,0.00019842199981212616,0.03713519498705864,0.6067866086959839,16.33993328720759,18,encoder_output_representation,0.00019842199981212616,8.94214099389501e-06,8.94214099389501e-06,0.03713519498705864,1.2135732173919678,1.2135732173919678,False,0.0,2350080,8.96484375,128.0,False
shared_e2e_rep_projected,43,42,6,0.009294628165662289,0.038161858916282654,0.45023274421691895,11.797977273712329,19,encoder_output_representation,0.009294628165662289,0.00031939538894221187,0.00031939538894221187,0.038161858916282654,0.9004654884338379,0.9004654884338379,False,0.0,2396160,9.140625,128.0,False
shared_e2e_rep_projected,43,42,6,0.005704711657017469,0.018150927498936653,0.1872822642326355,10.318054779493067,20,encoder_output_representation,0.005704711657017469,3.8784586649853736e-05,3.8784586649853736e-05,0.018150927498936653,0.374564528465271,0.374564528465271,False,0.0,2350080,8.96484375,128.0,False
shared_e2e_rep_projected,43,42,6,-0.01289998646825552,0.024454738944768906,0.37934672832489014,15.512197009407696,21,encoder_output_representation,-0.01289998646825552,-0.00023934183991514146,-1.4551915228366852e-11,0.024454738944768906,0.7586934566497803,0.7586303353309631,True,8.320808410644531e-05,2088960,7.96875,128.0,False
shared_e2e_rep_projected,43,42,6,0.0022288390900939703,0.01640559360384941,0.29993757605552673,18.282640866170752,22,encoder_output_representation,0.0022288390900939703,2.1934691176284105e-05,2.1934691176284105e-05,0.01640559360384941,0.5998751521110535,0.5998751521110535,False,0.0,2785280,10.625,128.0,False
shared_e2e_rep_projected,43,42,6,-0.0003637041081674397,0.01901756413280964,0.2924787700176239,15.379402323825019,23,encoder_output_representation,-0.0003637041081674397,-4.0460145100951195e-06,-5.4569682106375694e-12,0.01901756413280964,0.5849575400352478,0.584957480430603,True,1.1920928955078125e-07,2580480,9.84375,128.0,False
shared_e2e_rep_projected,43,42,6,0.0006569123361259699,0.01726684719324112,0.2651151418685913,15.353998266247885,24,encoder_output_representation,0.0006569123361259699,6.014298833179055e-06,6.014298833179055e-06,0.01726684719324112,0.5302302837371826,0.5302302837371826,False,0.0,2088960,7.96875,128.0,False
shared_e2e_rep_projected,43,42,6,0.004796584602445364,0.02045060321688652,0.44726991653442383,21.870744436775492,25,encoder_output_representation,0.004796584602445364,8.77481434145011e-05,8.77481434145011e-05,0.02045060321688652,0.8945398330688477,0.8945398330688477,False,0.0,2350080,8.96484375,128.0,False
shared_e2e_rep_projected,43,42,6,0.0014108488103374839,0.03652704879641533,0.46383756399154663,12.698468101728121,26,encoder_output_representation,0.0014108488103374839,4.780694143846631e-05,4.780694143846631e-05,0.03652704879641533,0.9276751279830933,0.9276751279830933,False,0.0,2350080,8.96484375,128.0,False
shared_e2e_rep_projected,43,42,6,0.002679138910025358,0.038350217044353485,0.5024405121803284,13.101373366394167,27,encoder_output_representation,0.002679138910025358,0.000103247060906142,0.000103247060906142,0.038350217044353485,1.0048810243606567,1.0048810243606567,False,0.0,2785280,10.625,128.0,False
shared_e2e_rep_projected,43,42,6,-0.009019698947668076,0.02317162975668907,0.43521827459335327,18.78237651659856,28,encoder_output_representation,-0.009019698947668076,-0.0001819222088670358,-2.9103830456733704e-11,0.02317162975668907,0.8704365491867065,0.87040114402771,True,4.0650367736816406e-05,2531328,9.65625,128.0,False
shared_e2e_rep_projected,43,42,6,0.008535047993063927,0.01706019788980484,0.2145228534936905,12.574464544862588,29,encoder_output_representation,0.008535047993063927,6.247317651286721e-05,6.247317651286721e-05,0.01706019788980484,0.429045706987381,0.429045706987381,False,0.0,2785280,10.625,128.0,False
shared_e2e_rep_projected,43,42,6,-0.00018638909386936575,0.041093602776527405,0.7626960277557373,18.559969830423046,30,encoder_output_representation,-0.00018638909386936575,-1.1683587217703462e-05,-4.3655745685100555e-11,0.041093602776527405,1.5253920555114746,1.5253920555114746,True,0.0,2457600,9.375,128.0,False
shared_e2e_rep_projected,43,42,6,0.006981531623750925,0.010750996880233288,0.14982397854328156,13.935821971890526,31,encoder_output_representation,0.006981531623750925,2.249110366392415e-05,2.249110366392415e-05,0.010750996880233288,0.2996479570865631,0.2996479570865631,False,0.0,2088960,7.96875,128.0,False
shared_e2e_rep_projected,43,42,6,0.0009503617766313255,0.03028448112308979,0.5120382308959961,16.90761115618398,32,encoder_output_representation,0.0009503617766313255,2.9474163966369815e-05,2.9474163966369815e-05,0.03028448112308979,1.0240764617919922,1.0240764617919922,False,0.0,2396160,9.140625,128.0,False
shared_e2e_rep_projected,43,42,6,-0.006681846920400858,0.020562581717967987,0.350861132144928,17.063087551809637,33,encoder_output_representation,-0.006681846920400858,-9.641385258873925e-05,-3.2741809263825417e-11,0.020562581717967987,0.701722264289856,0.7017065286636353,True,2.2411346435546875e-05,2350080,8.96484375,128.0,False
shared_e2e_rep_projected,43,42,6,0.004766950849443674,0.020946746692061424,0.3211174011230469,15.330180187109756,34,encoder_output_representation,0.004766950849443674,6.412850052583963e-05,6.412850052583963e-05,0.020946746692061424,0.6422348022460938,0.6422348022460938,False,0.0,3481600,13.28125,128.0,False
shared_e2e_rep_projected,43,42,6,-0.009021158330142498,0.019523032009601593,0.30516040325164795,15.63078947478893,35,encoder_output_representation,-0.009021158330142498,-0.00010748992644948885,-1.0913936421275139e-11,0.019523032009601593,0.6103208065032959,0.6102959513664246,True,4.07099723815918e-05,3133440,11.953125,128.0,False
shared_e2e_rep_projected,43,42,6,0.008238718844950199,0.03337204456329346,0.4537205100059509,13.595825965814713,36,encoder_output_representation,0.008238718844950199,0.0002494944492354989,0.0002494944492354989,0.03337204456329346,0.9074410200119019,0.9074410200119019,False,0.0,2350080,8.96484375,128.0,False
shared_e2e_rep_projected,43,42,6,-0.0039984299801290035,0.026644380763173103,0.7043516635894775,26.435279913241853,37,encoder_output_representation,-0.0039984299801290035,-0.00015007719048298895,-2.9103830456733704e-11,0.026644380763173103,1.408703327178955,1.4086921215057373,True,7.927417755126953e-06,3202560,12.216796875,128.0,False
shared_e2e_rep_projected,43,42,6,-0.012406338937580585,0.030381733551621437,0.7540397644042969,24.818852522786827,38,encoder_output_representation,-0.012406338937580585,-0.0005684345378540456,-6.548361852765083e-11,0.030381733551621437,1.5080795288085938,1.5079635381698608,True,7.68899917602539e-05,2088960,7.96875,128.0,False
shared_e2e_rep_projected,43,42,6,0.003507504938170314,0.031483061611652374,0.4372929036617279,13.889783308110001,39,encoder_output_representation,0.003507504938170314,9.65778817771934e-05,9.65778817771934e-05,0.031483061611652374,0.8745858073234558,0.8745858073234558,False,0.0,3396096,12.955078125,128.0,False
shared_e2e_rep_projected,43,42,6,0.0012485774932429194,0.021166827529668808,0.3625960946083069,17.13039396669475,40,encoder_output_representation,0.0012485774932429194,1.9165687263011932e-05,1.9165687263011932e-05,0.021166827529668808,0.7251921892166138,0.7251921892166138,False,0.0,2785280,10.625,128.0,False
shared_e2e_rep_projected,43,42,6,0.0054693641141057014,0.04132002964615822,0.6289175152778625,15.220645306006864,41,encoder_output_representation,0.0054693641141057014,0.000284263544017449,0.000284263544017449,0.04132002964615822,1.257835030555725,1.257835030555725,False,0.0,2420736,9.234375,128.0,False
shared_e2e_rep_projected,43,42,6,-0.0031307542230933905,0.03279506042599678,0.7033012509346008,21.44534090801952,42,encoder_output_representation,-0.0031307542230933905,-0.00014442048268392682,-1.4551915228366852e-11,0.03279506042599678,1.4066025018692017,1.4065957069396973,True,4.827976226806641e-06,3594240,13.7109375,128.0,False
shared_e2e_rep_projected,43,42,6,-0.0060558742843568325,0.018805870786309242,0.35174569487571716,18.70403656776104,43,encoder_output_representation,-0.0060558742843568325,-8.011781028471887e-05,-2.091837814077735e-11,0.018805870786309242,0.7034913897514343,0.7034785151481628,True,1.8298625946044922e-05,2785280,10.625,128.0,False
shared_e2e_rep_projected,43,42,6,0.0017079907702282071,0.028168439865112305,0.6784548759460449,24.08563907674338,44,encoder_output_representation,0.0017079907702282071,6.528287485707551e-05,6.528287485707551e-05,0.028168439865112305,1.3569097518920898,1.3569097518920898,False,0.0,1935360,7.3828125,128.0,False
shared_e2e_rep_projected,43,42,6,-0.0014708745293319225,0.027639564126729965,0.5387845039367676,19.493234461527347,45,encoder_output_representation,-0.0014708745293319225,-4.380784594104625e-05,-1.4551915228366852e-11,0.027639564126729965,1.0775690078735352,1.0775679349899292,True,1.0132789611816406e-06,2396160,9.140625,128.0,False
shared_e2e_rep_projected,43,42,6,0.0009341348195448518,0.027154244482517242,0.594181478023529,21.881716444222256,46,encoder_output_representation,0.0009341348195448518,3.0143688491079956e-05,3.0143688491079956e-05,0.027154244482517242,1.188362956047058,1.188362956047058,False,0.0,2088960,7.96875,128.0,False
shared_e2e_rep_projected,43,42,6,-0.004520834423601627,0.022269152104854584,0.28418412804603577,12.761335802456744,47,encoder_output_representation,-0.004520834423601627,-5.722055720980279e-05,-9.094947017729282e-12,0.022269152104854584,0.5683682560920715,0.5683624148368835,True,1.0251998901367188e-05,2088960,7.96875,128.0,False
shared_e2e_rep_projected,43,42,6,0.0056843385100364685,0.027773108333349228,0.35210487246513367,12.677906564831106,48,encoder_output_representation,0.0056843385100364685,0.00011117482790723443,0.00011117482790723443,0.027773108333349228,0.7042097449302673,0.7042097449302673,False,0.0,2350080,8.96484375,128.0,False
shared_e2e_rep_projected,43,42,6,-0.008413102477788925,0.022268451750278473,0.4607544541358948,20.690906548100404,49,encoder_output_representation,-0.008413102477788925,-0.00017264172493014485,-4.3655745685100555e-11,0.022268451750278473,0.9215089082717896,0.9214763045310974,True,3.540515899658203e-05,2396160,9.140625,128.0,False
shared_e2e_rep_projected,43,42,6,0.0020569146145135164,0.017693698406219482,0.3637990653514862,20.560939663332782,50,encoder_output_representation,0.0020569146145135164,2.6480516680749133e-05,2.6480516680749133e-05,0.017693698406219482,0.7275981307029724,0.7275981307029724,False,0.0,2350080,8.96484375,128.0,False
shared_e2e_rep_projected,43,42,6,0.0015644714003428817,0.029152708128094673,0.29242363572120667,10.030753727452028,51,encoder_output_representation,0.0015644714003428817,2.6674053515307605e-05,2.6674053515307605e-05,0.029152708128094673,0.5848472714424133,0.5848472714424133,False,0.0,2813440,10.732421875,128.0,False
shared_e2e_rep_projected,43,42,6,-0.004895707126706839,0.01963888667523861,0.2428228110074997,12.364387809908752,52,encoder_output_representation,-0.004895707126706839,-4.669299960369244e-05,-3.637978807091713e-12,0.01963888667523861,0.4856456220149994,0.4856397807598114,True,1.2040138244628906e-05,3194880,12.1875,128.0,False
shared_e2e_rep_projected,43,42,6,-0.0029312814585864544,0.025852510705590248,0.39738279581069946,15.371149066955843,53,encoder_output_representation,-0.0029312814585864544,-6.022812158335e-05,-5.4569682106375694e-11,0.025852510705590248,0.7947655916213989,0.7947621941566467,True,4.291534423828125e-06,2350080,8.96484375,128.0,False
shared_e2e_rep_projected,43,42,6,-0.007440325804054737,0.027600569650530815,0.40819206833839417,14.789262450260471,54,encoder_output_representation,-0.007440325804054737,-0.00016765038890298456,-2.9103830456733704e-11,0.027600569650530815,0.8163841366767883,0.8163614869117737,True,2.771615982055664e-05,3133440,11.953125,128.0,False
shared_e2e_rep_projected,43,42,6,0.010813932865858078,0.02067393623292446,0.25637903809547424,12.401075209237394,55,encoder_output_representation,0.010813932865858078,0.00011463556438684464,0.00011463556438684464,0.02067393623292446,0.5127580761909485,0.5127580761909485,False,0.0,2088960,7.96875,128.0,False
shared_e2e_rep_projected,43,42,6,0.0078018284402787685,0.01933690719306469,0.4818180501461029,24.917017252837113,56,encoder_output_representation,0.0078018284402787685,0.0001453772565582767,0.0001453772565582767,0.01933690719306469,0.9636361002922058,0.9636361002922058,False,0.0,2611200,9.9609375,128.0,False
shared_e2e_rep_projected,43,42,6,-0.0053033046424388885,0.026518061757087708,0.3580819070339203,13.503321257565617,57,encoder_output_representation,-0.0053033046424388885,-0.00010071652650367469,-5.820766091346741e-11,0.026518061757087708,0.7161638140678406,0.7161537408828735,True,1.4066696166992188e-05,3133440,11.953125,128.0,False
shared_e2e_rep_projected,43,42,6,0.0017262408509850502,0.024682408198714256,0.48679912090301514,19.722513175532573,58,encoder_output_representation,0.0017262408509850502,4.148286097915843e-05,4.148286097915843e-05,0.024682408198714256,0.9735982418060303,0.9735982418060303,False,0.0,2396160,9.140625,128.0,False
shared_e2e_rep_projected,43,42,6,-0.011000766418874264,0.020554985851049423,0.49155476689338684,23.914137934971667,59,encoder_output_representation,-0.011000766418874264,-0.00022230131435208023,7.275957614183426e-12,0.020554985851049423,0.9831095337867737,0.9830499887466431,True,6.0558319091796875e-05,2350080,8.96484375,128.0,False
shared_e2e_rep_projected,43,42,6,0.002625065390020609,0.013183600269258022,0.12736177444458008,9.660621669603158,60,encoder_output_representation,0.002625065390020609,8.815424735075794e-06,8.815424735075794e-06,0.013183600269258022,0.25472354888916016,0.25472354888916016,False,0.0,3133440,11.953125,128.0,False
shared_e2e_rep_projected,43,42,6,-0.011253123171627522,0.01878482475876808,0.32186049222946167,17.134069461000895,61,encoder_output_representation,-0.011253123171627522,-0.00013607485743705183,-2.1827872842550278e-11,0.01878482475876808,0.6437209844589233,0.643680214881897,True,6.335973739624023e-05,2325504,8.87109375,128.0,False
shared_e2e_rep_projected,43,42,6,0.0035925579722970724,0.021862443536520004,0.3481392562389374,15.924078004244585,62,encoder_output_representation,0.0035925579722970724,5.468717063195072e-05,5.468717063195072e-05,0.021862443536520004,0.6962785124778748,0.6962785124778748,False,0.0,3133440,11.953125,128.0,False
shared_e2e_rep_projected,43,42,6,0.0008870410383678973,0.024037282913923264,0.3177480399608612,13.218966598625423,63,encoder_output_representation,0.0008870410383678973,1.3550083167501725e-05,1.3550083167501725e-05,0.024037282913923264,0.6354960799217224,0.6354960799217224,False,0.0,2396160,9.140625,128.0,False
shared_e2e_rep_projected,43,42,6,-0.0001094554245355539,0.028534263372421265,0.5079613924026489,17.801805000986995,64,encoder_output_representation,-0.0001094554245355539,-3.172960532538127e-06,-2.2737367544323206e-12,0.028534263372421265,1.0159227848052979,1.0159227848052979,True,0.0,2088960,7.96875,128.0,False
shared_e2e_rep_projected,43,42,6,0.0007661012350581586,0.0291396826505661,0.7166774272918701,24.594551556584886,65,encoder_output_representation,0.0007661012350581586,3.1998137274058536e-05,3.1998137274058536e-05,0.0291396826505661,1.4333548545837402,1.4333548545837402,False,0.0,2649600,10.107421875,128.0,False
shared_e2e_rep_projected,43,42,6,0.002223251387476921,0.019861292093992233,0.23306237161159515,11.734501990537328,66,encoder_output_representation,0.002223251387476921,2.0582505385391414e-05,2.0582505385391414e-05,0.019861292093992233,0.4661247432231903,0.4661247432231903,False,0.0,3018752,11.515625,128.0,False
shared_e2e_rep_projected,43,42,6,-0.000926657288800925,0.034221213310956955,0.6961184740066528,20.341723938343517,67,encoder_output_representation,-0.000926657288800925,-4.414969589561224e-05,-5.4569682106375694e-11,0.034221213310956955,1.3922369480133057,1.392236351966858,True,4.172325134277344e-07,3227648,12.3125,128.0,False
shared_e2e_rep_projected,43,42,6,-0.002185226883739233,0.022561872377991676,0.23978424072265625,10.6278520109243,68,encoder_output_representation,-0.002185226883739233,-2.3644075554329902e-05,-1.6370904631912708e-11,0.022561872377991676,0.4795684814453125,0.47956734895706177,True,2.384185791015625e-06,2670592,10.1875,128.0,False
shared_e2e_rep_projected,43,42,6,-0.0026105076540261507,0.02982441335916519,0.5506029725074768,18.461485423929513,69,encoder_output_representation,-0.0026105076540261507,-8.573643572162837e-05,-1.4551915228366852e-11,0.02982441335916519,1.1012059450149536,1.101202130317688,True,3.4570693969726562e-06,2350080,8.96484375,128.0,False
shared_e2e_rep_projected,43,42,6,-0.009643351659178734,0.0234577227383852,0.3104785084724426,13.235662810712187,70,encoder_output_representation,-0.009643351659178734,-0.00014046735304873437,-3.092281986027956e-11,0.0234577227383852,0.6209570169448853,0.620928168296814,True,4.64320182800293e-05,3133440,11.953125,128.0,False
shared_e2e_rep_projected,43,42,6,0.002342077437788248,0.014594504609704018,0.23037365078926086,15.784958582018835,71,encoder_output_representation,0.002342077437788248,1.5749015801702626e-05,1.5749015801702626e-05,0.014594504609704018,0.46074730157852173,0.46074730157852173,False,0.0,2396160,9.140625,128.0,False
shared_e2e_rep_projected,43,42,6,0.005904603749513626,0.028780622407794,0.2992992401123047,10.399331740346668,72,encoder_output_representation,0.005904603749513626,0.00010172473412239924,0.00010172473412239924,0.028780622407794,0.5985984802246094,0.5985984802246094,False,0.0,2785280,10.625,128.0,False
shared_e2e_rep_projected,43,42,6,0.0014540597330778837,0.023563861846923828,0.30371788144111633,12.889138606147682,73,encoder_output_representation,0.0014540597330778837,2.0812731236219406e-05,2.0812731236219406e-05,0.023563861846923828,0.6074357628822327,0.6074357628822327,False,0.0,2396160,9.140625,128.0,False
shared_e2e_rep_projected,43,42,6,0.010245547629892826,0.045511338859796524,0.5072655081748962,11.145914861735715,74,encoder_output_representation,0.010245547629892826,0.0004730642249342054,0.0004730642249342054,0.045511338859796524,1.0145310163497925,1.0145310163497925,False,0.0,2350080,8.96484375,128.0,False
shared_e2e_rep_projected,43,42,6,0.004198398906737566,0.03869999200105667,0.4749857783317566,12.273536860648123,75,encoder_output_representation,0.004198398906737566,0.00015434948727488518,0.00015434948727488518,0.03869999200105667,0.9499715566635132,0.9499715566635132,False,0.0,2350080,8.96484375,128.0,False
shared_e2e_rep_projected,43,42,6,0.0017700825119391084,0.01913776993751526,0.431589275598526,22.551701530934025,76,encoder_output_representation,0.0017700825119391084,2.924054570030421e-05,2.924054570030421e-05,0.01913776993751526,0.863178551197052,0.863178551197052,False,0.0,2350080,8.96484375,128.0,False
shared_e2e_rep_projected,43,42,6,0.0010153244948014617,0.03115125000476837,0.35965994000434875,11.545602181270255,77,encoder_output_representation,0.0010153244948014617,2.2751100914319977e-05,2.2751100914319977e-05,0.03115125000476837,0.7193198800086975,0.7193198800086975,False,0.0,3133440,11.953125,128.0,False
shared_e2e_rep_projected,43,42,6,0.012657951563596725,0.029933087527751923,0.535911500453949,17.903649262946505,78,encoder_output_representation,0.012657951563596725,0.0004061046929564327,0.0004061046929564327,0.029933087527751923,1.071823000907898,1.071823000907898,False,0.0,3133440,11.953125,128.0,False
shared_e2e_rep_projected,43,42,6,0.0018950477242469788,0.02732905000448227,0.32005515694618225,11.711170234372934,79,encoder_output_representation,0.0018950477242469788,3.3151220122817904e-05,3.3151220122817904e-05,0.02732905000448227,0.6401103138923645,0.6401103138923645,False,0.0,2325504,8.87109375,128.0,False
shared_e2e_rep_projected,43,42,6,-0.013317250646650791,0.025899836793541908,0.3430362641811371,13.244726865100276,80,encoder_output_representation,-0.013317250646650791,-0.0002366364496992901,-3.637978807091713e-11,0.025899836793541908,0.6860725283622742,0.6860116720199585,True,8.869171142578125e-05,2088960,7.96875,128.0,False
shared_e2e_rep_projected,43,42,6,0.014318659901618958,0.024780234321951866,0.48470768332481384,19.560254234377023,81,encoder_output_representation,0.014318659901618958,0.0003439677238930017,0.0003439677238930017,0.024780234321951866,0.9694153666496277,0.9694153666496277,False,0.0,2350080,8.96484375,128.0,False
shared_e2e_rep_projected,43,42,6,-0.001911106868647039,0.03109031170606613,0.6044631600379944,19.442171109531063,82,encoder_output_representation,-0.001911106868647039,-7.183066190918908e-05,-1.4551915228366852e-11,0.03109031170606613,1.2089263200759888,1.2089241743087769,True,1.7881393432617188e-06,2350080,8.96484375,128.0,False
shared_e2e_rep_projected,43,42,6,0.01091171894222498,0.021399803459644318,0.29544541239738464,13.80598718836529,83,encoder_output_representation,0.01091171894222498,0.00013797811698168516,0.00013797811698168516,0.021399803459644318,0.5908908247947693,0.5908908247947693,False,0.0,2350080,8.96484375,128.0,False
shared_e2e_rep_projected,43,42,6,0.02015281468629837,0.026350000873208046,0.4905472695827484,18.616594054139988,84,encoder_output_representation,0.02015281468629837,0.0005209873779676855,0.0005209873779676855,0.026350000873208046,0.9810945391654968,0.9810945391654968,False,0.0,2350080,8.96484375,128.0,False
shared_e2e_rep_projected,43,42,6,0.0009444052120670676,0.029604772105813026,0.5624040961265564,18.997075678083867,85,encoder_output_representation,0.0009444052120670676,3.144840229651891e-05,3.144840229651891e-05,0.029604772105813026,1.1248081922531128,1.1248081922531128,False,0.0,2482176,9.46875,128.0,False
shared_e2e_rep_projected,43,42,6,-0.0018209844129160047,0.028461776673793793,0.4850812554359436,17.04325281571697,86,encoder_output_representation,-0.0018209844129160047,-5.0282018491998315e-05,-2.546585164964199e-11,0.028461776673793793,0.9701625108718872,0.970160961151123,True,1.6093254089355469e-06,2350080,8.96484375,128.0,False
shared_e2e_rep_projected,43,42,6,-0.0015764851123094559,0.03349992260336876,0.5185051560401917,15.477801611041652,87,encoder_output_representation,-0.0015764851123094559,-5.4766722314525396e-05,-7.275957614183426e-11,0.03349992260336876,1.0370103120803833,1.0370090007781982,True,1.2516975402832031e-06,2611200,9.9609375,128.0,False
shared_e2e_rep_projected,43,42,6,-0.005802747793495655,0.020289506763219833,0.2675395607948303,13.186104714966135,88,encoder_output_representation,-0.005802747793495655,-6.299748201854527e-05,-2.1827872842550278e-11,0.020289506763219833,0.5350791215896606,0.5350701212882996,True,1.6808509826660156e-05,2396160,9.140625,128.0,False
shared_e2e_rep_projected,43,42,6,-0.02080799639225006,0.02410924807190895,0.3634149134159088,15.0736726559027,89,encoder_output_representation,-0.02080799639225006,-0.0003646251861937344,-4.3655745685100555e-11,0.02410924807190895,0.7268298268318176,0.7266724109649658,True,0.00021660327911376953,2350080,8.96484375,128.0,False
shared_e2e_rep_projected,43,42,6,-0.008865462616086006,0.01766059547662735,0.2439887374639511,13.815430956835762,90,encoder_output_representation,-0.008865462616086006,-7.640232070116326e-05,-1.8189894035458565e-11,0.01766059547662735,0.4879774749279022,0.48795831203460693,True,3.927946090698242e-05,2355200,8.984375,128.0,False
shared_e2e_rep_projected,43,42,6,-0.007688744924962521,0.01753620058298111,0.34532609581947327,19.692184415055813,91,encoder_output_representation,-0.007688744924962521,-9.312158363172784e-05,-1.8189894035458565e-11,0.01753620058298111,0.6906521916389465,0.6906317472457886,True,2.962350845336914e-05,2325504,8.87109375,128.0,False
shared_e2e_rep_projected,43,42,6,-0.004015058279037476,0.022868797183036804,0.32411980628967285,14.173015034218436,92,encoder_output_representation,-0.004015058279037476,-5.9521073126234114e-05,-4.001776687800884e-11,0.022868797183036804,0.6482396125793457,0.6482343673706055,True,8.106231689453125e-06,2350080,8.96484375,128.0,False
shared_e2e_rep_projected,43,42,6,0.0016723289154469967,0.020664453506469727,0.32339122891426086,15.649638584103469,93,encoder_output_representation,0.0016723289154469967,2.235135434602853e-05,2.235135434602853e-05,0.020664453506469727,0.6467824578285217,0.6467824578285217,False,0.0,2088960,7.96875,128.0,False
shared_e2e_rep_projected,43,42,6,0.0006975120049901307,0.03354494273662567,0.5935523509979248,17.694242487105555,94,encoder_output_representation,0.0006975120049901307,2.777587724267505e-05,2.777587724267505e-05,0.03354494273662567,1.1871047019958496,1.1871047019958496,False,0.0,3133440,11.953125,128.0,False
shared_e2e_rep_projected,43,42,6,0.005228671245276928,0.023083362728357315,0.45729243755340576,19.810477482625778,95,encoder_output_representation,0.005228671245276928,0.00011038611410185695,0.00011038611410185695,0.023083362728357315,0.9145848751068115,0.9145848751068115,False,0.0,2088960,7.96875,128.0,False
shared_e2e_rep_projected,43,42,6,0.012992137111723423,0.029239453375339508,0.26680031418800354,9.124668329573574,96,encoder_output_representation,0.012992137111723423,0.00020270580716896802,0.00020270580716896802,0.029239453375339508,0.5336006283760071,0.5336006283760071,False,0.0,2350080,8.96484375,128.0,False
shared_e2e_rep_projected,43,42,6,-0.010323908179998398,0.02446308545768261,0.3048950135707855,12.46347334632858,97,encoder_output_representation,-0.010323908179998398,-0.00015400530537590384,-4.3655745685100555e-11,0.02446308545768261,0.609790027141571,0.6097575426101685,True,5.328655242919922e-05,2088960,7.96875,128.0,False
shared_e2e_rep_projected,43,42,6,0.001265567960217595,0.04207988828420639,0.4972342550754547,11.816434770861283,98,encoder_output_representation,0.001265567960217595,5.29603821632918e-05,5.29603821632918e-05,0.04207988828420639,0.9944685101509094,0.9944685101509094,False,0.0,2396160,9.140625,128.0,False
shared_e2e_rep_projected,43,42,6,0.011122346855700016,0.029523085802793503,0.4720214009284973,15.98821356552892,99,encoder_output_representation,0.011122346855700016,0.00030999156297184527,0.00030999156297184527,0.029523085802793503,0.9440428018569946,0.9440428018569946,False,0.0,2350080,8.96484375,128.0,False
shared_e2e_rep_projected,43,42,6,-0.007255604024976492,0.06041090935468674,0.5955893397331238,9.85896994591288,100,encoder_output_representation,-0.007255604024976492,-0.0005221146275289357,-1.382431946694851e-10,0.06041090935468674,1.1911786794662476,1.1911474466323853,True,2.6226043701171875e-05,3100672,11.828125,128.0,False
shared_e2e_rep_projected,43,42,6,-0.0007288304041139781,0.01752086728811264,0.2094646692276001,11.955154147518446,101,encoder_output_representation,-0.0007288304041139781,-5.349618731997907e-06,-8.185452315956354e-12,0.01752086728811264,0.4189293384552002,0.41892924904823303,True,2.384185791015625e-07,2396160,9.140625,128.0,False
shared_e2e_rep_projected,43,42,6,0.04509264975786209,0.02694564126431942,0.45883432030677795,17.028146252149213,102,encoder_output_representation,0.04509264975786209,0.001115013612434268,0.001115013612434268,0.02694564126431942,0.9176686406135559,0.9176686406135559,False,0.0,2350080,8.96484375,128.0,False
shared_e2e_rep_projected,43,42,6,0.011926316656172276,0.022626928985118866,0.5216649174690247,23.05504727628349,103,encoder_output_representation,0.011926316656172276,0.0002815487387124449,0.0002815487387124449,0.022626928985118866,1.0433298349380493,1.0433298349380493,False,0.0,2088960,7.96875,128.0,False
shared_e2e_rep_projected,43,42,6,-4.899338455288671e-05,0.030606817454099655,0.4160497486591339,13.59336851285091,104,encoder_output_representation,-4.899338455288671e-05,-1.2477594282245263e-06,-3.865352482534945e-12,0.030606817454099655,0.8320994973182678,0.8320994973182678,True,0.0,2785280,10.625,128.0,False
shared_e2e_rep_projected,43,42,6,-0.007021643221378326,0.02530401200056076,0.5216823816299438,20.616587662793666,105,encoder_output_representation,-0.007021643221378326,-0.00018538061704020947,-4.3655745685100555e-11,0.02530401200056076,1.0433647632598877,1.0433388948440552,True,2.47955322265625e-05,2396160,9.140625,128.0,False
shared_e2e_rep_projected,43,42,6,0.0025404817424714565,0.01527582947164774,0.3687450587749481,24.13911856369873,106,encoder_output_representation,0.0025404817424714565,2.8620490411412902e-05,2.8620490411412902e-05,0.01527582947164774,0.7374901175498962,0.7374901175498962,False,0.0,2088960,7.96875,128.0,False
shared_e2e_rep_projected,43,42,6,-0.0008427637512795627,0.021035948768258095,0.4689473807811737,22.29266604265482,107,encoder_output_representation,-0.0008427637512795627,-1.662731301621534e-05,-5.4569682106375694e-12,0.021035948768258095,0.9378947615623474,0.9378944635391235,True,2.980232238769531e-07,2088960,7.96875,128.0,False
shared_e2e_rep_projected,43,42,6,-0.0214566458016634,0.04298843443393707,0.5502703785896301,12.800428436984927,108,encoder_output_representation,-0.0214566458016634,-0.001015125191770494,-2.1827872842550278e-10,0.04298843443393707,1.1005407571792603,1.1002874374389648,True,0.0002301931381225586,2549760,9.7265625,128.0,False
shared_e2e_rep_projected,43,42,6,-0.003397479187697172,0.04732287675142288,0.3517361879348755,7.432688206646263,109,encoder_output_representation,-0.003397479187697172,-0.00011310323316138238,-2.546585164964199e-11,0.04732287675142288,0.703472375869751,0.7034682631492615,True,5.841255187988281e-06,2611200,9.9609375,128.0,False
shared_e2e_rep_projected,43,42,6,4.8114896344486624e-05,0.021887749433517456,0.2870703637599945,13.11557246358065,110,encoder_output_representation,4.8114896344486624e-05,6.04642991675064e-07,6.04642991675064e-07,0.021887749433517456,0.574140727519989,0.574140727519989,False,0.0,2785280,10.625,128.0,False
shared_e2e_rep_projected,43,42,6,0.0024049910716712475,0.027021344751119614,0.32632046937942505,12.076396359433746,111,encoder_output_representation,0.0024049910716712475,4.241258284309879e-05,4.241258284309879e-05,0.027021344751119614,0.6526409387588501,0.6526409387588501,False,0.0,2785280,10.625,128.0,False
shared_e2e_rep_projected,43,42,6,-0.0024825939908623695,0.015620501711964607,0.3215455710887909,20.58484272899515,112,encoder_output_representation,-0.0024825939908623695,-2.4938664864748716e-05,-4.547473508864641e-13,0.015620501711964607,0.6430911421775818,0.6430891752243042,True,3.039836883544922e-06,2088960,7.96875,128.0,False
shared_e2e_rep_projected,43,42,6,-0.004338540136814117,0.01677834428846836,0.34033849835395813,20.2843911474549,113,encoder_output_representation,-0.004338540136814117,-4.954887481289916e-05,-6.366462912410498e-12,0.01677834428846836,0.6806769967079163,0.6806705594062805,True,9.47713851928711e-06,2785280,10.625,128.0,False
shared_e2e_rep_projected,43,42,6,-0.0009790246840566397,0.018599048256874084,0.26801514625549316,14.410153818297479,114,encoder_output_representation,-0.0009790246840566397,-9.760537068359554e-06,-1.0913936421275139e-11,0.018599048256874084,0.5360302925109863,0.5360299944877625,True,5.364418029785156e-07,2420736,9.234375,128.0,False
shared_e2e_rep_projected,43,42,6,-0.009625148959457874,0.014139378443360329,0.2683493196964264,18.978862527188372,115,encoder_output_representation,-0.009625148959457874,-7.304126484086737e-05,-2.7284841053187847e-11,0.014139378443360329,0.5366986393928528,0.5366737842559814,True,4.6312808990478516e-05,2088960,7.96875,128.0,False
shared_e2e_rep_projected,43,42,6,0.013330948539078236,0.04383597522974014,0.5938459634780884,13.547000160616905,116,encoder_output_representation,0.013330948539078236,0.00069405761314556,0.00069405761314556,0.04383597522974014,1.1876919269561768,1.1876919269561768,False,0.0,3349504,12.77734375,128.0,False
shared_e2e_rep_projected,43,42,6,0.0008381021907553077,0.04454166814684868,0.7389519810676575,16.590128116248792,117,encoder_output_representation,0.0008381021907553077,5.5170850828289986e-05,5.5170850828289986e-05,0.04454166814684868,1.477903962135315,1.477903962135315,False,0.0,2265088,8.640625,128.0,False
shared_e2e_rep_projected,43,42,6,-0.0005412948084995151,0.018522867932915688,0.19011718034744263,10.263917069213603,118,encoder_output_representation,-0.0005412948084995151,-3.8123562262626365e-06,-8.185452315956354e-12,0.018522867932915688,0.38023436069488525,0.3802343010902405,True,1.7881393432617188e-07,2088960,7.96875,128.0,False
shared_e2e_rep_projected,43,42,6,-0.0025483209174126387,0.028541794046759605,0.35206860303878784,12.335195274060172,119,encoder_output_representation,-0.0025483209174126387,-5.12144724780228e-05,-1.4551915228366852e-11,0.028541794046759605,0.7041372060775757,0.7041349411010742,True,3.2186508178710938e-06,2611200,9.9609375,128.0,False
shared_e2e_rep_projected,43,42,6,0.012396617792546749,0.02693961188197136,0.24357694387435913,9.041590685921006,120,encoder_output_representation,0.012396617792546749,0.0001626899465918541,0.0001626899465918541,0.02693961188197136,0.48715388774871826,0.48715388774871826,False,0.0,2002944,7.640625,128.0,False
shared_e2e_rep_projected,43,42,6,-0.0010695948731154203,0.035559527575969696,0.5563663244247437,15.646055005542962,121,encoder_output_representation,-0.0010695948731154203,-4.2321997170802206e-05,-1.4551915228366852e-11,0.035559527575969696,1.1127326488494873,1.1127320528030396,True,5.364418029785156e-07,2350080,8.96484375,128.0,False
shared_e2e_rep_projected,43,42,6,-0.005543498322367668,0.020856622606515884,0.220474511384964,10.570959428305752,122,encoder_output_representation,-0.005543498322367668,-5.098192923469469e-05,-1.4551915228366852e-11,0.020856622606515884,0.440949022769928,0.44094225764274597,True,1.531839370727539e-05,2088960,7.96875,128.0,False
shared_e2e_rep_projected,43,42,6,-0.0012072724057361484,0.02900979109108448,0.6362675428390503,21.932855043364757,123,encoder_output_representation,-0.0012072724057361484,-4.4567641452886164e-05,-6.366462912410498e-12,0.02900979109108448,1.2725350856781006,1.2725340127944946,True,8.344650268554688e-07,2703360,10.3125,128.0,False
shared_e2e_rep_projected,43,42,6,0.005472708493471146,0.034500300884246826,0.8191149830818176,23.74225621480981,124,encoder_output_representation,0.005472708493471146,0.00030931434594094753,0.00030931434594094753,0.034500300884246826,1.6382299661636353,1.6382299661636353,False,0.0,2396160,9.140625,128.0,False
shared_e2e_rep_projected,43,42,6,-6.843492883490399e-05,0.025117700919508934,0.3628353476524353,14.445404410824116,125,encoder_output_representation,-6.843492883490399e-05,-1.2473756214603782e-06,-1.8189894035458565e-11,0.025117700919508934,0.7256706953048706,0.7256706953048706,True,0.0,2350080,8.96484375,128.0,False
shared_e2e_rep_projected,43,42,6,-0.0031343670561909676,0.025609014555811882,0.530933678150177,20.732296316715683,126,encoder_output_representation,-0.0031343670561909676,-8.523402357241139e-05,-1.8189894035458565e-11,0.025609014555811882,1.061867356300354,1.0618621110916138,True,4.947185516357422e-06,3133440,11.953125,128.0,False
shared_e2e_rep_projected,43,42,6,-0.0010331487283110619,0.033953625708818436,0.5061830878257751,14.908071737808822,127,encoder_output_representation,-0.0010331487283110619,-3.551294139469974e-05,-4.547473508864641e-12,0.033953625708818436,1.0123661756515503,1.012365698814392,True,4.76837158203125e-07,3133440,11.953125,128.0,False
shared_e2e_rep_projected,43,42,6,0.006970526650547981,0.03022204153239727,0.5925433039665222,19.606329484106183,128,encoder_output_representation,0.006970526650547981,0.0002496545494068414,0.0002496545494068414,0.03022204153239727,1.1850866079330444,1.1850866079330444,False,0.0,2350080,8.96484375,128.0,False
shared_e2e_rep_projected,43,42,6,-0.004849307704716921,0.021072620525956154,0.2457084059715271,11.660078330973422,129,encoder_output_representation,-0.004849307704716921,-5.021671677241102e-05,-5.093170329928398e-11,0.021072620525956154,0.4914168119430542,0.491411030292511,True,1.1742115020751953e-05,2088960,7.96875,128.0,False
shared_e2e_rep_projected,43,42,6,0.00018828865722753108,0.02507050149142742,0.3058851957321167,12.201000280617071,130,encoder_output_representation,0.00018828865722753108,2.8878566808998585e-06,2.8878566808998585e-06,0.02507050149142742,0.6117703914642334,0.6117703914642334,False,0.0,2785280,10.625,128.0,False
shared_e2e_rep_projected,43,42,6,-0.011328417807817459,0.02903936803340912,0.35899126529693604,12.362227197366172,131,encoder_output_representation,-0.011328417807817459,-0.0002361947699682787,5.820766091346741e-11,0.02903936803340912,0.7179825305938721,0.7179364562034607,True,6.41942024230957e-05,3133440,11.953125,128.0,False
shared_e2e_rep_projected,43,42,6,0.001106122974306345,0.014683631248772144,0.15811827778816223,10.768336190775983,132,encoder_output_representation,0.001106122974306345,5.136282652529189e-06,5.136282652529189e-06,0.014683631248772144,0.31623655557632446,0.31623655557632446,False,0.0,2350080,8.96484375,128.0,False
shared_e2e_rep_projected,43,42,6,0.0006648980779573321,0.0300417710095644,0.5300613045692444,17.644143030065994,133,encoder_output_representation,0.0006648980779573321,2.117564872605726e-05,2.117564872605726e-05,0.0300417710095644,1.0601226091384888,1.0601226091384888,False,0.0,2396160,9.140625,128.0,False
shared_e2e_rep_projected,43,42,6,0.010970957577228546,0.025423523038625717,0.568283200263977,22.35265346193719,134,encoder_output_representation,0.010970957577228546,0.0003170115523971617,0.0003170115523971617,0.025423523038625717,1.136566400527954,1.136566400527954,False,0.0,2088960,7.96875,128.0,False
shared_e2e_rep_projected,43,42,6,-0.004041967913508415,0.029037408530712128,0.38122186064720154,13.128646113305631,135,encoder_output_representation,-0.004041967913508415,-8.948670438257977e-05,-2.1827872842550278e-11,0.029037408530712128,0.7624437212944031,0.7624374628067017,True,8.225440979003906e-06,2088960,7.96875,128.0,False
shared_e2e_rep_projected,43,42,6,-0.005518205929547548,0.022696740925312042,0.4052828848361969,17.85643525516979,136,encoder_output_representation,-0.005518205929547548,-0.00010151954484172165,-2.3646862246096134e-11,0.022696740925312042,0.8105657696723938,0.8105534315109253,True,1.519918441772461e-05,2088960,7.96875,128.0,False
shared_e2e_rep_projected,43,42,6,0.0004415297298692167,0.021704360842704773,0.4097200036048889,18.87731256286237,137,encoder_output_representation,0.0004415297298692167,7.852792805351783e-06,7.852792805351783e-06,0.021704360842704773,0.8194400072097778,0.8194400072097778,False,0.0,2350080,8.96484375,128.0,False
shared_e2e_rep_projected,43,42,6,0.0045829457230865955,0.023203525692224503,0.2861657440662384,12.332856129796365,138,encoder_output_representation,0.0045829457230865955,6.086201756261289e-05,6.086201756261289e-05,0.023203525692224503,0.5723314881324768,0.5723314881324768,False,0.0,2350080,8.96484375,128.0,False
shared_e2e_rep_projected,43,42,6,0.006644001696258783,0.025739487260580063,0.43296027183532715,16.820858451924344,139,encoder_output_representation,0.006644001696258783,0.0001480838400311768,0.0001480838400311768,0.025739487260580063,0.8659205436706543,0.8659205436706543,False,0.0,2396160,9.140625,128.0,False
shared_e2e_rep_projected,43,42,6,-0.006938227452337742,0.026949070394039154,0.4318259060382843,16.02377743366612,140,encoder_output_representation,-0.006938227452337742,-0.00016148456779774278,0.0,0.026949070394039154,0.8636518120765686,0.863631010055542,True,2.4080276489257812e-05,2350080,8.96484375,128.0,False
shared_e2e_rep_projected,43,42,6,0.0014344226801767945,0.022178860381245613,0.17358224093914032,7.826472503786579,141,encoder_output_representation,0.0014344226801767945,1.1044642633351032e-05,1.1044642633351032e-05,0.022178860381245613,0.34716448187828064,0.34716448187828064,False,0.0,2135040,8.14453125,128.0,False
shared_e2e_rep_projected,43,42,6,0.0001695228274911642,0.03958514332771301,0.7231519222259521,18.268265855177123,142,encoder_output_representation,0.0001695228274911642,9.705545380711555e-06,9.705545380711555e-06,0.03958514332771301,1.4463038444519043,1.4463038444519043,False,0.0,3594240,13.7109375,128.0,False
shared_e2e_rep_projected,43,42,6,0.0004303426539991051,0.03767741098999977,0.49972304701805115,13.263200254143953,143,encoder_output_representation,0.0004303426539991051,1.6205216525122523e-05,1.6205216525122523e-05,0.03767741098999977,0.9994460940361023,0.9994460940361023,False,0.0,2325504,8.87109375,128.0,False
shared_e2e_rep_projected,43,42,6,0.0005830351146869361,0.0313100703060627,0.604965329170227,19.32174930482622,144,encoder_output_representation,0.0005830351146869361,2.2087127945269458e-05,2.2087127945269458e-05,0.0313100703060627,1.209930658340454,1.209930658340454,False,0.0,2847744,10.86328125,128.0,False
shared_e2e_rep_projected,43,42,6,0.00042617443250492215,0.03203752264380455,0.42944225668907166,13.404352810410503,145,encoder_output_representation,0.00042617443250492215,1.1726842785719782e-05,1.1726842785719782e-05,0.03203752264380455,0.8588845133781433,0.8588845133781433,False,0.0,2350080,8.96484375,128.0,False
shared_e2e_rep_projected,43,42,6,0.0007606938597746193,0.04200660064816475,0.6279497146606445,14.94883434915792,146,encoder_output_representation,0.0007606938597746193,4.0131217247108e-05,4.0131217247108e-05,0.04200660064816475,1.255899429321289,1.255899429321289,False,0.0,3133440,11.953125,128.0,False
shared_e2e_rep_projected,43,42,6,0.004189336206763983,0.03006034344434738,0.7214579582214355,24.00032320179962,147,encoder_output_representation,0.004189336206763983,0.00018171056581195444,0.00018171056581195444,0.03006034344434738,1.442915916442871,1.442915916442871,False,0.0,2785280,10.625,128.0,False
shared_e2e_rep_projected,43,42,6,-0.0015927838394418359,0.02760804258286953,0.5360268354415894,19.415604486722568,148,encoder_output_representation,-0.0015927838394418359,-4.714210444944911e-05,-2.1827872842550278e-11,0.02760804258286953,1.0720536708831787,1.0720523595809937,True,1.2516975402832031e-06,2396160,9.140625,128.0,False
shared_e2e_rep_projected,43,42,6,-0.000713397515937686,0.03061484917998314,0.587471604347229,19.189106596394232,149,encoder_output_representation,-0.000713397515937686,-2.5661414838396013e-05,-2.9103830456733704e-11,0.03061484917998314,1.174943208694458,1.1749428510665894,True,2.980232238769531e-07,3133440,11.953125,128.0,False
shared_e2e_rep_projected,43,42,6,-0.0004962362581863999,0.02568509802222252,0.5406546592712402,21.04935160471144,150,encoder_output_representation,-0.0004962362581863999,-1.3782235328108072e-05,-8.731149137020111e-11,0.02568509802222252,1.0813093185424805,1.0813090801239014,True,2.384185791015625e-07,2785280,10.625,128.0,False
shared_e2e_rep_projected,43,42,6,0.015312076546251774,0.053721893578767776,0.5412629246711731,10.075276365260022,151,encoder_output_representation,0.015312076546251774,0.0008904790156520903,0.0008904790156520903,0.053721893578767776,1.0825258493423462,1.0825258493423462,False,0.0,2350080,8.96484375,128.0,False
shared_e2e_rep_projected,43,42,6,-0.0029459730722010136,0.0185356717556715,0.27938640117645264,15.072904012284672,152,encoder_output_representation,-0.0029459730722010136,-3.0512117518810555e-05,-1.8189894035458565e-11,0.0185356717556715,0.5587728023529053,0.5587704181671143,True,4.291534423828125e-06,2088960,7.96875,128.0,False
shared_e2e_rep_projected,43,42,6,-0.015678077936172485,0.02595391497015953,0.4416597783565521,17.0170773412932,153,encoder_output_representation,-0.015678077936172485,-0.0003594293666537851,0.0,0.02595391497015953,0.8833195567131042,0.8832109570503235,True,0.00012296438217163086,2396160,9.140625,128.0,False
shared_e2e_rep_projected,43,42,6,0.00802981574088335,0.028892681002616882,0.4884142577648163,16.904428416337666,154,encoder_output_representation,0.00802981574088335,0.000226627045776695,0.000226627045776695,0.028892681002616882,0.9768285155296326,0.9768285155296326,False,0.0,2350080,8.96484375,128.0,False
shared_e2e_rep_projected,43,42,6,-0.009053591638803482,0.023368962109088898,0.3578689694404602,15.3138580896271,155,encoder_output_representation,-0.009053591638803482,-0.00015143085329327732,-4.3655745685100555e-11,0.023368962109088898,0.7157379388809204,0.7157085537910461,True,4.106760025024414e-05,2350080,8.96484375,128.0,False
shared_e2e_rep_projected,43,42,6,-1.3426264558802359e-05,0.02723272144794464,0.44268733263015747,16.25571404886414,156,encoder_output_representation,-1.3426264558802359e-05,-3.2372281566495076e-07,4.547473508864641e-13,0.02723272144794464,0.8853746652603149,0.8853746652603149,True,0.0,2350080,8.96484375,128.0,False
shared_e2e_rep_projected,43,42,6,-0.00023670260270591825,0.030088573694229126,0.7786253690719604,25.877775961886083,157,encoder_output_representation,-0.00023670260270591825,-1.1090807674918324e-05,-2.2737367544323206e-12,0.030088573694229126,1.557250738143921,1.5572504997253418,True,1.7881393432617188e-07,2350080,8.96484375,128.0,False
shared_e2e_rep_projected,43,42,6,-0.0035499066580086946,0.018587350845336914,0.3040856122970581,16.359814522645937,158,encoder_output_representation,-0.0035499066580086946,-4.0129179978976026e-05,-2.9103830456733704e-11,0.018587350845336914,0.6081712245941162,0.6081674098968506,True,6.258487701416016e-06,2088960,7.96875,128.0,False
shared_e2e_rep_projected,43,42,6,-0.0059730238281190395,0.011901035904884338,0.12915846705436707,10.852707956402247,159,encoder_output_representation,-0.0059730238281190395,-1.8362503396929242e-05,-1.3642420526593924e-12,0.011901035904884338,0.25831693410873413,0.25831231474876404,True,1.7881393432617188e-05,2088960,7.96875,128.0,False
shared_e2e_rep_projected,43,42,6,0.0039762817323207855,0.02622232399880886,0.3671680986881256,14.002118908484393,160,encoder_output_representation,0.0039762817323207855,7.656728848814964e-05,7.656728848814964e-05,0.02622232399880886,0.7343361973762512,0.7343361973762512,False,0.0,2350080,8.96484375,128.0,False
shared_e2e_rep_projected,43,42,6,0.00444644782692194,0.0250281672924757,0.2268202304840088,9.062598464898327,161,encoder_output_representation,0.00444644782692194,5.048403181717731e-05,5.048403181717731e-05,0.0250281672924757,0.4536404609680176,0.4536404609680176,False,0.0,2088960,7.96875,128.0,False
shared_e2e_rep_projected,43,42,6,-0.0035494607873260975,0.04422026127576828,0.4347856640815735,9.832272617525811,162,encoder_output_representation,-0.0035494607873260975,-0.00013648624008055776,-5.820766091346741e-11,0.04422026127576828,0.869571328163147,0.8695658445358276,True,6.318092346191406e-06,3276800,12.5,128.0,False
shared_e2e_rep_projected,43,42,6,-0.0036681191995739937,0.025504095479846,0.4469076693058014,17.522976639534598,163,encoder_output_representation,-0.0036681191995739937,-8.36182662169449e-05,-1.0913936421275139e-11,0.025504095479846,0.8938153386116028,0.8938093781471252,True,6.67572021484375e-06,2088960,7.96875,128.0,False
shared_e2e_rep_projected,43,42,6,-0.00025440554600209,0.05337763950228691,0.3858506381511688,7.228694295007883,164,encoder_output_representation,-0.00025440554600209,-1.0479369848326314e-05,-1.1368683772161603e-11,0.05337763950228691,0.7717012763023376,0.7717012166976929,True,5.960464477539063e-08,2264064,8.63671875,128.0,False
shared_e2e_rep_projected,43,42,6,0.007817912846803665,0.031069466844201088,0.3475719690322876,11.18693058928881,165,encoder_output_representation,0.007817912846803665,0.00016884933575056493,0.00016884933575056493,0.031069466844201088,0.6951439380645752,0.6951439380645752,False,0.0,3194880,12.1875,128.0,False
shared_e2e_rep_projected,43,42,6,-0.0008277471060864627,0.0334710069000721,0.7533985376358032,22.50898934367524,166,encoder_output_representation,-0.0008277471060864627,-4.1746610804693773e-05,-5.820766091346741e-11,0.0334710069000721,1.5067970752716064,1.5067965984344482,True,2.980232238769531e-07,2088960,7.96875,128.0,False
shared_e2e_rep_projected,43,42,6,0.027191853150725365,0.03429771959781647,0.42713409662246704,12.453717087641598,167,encoder_output_representation,0.027191853150725365,0.0007967063575051725,0.0007967063575051725,0.03429771959781647,0.8542681932449341,0.8542681932449341,False,0.0,2396160,9.140625,128.0,False
shared_e2e_rep_projected,43,42,6,-0.009182622656226158,0.021630415692925453,0.28815579414367676,13.321787164632363,168,encoder_output_representation,-0.009182622656226158,-0.00011446927965153009,-6.548361852765083e-11,0.021630415692925453,0.5763115882873535,0.5762872695922852,True,4.220008850097656e-05,2088960,7.96875,128.0,False
shared_e2e_rep_projected,43,42,6,-0.001616882742382586,0.020007945597171783,0.19132468104362488,9.56243508932119,169,encoder_output_representation,-0.001616882742382586,-1.237889864569297e-05,-2.1941559680271894e-11,0.020007945597171783,0.38264936208724976,0.38264885544776917,True,1.3113021850585938e-06,2088960,7.96875,128.0,False
shared_e2e_rep_projected,43,42,6,-0.0002223486953880638,0.031511321663856506,0.7715306282043457,24.484235743411915,170,encoder_output_representation,-0.0002223486953880638,-1.0811460924742278e-05,-6.366462912410498e-12,0.031511321663856506,1.5430612564086914,1.5430612564086914,True,0.0,2350080,8.96484375,128.0,False
shared_e2e_rep_projected,43,42,6,-0.004581526853144169,0.025389881804585457,0.34327924251556396,13.520316681961361,171,encoder_output_representation,-0.004581526853144169,-7.986352284206077e-05,-1.6370904631912708e-11,0.025389881804585457,0.6865584850311279,0.6865512728691101,True,1.049041748046875e-05,2088960,7.96875,128.0,False
shared_e2e_rep_projected,43,42,6,0.004043478984385729,0.024821382015943527,0.29539358615875244,11.900771116169606,172,encoder_output_representation,0.004043478984385729,5.929420149186626e-05,5.929420149186626e-05,0.024821382015943527,0.5907871723175049,0.5907871723175049,False,0.0,2135040,8.14453125,128.0,False
shared_e2e_rep_projected,43,42,6,0.0015180897898972034,0.02227097377181053,0.3093140125274658,13.888661344434782,173,encoder_output_representation,0.0015180897898972034,2.0915404093102552e-05,2.0915404093102552e-05,0.02227097377181053,0.6186280250549316,0.6186280250549316,False,0.0,2396160,9.140625,128.0,False
shared_e2e_rep_projected,43,42,6,0.0030763044487684965,0.024418169632554054,0.3935827910900116,16.11843954779031,174,encoder_output_representation,0.0030763044487684965,5.913008499192074e-05,5.913008499192074e-05,0.024418169632554054,0.7871655821800232,0.7871655821800232,False,0.0,2785280,10.625,128.0,False
shared_e2e_rep_projected,43,42,6,-0.0030913602095097303,0.032238803803920746,0.7253614664077759,22.499639590212105,175,encoder_output_representation,-0.0030913602095097303,-0.00014458158693742007,-3.637978807091713e-11,0.032238803803920746,1.4507229328155518,1.4507160186767578,True,4.76837158203125e-06,3594240,13.7109375,128.0,False
shared_e2e_rep_projected,43,42,6,0.006236865650862455,0.03708679974079132,0.6734097599983215,18.157667005644768,176,encoder_output_representation,0.006236865650862455,0.00031152661540545523,0.00031152661540545523,0.03708679974079132,1.346819519996643,1.346819519996643,False,0.0,2396160,9.140625,128.0,False
shared_e2e_rep_projected,43,42,6,0.001587649923749268,0.02497100457549095,0.6063269972801208,24.281241687618405,177,encoder_output_representation,0.001587649923749268,4.807592631550506e-05,4.807592631550506e-05,0.02497100457549095,1.2126539945602417,1.2126539945602417,False,0.0,2785280,10.625,128.0,False
shared_e2e_rep_projected,43,42,6,0.00328609230928123,0.03534983843564987,0.7091562151908875,20.061087874045622,178,encoder_output_representation,0.00328609230928123,0.00016475518350489438,0.00016475518350489438,0.03534983843564987,1.418312430381775,1.418312430381775,False,0.0,3041280,11.6015625,128.0,False
shared_e2e_rep_projected,43,42,6,-0.0034035455901175737,0.02061944268643856,0.17688606679439545,8.578605614337661,179,encoder_output_representation,-0.0034035455901175737,-2.482745003362652e-05,-1.1823431123048067e-11,0.02061944268643856,0.3537721335887909,0.35377007722854614,True,5.841255187988281e-06,2350080,8.96484375,128.0,False
shared_e2e_rep_projected,43,42,6,-0.0011221335735172033,0.02583017200231552,0.4434176981449127,17.166656811466954,180,encoder_output_representation,-0.0011221335735172033,-2.570483775343746e-05,-7.275957614183426e-12,0.02583017200231552,0.8868353962898254,0.8868348598480225,True,5.960464477539062e-07,2701824,10.306640625,128.0,False
shared_e2e_rep_projected,43,42,6,0.002555638551712036,0.01545871701091528,0.22501736879348755,14.5560183703864,181,encoder_output_representation,0.002555638551712036,1.777947363734711e-05,1.777947363734711e-05,0.01545871701091528,0.4500347375869751,0.4500347375869751,False,0.0,2350080,8.96484375,128.0,False
shared_e2e_rep_projected,43,42,6,-0.005272172391414642,0.02226857841014862,0.38244327902793884,17.174121849360855,182,encoder_output_representation,-0.005272172391414642,-8.980057464214042e-05,-7.275957614183426e-12,0.02226857841014862,0.7648865580558777,0.7648758888244629,True,1.3947486877441406e-05,2088960,7.96875,128.0,False
shared_e2e_rep_projected,43,42,6,0.0025977089535444975,0.0329381488263607,0.7407035827636719,22.48771133643309,183,encoder_output_representation,0.0025977089535444975,0.00012675471953116357,0.00012675471953116357,0.0329381488263607,1.4814071655273438,1.4814071655273438,False,0.0,2350080,8.96484375,128.0,False
shared_e2e_rep_projected,43,42,6,0.004009423777461052,0.03444432094693184,0.677431583404541,19.667439066319695,184,encoder_output_representation,0.004009423777461052,0.0001871091517386958,0.0001871091517386958,0.03444432094693184,1.354863166809082,1.354863166809082,False,0.0,3194880,12.1875,128.0,False
shared_e2e_rep_projected,43,42,6,-0.0014471175381913781,0.026943834498524666,0.3272569477558136,12.145893628233681,185,encoder_output_representation,-0.0014471175381913781,-2.5520082999719307e-05,-1.5006662579253316e-11,0.026943834498524666,0.6545138955116272,0.6545131802558899,True,1.0728836059570312e-06,2785280,10.625,128.0,False
shared_e2e_rep_projected,43,42,6,0.003858323907479644,0.020521748811006546,0.2649582624435425,12.911095681155395,186,encoder_output_representation,0.003858323907479644,4.195855217403732e-05,4.195855217403732e-05,0.020521748811006546,0.529916524887085,0.529916524887085,False,0.0,2785280,10.625,128.0,False
shared_e2e_rep_projected,43,42,6,0.004288956057280302,0.02444767951965332,0.5982836484909058,24.47200144332511,187,encoder_output_representation,0.004288956057280302,0.00012546608923003078,0.00012546608923003078,0.02444767951965332,1.1965672969818115,1.1965672969818115,False,0.0,2288640,8.73046875,128.0,False
shared_e2e_rep_projected,43,42,6,0.0048540085554122925,0.015094134956598282,0.15319645404815674,10.14940269771393,188,encoder_output_representation,0.0048540085554122925,2.2448508389061317e-05,2.2448508389061317e-05,0.015094134956598282,0.3063929080963135,0.3063929080963135,False,0.0,2088960,7.96875,128.0,False
shared_e2e_rep_projected,43,42,6,0.0012067528441548347,0.017080849036574364,0.38538888096809387,22.56263023827914,189,encoder_output_representation,0.0012067528441548347,1.588755003467668e-05,1.588755003467668e-05,0.017080849036574364,0.7707777619361877,0.7707777619361877,False,0.0,2088960,7.96875,128.0,False
shared_e2e_rep_projected,43,42,6,-0.0010325510520488024,0.02909858524799347,0.6142907738685608,21.11067492227719,190,encoder_output_representation,-0.0010325510520488024,-3.691368328873068e-05,1.8189894035458565e-12,0.02909858524799347,1.2285815477371216,1.2285808324813843,True,5.960464477539062e-07,3194880,12.1875,128.0,False
shared_e2e_rep_projected,43,42,6,0.004402627237141132,0.029125453904271126,0.2774387300014496,9.525644850491561,191,encoder_output_representation,0.004402627237141132,7.11511165718548e-05,7.11511165718548e-05,0.029125453904271126,0.5548774600028992,0.5548774600028992,False,0.0,3525120,13.447265625,128.0,False
shared_e2e_rep_projected,43,42,6,0.0009235860197804868,0.03325684741139412,0.4783150553703308,14.382453317161248,192,encoder_output_representation,0.0009235860197804868,2.9383427317952737e-05,2.9383427317952737e-05,0.03325684741139412,0.9566301107406616,0.9566301107406616,False,0.0,2611200,9.9609375,128.0,False
shared_e2e_rep_projected,43,42,6,0.01680954359471798,0.013273358345031738,0.4017869234085083,30.27017827473169,193,encoder_output_representation,0.01680954359471798,0.0001792926632333547,0.0001792926632333547,0.013273358345031738,0.8035738468170166,0.8035738468170166,False,0.0,2088960,7.96875,128.0,False
shared_e2e_rep_projected,43,42,6,-0.002727154176682234,0.030119234696030617,0.7175831198692322,23.824746116932438,194,encoder_output_representation,-0.002727154176682234,-0.0001178842649096623,-1.8189894035458565e-11,0.030119234696030617,1.4351662397384644,1.4351609945297241,True,3.635883331298828e-06,3525120,13.447265625,128.0,False
shared_e2e_rep_projected,43,42,6,0.0011810844298452139,0.017619667574763298,0.30123186111450195,17.09634190522171,195,encoder_output_representation,0.0011810844298452139,1.2537459042505361e-05,1.2537459042505361e-05,0.017619667574763298,0.6024637222290039,0.6024637222290039,False,0.0,2088960,7.96875,128.0,False
shared_e2e_rep_projected,43,42,6,-7.036366878310218e-05,0.02187238074839115,0.25538814067840576,11.676284516818825,196,encoder_output_representation,-7.036366878310218e-05,-7.860953701310791e-07,-2.8194335754960775e-11,0.02187238074839115,0.5107762813568115,0.5107762813568115,True,0.0,2350080,8.96484375,128.0,False
shared_e2e_rep_projected,43,42,6,0.0013598059304058552,0.017228733748197556,0.13609816133975983,7.899487178156561,197,encoder_output_representation,0.0013598059304058552,6.376943019859027e-06,6.376943019859027e-06,0.017228733748197556,0.27219632267951965,0.27219632267951965,False,0.0,3133440,11.953125,128.0,False
shared_e2e_rep_projected,43,42,6,-0.004381303675472736,0.01534199807792902,0.2107769250869751,13.738557651770178,198,encoder_output_representation,-0.004381303675472736,-2.8335987735772505e-05,-7.275957614183426e-12,0.01534199807792902,0.4215538501739502,0.42154982686042786,True,9.5367431640625e-06,2088960,7.96875,128.0,False
shared_e2e_rep_projected,43,42,6,0.0009131811675615609,0.02598246932029724,0.4863760769367218,18.719393870572947,199,encoder_output_representation,0.0009131811675615609,2.3080199753167108e-05,2.3080199753167108e-05,0.02598246932029724,0.9727521538734436,0.9727521538734436,False,0.0,3133440,11.953125,128.0,False
shared_e2e_rep_projected,43,42,7,0.002176316687837243,0.020045144483447075,0.16416798532009125,8.189912796869999,0,encoder_output_representation,0.002176316687837243,1.4323520190373529e-05,1.4323520190373529e-05,0.020045144483447075,0.3283359706401825,0.3283359706401825,False,0.0,2350080,8.96484375,128.0,False
shared_e2e_rep_projected,43,42,7,-0.0004803026095032692,0.02062978595495224,0.33304938673973083,16.144102874697126,1,encoder_output_representation,-0.0004803026095032692,-6.600066626560874e-06,-2.9103830456733704e-11,0.02062978595495224,0.6660987734794617,0.6660986542701721,True,1.7881393432617188e-07,2088960,7.96875,128.0,False
shared_e2e_rep_projected,43,42,7,0.012603347189724445,0.018546339124441147,0.3015752136707306,16.26063298245755,2,encoder_output_representation,0.012603347189724445,0.00014098397514317185,0.00014098397514317185,0.018546339124441147,0.6031504273414612,0.6031504273414612,False,0.0,2350080,8.96484375,128.0,False
shared_e2e_rep_projected,43,42,7,0.008002422749996185,0.022670205682516098,0.28606247901916504,12.618433331629827,3,encoder_output_representation,0.008002422749996185,0.00010379294690210372,0.00010379294690210372,0.022670205682516098,0.5721249580383301,0.5721249580383301,False,0.0,2088960,7.96875,128.0,False
shared_e2e_rep_projected,43,42,7,-0.027519885450601578,0.026291590183973312,0.44719409942626953,17.009016810967477,4,encoder_output_representation,-0.027519885450601578,-0.000647126988042146,-6.548361852765083e-11,0.026291590183973312,0.8943881988525391,0.894049346446991,True,0.0003788471221923828,2088960,7.96875,128.0,False
shared_e2e_rep_projected,43,42,7,-0.0004325878107920289,0.03237426280975342,0.548279345035553,16.935654975605267,5,encoder_output_representation,-0.0004325878107920289,-1.5356989024439827e-05,-9.094947017729282e-12,0.03237426280975342,1.096558690071106,1.096558690071106,True,0.0,2350080,8.96484375,128.0,False
shared_e2e_rep_projected,43,42,7,-0.004769365768879652,0.02186354249715805,0.3480701744556427,15.92011790865487,6,encoder_output_representation,-0.004769365768879652,-7.259019912453368e-05,-1.0913936421275139e-11,0.02186354249715805,0.6961403489112854,0.6961323618888855,True,1.1444091796875e-05,2088960,7.96875,128.0,False
shared_e2e_rep_projected,43,42,7,0.004657739773392677,0.01742195338010788,0.199101060628891,11.428170899379259,7,encoder_output_representation,0.004657739773392677,3.2312877010554075e-05,3.2312877010554075e-05,0.01742195338010788,0.398202121257782,0.398202121257782,False,0.0,2396160,9.140625,128.0,False
shared_e2e_rep_projected,43,42,7,-0.0004441349592525512,0.029850080609321594,0.4468380808830261,14.96940952124221,8,encoder_output_representation,-0.0004441349592525512,-1.1847879250126425e-05,-4.547473508864641e-12,0.029850080609321594,0.8936761617660522,0.8936760425567627,True,1.1920928955078125e-07,2396160,9.140625,128.0,False
shared_e2e_rep_projected,43,42,7,-0.009197978302836418,0.019400373101234436,0.21866483986377716,11.271166730801875,9,encoder_output_representation,-0.009197978302836418,-7.803895277902484e-05,-2.1827872842550278e-11,0.019400373101234436,0.4373296797275543,0.43731117248535156,True,4.2319297790527344e-05,2088960,7.96875,128.0,False
shared_e2e_rep_projected,43,42,7,-0.0028690346516668797,0.03108428791165352,0.2706398069858551,8.706643296930475,10,encoder_output_representation,-0.0028690346516668797,-4.827234806725755e-05,-2.9103830456733704e-11,0.03108428791165352,0.5412796139717102,0.5412774085998535,True,4.0531158447265625e-06,2135040,8.14453125,128.0,False
shared_e2e_rep_projected,43,42,7,-0.002162002958357334,0.02052301913499832,0.24036362767219543,11.71190389148439,11,encoder_output_representation,-0.002162002958357334,-2.1330266463337466e-05,-3.456079866737127e-11,0.02052301913499832,0.48072725534439087,0.48072612285614014,True,2.384185791015625e-06,2785280,10.625,128.0,False
shared_e2e_rep_projected,43,42,7,0.00467766122892499,0.021607954055070877,0.3903307616710663,18.064216569336182,12,encoder_output_representation,0.00467766122892499,7.89051191532053e-05,7.89051191532053e-05,0.021607954055070877,0.7806615233421326,0.7806615233421326,False,0.0,2350080,8.96484375,128.0,False
shared_e2e_rep_projected,43,42,7,0.0010217662202194333,0.029784731566905975,0.5700526237487793,19.139088847192056,13,encoder_output_representation,0.0010217662202194333,3.46968590747565e-05,3.46968590747565e-05,0.029784731566905975,1.1401052474975586,1.1401052474975586,False,0.0,2350080,8.96484375,128.0,False
shared_e2e_rep_projected,43,42,7,-0.0008729639230296016,0.022076556459069252,0.39417287707328796,17.854817068237022,14,encoder_output_representation,-0.0008729639230296016,-1.519302895758301e-05,-1.8189894035458565e-11,0.022076556459069252,0.7883457541465759,0.788345456123352,True,3.5762786865234375e-07,2159616,8.23828125,128.0,False
shared_e2e_rep_projected,43,42,7,-0.007229429669678211,0.01921880804002285,0.28403162956237793,14.778836906580613,15,encoder_output_representation,-0.007229429669678211,-7.892728899605572e-05,-3.0468072509393096e-11,0.01921880804002285,0.5680632591247559,0.5680484175682068,True,2.6106834411621094e-05,2396160,9.140625,128.0,False
shared_e2e_rep_projected,43,42,7,0.014281290583312511,0.02902516908943653,0.37645551562309265,12.969968046115552,16,encoder_output_representation,0.014281290583312511,0.00031209434382617474,0.00031209434382617474,0.02902516908943653,0.7529110312461853,0.7529110312461853,False,0.0,2396160,9.140625,128.0,False
shared_e2e_rep_projected,43,42,7,0.021756578236818314,0.03431764245033264,0.829047441482544,24.158053475917253,17,encoder_output_representation,0.021756578236818314,0.0012379908002912998,0.0012379908002912998,0.03431764245033264,1.658094882965088,1.658094882965088,False,0.0,2088960,7.96875,128.0,False
shared_e2e_rep_projected,43,42,7,0.0015609875554218888,0.024806812405586243,0.4560258090496063,18.38308774193471,18,encoder_output_representation,0.0015609875554218888,3.5317490983288735e-05,3.5317490983288735e-05,0.024806812405586243,0.9120516180992126,0.9120516180992126,False,0.0,2396160,9.140625,128.0,False
shared_e2e_rep_projected,43,42,7,0.001369669334962964,0.026787692680954933,0.26058030128479004,9.727612765621023,19,encoder_output_representation,0.001369669334962964,1.9121529476251453e-05,1.9121529476251453e-05,0.026787692680954933,0.5211606025695801,0.5211606025695801,False,0.0,2350080,8.96484375,128.0,False
shared_e2e_rep_projected,43,42,7,-0.03460722416639328,0.030883044004440308,0.42149674892425537,13.648160746837434,20,encoder_output_representation,-0.03460722416639328,-0.0009009716450236738,0.0,0.030883044004440308,0.8429934978485107,0.8424885272979736,True,0.0005990266799926758,2396160,9.140625,128.0,False
shared_e2e_rep_projected,43,42,7,-0.006606340873986483,0.02688511461019516,0.40409451723098755,15.03041824778943,21,encoder_output_representation,-0.006606340873986483,-0.00014354425366036594,-1.4551915228366852e-11,0.02688511461019516,0.8081890344619751,0.8081713914871216,True,2.181529998779297e-05,2580480,9.84375,128.0,False
shared_e2e_rep_projected,43,42,7,-0.020412791520357132,0.029276710003614426,0.6071557998657227,20.738525599043225,22,encoder_output_representation,-0.020412791520357132,-0.0007256961544044316,-1.3096723705530167e-10,0.029276710003614426,1.2143115997314453,1.2140586376190186,True,0.00020831823348999023,2135040,8.14453125,128.0,False
shared_e2e_rep_projected,43,42,7,-0.0011679816525429487,0.02774997428059578,0.37993526458740234,13.691373575544997,23,encoder_output_representation,-0.0011679816525429487,-2.4628514438518323e-05,4.547473508864641e-12,0.02774997428059578,0.7598705291748047,0.7598699927330017,True,7.152557373046875e-07,2350080,8.96484375,128.0,False
shared_e2e_rep_projected,43,42,7,-0.001863944693468511,0.0237246323376894,0.2549930810928345,10.74803088466613,24,encoder_output_representation,-0.001863944693468511,-2.255230356240645e-05,-1.4551915228366852e-11,0.0237246323376894,0.509986162185669,0.5099852681159973,True,1.7285346984863281e-06,2611200,9.9609375,128.0,False
shared_e2e_rep_projected,43,42,7,0.0010459431214258075,0.039008788764476776,0.49562790989875793,12.705544714326015,25,encoder_output_representation,0.0010459431214258075,4.044420347781852e-05,4.044420347781852e-05,0.039008788764476776,0.9912558197975159,0.9912558197975159,False,0.0,2088960,7.96875,128.0,False
shared_e2e_rep_projected,43,42,7,-0.0015261422377079725,0.023387111723423004,0.24664804339408875,10.546323390034614,26,encoder_output_representation,-0.0015261422377079725,-1.7606753317522816e-05,-1.0913936421275139e-11,0.023387111723423004,0.4932960867881775,0.4932955205440521,True,1.1324882507324219e-06,3133440,11.953125,128.0,False
shared_e2e_rep_projected,43,42,7,0.0013486046809703112,0.024866217747330666,0.3319798409938812,13.350636770222868,27,encoder_output_representation,0.0013486046809703112,2.2265687221079133e-05,2.2265687221079133e-05,0.024866217747330666,0.6639596819877625,0.6639596819877625,False,0.0,3133440,11.953125,128.0,False
shared_e2e_rep_projected,43,42,7,-0.022229144349694252,0.02536328323185444,0.2808925211429596,11.074769720277342,28,encoder_output_representation,-0.022229144349694252,-0.00031673669582232833,2.9103830456733704e-11,0.02536328323185444,0.5617850422859192,0.5616462230682373,True,0.00024712085723876953,2088960,7.96875,128.0,False
shared_e2e_rep_projected,43,42,7,-0.006580766290426254,0.022443009540438652,0.33430182933807373,14.895588255920678,29,encoder_output_representation,-0.006580766290426254,-9.874755050987005e-05,-1.4551915228366852e-11,0.022443009540438652,0.6686036586761475,0.668589174747467,True,2.1636486053466797e-05,2785280,10.625,128.0,False
shared_e2e_rep_projected,43,42,7,-0.0013712113723158836,0.022562144324183464,0.43805238604545593,19.415370265845034,30,encoder_output_representation,-0.0013712113723158836,-2.7104462787974626e-05,-8.003553375601768e-11,0.022562144324183464,0.8761047720909119,0.876103937625885,True,9.5367431640625e-07,2396160,9.140625,128.0,False
shared_e2e_rep_projected,43,42,7,-0.004403398372232914,0.018148483708500862,0.19103196263313293,10.526056374817273,31,encoder_output_representation,-0.004403398372232914,-3.053263935726136e-05,-1.8189894035458565e-11,0.018148483708500862,0.38206392526626587,0.3820601999759674,True,9.775161743164062e-06,2350080,8.96484375,128.0,False
shared_e2e_rep_projected,43,42,7,0.0009285584674216807,0.025455975905060768,0.3816584348678589,14.992881682920803,32,encoder_output_representation,0.0009285584674216807,1.8042797819362022e-05,1.8042797819362022e-05,0.025455975905060768,0.7633168697357178,0.7633168697357178,False,0.0,3194880,12.1875,128.0,False
shared_e2e_rep_projected,43,42,7,0.005519676487892866,0.017690086737275124,0.13636185228824615,7.7083766921795505,33,encoder_output_representation,0.005519676487892866,2.6629712010617368e-05,2.6629712010617368e-05,0.017690086737275124,0.2727237045764923,0.2727237045764923,False,0.0,3133440,11.953125,128.0,False
shared_e2e_rep_projected,43,42,7,-0.0005540449637919664,0.03024224191904068,0.5127649307250977,16.95525523860908,34,encoder_output_representation,-0.0005540449637919664,-1.7183328964165412e-05,-9.094947017729282e-12,0.03024224191904068,1.0255298614501953,1.0255297422409058,True,1.1920928955078125e-07,2350080,8.96484375,128.0,False
shared_e2e_rep_projected,43,42,7,0.0048499805852770805,0.025607556104660034,0.44603630900382996,17.418152172774533,35,encoder_output_representation,0.0048499805852770805,0.00011079198884544894,0.00011079198884544894,0.025607556104660034,0.8920726180076599,0.8920726180076599,False,0.0,2611200,9.9609375,128.0,False
shared_e2e_rep_projected,43,42,7,-0.008864566683769226,0.03079967014491558,0.32140809297561646,10.435439453194098,36,encoder_output_representation,-0.008864566683769226,-0.00017550535267218947,-1.0186340659856796e-10,0.03079967014491558,0.6428161859512329,0.6427909731864929,True,3.921985626220703e-05,2350080,8.96484375,128.0,False
shared_e2e_rep_projected,43,42,7,-0.008483774028718472,0.01809993013739586,0.2542434632778168,14.046654398545444,37,encoder_output_representation,-0.008483774028718472,-7.808107329765335e-05,-2.9103830456733704e-11,0.01809993013739586,0.5084869265556335,0.5084686279296875,True,3.600120544433594e-05,2088960,7.96875,128.0,False
shared_e2e_rep_projected,43,42,7,-0.003279868047684431,0.016057021915912628,0.22129322588443756,13.781710397065245,38,encoder_output_representation,-0.003279868047684431,-2.3308777599595487e-05,-5.229594535194337e-12,0.016057021915912628,0.4425864517688751,0.4425840675830841,True,5.364418029785156e-06,2350080,8.96484375,128.0,False
shared_e2e_rep_projected,43,42,7,0.008407779969274998,0.029054367914795876,0.28994321823120117,9.979333196353867,39,encoder_output_representation,0.008407779969274998,0.00014165624452289194,0.00014165624452289194,0.029054367914795876,0.5798864364624023,0.5798864364624023,False,0.0,2350080,8.96484375,128.0,False
shared_e2e_rep_projected,43,42,7,0.01566666178405285,0.04023747891187668,0.5212662816047668,12.954745071041405,40,encoder_output_representation,0.01566666178405285,0.0006571989506483078,0.0006571989506483078,0.04023747891187668,1.0425325632095337,1.0425325632095337,False,0.0,3481600,13.28125,128.0,False
shared_e2e_rep_projected,43,42,7,0.002274713944643736,0.02783382497727871,0.3340281546115875,12.000799562556033,41,encoder_output_representation,0.002274713944643736,4.229730984661728e-05,4.229730984661728e-05,0.02783382497727871,0.668056309223175,0.668056309223175,False,0.0,2611200,9.9609375,128.0,False
shared_e2e_rep_projected,43,42,7,-0.0028156202752143145,0.023038608953356743,0.34790146350860596,15.10080162447987,42,encoder_output_representation,-0.0028156202752143145,-4.513532985583879e-05,-4.3655745685100555e-11,0.023038608953356743,0.6958029270172119,0.6958001255989075,True,4.0531158447265625e-06,2088960,7.96875,128.0,False
shared_e2e_rep_projected,43,42,7,-0.0006437917472794652,0.03809123858809471,0.9243596792221069,24.266989299502917,43,encoder_output_representation,-0.0006437917472794652,-4.533582250587642e-05,4.001776687800884e-11,0.03809123858809471,1.8487193584442139,1.8487191200256348,True,1.1920928955078125e-07,3396096,12.955078125,128.0,False
shared_e2e_rep_projected,43,42,7,0.005452371668070555,0.018628591671586037,0.256058931350708,13.745479844365882,44,encoder_output_representation,0.005452371668070555,5.20158137078397e-05,5.20158137078397e-05,0.018628591671586037,0.512117862701416,0.512117862701416,False,0.0,2785280,10.625,128.0,False
shared_e2e_rep_projected,43,42,7,-9.230752766598016e-05,0.024926330894231796,0.4693828821182251,18.830805228010714,45,encoder_output_representation,-9.230752766598016e-05,-2.1599948922812473e-06,-1.2676082405960187e-11,0.024926330894231796,0.9387657642364502,0.9387657642364502,True,0.0,2350080,8.96484375,128.0,False
shared_e2e_rep_projected,43,42,7,0.004708424676209688,0.03477923572063446,0.4996989369392395,14.367737720089375,46,encoder_output_representation,0.004708424676209688,0.00016365681949537247,0.00016365681949537247,0.03477923572063446,0.999397873878479,0.999397873878479,False,0.0,2350080,8.96484375,128.0,False
shared_e2e_rep_projected,43,42,7,-0.00034750354825519025,0.027832916006445885,0.38864514231681824,13.963507892123523,47,encoder_output_representation,-0.00034750354825519025,-7.5179805207881145e-06,-1.8189894035458565e-11,0.027832916006445885,0.7772902846336365,0.7772901654243469,True,1.7881393432617188e-07,2350080,8.96484375,128.0,False
shared_e2e_rep_projected,43,42,7,-0.016672832891345024,0.03898975998163223,0.8028084635734558,20.590238666553795,48,encoder_output_representation,-0.016672832891345024,-0.0010437630116939545,-1.7462298274040222e-10,0.03898975998163223,1.6056169271469116,1.605393886566162,True,0.00013893842697143555,2088960,7.96875,128.0,False
shared_e2e_rep_projected,43,42,7,-0.008011632598936558,0.01709091104567051,0.24879223108291626,14.556990579267021,49,encoder_output_representation,-0.008011632598936558,-6.813229992985725e-05,9.094947017729282e-12,0.01709091104567051,0.4975844621658325,0.4975685179233551,True,3.2067298889160156e-05,2396160,9.140625,128.0,False
shared_e2e_rep_projected,43,42,7,0.002426127204671502,0.016248758882284164,0.16990958154201508,10.456772900191506,50,encoder_output_representation,0.002426127204671502,1.3396200301940553e-05,1.3396200301940553e-05,0.016248758882284164,0.33981916308403015,0.33981916308403015,False,0.0,2088960,7.96875,128.0,False
shared_e2e_rep_projected,43,42,7,-0.003896412905305624,0.021846028044819832,0.2736765742301941,12.527520960273085,51,encoder_output_representation,-0.003896412905305624,-4.659132900997065e-05,-3.637978807091713e-12,0.021846028044819832,0.5473531484603882,0.5473490357398987,True,7.510185241699219e-06,2325504,8.87109375,128.0,False
shared_e2e_rep_projected,43,42,7,-0.00043393386295065284,0.018611077219247818,0.32155799865722656,17.277774675216925,52,encoder_output_representation,-0.00043393386295065284,-5.193789547774941e-06,-3.637978807091713e-11,0.018611077219247818,0.6431159973144531,0.6431159377098083,True,1.1920928955078125e-07,2088960,7.96875,128.0,False
shared_e2e_rep_projected,43,42,7,-3.5604668937594397e-06,0.039138637483119965,0.43865329027175903,11.207679124265505,53,encoder_output_representation,-3.5604668937594397e-06,-1.2225427781231701e-07,-6.0325078266032506e-12,0.039138637483119965,0.8773065805435181,0.8773065805435181,True,0.0,2350080,8.96484375,128.0,False
shared_e2e_rep_projected,43,42,7,0.0027352534234523773,0.025948533788323402,0.32124948501586914,12.38025576460233,54,encoder_output_representation,0.0027352534234523773,4.560188972391188e-05,4.560188972391188e-05,0.025948533788323402,0.6424989700317383,0.6424989700317383,False,0.0,2088960,7.96875,128.0,False
shared_e2e_rep_projected,43,42,7,-0.0023103964049369097,0.0248841792345047,0.45395195484161377,18.242593037272396,55,encoder_output_representation,-0.0023103964049369097,-5.219750164542347e-05,-1.8189894035458565e-12,0.0248841792345047,0.9079039096832275,0.9079015254974365,True,2.6226043701171875e-06,2088960,7.96875,128.0,False
shared_e2e_rep_projected,43,42,7,-0.0024490575306117535,0.031672026962041855,0.4835159182548523,15.266339563120928,56,encoder_output_representation,-0.0024490575306117535,-7.500938954763114e-05,-7.275957614183426e-12,0.031672026962041855,0.9670318365097046,0.9670289754867554,True,2.9802322387695312e-06,2376192,9.064453125,128.0,False
shared_e2e_rep_projected,43,42,7,-0.0005894673522561789,0.02312798984348774,0.24603435397148132,10.637948029052703,57,encoder_output_representation,-0.0005894673522561789,-6.708468390570488e-06,-1.8189894035458565e-12,0.02312798984348774,0.49206870794296265,0.4920686185359955,True,1.7881393432617188e-07,2232320,8.515625,128.0,False
shared_e2e_rep_projected,43,42,7,-0.009040233679115772,0.02037658356130123,0.21806807816028595,10.70189600254854,58,encoder_output_representation,-0.009040233679115772,-8.034024358494207e-05,-2.1827872842550278e-11,0.02037658356130123,0.4361361563205719,0.43611833453178406,True,4.088878631591797e-05,3133440,11.953125,128.0,False
shared_e2e_rep_projected,43,42,7,0.0019599818624556065,0.018560806289315224,0.3056056797504425,16.465107980054103,59,encoder_output_representation,0.0019599818624556065,2.223516275989823e-05,2.223516275989823e-05,0.018560806289315224,0.611211359500885,0.611211359500885,False,0.0,2611200,9.9609375,128.0,False
shared_e2e_rep_projected,43,42,7,0.002686657477170229,0.028819184750318527,0.32008638978004456,11.106712162512048,60,encoder_output_representation,0.002686657477170229,4.956683551426977e-05,4.956683551426977e-05,0.028819184750318527,0.6401727795600891,0.6401727795600891,False,0.0,2088960,7.96875,128.0,False
shared_e2e_rep_projected,43,42,7,-0.0021098677534610033,0.0351475290954113,0.6960989236831665,19.805060031205606,61,encoder_output_representation,-0.0021098677534610033,-0.00010324070899514481,-3.2741809263825417e-11,0.0351475290954113,1.392197847366333,1.3921947479248047,True,2.205371856689453e-06,3525120,13.447265625,128.0,False
shared_e2e_rep_projected,43,42,7,-0.0019191647879779339,0.021719830110669136,0.353998064994812,16.2983809353519,62,encoder_output_representation,-0.0019191647879779339,-2.9512064429582097e-05,0.0,0.021719830110669136,0.707996129989624,0.707994818687439,True,1.8477439880371094e-06,2785280,10.625,128.0,False
shared_e2e_rep_projected,43,42,7,-0.0004600252432283014,0.03464335575699806,0.5336984992027283,15.4055081426377,63,encoder_output_representation,-0.0004600252432283014,-1.701091241557151e-05,-5.093170329928398e-11,0.03464335575699806,1.0673969984054565,1.0673967599868774,True,2.384185791015625e-07,2611200,9.9609375,128.0,False
shared_e2e_rep_projected,43,42,7,0.003957779612392187,0.020395228639245033,0.19705775380134583,9.661953650382822,64,encoder_output_representation,0.003957779612392187,3.1812931410968304e-05,3.1812931410968304e-05,0.020395228639245033,0.39411550760269165,0.39411550760269165,False,0.0,2350080,8.96484375,128.0,False
shared_e2e_rep_projected,43,42,7,0.0003095134161412716,0.03300652280449867,0.6273327469825745,19.006326437302604,65,encoder_output_representation,0.0003095134161412716,1.2817614333471283e-05,1.2817614333471283e-05,0.03300652280449867,1.254665493965149,1.254665493965149,False,0.0,2088960,7.96875,128.0,False
shared_e2e_rep_projected,43,42,7,-0.001729681040160358,0.027939587831497192,0.42649921774864197,15.265050448161434,66,encoder_output_representation,-0.001729681040160358,-4.1222494473913684e-05,-2.1827872842550278e-11,0.027939587831497192,0.8529984354972839,0.8529971837997437,True,1.4901161193847656e-06,2350080,8.96484375,128.0,False
shared_e2e_rep_projected,43,42,7,0.007554298732429743,0.03404095396399498,0.3819598853588104,11.220598745934332,67,encoder_output_representation,0.007554298732429743,0.00019644619897007942,0.00019644619897007942,0.03404095396399498,0.7639197707176208,0.7639197707176208,False,0.0,2785280,10.625,128.0,False
shared_e2e_rep_projected,43,42,7,0.01619783602654934,0.022334042936563492,0.23983120918273926,10.738369665713634,68,encoder_output_representation,0.01619783602654934,0.00017352421127725393,0.00017352421127725393,0.022334042936563492,0.4796624183654785,0.4796624183654785,False,0.0,2088960,7.96875,128.0,False
shared_e2e_rep_projected,43,42,7,-0.00010291282524121925,0.02073279395699501,0.36834853887557983,17.766468891729048,69,encoder_output_representation,-0.00010291282524121925,-1.5718687791377306e-06,-2.9103830456733704e-11,0.02073279395699501,0.7366970777511597,0.7366970777511597,True,0.0,2088960,7.96875,128.0,False
shared_e2e_rep_projected,43,42,7,-0.0057644532062113285,0.022045515477657318,0.37702906131744385,17.102301903512082,70,encoder_output_representation,-0.0057644532062113285,-9.582596248947084e-05,3.637978807091713e-12,0.022045515477657318,0.7540581226348877,0.7540456056594849,True,1.6570091247558594e-05,2088960,7.96875,128.0,False
shared_e2e_rep_projected,43,42,7,-0.008453112095594406,0.010925626382231712,0.10767386108636856,9.855165948332077,71,encoder_output_representation,-0.008453112095594406,-1.9888557289959863e-05,-1.1368683772161603e-11,0.010925626382231712,0.21534772217273712,0.2153400182723999,True,3.5762786865234375e-05,2088960,7.96875,128.0,False
shared_e2e_rep_projected,43,42,7,-0.0034763060975819826,0.05093993991613388,0.49354445934295654,9.688752286624496,72,encoder_output_representation,-0.0034763060975819826,-0.00017479649977758527,-6.548361852765083e-11,0.05093993991613388,0.9870889186859131,0.9870829582214355,True,6.020069122314453e-06,2088960,7.96875,128.0,False
shared_e2e_rep_projected,43,42,7,-0.00026969201280735433,0.020146185532212257,0.2705950140953064,13.431575603363973,73,encoder_output_representation,-0.00026969201280735433,-2.940429112641141e-06,-1.0913936421275139e-11,0.020146185532212257,0.5411900281906128,0.5411900281906128,True,0.0,2088960,7.96875,128.0,False
shared_e2e_rep_projected,43,42,7,-0.0026758965104818344,0.02008269913494587,0.2631555497646332,13.103594690950514,74,encoder_output_representation,-0.0026758965104818344,-2.8283549909247085e-05,-3.637978807091713e-11,0.02008269913494587,0.5263110995292664,0.5263091921806335,True,3.635883331298828e-06,2088960,7.96875,128.0,False
shared_e2e_rep_projected,43,42,7,-0.006295658182352781,0.027265744283795357,0.6296919584274292,23.094618356032527,75,encoder_output_representation,-0.006295658182352781,-0.00021618054597638547,-5.093170329928398e-11,0.027265744283795357,1.2593839168548584,1.2593590021133423,True,1.9788742065429688e-05,3133440,11.953125,128.0,False
shared_e2e_rep_projected,43,42,7,0.007316559553146362,0.03531282767653465,0.6754582524299622,19.127843814071102,76,encoder_output_representation,0.007316559553146362,0.00034903414780274034,0.00034903414780274034,0.03531282767653465,1.3509165048599243,1.3509165048599243,False,0.0,2350080,8.96484375,128.0,False
shared_e2e_rep_projected,43,42,7,0.002708034124225378,0.02993280626833439,0.5575426816940308,18.626475469620416,77,encoder_output_representation,0.002708034124225378,9.038776624947786e-05,9.038776624947786e-05,0.02993280626833439,1.1150853633880615,1.1150853633880615,False,0.0,2350080,8.96484375,128.0,False
shared_e2e_rep_projected,43,42,7,-0.0005224182968959212,0.0164308063685894,0.3875320553779602,23.585699124225645,78,encoder_output_representation,-0.0005224182968959212,-6.652959655184532e-06,-1.4551915228366852e-11,0.0164308063685894,0.7750641107559204,0.7750639319419861,True,2.384185791015625e-07,2088960,7.96875,128.0,False
shared_e2e_rep_projected,43,42,7,-0.00326515082269907,0.022968122735619545,0.36510682106018066,15.896241293327982,79,encoder_output_representation,-0.00326515082269907,-5.476192382047884e-05,-1.0913936421275139e-11,0.022968122735619545,0.7302136421203613,0.7302097678184509,True,5.304813385009766e-06,2135040,8.14453125,128.0,False
shared_e2e_rep_projected,43,42,7,0.003804705338552594,0.01805920898914337,0.14752952754497528,8.1692131495718,80,encoder_output_representation,0.003804705338552594,2.027349910349585e-05,2.027349910349585e-05,0.01805920898914337,0.29505905508995056,0.29505905508995056,False,0.0,3133440,11.953125,128.0,False
shared_e2e_rep_projected,43,42,7,-0.003028498962521553,0.030860841274261475,0.5696327090263367,18.4581069570978,81,encoder_output_representation,-0.003028498962521553,-0.00010647805902408436,1.0913936421275139e-11,0.030860841274261475,1.1392654180526733,1.139260172843933,True,4.589557647705078e-06,2088960,7.96875,128.0,False
shared_e2e_rep_projected,43,42,7,0.0011897642398253083,0.012080728076398373,0.1589161455631256,13.154517224304852,82,encoder_output_representation,0.0011897642398253083,4.568272743199486e-06,4.568272743199486e-06,0.012080728076398373,0.3178322911262512,0.3178322911262512,False,0.0,2088960,7.96875,128.0,False
shared_e2e_rep_projected,43,42,7,0.0021945717744529247,0.018508795648813248,0.153939887881279,8.317120724770083,83,encoder_output_representation,0.0021945717744529247,1.2505732229328714e-05,1.2505732229328714e-05,0.018508795648813248,0.307879775762558,0.307879775762558,False,0.0,2350080,8.96484375,128.0,False
shared_e2e_rep_projected,43,42,7,-0.009936098009347916,0.02302004210650921,0.38617706298828125,16.775688819399893,84,encoder_output_representation,-0.009936098009347916,-0.00017666009080130607,2.1827872842550278e-11,0.02302004210650921,0.7723541259765625,0.7723159790039062,True,4.941225051879883e-05,2396160,9.140625,128.0,False
shared_e2e_rep_projected,43,42,7,0.0024994208943098783,0.01795811764895916,0.3285920321941376,18.297687910134755,85,encoder_output_representation,0.0024994208943098783,2.9497638024622574e-05,2.9497638024622574e-05,0.01795811764895916,0.6571840643882751,0.6571840643882751,False,0.0,2088960,7.96875,128.0,False
shared_e2e_rep_projected,43,42,7,0.007841468788683414,0.02248774655163288,0.21025602519512177,9.349804112758228,86,encoder_output_representation,0.007841468788683414,7.415181607939303e-05,7.415181607939303e-05,0.02248774655163288,0.42051205039024353,0.42051205039024353,False,0.0,2088960,7.96875,128.0,False
shared_e2e_rep_projected,43,42,7,0.008776546455919743,0.01865997351706028,0.2234850376844406,11.976707120195783,87,encoder_output_representation,0.008776546455919743,7.320034637814388e-05,7.320034637814388e-05,0.01865997351706028,0.4469700753688812,0.4469700753688812,False,0.0,2350080,8.96484375,128.0,False
shared_e2e_rep_projected,43,42,7,9.339261850982439e-06,0.03807396441698074,0.44954875111579895,11.807248286319853,88,encoder_output_representation,9.339261850982439e-06,3.1970353120414075e-07,3.1970353120414075e-07,0.03807396441698074,0.8990975022315979,0.8990975022315979,False,0.0,2350080,8.96484375,128.0,False
shared_e2e_rep_projected,43,42,7,0.0017101664561778307,0.027462970465421677,0.35868144035339355,13.060547867719022,89,encoder_output_representation,0.0017101664561778307,3.3691845601424575e-05,3.3691845601424575e-05,0.027462970465421677,0.7173628807067871,0.7173628807067871,False,0.0,2088960,7.96875,128.0,False
shared_e2e_rep_projected,43,42,7,0.0018717447528615594,0.024161403998732567,0.216549813747406,8.962633701202362,90,encoder_output_representation,0.0018717447528615594,1.9586488633649424e-05,1.9586488633649424e-05,0.024161403998732567,0.433099627494812,0.433099627494812,False,0.0,2437120,9.296875,128.0,False
shared_e2e_rep_projected,43,42,7,0.0027135899290442467,0.02121395245194435,0.224146768450737,10.566006922024235,91,encoder_output_representation,0.0027135899290442467,2.5806450139498338e-05,2.5806450139498338e-05,0.02121395245194435,0.448293536901474,0.448293536901474,False,0.0,2785280,10.625,128.0,False
shared_e2e_rep_projected,43,42,7,0.0027026913594454527,0.028025299310684204,0.42600002884864807,15.20055233402065,92,encoder_output_representation,0.0027026913594454527,6.453366950154305e-05,6.453366950154305e-05,0.028025299310684204,0.8520000576972961,0.8520000576972961,False,0.0,2785280,10.625,128.0,False
shared_e2e_rep_projected,43,42,7,-0.0030989276710897684,0.03759804740548134,0.6143022179603577,16.33867342458853,93,encoder_output_representation,-0.0030989276710897684,-0.00014314915461000055,-2.9103830456733704e-11,0.03759804740548134,1.2286044359207153,1.2285983562469482,True,4.947185516357422e-06,2420736,9.234375,128.0,False
shared_e2e_rep_projected,43,42,7,-0.01284012757241726,0.026400526985526085,0.5380688309669495,20.380988275800032,94,encoder_output_representation,-0.01284012757241726,-0.00036479573464021087,-1.3096723705530167e-10,0.026400526985526085,1.076137661933899,1.0760489702224731,True,8.243322372436523e-05,3432960,13.095703125,128.0,False
shared_e2e_rep_projected,43,42,7,0.0023520460817962885,0.020090460777282715,0.41975608468055725,20.89330301250215,95,encoder_output_representation,0.0023520460817962885,3.9670048863627017e-05,3.9670048863627017e-05,0.020090460777282715,0.8395121693611145,0.8395121693611145,False,0.0,2350080,8.96484375,128.0,False
shared_e2e_rep_projected,43,42,7,0.007691884413361549,0.023617586120963097,0.7467510104179382,31.618430714861162,96,encoder_output_representation,0.007691884413361549,0.0002713151625357568,0.0002713151625357568,0.023617586120963097,1.4935020208358765,1.4935020208358765,False,0.0,2350080,8.96484375,128.0,False
shared_e2e_rep_projected,43,42,7,-0.0035921460948884487,0.03341274708509445,0.5375579595565796,16.08840955781173,97,encoder_output_representation,-0.0035921460948884487,-0.00012903913739137352,0.0,0.03341274708509445,1.0751159191131592,1.0751088857650757,True,6.556510925292969e-06,2350080,8.96484375,128.0,False
shared_e2e_rep_projected,43,42,7,-0.006345878355205059,0.017564600333571434,0.3260161876678467,18.560979554127854,98,encoder_output_representation,-0.006345878355205059,-7.26773650967516e-05,-3.3651303965598345e-11,0.017564600333571434,0.6520323753356934,0.6520192623138428,True,2.008676528930664e-05,2088960,7.96875,128.0,False
shared_e2e_rep_projected,43,42,7,-0.0010387569200247526,0.021210677921772003,0.5137393474578857,24.22078866845414,99,encoder_output_representation,-0.0010387569200247526,-2.2638170776190236e-05,-2.1827872842550278e-11,0.021210677921772003,1.0274786949157715,1.0274780988693237,True,5.960464477539062e-07,2350080,8.96484375,128.0,False
shared_e2e_rep_projected,43,42,7,0.002959225093945861,0.029423603788018227,0.36043938994407654,12.250008277057256,100,encoder_output_representation,0.002959225093945861,6.276768544921651e-05,6.276768544921651e-05,0.029423603788018227,0.7208787798881531,0.7208787798881531,False,0.0,2785280,10.625,128.0,False
shared_e2e_rep_projected,43,42,7,-0.0004579159722197801,0.02392781898379326,0.30058345198631287,12.562091521584287,101,encoder_output_representation,-0.0004579159722197801,-6.586943982256344e-06,-1.057287590811029e-11,0.02392781898379326,0.6011669039726257,0.6011667847633362,True,1.7881393432617188e-07,2350080,8.96484375,128.0,False
shared_e2e_rep_projected,43,42,7,0.004790187813341618,0.037927769124507904,0.5012682676315308,13.216392084279608,102,encoder_output_representation,0.004790187813341618,0.0001821419718908146,0.0001821419718908146,0.037927769124507904,1.0025365352630615,1.0025365352630615,False,0.0,3133440,11.953125,128.0,False
shared_e2e_rep_projected,43,42,7,-0.0010803075274452567,0.022088240832090378,0.41072073578834534,18.59454263064895,103,encoder_output_representation,-0.0010803075274452567,-1.9601313397288322e-05,-6.548361852765083e-11,0.022088240832090378,0.8214414715766907,0.8214409947395325,True,5.960464477539062e-07,2088960,7.96875,128.0,False
shared_e2e_rep_projected,43,42,7,0.0005273026181384921,0.04101446643471718,0.939517617225647,22.906981338427975,104,encoder_output_representation,0.0005273026181384921,4.0637962229084224e-05,4.0637962229084224e-05,0.04101446643471718,1.879035234451294,1.879035234451294,False,0.0,3397120,12.958984375,128.0,False
shared_e2e_rep_projected,43,42,7,-0.0028842580504715443,0.02425144426524639,0.40409335494041443,16.66265111969029,105,encoder_output_representation,-0.0028842580504715443,-5.653057814924978e-05,-2.546585164964199e-11,0.02425144426524639,0.8081867098808289,0.8081833720207214,True,4.112720489501953e-06,2396160,9.140625,128.0,False
shared_e2e_rep_projected,43,42,7,-0.005146715324372053,0.019258486106991768,0.22627907991409302,11.749577752736375,106,encoder_output_representation,-0.005146715324372053,-4.4856635213363916e-05,-1.4551915228366852e-11,0.019258486106991768,0.45255815982818604,0.4525521695613861,True,1.3232231140136719e-05,2088960,7.96875,128.0,False
shared_e2e_rep_projected,43,42,7,0.0034796218387782574,0.013351833447813988,0.24038733541965485,18.004069355659315,107,encoder_output_representation,0.0034796218387782574,2.2336469555739313e-05,2.2336469555739313e-05,0.013351833447813988,0.4807746708393097,0.4807746708393097,False,0.0,2088960,7.96875,128.0,False
shared_e2e_rep_projected,43,42,7,0.0011019124649465084,0.024921812117099762,0.6244162321090698,25.055009209407977,108,encoder_output_representation,0.0011019124649465084,3.429500793572515e-05,3.429500793572515e-05,0.024921812117099762,1.2488324642181396,1.2488324642181396,False,0.0,3194880,12.1875,128.0,False
shared_e2e_rep_projected,43,42,7,0.003388452809303999,0.03466036915779114,0.5955933928489685,17.183700212122176,109,encoder_output_representation,0.003388452809303999,0.00013989896979182959,0.00013989896979182959,0.03466036915779114,1.191186785697937,1.191186785697937,False,0.0,2350080,8.96484375,128.0,False
shared_e2e_rep_projected,43,42,7,0.006822220515459776,0.026644684374332428,0.3399238884449005,12.75766241661165,110,encoder_output_representation,0.006822220515459776,0.00012357995728962123,0.00012357995728962123,0.026644684374332428,0.679847776889801,0.679847776889801,False,0.0,2785280,10.625,128.0,False
shared_e2e_rep_projected,43,42,7,0.0022159975487738848,0.02893388643860817,0.3794425129890442,13.114121872087393,111,encoder_output_representation,0.0022159975487738848,4.8657748266123235e-05,4.8657748266123235e-05,0.02893388643860817,0.7588850259780884,0.7588850259780884,False,0.0,3133440,11.953125,128.0,False
shared_e2e_rep_projected,43,42,7,-0.0011219282168895006,0.018351182341575623,0.2705051302909851,14.74047422427604,112,encoder_output_representation,-0.0011219282168895006,-1.113870348490309e-05,-3.456079866737127e-11,0.018351182341575623,0.5410102605819702,0.5410099029541016,True,6.556510925292969e-07,2088960,7.96875,128.0,False
shared_e2e_rep_projected,43,42,7,-0.0009944513440132141,0.019359149038791656,0.2048293501138687,10.580493476414373,113,encoder_output_representation,-0.0009944513440132141,-7.886639650678262e-06,-1.0913936421275139e-11,0.019359149038791656,0.4096587002277374,0.4096585214138031,True,4.172325134277344e-07,2088960,7.96875,128.0,False
shared_e2e_rep_projected,43,42,7,0.00169611896853894,0.025317257270216942,0.3699066638946533,14.610850612550719,114,encoder_output_representation,0.00169611896853894,3.1768384360475466e-05,3.1768384360475466e-05,0.025317257270216942,0.7398133277893066,0.7398133277893066,False,0.0,2325504,8.87109375,128.0,False
shared_e2e_rep_projected,43,42,7,0.0030792944598942995,0.02149271033704281,0.3388938903808594,15.767852684301701,115,encoder_output_representation,0.0030792944598942995,4.4857610191684216e-05,4.4857610191684216e-05,0.02149271033704281,0.6777877807617188,0.6777877807617188,False,0.0,2350080,8.96484375,128.0,False
shared_e2e_rep_projected,43,42,7,-0.00299059902317822,0.02253287471830845,0.33513107895851135,14.872983724806764,116,encoder_output_representation,-0.00299059902317822,-4.516681656241417e-05,-1.4551915228366852e-11,0.02253287471830845,0.6702621579170227,0.6702591180801392,True,4.5299530029296875e-06,2350080,8.96484375,128.0,False
shared_e2e_rep_projected,43,42,7,-0.0002994691312778741,0.025750676169991493,0.521198570728302,20.240189705607804,117,encoder_output_representation,-0.0002994691312778741,-8.038479791139252e-06,-4.547473508864641e-12,0.025750676169991493,1.042397141456604,1.042397141456604,True,0.0,3556864,13.568359375,128.0,False
shared_e2e_rep_projected,43,42,7,-0.012980634346604347,0.021768441423773766,0.4621778130531311,21.231552781191635,118,encoder_output_representation,-0.012980634346604347,-0.0002611934905871749,0.0,0.021768441423773766,0.9243556261062622,0.9242777228355408,True,8.428096771240234e-05,2088960,7.96875,128.0,False
shared_e2e_rep_projected,43,42,7,0.006518304813653231,0.023643851280212402,0.3975808918476105,16.81540317335471,119,encoder_output_representation,0.006518304813653231,0.00012254860484972596,0.00012254860484972596,0.023643851280212402,0.795161783695221,0.795161783695221,False,0.0,2088960,7.96875,128.0,False
shared_e2e_rep_projected,43,42,7,-0.002663340885192156,0.02310757525265217,0.3934685289859772,17.02768571275417,120,encoder_output_representation,-0.002663340885192156,-4.843074202653952e-05,-1.2732925824820995e-11,0.02310757525265217,0.7869370579719543,0.7869342565536499,True,3.5762786865234375e-06,2264064,8.63671875,128.0,False
shared_e2e_rep_projected,43,42,7,-0.0019263867288827896,0.02606295235455036,0.42021864652633667,16.12321738572991,121,encoder_output_representation,-0.0019263867288827896,-4.2196108552161604e-05,-2.9103830456733704e-11,0.02606295235455036,0.8404372930526733,0.8404357433319092,True,1.8477439880371094e-06,3133440,11.953125,128.0,False
shared_e2e_rep_projected,43,42,7,-0.0011245363857597113,0.022623155266046524,0.3040543496608734,13.439962113384194,122,encoder_output_representation,-0.0011245363857597113,-1.5470626749447547e-05,-1.000444171950221e-11,0.022623155266046524,0.6081086993217468,0.6081082820892334,True,7.152557373046875e-07,2350080,8.96484375,128.0,False
shared_e2e_rep_projected,43,42,7,-0.002289149910211563,0.013752780854701996,0.26128143072128296,18.998443549833222,123,encoder_output_representation,-0.002289149910211563,-1.6451416740892455e-05,-1.000444171950221e-11,0.013752780854701996,0.5225628614425659,0.5225614905357361,True,2.6226043701171875e-06,2088960,7.96875,128.0,False
shared_e2e_rep_projected,43,42,7,-0.001549638225696981,0.032648276537656784,0.3411993384361267,10.450761100439243,124,encoder_output_representation,-0.001549638225696981,-3.4524608054198325e-05,-1.4551915228366852e-11,0.032648276537656784,0.6823986768722534,0.6823977828025818,True,1.3113021850585938e-06,2396160,9.140625,128.0,False
shared_e2e_rep_projected,43,42,7,-0.0017245112685486674,0.023029493167996407,0.44295358657836914,19.234187367785072,125,encoder_output_representation,-0.0017245112685486674,-3.5183467844035476e-05,-2.1827872842550278e-11,0.023029493167996407,0.8859071731567383,0.8859058022499084,True,1.5497207641601562e-06,2785280,10.625,128.0,False
shared_e2e_rep_projected,43,42,7,0.0007705423631705344,0.020065372809767723,0.2500617206096649,12.462351085145855,126,encoder_output_representation,0.0007705423631705344,7.732518497505225e-06,7.732518497505225e-06,0.020065372809767723,0.5001234412193298,0.5001234412193298,False,0.0,2088960,7.96875,128.0,False
shared_e2e_rep_projected,43,42,7,-0.023298567160964012,0.039789676666259766,0.8077024817466736,20.299297441428486,127,encoder_output_representation,-0.023298567160964012,-0.0014975490048527718,-3.4924596548080444e-10,0.039789676666259766,1.6154049634933472,1.614966630935669,True,0.0002713203430175781,2088960,7.96875,128.0,False
shared_e2e_rep_projected,43,42,7,0.0004489023704081774,0.020633043721318245,0.37717482447624207,18.280134989804807,128,encoder_output_representation,0.0004489023704081774,6.986953849263955e-06,6.986953849263955e-06,0.020633043721318245,0.7543496489524841,0.7543496489524841,False,0.0,3194880,12.1875,128.0,False
shared_e2e_rep_projected,43,42,7,0.001288766274228692,0.06427895277738571,0.5525695085525513,8.59642985264927,129,encoder_output_representation,0.001288766274228692,9.15503260330297e-05,9.15503260330297e-05,0.06427895277738571,1.1051390171051025,1.1051390171051025,False,0.0,3004416,11.4609375,128.0,False
shared_e2e_rep_projected,43,42,7,0.0054030641913414,0.018818343058228493,0.38841772079467773,20.640378358116845,130,encoder_output_representation,0.0054030641913414,7.898607873357832e-05,7.898607873357832e-05,0.018818343058228493,0.7768354415893555,0.7768354415893555,False,0.0,2482176,9.46875,128.0,False
shared_e2e_rep_projected,43,42,7,0.00042870835750363767,0.028267666697502136,0.5892271399497986,20.844562314082523,131,encoder_output_representation,0.00042870835750363767,1.4281198673415929e-05,1.4281198673415929e-05,0.028267666697502136,1.1784542798995972,1.1784542798995972,False,0.0,2785280,10.625,128.0,False
shared_e2e_rep_projected,43,42,7,0.0011035277275368571,0.023645179346203804,0.3715854585170746,15.715061961529678,132,encoder_output_representation,0.0011035277275368571,1.93916421267204e-05,1.93916421267204e-05,0.023645179346203804,0.7431709170341492,0.7431709170341492,False,0.0,2396160,9.140625,128.0,False
shared_e2e_rep_projected,43,42,7,0.012191849760711193,0.03954679146409035,0.5701886415481567,14.418075915612643,133,encoder_output_representation,0.012191849760711193,0.0005498312530107796,0.0005498312530107796,0.03954679146409035,1.1403772830963135,1.1403772830963135,False,0.0,2847744,10.86328125,128.0,False
shared_e2e_rep_projected,43,42,7,-0.0016094050370156765,0.034468185156583786,0.509164035320282,14.772000121480904,134,encoder_output_representation,-0.0016094050370156765,-5.6489989219699055e-05,-7.275957614183426e-12,0.034468185156583786,1.018328070640564,1.018326759338379,True,1.3113021850585938e-06,2350080,8.96484375,128.0,False
shared_e2e_rep_projected,43,42,7,0.004872097633779049,0.03580317273736,0.54926997423172,15.341377096967893,135,encoder_output_representation,0.004872097633779049,0.00019162552780471742,0.00019162552780471742,0.03580317273736,1.09853994846344,1.09853994846344,False,0.0,2396160,9.140625,128.0,False
shared_e2e_rep_projected,43,42,7,0.006262101233005524,0.04251321405172348,0.7590561509132385,17.85459339747253,136,encoder_output_representation,0.006262101233005524,0.0004041549691464752,0.0004041549691464752,0.04251321405172348,1.518112301826477,1.518112301826477,False,0.0,2611200,9.9609375,128.0,False
shared_e2e_rep_projected,43,42,7,0.0036117543932050467,0.05269358679652214,0.7087090015411377,13.449625364806511,137,encoder_output_representation,0.0036117543932050467,0.00026975772925652564,0.00026975772925652564,0.05269358679652214,1.4174180030822754,1.4174180030822754,False,0.0,3133440,11.953125,128.0,False
shared_e2e_rep_projected,43,42,7,-2.2282652935246006e-05,0.03422635793685913,0.5125048160552979,14.97398049189949,138,encoder_output_representation,-2.2282652935246006e-05,-7.817277491994901e-07,-1.3073986337985843e-12,0.03422635793685913,1.0250096321105957,1.0250096321105957,True,0.0,2457600,9.375,128.0,False
shared_e2e_rep_projected,43,42,7,0.008793679997324944,0.02665552869439125,0.5021598935127258,18.838864509875144,139,encoder_output_representation,0.008793679997324944,0.0002354127645958215,0.0002354127645958215,0.02665552869439125,1.0043197870254517,1.0043197870254517,False,0.0,2396160,9.140625,128.0,False
shared_e2e_rep_projected,43,42,7,-6.402248982340097e-05,0.018982086330652237,0.25294995307922363,13.325719242502892,140,encoder_output_representation,-6.402248982340097e-05,-6.148102329461835e-07,-9.094947017729282e-12,0.018982086330652237,0.5058999061584473,0.5058999061584473,True,0.0,2350080,8.96484375,128.0,False
shared_e2e_rep_projected,43,42,7,0.0019575352780520916,0.017935866490006447,0.3130679726600647,17.454856325703624,141,encoder_output_representation,0.0019575352780520916,2.198368929384742e-05,2.198368929384742e-05,0.017935866490006447,0.6261359453201294,0.6261359453201294,False,0.0,2088960,7.96875,128.0,False
shared_e2e_rep_projected,43,42,7,-0.0011107203317806125,0.03924677148461342,0.7955033183097839,20.269267718534724,142,encoder_output_representation,-0.0011107203317806125,-6.935546116437763e-05,-3.2741809263825417e-11,0.03924677148461342,1.5910066366195679,1.5910056829452515,True,5.960464477539062e-07,3100672,11.828125,128.0,False
shared_e2e_rep_projected,43,42,7,0.009000468999147415,0.039893776178359985,0.45177605748176575,11.324474661459286,143,encoder_output_representation,0.009000468999147415,0.00032443186501041055,0.00032443186501041055,0.039893776178359985,0.9035521149635315,0.9035521149635315,False,0.0,2350080,8.96484375,128.0,False
shared_e2e_rep_projected,43,42,7,-0.0019032786367461085,0.021177256479859352,0.2528866231441498,11.941425150356837,144,encoder_output_representation,-0.0019032786367461085,-2.038580714724958e-05,-2.7284841053187847e-12,0.021177256479859352,0.5057732462882996,0.5057722926139832,True,1.9073486328125e-06,3133440,11.953125,128.0,False
shared_e2e_rep_projected,43,42,7,0.0008914861246012151,0.03864395618438721,0.551598310470581,14.273857154755698,145,encoder_output_representation,0.0008914861246012151,3.800573176704347e-05,3.800573176704347e-05,0.03864395618438721,1.103196620941162,1.103196620941162,False,0.0,2350080,8.96484375,128.0,False
shared_e2e_rep_projected,43,42,7,-0.005747804418206215,0.044953424483537674,0.7651171684265137,17.02021986571248,146,encoder_output_representation,-0.005747804418206215,-0.0003953872947022319,0.0,0.044953424483537674,1.5302343368530273,1.5302090644836426,True,1.6510486602783203e-05,2088960,7.96875,128.0,False
shared_e2e_rep_projected,43,42,7,-0.001543224323540926,0.021066773682832718,0.29531219601631165,14.01791277878307,147,encoder_output_representation,-0.001543224323540926,-1.920164686453063e-05,-1.6370904631912708e-11,0.021066773682832718,0.5906243920326233,0.590623676776886,True,1.1920928955078125e-06,2396160,9.140625,128.0,False
shared_e2e_rep_projected,43,42,7,-0.0031497974414378405,0.02102460153400898,0.41105183959007263,19.55099310325398,148,encoder_output_representation,-0.0031497974414378405,-5.444236740004271e-05,3.637978807091713e-12,0.02102460153400898,0.8221036791801453,0.8220996260643005,True,4.947185516357422e-06,2350080,8.96484375,128.0,False
shared_e2e_rep_projected,43,42,7,-0.0015879851998761296,0.026498183608055115,0.4123026728630066,15.55965793586213,149,encoder_output_representation,-0.0015879851998761296,-3.469833973213099e-05,-1.546140993013978e-11,0.026498183608055115,0.8246053457260132,0.8246042728424072,True,1.3113021850585938e-06,2088960,7.96875,128.0,False
shared_e2e_rep_projected,43,42,7,-0.01827867142856121,0.025674989446997643,0.2976961135864258,11.594790105015505,150,encoder_output_representation,-0.01827867142856121,-0.0002794203464873135,-5.093170329928398e-11,0.025674989446997643,0.5953922271728516,0.5952927470207214,True,0.00016707181930541992,2355200,8.984375,128.0,False
shared_e2e_rep_projected,43,42,7,0.0012191043933853507,0.02059713937342167,0.3244892954826355,15.754095245932698,151,encoder_output_representation,0.0012191043933853507,1.6295893146889284e-05,1.6295893146889284e-05,0.02059713937342167,0.648978590965271,0.648978590965271,False,0.0,3227648,12.3125,128.0,False
shared_e2e_rep_projected,43,42,7,0.004152271430939436,0.03260566666722298,0.8238245248794556,25.266299054317745,152,encoder_output_representation,0.004152271430939436,0.0002230711979791522,0.0002230711979791522,0.03260566666722298,1.6476490497589111,1.6476490497589111,False,0.0,2457600,9.375,128.0,False
shared_e2e_rep_projected,43,42,7,-0.015759726986289024,0.01620231568813324,0.23920974135398865,14.76392300695564,153,encoder_output_representation,-0.015759726986289024,-0.00012216158211231232,-1.8189894035458565e-11,0.01620231568813324,0.4784194827079773,0.47836002707481384,True,0.00012427568435668945,2088960,7.96875,128.0,False
shared_e2e_rep_projected,43,42,7,0.00810011476278305,0.031637322157621384,0.4010047912597656,12.675054774291766,154,encoder_output_representation,0.00810011476278305,0.00020552774367388338,0.00020552774367388338,0.031637322157621384,0.8020095825195312,0.8020095825195312,False,0.0,2350080,8.96484375,128.0,False
shared_e2e_rep_projected,43,42,7,0.00022987047850620002,0.026622187346220016,0.539312481880188,20.258007911463476,155,encoder_output_representation,0.00022987047850620002,6.600812412216328e-06,6.600812412216328e-06,0.026622187346220016,1.078624963760376,1.078624963760376,False,0.0,2482176,9.46875,128.0,False
shared_e2e_rep_projected,43,42,7,-0.0005317828035913408,0.030670344829559326,0.6385686993598938,20.820395170270697,156,encoder_output_representation,-0.0005317828035913408,-2.083006256725639e-05,-4.638422979041934e-11,0.030670344829559326,1.2771373987197876,1.2771371603012085,True,1.7881393432617188e-07,2350080,8.96484375,128.0,False
shared_e2e_rep_projected,43,42,7,0.008028683252632618,0.018115054816007614,0.2854774296283722,15.759125905382643,157,encoder_output_representation,0.008028683252632618,8.303968934342265e-05,8.303968934342265e-05,0.018115054816007614,0.5709548592567444,0.5709548592567444,False,0.0,2396160,9.140625,128.0,False
shared_e2e_rep_projected,43,42,7,0.009617670439183712,0.028214244171977043,0.3310365378856659,11.7329578587279,158,encoder_output_representation,0.009617670439183712,0.00017965702863875777,0.00017965702863875777,0.028214244171977043,0.6620730757713318,0.6620730757713318,False,0.0,2350080,8.96484375,128.0,False
shared_e2e_rep_projected,43,42,7,0.0006266505224630237,0.022649168968200684,0.32513922452926636,14.355459354193531,159,encoder_output_representation,0.0006266505224630237,9.229475836036727e-06,9.229475836036727e-06,0.022649168968200684,0.6502784490585327,0.6502784490585327,False,0.0,2785280,10.625,128.0,False
shared_e2e_rep_projected,43,42,7,-0.007834539748728275,0.014878250658512115,0.19133135676383972,12.859801945491192,160,encoder_output_representation,-0.007834539748728275,-4.4604792492464185e-05,-1.8189894035458565e-11,0.014878250658512115,0.38266271352767944,0.3826509714126587,True,3.069639205932617e-05,2088960,7.96875,128.0,False
shared_e2e_rep_projected,43,42,7,-5.813797906739637e-05,0.02847929298877716,0.5205502510070801,18.27820133077789,161,encoder_output_representation,-5.813797906739637e-05,-1.7237798601854593e-06,-7.639755494892597e-11,0.02847929298877716,1.0411005020141602,1.0411005020141602,True,0.0,2350080,8.96484375,128.0,False
shared_e2e_rep_projected,43,42,7,0.00331003381870687,0.02520177513360977,0.25937509536743164,10.291937531873378,162,encoder_output_representation,0.00331003381870687,4.3273481423966587e-05,4.3273481423966587e-05,0.02520177513360977,0.5187501907348633,0.5187501907348633,False,0.0,2785280,10.625,128.0,False
shared_e2e_rep_projected,43,42,7,-0.0004640057741198689,0.0282431710511446,0.3589128851890564,12.707952819430695,163,encoder_output_representation,-0.0004640057741198689,-9.407102879777085e-06,-2.000888343900442e-11,0.0282431710511446,0.7178257703781128,0.7178256511688232,True,1.7881393432617188e-07,3133440,11.953125,128.0,False
shared_e2e_rep_projected,43,42,7,-0.0016210190951824188,0.024185022339224815,0.2519696056842804,10.418415255115145,164,encoder_output_representation,-0.0016210190951824188,-1.9756625988520682e-05,-2.3646862246096134e-11,0.024185022339224815,0.5039392113685608,0.5039385557174683,True,1.3113021850585938e-06,2785280,10.625,128.0,False
shared_e2e_rep_projected,43,42,7,-0.0019374212715774775,0.025693843141198158,0.30170938372612,11.742477840629125,165,encoder_output_representation,-0.0019374212715774775,-3.0038063414394855e-05,-9.094947017729282e-12,0.025693843141198158,0.60341876745224,0.6034176349639893,True,1.8477439880371094e-06,2350080,8.96484375,128.0,False
shared_e2e_rep_projected,43,42,7,0.0042325714603066444,0.040224380791187286,0.6235648393630981,15.50216130361699,166,encoder_output_representation,0.0042325714603066444,0.00021232703875284642,0.00021232703875284642,0.040224380791187286,1.2471296787261963,1.2471296787261963,False,0.0,2350080,8.96484375,128.0,False
shared_e2e_rep_projected,43,42,7,0.004508967511355877,0.026589591056108475,0.19305776059627533,7.26065174108512,167,encoder_output_representation,0.004508967511355877,4.629201066563837e-05,4.629201066563837e-05,0.026589591056108475,0.38611552119255066,0.38611552119255066,False,0.0,2785280,10.625,128.0,False
shared_e2e_rep_projected,43,42,7,0.0029780773911625147,0.019759628921747208,0.29938367009162903,15.151279979864956,168,encoder_output_representation,0.0029780773911625147,3.523488703649491e-05,3.523488703649491e-05,0.019759628921747208,0.5987673401832581,0.5987673401832581,False,0.0,2350080,8.96484375,128.0,False
shared_e2e_rep_projected,43,42,7,-0.014153756201267242,0.023560980334877968,0.30878713726997375,13.105869657421158,169,encoder_output_representation,-0.014153756201267242,-0.00020594643137883395,-2.9103830456733704e-11,0.023560980334877968,0.6175742745399475,0.6175124049186707,True,0.00010019540786743164,2088960,7.96875,128.0,False
shared_e2e_rep_projected,43,42,7,0.003128702286630869,0.02441456727683544,0.41571035981178284,17.027144290458473,170,encoder_output_representation,0.003128702286630869,6.350882904371247e-05,6.350882904371247e-05,0.02441456727683544,0.8314207196235657,0.8314207196235657,False,0.0,2396160,9.140625,128.0,False
shared_e2e_rep_projected,43,42,7,-0.005095185711979866,0.05003897100687027,0.5054324865341187,10.100776981699395,171,encoder_output_representation,-0.005095185711979866,-0.0002577279519755393,-1.4551915228366852e-11,0.05003897100687027,1.0108649730682373,1.0108518600463867,True,1.2993812561035156e-05,2325504,8.87109375,128.0,False
shared_e2e_rep_projected,43,42,7,-0.0005895861540921032,0.015111214481294155,0.2796066701412201,18.503256008134827,172,encoder_output_representation,-0.0005895861540921032,-4.982234713679645e-06,-2.9103830456733704e-11,0.015111214481294155,0.5592133402824402,0.5592132210731506,True,2.384185791015625e-07,2325504,8.87109375,128.0,False
shared_e2e_rep_projected,43,42,7,0.007063824217766523,0.025213614106178284,0.48981961607933044,19.42679117783857,173,encoder_output_representation,0.007063824217766523,0.00017447819118387997,0.00017447819118387997,0.025213614106178284,0.9796392321586609,0.9796392321586609,False,0.0,2088960,7.96875,128.0,False
shared_e2e_rep_projected,43,42,7,0.006262620911002159,0.01556265726685524,0.3974609076976776,25.539398631117763,174,encoder_output_representation,0.006262620911002159,7.747548079350963e-05,7.747548079350963e-05,0.01556265726685524,0.7949218153953552,0.7949218153953552,False,0.0,2088960,7.96875,128.0,False
shared_e2e_rep_projected,43,42,7,-0.0007002626080065966,0.025269150733947754,0.539736807346344,21.359515126926542,175,encoder_output_representation,-0.0007002626080065966,-1.910133141791448e-05,-9.094947017729282e-12,0.025269150733947754,1.079473614692688,1.0794733762741089,True,2.384185791015625e-07,2785280,10.625,128.0,False
shared_e2e_rep_projected,43,42,7,0.00010043083602795377,0.02582694962620735,0.7040369510650635,27.25977946503821,176,encoder_output_representation,0.00010043083602795377,3.652293344202917e-06,3.652293344202917e-06,0.02582694962620735,1.408073902130127,1.408073902130127,False,0.0,2396160,9.140625,128.0,False
shared_e2e_rep_projected,43,42,7,-0.00293864612467587,0.028685620054602623,0.29356974363327026,10.234038625432008,177,encoder_output_representation,-0.00293864612467587,-4.949403228238225e-05,-2.7284841053187847e-11,0.028685620054602623,0.5871394872665405,0.58713698387146,True,4.291534423828125e-06,2350080,8.96484375,128.0,False
shared_e2e_rep_projected,43,42,7,-0.0007619045209139585,0.03895506262779236,0.4024900794029236,10.332163581628242,178,encoder_output_representation,-0.0007619045209139585,-2.3891841919976287e-05,-3.092281986027956e-11,0.03895506262779236,0.8049801588058472,0.8049798607826233,True,3.5762786865234375e-07,2350080,8.96484375,128.0,False
shared_e2e_rep_projected,43,42,7,-0.01183676440268755,0.03452477976679802,0.33306339383125305,9.647082358844047,179,encoder_output_representation,-0.01183676440268755,-0.00027222049538977444,-1.6007106751203537e-10,0.03452477976679802,0.6661267876625061,0.666080117225647,True,7.003545761108398e-05,2350080,8.96484375,128.0,False
shared_e2e_rep_projected,43,42,7,-0.0031102232169359922,0.036384403705596924,0.5334323048591614,14.661015449790229,180,encoder_output_representation,-0.0031102232169359922,-0.00012073026300640777,-2.1827872842550278e-11,0.036384403705596924,1.0668646097183228,1.0668593645095825,True,4.887580871582031e-06,3133440,11.953125,128.0,False
shared_e2e_rep_projected,43,42,7,0.0004495041212067008,0.05929163843393326,0.368426650762558,6.213804517699132,181,encoder_output_representation,0.0004495041212067008,1.96384935406968e-05,1.96384935406968e-05,0.05929163843393326,0.736853301525116,0.736853301525116,False,0.0,2703360,10.3125,128.0,False
shared_e2e_rep_projected,43,42,7,0.006130116060376167,0.029459767043590546,0.28917592763900757,9.815961111000114,182,encoder_output_representation,0.006130116060376167,0.00010444559302413836,0.00010444559302413836,0.029459767043590546,0.5783518552780151,0.5783518552780151,False,0.0,2088960,7.96875,128.0,False
shared_e2e_rep_projected,43,42,7,-0.003425941336899996,0.025018345564603806,0.4347507655620575,17.377278782860326,183,encoder_output_representation,-0.003425941336899996,-7.4526178650558e-05,-3.092281986027956e-11,0.025018345564603806,0.869501531124115,0.8694964647293091,True,5.841255187988281e-06,2396160,9.140625,128.0,False
shared_e2e_rep_projected,43,42,7,-0.0002252296544611454,0.031130757182836533,0.4634052515029907,14.885768720025935,184,encoder_output_representation,-0.0002252296544611454,-6.498396032839082e-06,-6.366462912410498e-12,0.031130757182836533,0.9268105030059814,0.9268104434013367,True,5.960464477539063e-08,2135040,8.14453125,128.0,False
shared_e2e_rep_projected,43,42,7,-0.0003743816923815757,0.03455328568816185,0.6757010221481323,19.555333413043012,185,encoder_output_representation,-0.0003743816923815757,-1.7481896065874025e-05,-3.728928277269006e-11,0.03455328568816185,1.3514020442962646,1.351401925086975,True,5.960464477539063e-08,2785280,10.625,128.0,False
shared_e2e_rep_projected,43,42,7,-0.005622643977403641,0.031257614493370056,0.568431556224823,18.1853786809416,186,encoder_output_representation,-0.005622643977403641,-0.00019980419892817736,-2.9103830456733704e-11,0.031257614493370056,1.136863112449646,1.1368451118469238,True,1.5854835510253906e-05,3133440,11.953125,128.0,False
shared_e2e_rep_projected,43,42,7,-0.009674557484686375,0.035542894154787064,0.7302361726760864,20.545208544243863,187,encoder_output_representation,-0.009674557484686375,-0.0005022006225772202,-1.0186340659856796e-10,0.035542894154787064,1.4604723453521729,1.4604040384292603,True,4.678964614868164e-05,2549760,9.7265625,128.0,False
shared_e2e_rep_projected,43,42,7,-0.0004214755608700216,0.023913757875561714,0.33841267228126526,14.15137988944434,188,encoder_output_representation,-0.0004214755608700216,-6.821766874054447e-06,-1.6370904631912708e-11,0.023913757875561714,0.6768253445625305,0.6768252849578857,True,5.960464477539063e-08,2135040,8.14453125,128.0,False
shared_e2e_rep_projected,43,42,7,0.00036880525294691324,0.033746905624866486,0.41970160603523254,12.436743406956236,189,encoder_output_representation,0.00036880525294691324,1.0447241947986186e-05,1.0447241947986186e-05,0.033746905624866486,0.8394032120704651,0.8394032120704651,False,0.0,2350080,8.96484375,128.0,False
shared_e2e_rep_projected,43,42,7,0.0003976334410253912,0.021946901455521584,0.44405537843704224,20.233169558672397,190,encoder_output_representation,0.0003976334410253912,7.750384611426853e-06,7.750384611426853e-06,0.021946901455521584,0.8881107568740845,0.8881107568740845,False,0.0,2420736,9.234375,128.0,False
shared_e2e_rep_projected,43,42,7,-0.007486916147172451,0.037265487015247345,0.5339478254318237,14.328212729739894,191,encoder_output_representation,-0.007486916147172451,-0.00029794670990668237,-7.275957614183426e-11,0.037265487015247345,1.0678956508636475,1.0678657293319702,True,2.8014183044433594e-05,2785280,10.625,128.0,False
shared_e2e_rep_projected,43,42,7,-0.0007301151636056602,0.027372898533940315,0.37433934211730957,13.675546331096694,192,encoder_output_representation,-0.0007301151636056602,-1.496261938882526e-05,-2.6830093702301383e-11,0.027372898533940315,0.7486786842346191,0.74867844581604,True,2.980232238769531e-07,2903040,11.07421875,128.0,False
shared_e2e_rep_projected,43,42,7,-0.0010773412650451064,0.027635950595140457,0.41364586353302,14.967672709827324,193,encoder_output_representation,-0.0010773412650451064,-2.463124656060245e-05,-9.094947017729282e-12,0.027635950595140457,0.82729172706604,0.8272913098335266,True,4.76837158203125e-07,2396160,9.140625,128.0,False
shared_e2e_rep_projected,43,42,7,-0.005134095437824726,0.035080086439847946,0.795886754989624,22.687707920969245,194,encoder_output_representation,-0.005134095437824726,-0.00028668559389188886,-1.7462298274040222e-10,0.035080086439847946,1.591773509979248,1.5917524099349976,True,1.3232231140136719e-05,2770944,10.5703125,128.0,False
shared_e2e_rep_projected,43,42,7,-0.004602677188813686,0.020770950242877007,0.4553285837173462,21.921413242684565,195,encoder_output_representation,-0.004602677188813686,-8.70606309035793e-05,-2.9103830456733704e-11,0.020770950242877007,0.9106571674346924,0.9106475114822388,True,1.0609626770019531e-05,2088960,7.96875,128.0,False
shared_e2e_rep_projected,43,42,7,0.00023015253827907145,0.03780840337276459,0.5281865000724792,13.97008212340858,196,encoder_output_representation,0.00023015253827907145,9.192241122946143e-06,9.192241122946143e-06,0.03780840337276459,1.0563730001449585,1.0563730001449585,False,0.0,3004416,11.4609375,128.0,False
shared_e2e_rep_projected,43,42,7,0.000926592038013041,0.02867470309138298,0.5241846442222595,18.28038611426048,197,encoder_output_representation,0.000926592038013041,2.785491233225912e-05,2.785491233225912e-05,0.02867470309138298,1.048369288444519,1.048369288444519,False,0.0,3194880,12.1875,128.0,False
shared_e2e_rep_projected,43,42,7,0.0019525972893461585,0.021472923457622528,0.380638062953949,17.726420145126017,198,encoder_output_representation,0.0019525972893461585,3.191876385244541e-05,3.191876385244541e-05,0.021472923457622528,0.761276125907898,0.761276125907898,False,0.0,2350080,8.96484375,128.0,False
shared_e2e_rep_projected,43,42,7,-0.005668303929269314,0.02693016268312931,0.31830015778541565,11.819466578448047,199,encoder_output_representation,-0.005668303929269314,-9.717598732095212e-05,-7.275957614183426e-12,0.02693016268312931,0.6366003155708313,0.6365900039672852,True,1.621246337890625e-05,2350080,8.96484375,128.0,False
