experiment,seed,data_seed,epoch,cosine,main_grad_norm,weighted_aux_grad_norm,norm_ratio,step,projection_scope,enc_cls_aux_cosine_raw,enc_cls_aux_dot_raw,enc_cls_aux_dot_projected,enc_cls_grad_norm,enc_aux_grad_norm,enc_aux_grad_norm_projected,projection_applied,projection_removed_ratio,projection_vector_numel,projection_vector_mb,grad_scale,optimizer_step_skipped
shared_e2e_rep_projected,42,42,1,3.386198659427464e-05,4.085684776306152,0.4241451919078827,0.10381251005158315,0,encoder_output_representation,3.386198659427464e-05,0.00011736046872101724,0.00011736046872101724,4.085684776306152,0.8482903838157654,0.8482903838157654,False,0.0,2670592,10.1875,65536.0,True
shared_e2e_rep_projected,42,42,1,8.829521220832248e-07,4.180809020996094,0.41742420196533203,0.09984292510588755,1,encoder_output_representation,8.829521220832248e-07,3.081804607063532e-06,3.081804607063532e-06,4.180809020996094,0.8348484039306641,0.8348484039306641,False,0.0,3396096,12.955078125,32768.0,True
shared_e2e_rep_projected,42,42,1,-0.0005902526318095624,3.4439852237701416,0.6677950620651245,0.19390183716702686,2,encoder_output_representation,-0.0005902526318095624,-0.0027150160167366266,-3.4924596548080444e-10,3.4439852237701416,1.335590124130249,1.33558988571167,True,1.7881393432617188e-07,2088960,7.96875,16384.0,True
shared_e2e_rep_projected,42,42,1,0.0009278500801883638,3.043635606765747,0.7918620705604553,0.26016980114183585,3,encoder_output_representation,0.0009278500801883638,0.0044724964536726475,0.0044724964536726475,3.043635606765747,1.5837241411209106,1.5837241411209106,False,0.0,2350080,8.96484375,8192.0,True
shared_e2e_rep_projected,42,42,1,-0.0001884562661871314,0.5524609088897705,0.2541668117046356,0.46006297932538087,4,encoder_output_representation,-0.0001884562661871314,-5.292501373332925e-05,-7.275957614183426e-11,0.5524609088897705,0.5083336234092712,0.5083336234092712,True,0.0,2611200,9.9609375,4096.0,True
shared_e2e_rep_projected,42,42,1,-0.002367352833971381,4.0538554191589355,0.6639245748519897,0.16377608626943482,5,encoder_output_representation,-0.002367352833971381,-0.01274324394762516,-3.725290298461914e-09,4.0538554191589355,1.3278491497039795,1.3278454542160034,True,2.8014183044433594e-06,2350080,8.96484375,2048.0,True
shared_e2e_rep_projected,42,42,1,-0.00012469166540540755,1.3733623027801514,0.43588507175445557,0.31738534753143893,6,encoder_output_representation,-0.00012469166540540755,-0.00014928786549717188,-1.7462298274040222e-10,1.3733623027801514,0.8717701435089111,0.8717701435089111,True,0.0,3194880,12.1875,1024.0,True
shared_e2e_rep_projected,42,42,1,-0.00044957324280403554,1.8938655853271484,0.48738428950309753,0.25734893398937086,7,encoder_output_representation,-0.00044957324280403554,-0.0008299484616145492,-2.0372681319713593e-10,1.8938655853271484,0.9747685790061951,0.9747684597969055,True,1.1920928955078125e-07,2350080,8.96484375,512.0,True
shared_e2e_rep_projected,42,42,1,0.00044321196037344635,5.313684940338135,2.6293673515319824,0.4948293662598414,8,encoder_output_representation,0.00044321196037344635,0.012384787201881409,0.012384787201881409,5.313684940338135,5.258734703063965,5.258734703063965,False,0.0,2350080,8.96484375,256.0,True
shared_e2e_rep_projected,42,42,1,-0.00045592125388793647,1.648593544960022,0.8392221331596375,0.5090533902217774,9,encoder_output_representation,-0.00045592125388793647,-0.0012615671148523688,-1.5133991837501526e-09,1.648593544960022,1.678444266319275,1.6784440279006958,True,1.1920928955078125e-07,2396160,9.140625,128.0,False
shared_e2e_rep_projected,42,42,1,-0.00011454378545749933,5.37587833404541,1.957872748374939,0.3641958814387113,10,encoder_output_representation,-0.00011454378545749933,-0.0024112120736390352,-1.6298145055770874e-09,5.37587833404541,3.915745496749878,3.915745258331299,True,5.960464477539063e-08,3525120,13.447265625,128.0,False
shared_e2e_rep_projected,42,42,1,0.0013163811527192593,1.750239372253418,0.7785187363624573,0.4448070068039443,11,encoder_output_representation,0.0013163811527192593,0.0035873865708708763,0.0035873865708708763,1.750239372253418,1.5570374727249146,1.5570374727249146,False,0.0,2088960,7.96875,128.0,False
shared_e2e_rep_projected,42,42,1,-0.0018955928971990943,1.6725122928619385,0.3914470672607422,0.2340473483701056,12,encoder_output_representation,-0.0018955928971990943,-0.0024820894468575716,-2.3283064365386963e-10,1.6725122928619385,0.7828941345214844,0.7828927040100098,True,1.8477439880371094e-06,2350080,8.96484375,128.0,False
shared_e2e_rep_projected,42,42,1,0.00028888406814076006,0.7862654328346252,0.2942626178264618,0.3742535351778003,13,encoder_output_representation,0.00028888406814076006,0.00013367735664360225,0.00013367735664360225,0.7862654328346252,0.5885252356529236,0.5885252356529236,False,0.0,3133440,11.953125,128.0,False
shared_e2e_rep_projected,42,42,1,0.0002734785375650972,0.9051587581634521,0.31107297539711,0.3436667574517761,14,encoder_output_representation,0.0002734785375650972,0.00015400693519040942,0.00015400693519040942,0.9051587581634521,0.62214595079422,0.62214595079422,False,0.0,3133440,11.953125,128.0,False
shared_e2e_rep_projected,42,42,1,-3.460684820311144e-05,1.519099473953247,0.3191997706890106,0.21012433758425128,15,encoder_output_representation,-3.460684820311144e-05,-3.356146044097841e-05,-1.1641532182693481e-10,1.519099473953247,0.6383995413780212,0.6383995413780212,True,0.0,2350080,8.96484375,128.0,False
shared_e2e_rep_projected,42,42,1,0.0007199658430181444,0.7173218727111816,0.9363290667533875,1.3053123045230013,16,encoder_output_representation,0.0007199658430181444,0.0009671291336417198,0.0009671291336417198,0.7173218727111816,1.872658133506775,1.872658133506775,False,0.0,2221056,8.47265625,128.0,False
shared_e2e_rep_projected,42,42,1,-4.722831363324076e-05,0.6853842735290527,0.5576693415641785,0.8136593778155014,17,encoder_output_representation,-4.722831363324076e-05,-3.610300336731598e-05,-4.3655745685100555e-11,0.6853842735290527,1.115338683128357,1.115338683128357,True,0.0,3202560,12.216796875,128.0,False
shared_e2e_rep_projected,42,42,1,-0.00038998466334305704,0.47617703676223755,0.48152244091033936,1.011225665530719,18,encoder_output_representation,-0.00038998466334305704,-0.00017883910913951695,4.9112713895738125e-11,0.47617703676223755,0.9630448818206787,0.9630447626113892,True,1.1920928955078125e-07,2088960,7.96875,128.0,False
shared_e2e_rep_projected,42,42,1,-0.0014074830105528235,0.11799405515193939,0.3255499303340912,2.7590367151538677,19,encoder_output_representation,-0.0014074830105528235,-0.00010813116386998445,7.275957614183426e-12,0.11799405515193939,0.6510998606681824,0.6510992050170898,True,1.0132789611816406e-06,2810880,10.72265625,128.0,False
shared_e2e_rep_projected,42,42,1,-0.00023691669048275799,0.14556093513965607,0.329611599445343,2.264423480991672,20,encoder_output_representation,-0.00023691669048275799,-2.2733849618816748e-05,4.547473508864641e-12,0.14556093513965607,0.659223198890686,0.6592231392860413,True,1.1920928955078125e-07,2928640,11.171875,128.0,False
shared_e2e_rep_projected,42,42,1,-0.0039936238899827,0.06309100985527039,0.27476584911346436,4.355071344455766,21,encoder_output_representation,-0.0039936238899827,-0.00013846097863279283,-1.0913936421275139e-11,0.06309100985527039,0.5495316982269287,0.5495273470878601,True,7.927417755126953e-06,2350080,8.96484375,128.0,False
shared_e2e_rep_projected,42,42,1,-0.0020131259225308895,0.05006524547934532,0.2936725318431854,5.86579630303304,22,encoder_output_representation,-0.0020131259225308895,-5.9197125665377825e-05,-1.8189894035458565e-12,0.05006524547934532,0.5873450636863708,0.5873438715934753,True,2.0265579223632812e-06,3194880,12.1875,128.0,False
shared_e2e_rep_projected,42,42,1,-0.0007651335326954722,0.011218462139368057,0.16517525911331177,14.723520662754243,23,encoder_output_representation,-0.0007651335326954722,-2.835603709172574e-06,1.1368683772161603e-13,0.011218462139368057,0.33035051822662354,0.330350399017334,True,3.5762786865234375e-07,2580480,9.84375,128.0,False
shared_e2e_rep_projected,42,42,1,-0.0011993638472631574,0.03997904807329178,0.2981618642807007,7.4579530691699825,24,encoder_output_representation,-0.0011993638472631574,-2.8593380193342455e-05,0.0,0.03997904807329178,0.5963237285614014,0.5963233113288879,True,7.152557373046875e-07,2350080,8.96484375,128.0,False
shared_e2e_rep_projected,42,42,1,-0.0019224588759243488,0.03299776464700699,0.2951396405696869,8.944231335877992,25,encoder_output_representation,-0.0019224588759243488,-3.744545392692089e-05,-9.094947017729282e-13,0.03299776464700699,0.5902792811393738,0.590278148651123,True,1.9073486328125e-06,3194880,12.1875,128.0,False
shared_e2e_rep_projected,42,42,1,-0.0020748625975102186,0.032982293516397476,0.30545201897621155,9.261090919112494,26,encoder_output_representation,-0.0020748625975102186,-4.1806441004155204e-05,-4.547473508864641e-12,0.032982293516397476,0.6109040379524231,0.610902726650238,True,2.1457672119140625e-06,2350080,8.96484375,128.0,False
shared_e2e_rep_projected,42,42,1,-0.0014230883680284023,0.033333584666252136,0.3038494288921356,9.115414136654836,27,encoder_output_representation,-0.0014230883680284023,-2.8827191272284836e-05,-2.7284841053187847e-12,0.033333584666252136,0.6076988577842712,0.6076982617378235,True,9.5367431640625e-07,2355200,8.984375,128.0,False
shared_e2e_rep_projected,42,42,1,-0.0028579607605934143,0.015950018540024757,0.2430402636528015,15.237616372853713,28,encoder_output_representation,-0.0028579607605934143,-2.215775202785153e-05,0.0,0.015950018540024757,0.486080527305603,0.48607856035232544,True,4.0531158447265625e-06,2088960,7.96875,128.0,False
shared_e2e_rep_projected,42,42,1,0.0001317088317591697,0.027156664058566093,0.28628313541412354,10.54191099454355,29,encoder_output_representation,0.0001317088317591697,2.047939233307261e-06,2.047939233307261e-06,0.027156664058566093,0.5725662708282471,0.5725662708282471,False,0.0,2088960,7.96875,128.0,False
shared_e2e_rep_projected,42,42,1,-0.001278584124520421,0.026361770927906036,0.3844325840473175,14.582957461342817,30,encoder_output_representation,-0.001278584124520421,-2.591516931715887e-05,0.0,0.026361770927906036,0.768865168094635,0.7688645124435425,True,8.344650268554688e-07,3194880,12.1875,128.0,False
shared_e2e_rep_projected,42,42,1,-0.000964585691690445,0.04698316380381584,0.5759058594703674,12.257707077265707,31,encoder_output_representation,-0.000964585691690445,-5.219928425503895e-05,-3.637978807091713e-12,0.04698316380381584,1.1518117189407349,1.151811122894287,True,5.364418029785156e-07,2088960,7.96875,128.0,False
shared_e2e_rep_projected,42,42,1,-0.0026484387926757336,0.029614504426717758,0.37109220027923584,12.530758405818267,32,encoder_output_representation,-0.0026484387926757336,-5.821115701110102e-05,1.8189894035458565e-12,0.029614504426717758,0.7421844005584717,0.7421818375587463,True,3.4570693969726562e-06,2396160,9.140625,128.0,False
shared_e2e_rep_projected,42,42,1,9.700187365524471e-05,0.005029528401792049,0.20159143209457397,40.0815774343268,33,encoder_output_representation,9.700187365524471e-05,1.9670230244628328e-07,1.9670230244628328e-07,0.005029528401792049,0.40318286418914795,0.40318286418914795,False,0.0,2785280,10.625,128.0,False
shared_e2e_rep_projected,42,42,1,-0.001677064225077629,0.015438894741237164,0.3583236634731293,23.209152564273246,34,encoder_output_representation,-0.001677064225077629,-1.8555445421952754e-05,1.8189894035458565e-12,0.015438894741237164,0.7166473269462585,0.7166463732719421,True,1.3113021850585938e-06,2396160,9.140625,128.0,False
shared_e2e_rep_projected,42,42,1,-0.0008478247909806669,0.024023983627557755,0.545045018196106,22.687537031572415,35,encoder_output_representation,-0.0008478247909806669,-2.2203093976713717e-05,2.7284841053187847e-12,0.024023983627557755,1.090090036392212,1.0900896787643433,True,3.5762786865234375e-07,2088960,7.96875,128.0,False
shared_e2e_rep_projected,42,42,1,-0.00040626185364089906,0.03332647681236267,1.445683240890503,43.37942018384066,36,encoder_output_representation,-0.00040626185364089906,-3.914700937457383e-05,3.637978807091713e-12,0.03332647681236267,2.891366481781006,2.8913662433624268,True,5.960464477539063e-08,2088960,7.96875,128.0,False
shared_e2e_rep_projected,42,42,1,-0.006292473990470171,0.01982559822499752,0.4747879207134247,23.948226697884877,37,encoder_output_representation,-0.006292473990470171,-0.00011846154666272923,-2.9103830456733704e-11,0.01982559822499752,0.9495758414268494,0.9495570063591003,True,1.9848346710205078e-05,3133440,11.953125,128.0,False
shared_e2e_rep_projected,42,42,1,-0.0011838243808597326,0.016588063910603523,0.6729445457458496,40.567998132421344,38,encoder_output_representation,-0.0011838243808597326,-2.6429701392771676e-05,-2.7284841053187847e-12,0.016588063910603523,1.3458890914916992,1.3458882570266724,True,5.960464477539062e-07,2457600,9.375,128.0,False
shared_e2e_rep_projected,42,42,1,-0.001572528388351202,0.012896142899990082,0.7932677865028381,61.512018954399785,39,encoder_output_representation,-0.001572528388351202,-3.2174230000237e-05,-7.275957614183426e-12,0.012896142899990082,1.5865355730056763,1.586533546447754,True,1.2516975402832031e-06,2741760,10.458984375,128.0,False
shared_e2e_rep_projected,42,42,1,-0.001210052752867341,0.01465032622218132,0.7669625282287598,52.35122526265255,40,encoder_output_representation,-0.001210052752867341,-2.719291478570085e-05,9.094947017729282e-13,0.01465032622218132,1.5339250564575195,1.5339239835739136,True,7.152557373046875e-07,3525120,13.447265625,128.0,False
shared_e2e_rep_projected,42,42,1,-0.0028571155853569508,0.01772352121770382,0.9807853102684021,55.338061676407,41,encoder_output_representation,-0.0028571155853569508,-9.933031105902046e-05,-3.637978807091713e-12,0.01772352121770382,1.9615706205368042,1.9615625143051147,True,4.112720489501953e-06,2396160,9.140625,128.0,False
shared_e2e_rep_projected,42,42,1,-0.0031717296224087477,0.008894646540284157,0.5775644183158875,64.93393702606153,42,encoder_output_representation,-0.0031717296224087477,-3.258781725890003e-05,-1.8189894035458565e-12,0.008894646540284157,1.155128836631775,1.155122995376587,True,5.066394805908203e-06,2325504,8.87109375,128.0,False
shared_e2e_rep_projected,42,42,1,-0.0016727866604924202,0.0047691198997199535,0.26820850372314453,56.23857427843111,43,encoder_output_representation,-0.0016727866604924202,-4.2793844841071405e-06,-7.958078640513122e-13,0.0047691198997199535,0.5364170074462891,0.536416232585907,True,1.430511474609375e-06,3133440,11.953125,128.0,False
shared_e2e_rep_projected,42,42,1,-0.0011969421757385135,0.011382564902305603,1.0190985202789307,89.5315360839723,44,encoder_output_representation,-0.0011969421757385135,-2.776895053102635e-05,-3.637978807091713e-12,0.011382564902305603,2.0381970405578613,2.0381956100463867,True,7.152557373046875e-07,2350080,8.96484375,128.0,False
shared_e2e_rep_projected,42,42,1,-0.00044887178228236735,0.0077874441631138325,0.5622379183769226,72.19800317028663,45,encoder_output_representation,-0.00044887178228236735,-3.9306773942371365e-06,-6.366462912410498e-12,0.0077874441631138325,1.1244758367538452,1.1244755983352661,True,2.384185791015625e-07,3481600,13.28125,128.0,False
shared_e2e_rep_projected,42,42,1,0.0005948609323240817,0.012546834535896778,1.0197088718414307,81.27220207806363,46,encoder_output_representation,0.0005948609323240817,1.5221442481561098e-05,1.5221442481561098e-05,0.012546834535896778,2.0394177436828613,2.0394177436828613,False,0.0,2785280,10.625,128.0,False
shared_e2e_rep_projected,42,42,1,0.0027075998950749636,0.005787155590951443,0.40803202986717224,70.5064903568783,47,encoder_output_representation,0.0027075998950749636,1.2787154446414206e-05,1.2787154446414206e-05,0.005787155590951443,0.8160640597343445,0.8160640597343445,False,0.0,2350080,8.96484375,128.0,False
shared_e2e_rep_projected,42,42,1,0.0015229735290631652,0.011065585538744926,0.7972814440727234,72.05054276442313,48,encoder_output_representation,0.0015229735290631652,2.687252163013909e-05,2.687252163013909e-05,0.011065585538744926,1.5945628881454468,1.5945628881454468,False,0.0,2785280,10.625,128.0,False
shared_e2e_rep_projected,42,42,1,-0.0005225862259976566,0.008179984986782074,0.6497691869735718,79.43403172787296,49,encoder_output_representation,-0.0005225862259976566,-5.5551981859025545e-06,-3.865352482534945e-12,0.008179984986782074,1.2995383739471436,1.2995381355285645,True,1.7881393432617188e-07,2904064,11.078125,128.0,False
shared_e2e_rep_projected,42,42,1,-0.008429094217717648,0.009537449106574059,0.899861752986908,94.35035961205216,50,encoder_output_representation,-0.008429094217717648,-0.00014468346489593387,2.1827872842550278e-11,0.009537449106574059,1.799723505973816,1.7996596097946167,True,3.552436828613281e-05,2088960,7.96875,128.0,False
shared_e2e_rep_projected,42,42,1,0.0004969524452462792,0.014777797274291515,0.9274030327796936,62.75651340765572,51,encoder_output_representation,0.0004969524452462792,1.3621440302813426e-05,1.3621440302813426e-05,0.014777797274291515,1.8548060655593872,1.8548060655593872,False,0.0,2350080,8.96484375,128.0,False
shared_e2e_rep_projected,42,42,1,0.000583675573579967,0.009465971030294895,0.9571380615234375,101.11356335871012,52,encoder_output_representation,0.000583675573579967,1.0576482964097522e-05,1.0576482964097522e-05,0.009465971030294895,1.914276123046875,1.914276123046875,False,0.0,3133440,11.953125,128.0,False
shared_e2e_rep_projected,42,42,1,0.0007710314239375293,0.008292476646602154,0.6106594204902649,73.64017367965491,53,encoder_output_representation,0.0007710314239375293,7.808819646015763e-06,7.808819646015763e-06,0.008292476646602154,1.2213188409805298,1.2213188409805298,False,0.0,2785280,10.625,128.0,False
shared_e2e_rep_projected,42,42,1,-0.0008114833617582917,0.009389772079885006,1.0493651628494263,111.75619108981371,54,encoder_output_representation,-0.0008114833617582917,-1.5991578038665466e-05,1.8189894035458565e-12,0.009389772079885006,2.0987303256988525,2.0987296104431152,True,3.5762786865234375e-07,2420736,9.234375,128.0,False
shared_e2e_rep_projected,42,42,1,-0.00015910870570223778,0.01002804096788168,0.5858418941497803,58.42037303458817,55,encoder_output_representation,-0.00015910870570223778,-1.8694785239858902e-06,-2.3305801732931286e-12,0.01002804096788168,1.1716837882995605,1.1716837882995605,True,0.0,3133440,11.953125,128.0,False
shared_e2e_rep_projected,42,42,1,0.0014673917321488261,0.003785436972975731,0.16862186789512634,44.54488850267998,56,encoder_output_representation,0.0014673917321488261,1.8732941953203408e-06,1.8732941953203408e-06,0.003785436972975731,0.3372437357902527,0.3372437357902527,False,0.0,2088960,7.96875,128.0,False
shared_e2e_rep_projected,42,42,1,0.003887548577040434,0.008663470856845379,0.5760340094566345,66.48998062958628,57,encoder_output_representation,0.003887548577040434,3.8801263144705445e-05,3.8801263144705445e-05,0.008663470856845379,1.152068018913269,1.152068018913269,False,0.0,2350080,8.96484375,128.0,False
shared_e2e_rep_projected,42,42,1,-0.0013751874212175608,0.011923929676413536,0.6000034809112549,50.319273695324505,58,encoder_output_representation,-0.0013751874212175608,-1.9677279851748608e-05,-5.4569682106375694e-12,0.011923929676413536,1.2000069618225098,1.2000057697296143,True,1.0132789611816406e-06,1698816,6.48046875,128.0,False
shared_e2e_rep_projected,42,42,1,0.0005139641580171883,0.012708285823464394,0.7378954291343689,58.06411969204608,59,encoder_output_representation,0.0005139641580171883,9.639281415729783e-06,9.639281415729783e-06,0.012708285823464394,1.4757908582687378,1.4757908582687378,False,0.0,2350080,8.96484375,128.0,False
shared_e2e_rep_projected,42,42,1,-0.004768114537000656,0.010772590525448322,0.5161619186401367,47.914372816900105,60,encoder_output_representation,-0.004768114537000656,-5.3025258239358664e-05,0.0,0.010772590525448322,1.0323238372802734,1.032312035560608,True,1.1444091796875e-05,2703360,10.3125,128.0,False
shared_e2e_rep_projected,42,42,1,-0.006454727612435818,0.006160749588161707,0.3166363537311554,51.39575131240415,61,encoder_output_representation,-0.006454727612435818,-2.518269684514962e-05,-1.5916157281026244e-12,0.006160749588161707,0.6332727074623108,0.6332595348358154,True,2.0802021026611328e-05,2088960,7.96875,128.0,False
shared_e2e_rep_projected,42,42,1,-0.014322134666144848,0.012314757332205772,0.8386170864105225,68.09854744091109,62,encoder_output_representation,-0.014322134666144848,-0.0002958198601845652,-4.3655745685100555e-11,0.012314757332205772,1.677234172821045,1.6770621538162231,True,0.00010257959365844727,3399680,12.96875,128.0,False
shared_e2e_rep_projected,42,42,1,-0.0003747709561139345,0.009137926623225212,0.7005006074905396,76.6585940524109,63,encoder_output_representation,-0.0003747709561139345,-4.797910150955431e-06,-1.8189894035458565e-12,0.009137926623225212,1.401001214981079,1.4010010957717896,True,5.960464477539063e-08,2088960,7.96875,128.0,False
shared_e2e_rep_projected,42,42,1,0.0033566460479050875,0.005788072478026152,0.3618752062320709,62.520849143802984,64,encoder_output_representation,0.0033566460479050875,1.4061391993891448e-05,1.4061391993891448e-05,0.005788072478026152,0.7237504124641418,0.7237504124641418,False,0.0,2088960,7.96875,128.0,False
shared_e2e_rep_projected,42,42,1,0.008419950492680073,0.010174548253417015,0.8607820272445679,84.60149834716084,65,encoder_output_representation,0.008419950492680073,0.00014748499961569905,0.00014748499961569905,0.010174548253417015,1.7215640544891357,1.7215640544891357,False,0.0,2088960,7.96875,128.0,False
shared_e2e_rep_projected,42,42,1,-0.0014279247261583805,0.010861562564969063,0.687408983707428,63.28822207630362,66,encoder_output_representation,-0.0014279247261583805,-2.1322730390238576e-05,1.8189894035458565e-12,0.010861562564969063,1.374817967414856,1.3748164176940918,True,1.1324882507324219e-06,2554368,9.744140625,128.0,False
shared_e2e_rep_projected,42,42,1,0.0010780028533190489,0.007421945221722126,0.3657110333442688,49.2742835495372,67,encoder_output_representation,0.0010780028533190489,5.852018603036413e-06,5.852018603036413e-06,0.007421945221722126,0.7314220666885376,0.7314220666885376,False,0.0,2350080,8.96484375,128.0,False
shared_e2e_rep_projected,42,42,1,-0.00021780973474960774,0.01125401072204113,0.6752992272377014,60.005205603289404,68,encoder_output_representation,-0.00021780973474960774,-3.310631655040197e-06,-1.1254996934439987e-11,0.01125401072204113,1.3505984544754028,1.3505983352661133,True,5.960464477539063e-08,2785280,10.625,128.0,False
shared_e2e_rep_projected,42,42,1,-0.00786471739411354,0.007578814867883921,0.6221969127655029,82.0968612654905,69,encoder_output_representation,-0.00786471739411354,-7.417239248752594e-05,-3.637978807091713e-12,0.007578814867883921,1.2443938255310059,1.244355320930481,True,3.0934810638427734e-05,2088960,7.96875,128.0,False
shared_e2e_rep_projected,42,42,1,0.0009692671592347324,0.0153477368876338,0.8749474883079529,57.00824132663677,70,encoder_output_representation,0.0009692671592347324,2.6031537345261313e-05,2.6031537345261313e-05,0.0153477368876338,1.7498949766159058,1.7498949766159058,False,0.0,2396160,9.140625,128.0,False
shared_e2e_rep_projected,42,42,1,-0.003817466087639332,0.011297566816210747,0.49520617723464966,43.83299389069194,71,encoder_output_representation,-0.003817466087639332,-4.271457873983309e-05,-1.8189894035458565e-12,0.011297566816210747,0.9904123544692993,0.9904052019119263,True,7.212162017822266e-06,2135040,8.14453125,128.0,False
shared_e2e_rep_projected,42,42,1,0.0005988241755403578,0.006139430683106184,0.3903079628944397,63.57396687749022,72,encoder_output_representation,0.0005988241755403578,2.86988733932958e-06,2.86988733932958e-06,0.006139430683106184,0.7806159257888794,0.7806159257888794,False,0.0,2350080,8.96484375,128.0,False
shared_e2e_rep_projected,42,42,1,-0.0038748157676309347,0.009990435093641281,0.7893927693367004,79.01485390152163,73,encoder_output_representation,-0.0038748157676309347,-6.11165160080418e-05,-9.094947017729282e-12,0.009990435093641281,1.5787855386734009,1.5787736177444458,True,7.569789886474609e-06,2088960,7.96875,128.0,False
shared_e2e_rep_projected,42,42,1,-0.0012954003177583218,0.00831003487110138,0.7043137550354004,84.75460885064294,74,encoder_output_representation,-0.0012954003177583218,-1.5163624993874691e-05,-4.092726157978177e-12,0.00831003487110138,1.4086275100708008,1.4086263179779053,True,8.344650268554688e-07,2088960,7.96875,128.0,False
shared_e2e_rep_projected,42,42,1,0.002424070844426751,0.008257388137280941,0.7814991474151611,94.64241409299908,75,encoder_output_representation,0.002424070844426751,3.128574462607503e-05,3.128574462607503e-05,0.008257388137280941,1.5629982948303223,1.5629982948303223,False,0.0,2350080,8.96484375,128.0,False
shared_e2e_rep_projected,42,42,1,-0.0005904734716750681,0.010653375647962093,0.7101165056228638,66.65647857434779,76,encoder_output_representation,-0.0005904734716750681,-8.934026482165791e-06,-2.2737367544323206e-11,0.010653375647962093,1.4202330112457275,1.4202327728271484,True,1.7881393432617188e-07,2482176,9.46875,128.0,False
shared_e2e_rep_projected,42,42,1,0.0007150208111852407,0.008875197730958462,0.5554424524307251,62.58367072693276,77,encoder_output_representation,0.0007150208111852407,7.049621672194917e-06,7.049621672194917e-06,0.008875197730958462,1.1108849048614502,1.1108849048614502,False,0.0,2350080,8.96484375,128.0,False
shared_e2e_rep_projected,42,42,1,-0.003914809785783291,0.007288779132068157,0.3787423372268677,51.96238359871954,78,encoder_output_representation,-0.003914809785783291,-2.161420889024157e-05,-9.094947017729282e-12,0.007288779132068157,0.7574846744537354,0.7574788331985474,True,7.68899917602539e-06,2785280,10.625,128.0,False
shared_e2e_rep_projected,42,42,1,0.006705832667648792,0.011488832533359528,0.8708226680755615,75.79731583230924,79,encoder_output_representation,0.006705832667648792,0.000134180168970488,0.000134180168970488,0.011488832533359528,1.741645336151123,1.741645336151123,False,0.0,2350080,8.96484375,128.0,False
shared_e2e_rep_projected,42,42,1,-0.00040860820445232093,0.009331205859780312,0.8481494188308716,90.89387069323963,80,encoder_output_representation,-0.00040860820445232093,-6.467661023634719e-06,-9.777068044058979e-12,0.009331205859780312,1.6962988376617432,1.6962987184524536,True,5.960464477539063e-08,2785280,10.625,128.0,False
shared_e2e_rep_projected,42,42,1,0.002982684411108494,0.009049098007380962,0.31683349609375,35.01271572429898,81,encoder_output_representation,0.002982684411108494,1.710305514279753e-05,1.710305514279753e-05,0.009049098007380962,0.6336669921875,0.6336669921875,False,0.0,2785280,10.625,128.0,False
shared_e2e_rep_projected,42,42,1,-0.012762813828885555,0.008420378901064396,0.6819396615028381,80.98681419391188,82,encoder_output_representation,-0.012762813828885555,-0.00014657301653642207,7.275957614183426e-12,0.008420378901064396,1.3638793230056763,1.3637683391571045,True,8.13603401184082e-05,3194880,12.1875,128.0,False
shared_e2e_rep_projected,42,42,1,0.0044026486575603485,0.012235437519848347,0.5374427437782288,43.92509404803778,83,encoder_output_representation,0.0044026486575603485,5.790228533442132e-05,5.790228533442132e-05,0.012235437519848347,1.0748854875564575,1.0748854875564575,False,0.0,2611200,9.9609375,128.0,False
shared_e2e_rep_projected,42,42,1,0.007749631535261869,0.010107140056788921,0.6044158935546875,59.80088236223698,84,encoder_output_representation,0.007749631535261869,9.468369535170496e-05,9.468369535170496e-05,0.010107140056788921,1.208831787109375,1.208831787109375,False,0.0,2785280,10.625,128.0,False
shared_e2e_rep_projected,42,42,1,-0.009895059280097485,0.009929688647389412,0.7284750938415527,73.36333692930786,85,encoder_output_representation,-0.009895059280097485,-0.00014315242879092693,0.0,0.009929688647389412,1.4569501876831055,1.4568787813186646,True,4.8995018005371094e-05,3100672,11.828125,128.0,False
shared_e2e_rep_projected,42,42,1,0.0016100327484309673,0.005476468708366156,0.4488050937652588,81.95154901180014,86,encoder_output_representation,0.0016100327484309673,7.914492925920058e-06,7.914492925920058e-06,0.005476468708366156,0.8976101875305176,0.8976101875305176,False,0.0,2088960,7.96875,128.0,False
shared_e2e_rep_projected,42,42,1,-0.00029257452115416527,0.012817421928048134,1.0451993942260742,81.54521245328463,87,encoder_output_representation,-0.00029257452115416527,-7.839102181605995e-06,-5.093170329928398e-11,0.012817421928048134,2.0903987884521484,2.0903987884521484,True,0.0,2088960,7.96875,128.0,False
shared_e2e_rep_projected,42,42,1,0.00043529595131985843,0.007347324397414923,0.5649576783180237,76.89298141195425,88,encoder_output_representation,0.00043529595131985843,3.6137639654043596e-06,3.6137639654043596e-06,0.007347324397414923,1.1299153566360474,1.1299153566360474,False,0.0,2088960,7.96875,128.0,False
shared_e2e_rep_projected,42,42,1,-0.0009656367474235594,0.009036255069077015,0.6116533279418945,67.68880728422934,89,encoder_output_representation,-0.0009656367474235594,-1.0674255463527516e-05,-1.2960299500264227e-11,0.009036255069077015,1.223306655883789,1.2233060598373413,True,4.76837158203125e-07,2396160,9.140625,128.0,False
shared_e2e_rep_projected,42,42,1,0.007616072427481413,0.008328813128173351,0.4221715033054352,50.68807485635405,90,encoder_output_representation,0.007616072427481413,5.355908069759607e-05,5.355908069759607e-05,0.008328813128173351,0.8443430066108704,0.8443430066108704,False,0.0,2350080,8.96484375,128.0,False
shared_e2e_rep_projected,42,42,1,0.0008918793173506856,0.008717376738786697,0.5131546258926392,58.86571628933191,91,encoder_output_representation,0.0008918793173506856,7.979398105817381e-06,7.979398105817381e-06,0.008717376738786697,1.0263092517852783,1.0263092517852783,False,0.0,2785280,10.625,128.0,False
shared_e2e_rep_projected,42,42,1,0.014137350022792816,0.009079591371119022,0.7226377725601196,79.58923953986901,92,encoder_output_representation,0.014137350022792816,0.00018551753601059318,0.00018551753601059318,0.009079591371119022,1.4452755451202393,1.4452755451202393,False,0.0,2350080,8.96484375,128.0,False
shared_e2e_rep_projected,42,42,1,0.0002356462209718302,0.005141769535839558,0.35444849729537964,68.93511948071097,93,encoder_output_representation,0.0002356462209718302,8.589269100411911e-07,8.589269100411911e-07,0.005141769535839558,0.7088969945907593,0.7088969945907593,False,0.0,2350080,8.96484375,128.0,False
shared_e2e_rep_projected,42,42,1,-0.0002329565613763407,0.008956107310950756,0.554964542388916,61.964927743814904,94,encoder_output_representation,-0.0002329565613763407,-2.315738129254896e-06,-3.637978807091713e-12,0.008956107310950756,1.109929084777832,1.109929084777832,True,0.0,2350080,8.96484375,128.0,False
shared_e2e_rep_projected,42,42,1,0.0028532117139548063,0.012321359477937222,1.2663244009017944,102.77473059440321,95,encoder_output_representation,0.0028532117139548063,8.903640264179558e-05,8.903640264179558e-05,0.012321359477937222,2.532648801803589,2.532648801803589,False,0.0,2350080,8.96484375,128.0,False
shared_e2e_rep_projected,42,42,1,-0.0034682827536016703,0.011453645303845406,0.6202278137207031,54.151128070333215,96,encoder_output_representation,-0.0034682827536016703,-4.9276455683866516e-05,-1.6370904631912708e-11,0.011453645303845406,1.2404556274414062,1.2404481172561646,True,6.079673767089844e-06,2407424,9.18359375,128.0,False
shared_e2e_rep_projected,42,42,1,-0.004008498974144459,0.013761922717094421,0.5665984153747559,41.17145743530107,97,encoder_output_representation,-0.004008498974144459,-6.251240847632289e-05,-6.184563972055912e-11,0.013761922717094421,1.1331968307495117,1.1331876516342163,True,8.106231689453125e-06,2088960,7.96875,128.0,False
shared_e2e_rep_projected,42,42,1,-0.002522537484765053,0.008613486774265766,0.7047370076179504,81.81785449807275,98,encoder_output_representation,-0.002522537484765053,-3.062482937821187e-05,-2.1827872842550278e-11,0.008613486774265766,1.4094740152359009,1.4094693660736084,True,3.2782554626464844e-06,2482176,9.46875,128.0,False
shared_e2e_rep_projected,42,42,1,0.0002197683061240241,0.008204714395105839,0.3469798266887665,42.29029920843339,99,encoder_output_representation,0.0002197683061240241,1.2513037290773354e-06,1.2513037290773354e-06,0.008204714395105839,0.693959653377533,0.693959653377533,False,0.0,2785280,10.625,128.0,False
shared_e2e_rep_projected,42,42,1,-0.007790810894221067,0.010019397363066673,0.9244298338890076,92.26401552818183,100,encoder_output_representation,-0.007790810894221067,-0.00014432056923396885,-5.093170329928398e-11,0.010019397363066673,1.8488596677780151,1.8488035202026367,True,3.039836883544922e-05,2396160,9.140625,128.0,False
shared_e2e_rep_projected,42,42,1,0.0021359764505177736,0.007622589822858572,0.9434573650360107,123.77123614952717,101,encoder_output_representation,0.0021359764505177736,3.072212712140754e-05,3.072212712140754e-05,0.007622589822858572,1.8869147300720215,1.8869147300720215,False,0.0,2846720,10.859375,128.0,False
shared_e2e_rep_projected,42,42,1,-9.577875607647002e-05,0.010568305850028992,0.7810642123222351,73.90628388372129,102,encoder_output_representation,-9.577875607647002e-05,-1.5812163383088773e-06,-7.673861546209082e-13,0.010568305850028992,1.5621284246444702,1.5621284246444702,True,0.0,3133440,11.953125,128.0,False
shared_e2e_rep_projected,42,42,1,-0.002347910311073065,0.011454069055616856,0.972381055355072,84.89394036595536,103,encoder_output_representation,-0.002347910311073065,-5.2300736570032313e-05,-3.456079866737127e-11,0.011454069055616856,1.944762110710144,1.9447566270828247,True,2.8014183044433594e-06,3525120,13.447265625,128.0,False
shared_e2e_rep_projected,42,42,1,-0.00030192272970452905,0.010265358723700047,0.2640218734741211,25.7196928602761,104,encoder_output_representation,-0.00030192272970452905,-1.6365897863579448e-06,-1.1823431123048067e-11,0.010265358723700047,0.5280437469482422,0.5280436873435974,True,1.1920928955078125e-07,2088960,7.96875,128.0,False
shared_e2e_rep_projected,42,42,1,0.011678897775709629,0.011875982396304607,0.4490233063697815,37.809361060479674,105,encoder_output_representation,0.011678897775709629,0.00012455761316232383,0.00012455761316232383,0.011875982396304607,0.898046612739563,0.898046612739563,False,0.0,2350080,8.96484375,128.0,False
shared_e2e_rep_projected,42,42,1,-0.0008840161608532071,0.007645788136869669,0.3033526539802551,39.67578600790964,106,encoder_output_representation,-0.0008840161608532071,-4.100721525901463e-06,-4.547473508864641e-12,0.007645788136869669,0.6067053079605103,0.6067050695419312,True,4.172325134277344e-07,2088960,7.96875,128.0,False
shared_e2e_rep_projected,42,42,1,0.006649698130786419,0.010590172372758389,0.4393292963504791,41.484621863246254,107,encoder_output_representation,0.006649698130786419,6.18764097453095e-05,6.18764097453095e-05,0.010590172372758389,0.8786585927009583,0.8786585927009583,False,0.0,2396160,9.140625,128.0,False
shared_e2e_rep_projected,42,42,1,0.002843012334778905,0.017538433894515038,1.0128382444381714,57.74964004938468,108,encoder_output_representation,0.002843012334778905,0.00010100424697156996,0.00010100424697156996,0.017538433894515038,2.0256764888763428,2.0256764888763428,False,0.0,2135040,8.14453125,128.0,False
shared_e2e_rep_projected,42,42,1,0.01816876046359539,0.008309589698910713,0.3650413155555725,43.93012516651996,109,encoder_output_representation,0.01816876046359539,0.00011022418038919568,0.00011022418038919568,0.008309589698910713,0.730082631111145,0.730082631111145,False,0.0,2350080,8.96484375,128.0,False
shared_e2e_rep_projected,42,42,1,-0.002922716783359647,0.008105088025331497,0.48555755615234375,59.907746175586354,110,encoder_output_representation,-0.002922716783359647,-2.3004624381428584e-05,-2.7284841053187847e-12,0.008105088025331497,0.9711151123046875,0.9711109399795532,True,4.291534423828125e-06,2350080,8.96484375,128.0,False
shared_e2e_rep_projected,42,42,1,0.0024610268883407116,0.006015363149344921,0.343330442905426,57.07559699746724,111,encoder_output_representation,0.0024610268883407116,1.0165307685383596e-05,1.0165307685383596e-05,0.006015363149344921,0.686660885810852,0.686660885810852,False,0.0,2325504,8.87109375,128.0,False
shared_e2e_rep_projected,42,42,1,0.0004886317765340209,0.013278293423354626,0.6276129484176636,47.26608521195818,112,encoder_output_representation,0.0004886317765340209,8.144152161548845e-06,8.144152161548845e-06,0.013278293423354626,1.2552258968353271,1.2552258968353271,False,0.0,2611200,9.9609375,128.0,False
shared_e2e_rep_projected,42,42,1,0.004087230656296015,0.009772131219506264,0.5795276761054993,59.304123439183606,113,encoder_output_representation,0.004087230656296015,4.629377508535981e-05,4.629377508535981e-05,0.009772131219506264,1.1590553522109985,1.1590553522109985,False,0.0,2350080,8.96484375,128.0,False
shared_e2e_rep_projected,42,42,1,0.001468714326620102,0.01066560484468937,0.7284414768218994,68.29818725044983,114,encoder_output_representation,0.001468714326620102,2.282167406519875e-05,2.282167406519875e-05,0.01066560484468937,1.4568829536437988,1.4568829536437988,False,0.0,2325504,8.87109375,128.0,False
shared_e2e_rep_projected,42,42,1,0.0003006884071510285,0.011937820352613926,0.7161963582038879,59.99389646092876,115,encoder_output_representation,0.0003006884071510285,5.1416654969216324e-06,5.1416654969216324e-06,0.011937820352613926,1.4323927164077759,1.4323927164077759,False,0.0,2420736,9.234375,128.0,False
shared_e2e_rep_projected,42,42,1,0.0012539633316919208,0.011909155175089836,0.730506420135498,61.33990273831389,116,encoder_output_representation,0.0012539633316919208,2.181824493163731e-05,2.181824493163731e-05,0.011909155175089836,1.461012840270996,1.461012840270996,False,0.0,3665408,13.982421875,128.0,False
shared_e2e_rep_projected,42,42,1,-0.002107303123921156,0.011556530371308327,0.5724688768386841,49.53639703660246,117,encoder_output_representation,-0.002107303123921156,-2.7882797439815477e-05,-9.094947017729282e-12,0.011556530371308327,1.1449377536773682,1.1449352502822876,True,2.205371856689453e-06,2088960,7.96875,128.0,False
shared_e2e_rep_projected,42,42,1,0.0003622671647462994,0.012339834123849869,0.46455472707748413,37.64675622175617,118,encoder_output_representation,0.0003622671647462994,4.153413556196028e-06,4.153413556196028e-06,0.012339834123849869,0.9291094541549683,0.9291094541549683,False,0.0,3481600,13.28125,128.0,False
shared_e2e_rep_projected,42,42,1,0.0003663986863102764,0.011860119178891182,0.8015077114105225,67.58007228435427,119,encoder_output_representation,0.0003663986863102764,6.965954980842071e-06,6.965954980842071e-06,0.011860119178891182,1.603015422821045,1.603015422821045,False,0.0,2396160,9.140625,128.0,False
shared_e2e_rep_projected,42,42,1,-0.0002165796613553539,0.014196446165442467,0.9704299569129944,68.3572455813098,120,encoder_output_representation,-0.0002165796613553539,-5.967487140878802e-06,-2.2737367544323206e-12,0.014196446165442467,1.9408599138259888,1.9408597946166992,True,5.960464477539063e-08,2611200,9.9609375,128.0,False
shared_e2e_rep_projected,42,42,1,-0.0016525399405509233,0.008666915819048882,0.4699597656726837,54.22456794143152,121,encoder_output_representation,-0.0016525399405509233,-1.3461925846058875e-05,-8.185452315956354e-12,0.008666915819048882,0.9399195313453674,0.9399182200431824,True,1.3709068298339844e-06,2704896,10.318359375,128.0,False
shared_e2e_rep_projected,42,42,1,0.0010519338538870215,0.00752568943426013,0.5203667879104614,69.1453975686973,122,encoder_output_representation,0.0010519338538870215,8.23899608803913e-06,8.23899608803913e-06,0.00752568943426013,1.0407335758209229,1.0407335758209229,False,0.0,2088960,7.96875,128.0,False
shared_e2e_rep_projected,42,42,1,0.0012490417575463653,0.00775092002004385,0.4161781668663025,53.69403448752759,123,encoder_output_representation,0.0012490417575463653,8.058227649598848e-06,8.058227649598848e-06,0.00775092002004385,0.832356333732605,0.832356333732605,False,0.0,2350080,8.96484375,128.0,False
shared_e2e_rep_projected,42,42,1,0.0020216188859194517,0.012973631732165813,0.8347291350364685,64.34043699320569,124,encoder_output_representation,0.0020216188859194517,4.3786116293631494e-05,4.3786116293631494e-05,0.012973631732165813,1.669458270072937,1.669458270072937,False,0.0,2396160,9.140625,128.0,False
shared_e2e_rep_projected,42,42,1,-0.002038518199697137,0.016969943419098854,1.0517617464065552,61.97791709917241,125,encoder_output_representation,-0.002038518199697137,-7.276832184288651e-05,-1.2732925824820995e-11,0.016969943419098854,2.1035234928131104,2.1035189628601074,True,2.1457672119140625e-06,2088960,7.96875,128.0,False
shared_e2e_rep_projected,42,42,1,0.010206613689661026,0.010209925472736359,0.7473711967468262,73.2004556490189,126,encoder_output_representation,0.010206613689661026,0.00015576525765936822,0.00015576525765936822,0.010209925472736359,1.4947423934936523,1.4947423934936523,False,0.0,2088960,7.96875,128.0,False
shared_e2e_rep_projected,42,42,1,0.008832107298076153,0.008975285105407238,0.6227373480796814,69.38357286327405,127,encoder_output_representation,0.008832107298076153,9.872962982626632e-05,9.872962982626632e-05,0.008975285105407238,1.2454746961593628,1.2454746961593628,False,0.0,3018752,11.515625,128.0,False
shared_e2e_rep_projected,42,42,1,-0.0011575059033930302,0.007311508059501648,0.36632099747657776,50.101975474201446,128,encoder_output_representation,-0.0011575059033930302,-6.200432835612446e-06,-1.1823431123048067e-11,0.007311508059501648,0.7326419949531555,0.7326414585113525,True,7.152557373046875e-07,2350080,8.96484375,128.0,False
shared_e2e_rep_projected,42,42,1,0.004947983659803867,0.009091720916330814,0.4224756360054016,46.46817031597819,129,encoder_output_representation,0.004947983659803867,3.801071216003038e-05,3.801071216003038e-05,0.009091720916330814,0.8449512720108032,0.8449512720108032,False,0.0,2879488,10.984375,128.0,False
shared_e2e_rep_projected,42,42,1,-0.001626326935365796,0.009527753107249737,0.5158079266548157,54.13741528024416,130,encoder_output_representation,-0.001626326935365796,-1.598513699718751e-05,-5.4569682106375694e-12,0.009527753107249737,1.0316158533096313,1.0316144227981567,True,1.3709068298339844e-06,2088960,7.96875,128.0,False
shared_e2e_rep_projected,42,42,1,0.0017673317342996597,0.014113400131464005,1.0796351432800293,76.49716816808177,131,encoder_output_representation,0.0017673317342996597,5.385881013353355e-05,5.385881013353355e-05,0.014113400131464005,2.1592702865600586,2.1592702865600586,False,0.0,2088960,7.96875,128.0,False
shared_e2e_rep_projected,42,42,1,0.0019444609060883522,0.01617659442126751,1.1997954845428467,74.16860763755473,132,encoder_output_representation,0.0019444609060883522,7.547854329459369e-05,7.547854329459369e-05,0.01617659442126751,2.3995909690856934,2.3995909690856934,False,0.0,2548224,9.720703125,128.0,False
shared_e2e_rep_projected,42,42,1,0.00854562595486641,0.01125671248883009,0.4894624650478363,43.48183055519313,133,encoder_output_representation,0.00854562595486641,9.416832472197711e-05,9.416832472197711e-05,0.01125671248883009,0.9789249300956726,0.9789249300956726,False,0.0,2350080,8.96484375,128.0,False
shared_e2e_rep_projected,42,42,1,-0.0011880506062880158,0.01061493344604969,0.6540656089782715,61.6174950415426,134,encoder_output_representation,-0.0011880506062880158,-1.6496946045663208e-05,-4.547473508864641e-12,0.01061493344604969,1.308131217956543,1.3081302642822266,True,7.152557373046875e-07,2396160,9.140625,128.0,False
shared_e2e_rep_projected,42,42,1,0.008470628410577774,0.010349594987928867,0.3218725621700287,31.100015270688477,135,encoder_output_representation,0.008470628410577774,5.6435575970681384e-05,5.6435575970681384e-05,0.010349594987928867,0.6437451243400574,0.6437451243400574,False,0.0,2088960,7.96875,128.0,False
shared_e2e_rep_projected,42,42,1,0.00048089720075950027,0.011612873524427414,0.6292218565940857,54.18313178650675,136,encoder_output_representation,0.00048089720075950027,7.027902938716579e-06,7.027902938716579e-06,0.011612873524427414,1.2584437131881714,1.2584437131881714,False,0.0,2088960,7.96875,128.0,False
shared_e2e_rep_projected,42,42,1,-0.0019251906778663397,0.008244814351201057,0.4742892384529114,57.52576325552068,137,encoder_output_representation,-0.0019251906778663397,-1.5056632946652826e-05,-1.0459189070388675e-11,0.008244814351201057,0.9485784769058228,0.9485767483711243,True,1.8477439880371094e-06,2396160,9.140625,128.0,False
shared_e2e_rep_projected,42,42,1,-0.0019231484038755298,0.015067998319864273,1.1139594316482544,73.92882637766903,138,encoder_output_representation,-0.0019231484038755298,-6.45606269245036e-05,-1.2369127944111824e-10,0.015067998319864273,2.227918863296509,2.227914571762085,True,1.9073486328125e-06,2396160,9.140625,128.0,False
shared_e2e_rep_projected,42,42,1,-0.0004469695268198848,0.01679748296737671,1.2384322881698608,73.72725369479978,139,encoder_output_representation,-0.0004469695268198848,-1.8596207155496813e-05,-2.3646862246096134e-11,0.01679748296737671,2.4768645763397217,2.4768640995025635,True,1.7881393432617188e-07,2350080,8.96484375,128.0,False
shared_e2e_rep_projected,42,42,1,0.0025628439616411924,0.0135497460141778,0.7523645758628845,55.52610174948273,140,encoder_output_representation,0.0025628439616411924,5.2253049943828955e-05,5.2253049943828955e-05,0.0135497460141778,1.504729151725769,1.504729151725769,False,0.0,2088960,7.96875,128.0,False
shared_e2e_rep_projected,42,42,1,-0.0006832419894635677,0.012676028534770012,1.0019893646240234,79.04600103065349,141,encoder_output_representation,-0.0006832419894635677,-1.7356049283989705e-05,0.0,0.012676028534770012,2.003978729248047,2.0039782524108887,True,2.384185791015625e-07,3133440,11.953125,128.0,False
shared_e2e_rep_projected,42,42,1,0.0014521963894367218,0.008755980990827084,0.5959458947181702,68.06157931846738,142,encoder_output_representation,0.0014521963894367218,1.515538588137133e-05,1.515538588137133e-05,0.008755980990827084,1.1918917894363403,1.1918917894363403,False,0.0,2088960,7.96875,128.0,False
shared_e2e_rep_projected,42,42,1,-0.0021867176983505487,0.013073916547000408,1.0660438537597656,81.53974747562172,143,encoder_output_representation,-0.0021867176983505487,-6.0954178479732946e-05,-4.547473508864641e-12,0.013073916547000408,2.1320877075195312,2.13208270072937,True,2.3245811462402344e-06,2933760,11.19140625,128.0,False
shared_e2e_rep_projected,42,42,1,-0.00013044496881775558,0.007232581730931997,0.40943530201911926,56.60984102925015,144,encoder_output_representation,-0.00013044496881775558,-7.725666364422068e-07,-9.094947017729282e-12,0.007232581730931997,0.8188706040382385,0.8188706040382385,True,0.0,2350080,8.96484375,128.0,False
shared_e2e_rep_projected,42,42,1,-0.003511973889544606,0.015151433646678925,0.6469738483428955,42.70050369027007,145,encoder_output_representation,-0.003511973889544606,-6.885282346047461e-05,-2.546585164964199e-11,0.015151433646678925,1.293947696685791,1.2939397096633911,True,6.198883056640625e-06,2088960,7.96875,128.0,False
shared_e2e_rep_projected,42,42,1,0.007546626031398773,0.01296594925224781,1.3774914741516113,106.23915359785985,146,encoder_output_representation,0.007546626031398773,0.00026957280351780355,0.00026957280351780355,0.01296594925224781,2.7549829483032227,2.7549829483032227,False,0.0,3194880,12.1875,128.0,False
shared_e2e_rep_projected,42,42,1,0.00011534240911714733,0.009754205122590065,0.5476886630058289,56.148979452710066,147,encoder_output_representation,0.00011534240911714733,1.2323799865043839e-06,1.2323799865043839e-06,0.009754205122590065,1.0953773260116577,1.0953773260116577,False,0.0,2088960,7.96875,128.0,False
shared_e2e_rep_projected,42,42,1,0.006279467139393091,0.007897081784904003,0.33762162923812866,42.752707700650056,148,encoder_output_representation,0.006279467139393091,3.348495374666527e-05,3.348495374666527e-05,0.007897081784904003,0.6752432584762573,0.6752432584762573,False,0.0,2350080,8.96484375,128.0,False
shared_e2e_rep_projected,42,42,1,-0.008075529709458351,0.009309210814535618,0.6506785750389099,69.89621225710404,149,encoder_output_representation,-0.008075529709458351,-9.783187124412507e-05,-3.637978807091713e-12,0.009309210814535618,1.3013571500778198,1.3013148307800293,True,3.254413604736328e-05,2396160,9.140625,128.0,False
shared_e2e_rep_projected,42,42,1,0.0024598133750259876,0.011561639606952667,1.0104000568389893,87.39245394151351,150,encoder_output_representation,0.0024598133750259876,5.7470497267786413e-05,5.7470497267786413e-05,0.011561639606952667,2.0208001136779785,2.0208001136779785,False,0.0,2088960,7.96875,128.0,False
shared_e2e_rep_projected,42,42,1,-0.0008596571278758347,0.009285736829042435,0.5592657327651978,60.228471155462465,151,encoder_output_representation,-0.0008596571278758347,-8.928733223001473e-06,-1.4551915228366852e-11,0.009285736829042435,1.1185314655303955,1.1185309886932373,True,4.172325134277344e-07,2611200,9.9609375,128.0,False
shared_e2e_rep_projected,42,42,1,-0.003735570004209876,0.009612895548343658,0.4789091646671295,49.81944953616473,152,encoder_output_representation,-0.003735570004209876,-3.439491774770431e-05,-2.000888343900442e-11,0.009612895548343658,0.957818329334259,0.9578115940093994,True,7.033348083496094e-06,2350080,8.96484375,128.0,False
shared_e2e_rep_projected,42,42,1,0.0020034736953675747,0.0070104594342410564,0.2410866767168045,34.389568754833576,153,encoder_output_representation,0.0020034736953675747,6.772255346731981e-06,6.772255346731981e-06,0.0070104594342410564,0.482173353433609,0.482173353433609,False,0.0,2088960,7.96875,128.0,False
shared_e2e_rep_projected,42,42,1,0.006658738479018211,0.009584300220012665,0.4654991030693054,48.568919209908714,154,encoder_output_representation,0.006658738479018211,5.94156990700867e-05,5.94156990700867e-05,0.009584300220012665,0.9309982061386108,0.9309982061386108,False,0.0,2785280,10.625,128.0,False
shared_e2e_rep_projected,42,42,1,-0.00025734692462719977,0.010880785994231701,0.7521892189979553,69.13004441009299,155,encoder_output_representation,-0.00025734692462719977,-4.212465228192741e-06,-1.1823431123048067e-11,0.010880785994231701,1.5043784379959106,1.504378318786621,True,5.960464477539063e-08,2350080,8.96484375,128.0,False
shared_e2e_rep_projected,42,42,1,-0.00028929553809575737,0.015755971893668175,0.6193241477012634,39.30726405713824,156,encoder_output_representation,-0.00028929553809575737,-5.6459230108885095e-06,-2.7284841053187847e-12,0.015755971893668175,1.2386482954025269,1.2386481761932373,True,1.1920928955078125e-07,2350080,8.96484375,128.0,False
shared_e2e_rep_projected,42,42,1,-0.0005971125210635364,0.009662010706961155,0.4607480764389038,47.68656239502511,157,encoder_output_representation,-0.0005971125210635364,-5.316394435794791e-06,-1.4097167877480388e-11,0.009662010706961155,0.9214961528778076,0.9214960336685181,True,1.1920928955078125e-07,3133440,11.953125,128.0,False
shared_e2e_rep_projected,42,42,1,0.007620653603225946,0.01099378801882267,0.6423317790031433,58.42679319479283,158,encoder_output_representation,0.007620653603225946,0.0001076289190677926,0.0001076289190677926,0.01099378801882267,1.2846635580062866,1.2846635580062866,False,0.0,2350080,8.96484375,128.0,False
shared_e2e_rep_projected,42,42,1,0.0018785714637488127,0.012630835175514221,0.7060840725898743,55.90161400876078,159,encoder_output_representation,0.0018785714637488127,3.350782208144665e-05,3.350782208144665e-05,0.012630835175514221,1.4121681451797485,1.4121681451797485,False,0.0,2088960,7.96875,128.0,False
shared_e2e_rep_projected,42,42,1,0.011513801291584969,0.00936171691864729,0.47115209698677063,50.327530845148566,160,encoder_output_representation,0.011513801291584969,0.00010156998177990317,0.00010156998177990317,0.00936171691864729,0.9423041939735413,0.9423041939735413,False,0.0,2350080,8.96484375,128.0,False
shared_e2e_rep_projected,42,42,1,0.0014585410244762897,0.00877477414906025,0.43430736660957336,49.49499089456181,161,encoder_output_representation,0.0014585410244762897,1.1116851055703592e-05,1.1116851055703592e-05,0.00877477414906025,0.8686147332191467,0.8686147332191467,False,0.0,2088960,7.96875,128.0,False
shared_e2e_rep_projected,42,42,1,-0.00011698947491822764,0.010581061244010925,0.5250278115272522,49.61957968293847,162,encoder_output_representation,-0.00011698947491822764,-1.2998352758586407e-06,-2.000888343900442e-11,0.010581061244010925,1.0500556230545044,1.0500556230545044,True,0.0,2088960,7.96875,128.0,False
shared_e2e_rep_projected,42,42,1,0.005707283969968557,0.011386200785636902,0.611111581325531,53.67124582032809,163,encoder_output_representation,0.005707283969968557,7.942529191495851e-05,7.942529191495851e-05,0.011386200785636902,1.222223162651062,1.222223162651062,False,0.0,2350080,8.96484375,128.0,False
shared_e2e_rep_projected,42,42,1,0.007264862302690744,0.010681618005037308,0.4828653037548065,45.20525855980748,164,encoder_output_representation,0.007264862302690744,7.494116289308295e-05,7.494116289308295e-05,0.010681618005037308,0.965730607509613,0.965730607509613,False,0.0,2396160,9.140625,128.0,False
shared_e2e_rep_projected,42,42,1,0.013564650900661945,0.02085995115339756,0.864868700504303,41.46072510641702,165,encoder_output_representation,0.013564650900661945,0.000489442958496511,0.000489442958496511,0.02085995115339756,1.729737401008606,1.729737401008606,False,0.0,2350080,8.96484375,128.0,False
shared_e2e_rep_projected,42,42,1,-0.0032851926516741514,0.011714371852576733,0.6391957998275757,54.56509387543268,166,encoder_output_representation,-0.0032851926516741514,-4.919758066534996e-05,-2.9103830456733704e-11,0.011714371852576733,1.2783915996551514,1.278384804725647,True,5.304813385009766e-06,2350080,8.96484375,128.0,False
shared_e2e_rep_projected,42,42,1,0.0055510513484478,0.008499126881361008,0.30219152569770813,35.55559646490613,167,encoder_output_representation,0.0055510513484478,2.851424324035179e-05,2.851424324035179e-05,0.008499126881361008,0.6043830513954163,0.6043830513954163,False,0.0,2350080,8.96484375,128.0,False
shared_e2e_rep_projected,42,42,1,0.000545575690921396,0.015191194601356983,0.807409405708313,53.14982968068815,168,encoder_output_representation,0.000545575690921396,1.3383531950239558e-05,1.3383531950239558e-05,0.015191194601356983,1.614818811416626,1.614818811416626,False,0.0,3686400,14.0625,128.0,False
shared_e2e_rep_projected,42,42,1,-0.004131889436393976,0.013082007877528667,0.5667535066604614,43.323128373434926,169,encoder_output_representation,-0.004131889436393976,-6.126992229837924e-05,-4.729372449219227e-11,0.013082007877528667,1.1335070133209229,1.1334972381591797,True,8.64267349243164e-06,2350080,8.96484375,128.0,False
shared_e2e_rep_projected,42,42,1,0.0029573531355708838,0.010945256799459457,0.5499356389045715,50.24419700520235,170,encoder_output_representation,0.0029573531355708838,3.5601722629508004e-05,3.5601722629508004e-05,0.010945256799459457,1.099871277809143,1.099871277809143,False,0.0,2088960,7.96875,128.0,False
shared_e2e_rep_projected,42,42,1,-0.0002771487052086741,0.010312950238585472,0.6572189927101135,63.72754425316202,171,encoder_output_representation,-0.0002771487052086741,-3.7569539017567877e-06,2.2737367544323206e-13,0.010312950238585472,1.314437985420227,1.314437985420227,True,0.0,2325504,8.87109375,128.0,False
shared_e2e_rep_projected,42,42,1,-0.0005141935544088483,0.013888159766793251,0.7172085642814636,51.64172765324298,172,encoder_output_representation,-0.0005141935544088483,-1.0243463293591049e-05,-1.0231815394945443e-12,0.013888159766793251,1.4344171285629272,1.4344168901443481,True,1.7881393432617188e-07,2752512,10.5,128.0,False
shared_e2e_rep_projected,42,42,1,-0.012491831555962563,0.01147328969091177,0.4914703369140625,42.83604355456712,173,encoder_output_representation,-0.012491831555962563,-0.00014087741146795452,-3.2741809263825417e-11,0.01147328969091177,0.982940673828125,0.9828639626502991,True,7.802248001098633e-05,2396160,9.140625,128.0,False
shared_e2e_rep_projected,42,42,1,0.00040561563218943775,0.0065060765482485294,0.1947692334651947,29.936511201613147,174,encoder_output_representation,0.00040561563218943775,1.027978896672721e-06,1.027978896672721e-06,0.0065060765482485294,0.3895384669303894,0.3895384669303894,False,0.0,3133440,11.953125,128.0,False
shared_e2e_rep_projected,42,42,1,9.297547512687743e-05,0.008797095157206059,0.41652143001556396,47.347609929440665,175,encoder_output_representation,9.297547512687743e-05,6.813575055275578e-07,6.813575055275578e-07,0.008797095157206059,0.8330428600311279,0.8330428600311279,False,0.0,2396160,9.140625,128.0,False
shared_e2e_rep_projected,42,42,1,-0.00030861044069752097,0.008150896988809109,0.31043195724487305,38.085619002557024,176,encoder_output_representation,-0.00030861044069752097,-1.561753379064612e-06,-9.208633855450898e-12,0.008150896988809109,0.6208639144897461,0.6208639144897461,True,0.0,2785280,10.625,128.0,False
shared_e2e_rep_projected,42,42,1,-0.008980822749435902,0.013042152859270573,0.5137023329734802,39.3878478895708,177,encoder_output_representation,-0.008980822749435902,-0.00012033914390485734,-7.275957614183426e-12,0.013042152859270573,1.0274046659469604,1.0273631811141968,True,4.035234451293945e-05,3525120,13.447265625,128.0,False
shared_e2e_rep_projected,42,42,1,0.00029348343377932906,0.017003800719976425,0.5282204151153564,31.064843902504215,178,encoder_output_representation,0.00029348343377932906,5.271992449706886e-06,5.271992449706886e-06,0.017003800719976425,1.056440830230713,1.056440830230713,False,0.0,2785280,10.625,128.0,False
shared_e2e_rep_projected,42,42,1,0.008321120403707027,0.007513504009693861,0.43450456857681274,57.82981788739562,179,encoder_output_representation,0.008321120403707027,5.433112528407946e-05,5.433112528407946e-05,0.007513504009693861,0.8690091371536255,0.8690091371536255,False,0.0,2325504,8.87109375,128.0,False
shared_e2e_rep_projected,42,42,1,0.00313889910466969,0.014121167361736298,0.5054762959480286,35.79564514741908,180,encoder_output_representation,0.00313889910466969,4.481039286474697e-05,4.481039286474697e-05,0.014121167361736298,1.0109525918960571,1.0109525918960571,False,0.0,2350080,8.96484375,128.0,False
shared_e2e_rep_projected,42,42,1,-9.089271043194458e-05,0.012185043655335903,0.5197399258613586,42.65392398768809,181,encoder_output_representation,-9.089271043194458e-05,-1.1512568107718835e-06,-5.9117155615240335e-12,0.012185043655335903,1.0394798517227173,1.0394798517227173,True,0.0,2785280,10.625,128.0,False
shared_e2e_rep_projected,42,42,1,0.0008085562731139362,0.006840623449534178,0.374917209148407,54.80746190962134,182,encoder_output_representation,0.0008085562731139362,4.14735586673487e-06,4.14735586673487e-06,0.006840623449534178,0.749834418296814,0.749834418296814,False,0.0,2396160,9.140625,128.0,False
shared_e2e_rep_projected,42,42,1,-0.0006173498113639653,0.008433395996689796,0.4341828227043152,51.483746627661844,183,encoder_output_representation,-0.0006173498113639653,-4.521019945968874e-06,-2.7284841053187847e-11,0.008433395996689796,0.8683656454086304,0.868365466594696,True,1.7881393432617188e-07,2350080,8.96484375,128.0,False
shared_e2e_rep_projected,42,42,1,0.0033557547722011805,0.011234202422201633,0.3098699152469635,27.582724932442197,184,encoder_output_representation,0.0033557547722011805,2.3363712898571976e-05,2.3363712898571976e-05,0.011234202422201633,0.619739830493927,0.619739830493927,False,0.0,2785280,10.625,128.0,False
shared_e2e_rep_projected,42,42,1,-0.0016034699510782957,0.008437614887952805,0.3651731014251709,43.27918567918568,185,encoder_output_representation,-0.0016034699510782957,-9.88119063549675e-06,-1.2732925824820995e-11,0.008437614887952805,0.7303462028503418,0.7303453087806702,True,1.2516975402832031e-06,2088960,7.96875,128.0,False
shared_e2e_rep_projected,42,42,1,0.011421911418437958,0.012035127729177475,0.5698745250701904,47.35093286036423,186,encoder_output_representation,0.011421911418437958,0.00015667465049773455,0.00015667465049773455,0.012035127729177475,1.1397490501403809,1.1397490501403809,False,0.0,2350080,8.96484375,128.0,False
shared_e2e_rep_projected,42,42,1,-0.0031701400876045227,0.015009840950369835,0.9077274799346924,60.47548957621209,187,encoder_output_representation,-0.0031701400876045227,-8.63853347254917e-05,-2.1827872842550278e-11,0.015009840950369835,1.8154549598693848,1.815445899963379,True,5.0067901611328125e-06,3133440,11.953125,128.0,False
shared_e2e_rep_projected,42,42,1,0.0018327455036342144,0.01201138086616993,0.6513774394989014,54.23002124039766,188,encoder_output_representation,0.0018327455036342144,2.867859075195156e-05,2.867859075195156e-05,0.01201138086616993,1.3027548789978027,1.3027548789978027,False,0.0,2396160,9.140625,128.0,False
shared_e2e_rep_projected,42,42,1,-0.0038704252801835537,0.009473545476794243,0.6568058133125305,69.330517800479,189,encoder_output_representation,-0.0038704252801835537,-4.816573709831573e-05,-3.637978807091713e-12,0.009473545476794243,1.313611626625061,1.3136018514633179,True,7.450580596923828e-06,2396160,9.140625,128.0,False
shared_e2e_rep_projected,42,42,1,-0.00029512724722735584,0.013597065582871437,0.8665310144424438,63.729266374506174,190,encoder_output_representation,-0.00029512724722735584,-6.954543096071575e-06,-8.640199666842818e-12,0.013597065582871437,1.7330620288848877,1.7330617904663086,True,1.1920928955078125e-07,2088960,7.96875,128.0,False
shared_e2e_rep_projected,42,42,1,-0.005568360909819603,0.012098489329218864,0.38740167021751404,32.02066470248534,191,encoder_output_representation,-0.005568360909819603,-5.2197534387232736e-05,-1.8189894035458565e-11,0.012098489329218864,0.7748033404350281,0.7747913599014282,True,1.5437602996826172e-05,2088960,7.96875,128.0,False
shared_e2e_rep_projected,42,42,1,0.0033624994102865458,0.01121441088616848,0.4868433177471161,43.412295366096686,192,encoder_output_representation,0.0033624994102865458,3.671621379908174e-05,3.671621379908174e-05,0.01121441088616848,0.9736866354942322,0.9736866354942322,False,0.0,2350080,8.96484375,128.0,False
shared_e2e_rep_projected,42,42,1,-0.00460085878148675,0.008568326942622662,0.35773053765296936,41.75033703177908,193,encoder_output_representation,-0.00460085878148675,-2.820466397679411e-05,-1.0913936421275139e-11,0.008568326942622662,0.7154610753059387,0.7154534459114075,True,1.0669231414794922e-05,2088960,7.96875,128.0,False
shared_e2e_rep_projected,42,42,1,-0.009949871338903904,0.014877642504870892,0.4578000009059906,30.771004260662156,194,encoder_output_representation,-0.009949871338903904,-0.00013553684402722865,0.0,0.014877642504870892,0.9156000018119812,0.9155546426773071,True,4.953145980834961e-05,2350080,8.96484375,128.0,False
shared_e2e_rep_projected,42,42,1,-0.007772759068757296,0.016525356099009514,1.0676823854446411,64.60873696444189,195,encoder_output_representation,-0.007772759068757296,-0.000274282501777634,1.4551915228366852e-11,0.016525356099009514,2.1353647708892822,2.1353001594543457,True,3.0279159545898438e-05,2785280,10.625,128.0,False
shared_e2e_rep_projected,42,42,1,-0.0031528258696198463,0.008399786427617073,0.5356048941612244,63.764108620696156,196,encoder_output_representation,-0.0031528258696198463,-2.8368915081955492e-05,-5.4569682106375694e-12,0.008399786427617073,1.0712097883224487,1.0712045431137085,True,4.887580871582031e-06,2088960,7.96875,128.0,False
shared_e2e_rep_projected,42,42,1,-0.0007947907433845103,0.01413243729621172,0.8963047862052917,63.42181234694396,197,encoder_output_representation,-0.0007947907433845103,-2.0135183149250224e-05,-8.185452315956354e-12,0.01413243729621172,1.7926095724105835,1.7926088571548462,True,4.172325134277344e-07,2879488,10.984375,128.0,False
shared_e2e_rep_projected,42,42,1,0.004015785176306963,0.010932200588285923,0.723423957824707,66.17368131717878,198,encoder_output_representation,0.004015785176306963,6.351860793074593e-05,6.351860793074593e-05,0.010932200588285923,1.446847915649414,1.446847915649414,False,0.0,2846720,10.859375,128.0,False
shared_e2e_rep_projected,42,42,1,-0.0060926806181669235,0.011365806683897972,0.5245316624641418,46.149972197507985,199,encoder_output_representation,-0.0060926806181669235,-7.264578016474843e-05,-3.8198777474462986e-11,0.011365806683897972,1.0490633249282837,1.0490437746047974,True,1.8656253814697266e-05,2088960,7.96875,128.0,False
shared_e2e_rep_projected,42,42,2,-0.005673655774444342,0.007708812598139048,0.3665402829647064,47.54821553882259,0,encoder_output_representation,-0.005673655774444342,-3.206285327905789e-05,-2.2737367544323206e-13,0.007708812598139048,0.7330805659294128,0.7330687642097473,True,1.609325408935547e-05,2785280,10.625,128.0,False
shared_e2e_rep_projected,42,42,2,-1.596766924194526e-05,0.013389738276600838,0.9363201260566711,69.92818729645613,1,encoder_output_representation,-1.596766924194526e-05,-4.003759386250749e-07,-1.6370904631912708e-11,0.013389738276600838,1.8726402521133423,1.8726402521133423,True,0.0,2350080,8.96484375,128.0,False
shared_e2e_rep_projected,42,42,2,0.009062005206942558,0.008825722150504589,0.40729501843452454,46.14863367426975,2,encoder_output_representation,0.009062005206942558,6.514988490380347e-05,6.514988490380347e-05,0.008825722150504589,0.8145900368690491,0.8145900368690491,False,0.0,2611200,9.9609375,128.0,False
shared_e2e_rep_projected,42,42,2,0.0029109579045325518,0.01236740592867136,0.48884937167167664,39.527235904691786,3,encoder_output_representation,0.0029109579045325518,3.519813253660686e-05,3.519813253660686e-05,0.01236740592867136,0.9776987433433533,0.9776987433433533,False,0.0,2785280,10.625,128.0,False
shared_e2e_rep_projected,42,42,2,0.0030155107378959656,0.012429771944880486,0.5481588244438171,44.10047319247801,4,encoder_output_representation,0.0030155107378959656,4.109230212634429e-05,4.109230212634429e-05,0.012429771944880486,1.0963176488876343,1.0963176488876343,False,0.0,2088960,7.96875,128.0,False
shared_e2e_rep_projected,42,42,2,0.0025449548847973347,0.014340372756123543,0.5354421138763428,37.338088973154576,5,encoder_output_representation,0.0025449548847973347,3.90825625800062e-05,3.90825625800062e-05,0.014340372756123543,1.0708842277526855,1.0708842277526855,False,0.0,2350080,8.96484375,128.0,False
shared_e2e_rep_projected,42,42,2,0.0018295813351869583,0.01123727299273014,0.5042656064033508,44.87437536932504,6,encoder_output_representation,0.0018295813351869583,2.073490213660989e-05,2.073490213660989e-05,0.01123727299273014,1.0085312128067017,1.0085312128067017,False,0.0,2498560,9.53125,128.0,False
shared_e2e_rep_projected,42,42,2,-0.0008105793385766447,0.012586291879415512,0.3045077323913574,24.193601682586937,7,encoder_output_representation,-0.0008105793385766447,-6.21329036221141e-06,-1.000444171950221e-11,0.012586291879415512,0.6090154647827148,0.6090152859687805,True,2.980232238769531e-07,2088960,7.96875,128.0,False
shared_e2e_rep_projected,42,42,2,0.0026872241869568825,0.012646393850445747,0.5169535279273987,40.87754454280084,8,encoder_output_representation,0.0026872241869568825,3.5135984944645315e-05,3.5135984944645315e-05,0.012646393850445747,1.0339070558547974,1.0339070558547974,False,0.0,2088960,7.96875,128.0,False
shared_e2e_rep_projected,42,42,2,0.0017855517799034715,0.014129002578556538,0.6789849400520325,48.05611268572645,9,encoder_output_representation,0.0017855517799034715,3.4258951927768067e-05,3.4258951927768067e-05,0.014129002578556538,1.357969880104065,1.357969880104065,False,0.0,2088960,7.96875,128.0,False
shared_e2e_rep_projected,42,42,2,-0.0005749145057052374,0.017123723402619362,0.4689001142978668,27.383069865876287,10,encoder_output_representation,-0.0005749145057052374,-9.23233983485261e-06,-4.547473508864641e-12,0.017123723402619362,0.9378002285957336,0.9378000497817993,True,1.7881393432617188e-07,2396160,9.140625,128.0,False
shared_e2e_rep_projected,42,42,2,0.0010905498638749123,0.00903412327170372,0.2928130328655243,32.411892561025844,11,encoder_output_representation,0.0010905498638749123,5.7696829571796115e-06,5.7696829571796115e-06,0.00903412327170372,0.5856260657310486,0.5856260657310486,False,0.0,2350080,8.96484375,128.0,False
shared_e2e_rep_projected,42,42,2,-0.00876298826187849,0.010594838298857212,0.47528281807899475,44.859846339538755,12,encoder_output_representation,-0.00876298826187849,-8.825284021440893e-05,-1.8189894035458565e-11,0.010594838298857212,0.9505656361579895,0.9505290389060974,True,3.8504600524902344e-05,3525120,13.447265625,128.0,False
shared_e2e_rep_projected,42,42,2,0.00302931503392756,0.013280878774821758,0.6398200392723083,48.17603188166254,13,encoder_output_representation,0.00302931503392756,5.148243508301675e-05,5.148243508301675e-05,0.013280878774821758,1.2796400785446167,1.2796400785446167,False,0.0,2752512,10.5,128.0,False
shared_e2e_rep_projected,42,42,2,6.158905762276845e-06,0.017328837886452675,0.9574519395828247,55.251941639510676,14,encoder_output_representation,6.158905762276845e-06,2.043713465127439e-07,2.043713465127439e-07,0.017328837886452675,1.9149038791656494,1.9149038791656494,False,0.0,3194880,12.1875,128.0,False
shared_e2e_rep_projected,42,42,2,-0.012314039282500744,0.01691254787147045,0.9994141459465027,59.09305644198063,15,encoder_output_representation,-0.012314039282500744,-0.00041627956670708954,8.731149137020111e-11,0.01691254787147045,1.9988282918930054,1.9986766576766968,True,7.587671279907227e-05,2785280,10.625,128.0,False
shared_e2e_rep_projected,42,42,2,0.0005268796812742949,0.015484639443457127,0.504584550857544,32.58613496943585,16,encoder_output_representation,0.0005268796812742949,8.233349035435822e-06,8.233349035435822e-06,0.015484639443457127,1.009169101715088,1.009169101715088,False,0.0,2088960,7.96875,128.0,False
shared_e2e_rep_projected,42,42,2,0.00030682311626151204,0.01654503494501114,0.7427861094474792,44.89480450879635,17,encoder_output_representation,0.00030682311626151204,7.541358172602486e-06,7.541358172602486e-06,0.01654503494501114,1.4855722188949585,1.4855722188949585,False,0.0,2396160,9.140625,128.0,False
shared_e2e_rep_projected,42,42,2,0.004412587732076645,0.012920916080474854,0.9689351916313171,74.9896668004447,18,encoder_output_representation,0.004412587732076645,0.0001104870461858809,0.0001104870461858809,0.012920916080474854,1.9378703832626343,1.9378703832626343,False,0.0,2846720,10.859375,128.0,False
shared_e2e_rep_projected,42,42,2,-0.00160068494733423,0.012022231705486774,0.6577472686767578,54.710912648320644,19,encoder_output_representation,-0.00160068494733423,-2.5315121092717163e-05,-1.8189894035458565e-12,0.012022231705486774,1.3154945373535156,1.3154927492141724,True,1.3709068298339844e-06,2088960,7.96875,128.0,False
shared_e2e_rep_projected,42,42,2,0.0015830228803679347,0.010991704650223255,0.21800163388252258,19.833287085101464,20,encoder_output_representation,0.0015830228803679347,7.586509127577301e-06,7.586509127577301e-06,0.010991704650223255,0.43600326776504517,0.43600326776504517,False,0.0,2088960,7.96875,128.0,False
shared_e2e_rep_projected,42,42,2,-0.013488486409187317,0.02355136349797249,0.6886308193206787,29.23953083990072,21,encoder_output_representation,-0.013488486409187317,-0.0004375177959445864,-1.4551915228366852e-10,0.02355136349797249,1.3772616386413574,1.3771363496780396,True,9.09566879272461e-05,2325504,8.87109375,128.0,False
shared_e2e_rep_projected,42,42,2,-0.00010756232222774997,0.010789742693305016,0.4567180871963501,42.32891368945633,22,encoder_output_representation,-0.00010756232222774997,-1.0601064559523365e-06,-7.219114195322618e-12,0.010789742693305016,0.9134361743927002,0.9134361743927002,True,0.0,2350080,8.96484375,128.0,False
shared_e2e_rep_projected,42,42,2,0.012720929458737373,0.011418826878070831,0.3394595980644226,29.72806240861172,23,encoder_output_representation,0.012720929458737373,9.861851140158251e-05,9.861851140158251e-05,0.011418826878070831,0.6789191961288452,0.6789191961288452,False,0.0,2350080,8.96484375,128.0,False
shared_e2e_rep_projected,42,42,2,-0.0005466493312269449,0.014655111357569695,0.7480528354644775,51.043817901669605,24,encoder_output_representation,-0.0005466493312269449,-1.1985611308773514e-05,-1.9099388737231493e-11,0.014655111357569695,1.496105670928955,1.496105432510376,True,1.7881393432617188e-07,2420736,9.234375,128.0,False
shared_e2e_rep_projected,42,42,2,-0.00896929670125246,0.017580082640051842,0.4032943844795227,22.940414600823143,25,encoder_output_representation,-0.00896929670125246,-0.00012718370999209583,-1.4551915228366852e-11,0.017580082640051842,0.8065887689590454,0.8065562844276428,True,4.029273986816406e-05,2325504,8.87109375,128.0,False
shared_e2e_rep_projected,42,42,2,-0.0009237330523319542,0.01716580055654049,1.0777742862701416,62.786135882225985,26,encoder_output_representation,-0.0009237330523319542,-3.4179709473391995e-05,-1.2732925824820995e-11,0.01716580055654049,2.155548572540283,2.155547618865967,True,4.172325134277344e-07,3133440,11.953125,128.0,False
shared_e2e_rep_projected,42,42,2,-0.00131929200142622,0.014579680748283863,0.7120922207832336,48.84141381950714,27,encoder_output_representation,-0.00131929200142622,-2.7393984055379406e-05,-1.8189894035458565e-12,0.014579680748283863,1.4241844415664673,1.4241831302642822,True,8.940696716308594e-07,2396160,9.140625,128.0,False
shared_e2e_rep_projected,42,42,2,-0.0001372539991280064,0.010813559405505657,0.38990673422813416,36.05720555154259,28,encoder_output_representation,-0.0001372539991280064,-1.1574024938454386e-06,-2.2737367544323206e-12,0.010813559405505657,0.7798134684562683,0.7798134684562683,True,0.0,2498560,9.53125,128.0,False
shared_e2e_rep_projected,42,42,2,1.1204999282199424e-05,0.015632804483175278,0.47128045558929443,30.146891179794867,29,encoder_output_representation,1.1204999282199424e-05,1.6510421119164675e-07,1.6510421119164675e-07,0.015632804483175278,0.9425609111785889,0.9425609111785889,False,0.0,2350080,8.96484375,128.0,False
shared_e2e_rep_projected,42,42,2,-0.0013716240646317601,0.01169294398277998,0.424219012260437,36.27991486875999,30,encoder_output_representation,-0.0013716240646317601,-1.3607524124381598e-05,-9.777068044058979e-12,0.01169294398277998,0.848438024520874,0.8484371900558472,True,1.0132789611816406e-06,2088960,7.96875,128.0,False
shared_e2e_rep_projected,42,42,2,0.0014984466833993793,0.009310818277299404,0.2744613587856293,29.47768398130917,31,encoder_output_representation,0.0014984466833993793,7.65844015404582e-06,7.65844015404582e-06,0.009310818277299404,0.5489227175712585,0.5489227175712585,False,0.0,2457600,9.375,128.0,False
shared_e2e_rep_projected,42,42,2,0.0019634426571428776,0.019568948075175285,0.7571945190429688,38.69367510885923,32,encoder_output_representation,0.0019634426571428776,5.8186622482025996e-05,5.8186622482025996e-05,0.019568948075175285,1.5143890380859375,1.5143890380859375,False,0.0,3525120,13.447265625,128.0,False
shared_e2e_rep_projected,42,42,2,-0.0013923182850703597,0.01375390775501728,0.29906928539276123,21.744313741210306,33,encoder_output_representation,-0.0013923182850703597,-1.1454244486230891e-05,-5.4569682106375694e-12,0.01375390775501728,0.5981385707855225,0.5981379747390747,True,1.0132789611816406e-06,2325504,8.87109375,128.0,False
shared_e2e_rep_projected,42,42,2,0.008738471195101738,0.010926383547484875,0.3410736322402954,31.215601279053267,34,encoder_output_representation,0.008738471195101738,6.513134576380253e-05,6.513134576380253e-05,0.010926383547484875,0.6821472644805908,0.6821472644805908,False,0.0,2611200,9.9609375,128.0,False
shared_e2e_rep_projected,42,42,2,-0.0007723987801000476,0.008583847433328629,0.3048230707645416,35.51124051681076,35,encoder_output_representation,-0.0007723987801000476,-4.042047294205986e-06,-3.979039320256561e-12,0.008583847433328629,0.6096461415290833,0.6096459627151489,True,2.980232238769531e-07,2396160,9.140625,128.0,False
shared_e2e_rep_projected,42,42,2,0.0045588016510009766,0.014253525994718075,0.8092277646064758,56.77386528121892,36,encoder_output_representation,0.0045588016510009766,0.00010516562178963795,0.00010516562178963795,0.014253525994718075,1.6184555292129517,1.6184555292129517,False,0.0,2135040,8.14453125,128.0,False
shared_e2e_rep_projected,42,42,2,0.004551826510578394,0.014141895808279514,0.6201683878898621,43.85327089786493,37,encoder_output_representation,0.004551826510578394,7.984228432178497e-05,7.984228432178497e-05,0.014141895808279514,1.2403367757797241,1.2403367757797241,False,0.0,2135040,8.14453125,128.0,False
shared_e2e_rep_projected,42,42,2,-0.0007600077078677714,0.016670821234583855,1.3185944557189941,79.09595077317195,38,encoder_output_representation,-0.0007600077078677714,-3.341306000947952e-05,-1.0913936421275139e-11,0.016670821234583855,2.6371889114379883,2.637187957763672,True,3.5762786865234375e-07,3594240,13.7109375,128.0,False
shared_e2e_rep_projected,42,42,2,-0.003189380280673504,0.013863283209502697,0.43777891993522644,31.578300271262396,39,encoder_output_representation,-0.003189380280673504,-3.8713034882675856e-05,0.0,0.013863283209502697,0.8755578398704529,0.8755533695220947,True,5.125999450683594e-06,2785280,10.625,128.0,False
shared_e2e_rep_projected,42,42,2,-0.006250317674130201,0.013118431903421879,0.3660493493080139,27.903437850108574,40,encoder_output_representation,-0.006250317674130201,-6.002796726534143e-05,-3.637978807091713e-12,0.013118431903421879,0.7320986986160278,0.7320843935012817,True,1.9550323486328125e-05,2704896,10.318359375,128.0,False
shared_e2e_rep_projected,42,42,2,-0.001281777978874743,0.014060883782804012,0.5306420922279358,37.73888614859993,41,encoder_output_representation,-0.001281777978874743,-1.91274521057494e-05,-3.9108272176235914e-11,0.014060883782804012,1.0612841844558716,1.0612833499908447,True,7.748603820800781e-07,2088960,7.96875,128.0,False
shared_e2e_rep_projected,42,42,2,0.006664928514510393,0.01039830781519413,0.5061566829681396,48.67683203497184,42,encoder_output_representation,0.006664928514510393,7.015734445303679e-05,7.015734445303679e-05,0.01039830781519413,1.0123133659362793,1.0123133659362793,False,0.0,3194880,12.1875,128.0,False
shared_e2e_rep_projected,42,42,2,0.0014653662219643593,0.014867700636386871,0.6057130098342896,40.74019410586472,43,encoder_output_representation,0.0014653662219643593,2.6392885047243908e-05,2.6392885047243908e-05,0.014867700636386871,1.211426019668579,1.211426019668579,False,0.0,2088960,7.96875,128.0,False
shared_e2e_rep_projected,42,42,2,-0.004656460601836443,0.014233852736651897,0.6166921854019165,43.32573877302706,44,encoder_output_representation,-0.004656460601836443,-8.174794493243098e-05,-1.4551915228366852e-11,0.014233852736651897,1.233384370803833,1.2333711385726929,True,1.0728836059570312e-05,2396160,9.140625,128.0,False
shared_e2e_rep_projected,42,42,2,-0.0030570144299417734,0.01639343984425068,0.5007241368293762,30.544177523851683,45,encoder_output_representation,-0.0030570144299417734,-5.018755837227218e-05,-6.548361852765083e-11,0.01639343984425068,1.0014482736587524,1.0014435052871704,True,4.76837158203125e-06,2088960,7.96875,128.0,False
shared_e2e_rep_projected,42,42,2,0.006989530753344297,0.010399628430604935,0.4679846167564392,45.00012859875005,46,encoder_output_representation,0.006989530753344297,6.803422002121806e-05,6.803422002121806e-05,0.010399628430604935,0.9359692335128784,0.9359692335128784,False,0.0,2088960,7.96875,128.0,False
shared_e2e_rep_projected,42,42,2,0.006963965483009815,0.01547923218458891,0.6941794753074646,44.84585973189214,47,encoder_output_representation,0.006963965483009815,0.00014966070011723787,0.00014966070011723787,0.01547923218458891,1.3883589506149292,1.3883589506149292,False,0.0,2088960,7.96875,128.0,False
shared_e2e_rep_projected,42,42,2,0.019257547333836555,0.016159046441316605,0.6699691414833069,41.46093297747334,48,encoder_output_representation,0.019257547333836555,0.00041696682455949485,0.00041696682455949485,0.016159046441316605,1.3399382829666138,1.3399382829666138,False,0.0,2785280,10.625,128.0,False
shared_e2e_rep_projected,42,42,2,-4.6701024984940886e-05,0.010045114904642105,0.40995559096336365,40.81143867990128,49,encoder_output_representation,-4.6701024984940886e-05,-3.846344043267891e-07,-8.640199666842818e-12,0.010045114904642105,0.8199111819267273,0.8199111819267273,True,0.0,3194880,12.1875,128.0,False
shared_e2e_rep_projected,42,42,2,-0.001121307141147554,0.01089216023683548,0.373091459274292,34.25321067280653,50,encoder_output_representation,-0.001121307141147554,-9.113473424804397e-06,-1.4551915228366852e-11,0.01089216023683548,0.746182918548584,0.7461825013160706,True,5.364418029785156e-07,2396160,9.140625,128.0,False
shared_e2e_rep_projected,42,42,2,-0.00223934487439692,0.015523885376751423,0.7526494860649109,48.48331895004063,51,encoder_output_representation,-0.00223934487439692,-5.232921103015542e-05,-3.637978807091713e-11,0.015523885376751423,1.5052989721298218,1.5052951574325562,True,2.562999725341797e-06,2088960,7.96875,128.0,False
shared_e2e_rep_projected,42,42,2,0.0005272083217278123,0.01666024513542652,0.9293879270553589,55.78476904154901,52,encoder_output_representation,0.0005272083217278123,1.632640851312317e-05,1.632640851312317e-05,0.01666024513542652,1.8587758541107178,1.8587758541107178,False,0.0,2350080,8.96484375,128.0,False
shared_e2e_rep_projected,42,42,2,0.017136743292212486,0.015714410692453384,0.6053513884544373,38.52205471154883,53,encoder_output_representation,0.017136743292212486,0.00032603475847281516,0.00032603475847281516,0.015714410692453384,1.2107027769088745,1.2107027769088745,False,0.0,2350080,8.96484375,128.0,False
shared_e2e_rep_projected,42,42,2,0.008027851581573486,0.018202058970928192,0.42337965965270996,23.25998725358048,54,encoder_output_representation,0.008027851581573486,0.0001237313699675724,0.0001237313699675724,0.018202058970928192,0.8467593193054199,0.8467593193054199,False,0.0,2350080,8.96484375,128.0,False
shared_e2e_rep_projected,42,42,2,0.0015459770802408457,0.013020995073020458,0.459951251745224,35.323817355421966,55,encoder_output_representation,0.0015459770802408457,1.851778506534174e-05,1.851778506534174e-05,0.013020995073020458,0.919902503490448,0.919902503490448,False,0.0,2785280,10.625,128.0,False
shared_e2e_rep_projected,42,42,2,9.495007543591782e-05,0.013884342275559902,0.7866389751434326,56.656553081965164,56,encoder_output_representation,9.495007543591782e-05,2.074082658509724e-06,2.074082658509724e-06,0.013884342275559902,1.5732779502868652,1.5732779502868652,False,0.0,3759104,14.33984375,128.0,False
shared_e2e_rep_projected,42,42,2,0.0020966827869415283,0.014359005726873875,0.7084402441978455,49.33769494025275,57,encoder_output_representation,0.0020966827869415283,4.2657000449253246e-05,4.2657000449253246e-05,0.014359005726873875,1.416880488395691,1.416880488395691,False,0.0,2611200,9.9609375,128.0,False
shared_e2e_rep_projected,42,42,2,0.02148323878645897,0.017685219645500183,0.5809637904167175,32.850244558005116,58,encoder_output_representation,0.02148323878645897,0.00044145790161564946,0.00044145790161564946,0.017685219645500183,1.161927580833435,1.161927580833435,False,0.0,2649600,10.107421875,128.0,False
shared_e2e_rep_projected,42,42,2,-0.0032504331320524216,0.008609863929450512,0.2283870428800583,26.526208166757186,59,encoder_output_representation,-0.0032504331320524216,-1.2783182683051564e-05,-7.275957614183426e-12,0.008609863929450512,0.4567740857601166,0.4567716717720032,True,5.304813385009766e-06,2088960,7.96875,128.0,False
shared_e2e_rep_projected,42,42,2,0.006987211760133505,0.010228651575744152,0.46044498682022095,45.015218615140164,60,encoder_output_representation,0.006987211760133505,6.581578054465353e-05,6.581578054465353e-05,0.010228651575744152,0.9208899736404419,0.9208899736404419,False,0.0,2088960,7.96875,128.0,False
shared_e2e_rep_projected,42,42,2,0.0013563380343839526,0.011982282623648643,0.4428814947605133,36.96136276125112,61,encoder_output_representation,0.0013563380343839526,1.4395443940884434e-05,1.4395443940884434e-05,0.011982282623648643,0.8857629895210266,0.8857629895210266,False,0.0,2350080,8.96484375,128.0,False
shared_e2e_rep_projected,42,42,2,-0.008493970148265362,0.011806090362370014,0.37936797738075256,32.13324358332256,62,encoder_output_representation,-0.008493970148265362,-7.608648593304679e-05,-1.4551915228366852e-11,0.011806090362370014,0.7587359547615051,0.7587085366249084,True,3.612041473388672e-05,2396160,9.140625,128.0,False
shared_e2e_rep_projected,42,42,2,-0.003586462466046214,0.01569332182407379,0.5591892600059509,35.63230693122894,63,encoder_output_representation,-0.003586462466046214,-6.294626655289903e-05,-3.2741809263825417e-11,0.01569332182407379,1.1183785200119019,1.1183712482452393,True,6.496906280517578e-06,2350080,8.96484375,128.0,False
shared_e2e_rep_projected,42,42,2,-0.0014935311628505588,0.013806820847094059,0.5639787316322327,40.84783440577011,64,encoder_output_representation,-0.0014935311628505588,-2.3259517547558062e-05,-7.275957614183426e-12,0.013806820847094059,1.1279574632644653,1.1279562711715698,True,1.0728836059570312e-06,2396160,9.140625,128.0,False
shared_e2e_rep_projected,42,42,2,0.000663657789118588,0.015134848654270172,1.2115964889526367,80.05342614448905,65,encoder_output_representation,0.000663657789118588,2.4339424271602184e-05,2.4339424271602184e-05,0.015134848654270172,2.4231929779052734,2.4231929779052734,False,0.0,3396096,12.955078125,128.0,False
shared_e2e_rep_projected,42,42,2,0.0035220289137214422,0.012291730381548405,0.3568815588951111,29.034281408485814,66,encoder_output_representation,0.0035220289137214422,3.0900111596565694e-05,3.0900111596565694e-05,0.012291730381548405,0.7137631177902222,0.7137631177902222,False,0.0,2396160,9.140625,128.0,False
shared_e2e_rep_projected,42,42,2,0.000990168540738523,0.01733529381453991,0.7276399731636047,41.97448171044552,67,encoder_output_representation,0.000990168540738523,2.497967943781987e-05,2.497967943781987e-05,0.01733529381453991,1.4552799463272095,1.4552799463272095,False,0.0,3194880,12.1875,128.0,False
shared_e2e_rep_projected,42,42,2,0.005235444288700819,0.01130596362054348,0.41441580653190613,36.65462055608358,68,encoder_output_representation,0.005235444288700819,4.9059988668886945e-05,4.9059988668886945e-05,0.01130596362054348,0.8288316130638123,0.8288316130638123,False,0.0,3631104,13.8515625,128.0,False
shared_e2e_rep_projected,42,42,2,0.005695429164916277,0.01084622461348772,0.5571315884590149,51.366407050633924,69,encoder_output_representation,0.005695429164916277,6.883238529553637e-05,6.883238529553637e-05,0.01084622461348772,1.1142631769180298,1.1142631769180298,False,0.0,2350080,8.96484375,128.0,False
shared_e2e_rep_projected,42,42,2,-0.004459238611161709,0.00841197557747364,0.31290724873542786,37.197831336239204,70,encoder_output_representation,-0.004459238611161709,-2.347493136767298e-05,-2.7284841053187847e-12,0.00841197557747364,0.6258144974708557,0.6258082389831543,True,1.0013580322265625e-05,2088960,7.96875,128.0,False
shared_e2e_rep_projected,42,42,2,-0.0035631742794066668,0.019145280122756958,0.48073819279670715,25.110010912051358,71,encoder_output_representation,-0.0035631742794066668,-6.558996392413974e-05,-6.184563972055912e-11,0.019145280122756958,0.9614763855934143,0.9614703059196472,True,6.318092346191406e-06,2159616,8.23828125,128.0,False
shared_e2e_rep_projected,42,42,2,-0.004569355398416519,0.010124145075678825,0.26696351170539856,26.368993106067144,72,encoder_output_representation,-0.004569355398416519,-2.469990067766048e-05,-2.0463630789890885e-11,0.010124145075678825,0.5339270234107971,0.533921480178833,True,1.0371208190917969e-05,2088960,7.96875,128.0,False
shared_e2e_rep_projected,42,42,2,0.007462284993380308,0.01257809717208147,0.5064921379089355,40.267787009401786,73,encoder_output_representation,0.007462284993380308,9.508006769465283e-05,9.508006769465283e-05,0.01257809717208147,1.012984275817871,1.012984275817871,False,0.0,3309568,12.625,128.0,False
shared_e2e_rep_projected,42,42,2,2.1604724679491483e-05,0.01602150686085224,0.540151059627533,33.71412341665348,74,encoder_output_representation,2.1604724679491483e-05,3.739360181498341e-07,3.739360181498341e-07,0.01602150686085224,1.080302119255066,1.080302119255066,False,0.0,2350080,8.96484375,128.0,False
shared_e2e_rep_projected,42,42,2,-0.004769864957779646,0.013616660609841347,0.40413138270378113,29.67918451398414,75,encoder_output_representation,-0.004769864957779646,-5.249636888038367e-05,-1.1368683772161603e-11,0.013616660609841347,0.8082627654075623,0.8082535862922668,True,1.138448715209961e-05,2350080,8.96484375,128.0,False
shared_e2e_rep_projected,42,42,2,0.004608645103871822,0.010453741997480392,0.2662346363067627,25.467879001694488,76,encoder_output_representation,0.004608645103871822,2.5653083866927773e-05,2.5653083866927773e-05,0.010453741997480392,0.5324692726135254,0.5324692726135254,False,0.0,2088960,7.96875,128.0,False
shared_e2e_rep_projected,42,42,2,-0.00549022201448679,0.010889146476984024,0.3411598801612854,31.330268252188738,77,encoder_output_representation,-0.00549022201448679,-4.079168866155669e-05,0.0,0.010889146476984024,0.6823197603225708,0.6823095083236694,True,1.5020370483398438e-05,2350080,8.96484375,128.0,False
shared_e2e_rep_projected,42,42,2,-0.0002199966402258724,0.01633513905107975,0.6471612453460693,39.61773715683749,78,encoder_output_representation,-0.0002199966402258724,-4.651375093089882e-06,-1.8189894035458565e-12,0.01633513905107975,1.2943224906921387,1.2943223714828491,True,1.1920928955078125e-07,2355200,8.984375,128.0,False
shared_e2e_rep_projected,42,42,2,0.024119490757584572,0.015066486783325672,0.43570640683174133,28.918912092628307,79,encoder_output_representation,0.024119490757584572,0.00031666792347095907,0.00031666792347095907,0.015066486783325672,0.8714128136634827,0.8714128136634827,False,0.0,2785280,10.625,128.0,False
shared_e2e_rep_projected,42,42,2,0.0019302291329950094,0.016958843916654587,0.5004504323005676,29.50970212120979,80,encoder_output_representation,0.0019302291329950094,3.276394272688776e-05,3.276394272688776e-05,0.016958843916654587,1.0009008646011353,1.0009008646011353,False,0.0,2088960,7.96875,128.0,False
shared_e2e_rep_projected,42,42,2,-0.0038571872282773256,0.028981447219848633,0.38626453280448914,13.327993245966912,81,encoder_output_representation,-0.0038571872282773256,-8.635860285721719e-05,1.4551915228366852e-11,0.028981447219848633,0.7725290656089783,0.7725233435630798,True,7.3909759521484375e-06,2350080,8.96484375,128.0,False
shared_e2e_rep_projected,42,42,2,0.0042375256307423115,0.02299737185239792,0.6960142254829407,30.26494635778861,82,encoder_output_representation,0.0042375256307423115,0.00013565589324571192,0.00013565589324571192,0.02299737185239792,1.3920284509658813,1.3920284509658813,False,0.0,2350080,8.96484375,128.0,False
shared_e2e_rep_projected,42,42,2,0.008405419997870922,0.01677781715989113,0.5270702242851257,31.414707840846795,83,encoder_output_representation,0.008405419997870922,0.00014865973207633942,0.00014865973207633942,0.01677781715989113,1.0541404485702515,1.0541404485702515,False,0.0,3916800,14.94140625,128.0,False
shared_e2e_rep_projected,42,42,2,0.0005310737760737538,0.02356889471411705,0.40822774171829224,17.32061459266379,84,encoder_output_representation,0.0005310737760737538,1.0219428077107295e-05,1.0219428077107295e-05,0.02356889471411705,0.8164554834365845,0.8164554834365845,False,0.0,2350080,8.96484375,128.0,False
shared_e2e_rep_projected,42,42,2,0.006715047638863325,0.014986876398324966,0.38298580050468445,25.554744719686184,85,encoder_output_representation,0.006715047638863325,7.70855403970927e-05,7.70855403970927e-05,0.014986876398324966,0.7659716010093689,0.7659716010093689,False,0.0,2350080,8.96484375,128.0,False
shared_e2e_rep_projected,42,42,2,-4.95295580549282e-06,0.013195936568081379,0.4107389450073242,31.1261684904449,86,encoder_output_representation,-4.95295580549282e-06,-5.36908828507876e-08,-6.195932655828074e-12,0.013195936568081379,0.8214778900146484,0.8214778900146484,True,0.0,2396160,9.140625,128.0,False
shared_e2e_rep_projected,42,42,2,-0.0005863795522600412,0.01976383849978447,0.361837238073349,18.308044668412716,87,encoder_output_representation,-0.0005863795522600412,-8.386743502342142e-06,-1.4665602066088468e-11,0.01976383849978447,0.723674476146698,0.7236743569374084,True,1.7881393432617188e-07,2350080,8.96484375,128.0,False
shared_e2e_rep_projected,42,42,2,0.001670633559115231,0.014971328899264336,0.41227859258651733,27.537875586099506,88,encoder_output_representation,0.001670633559115231,2.0623498130589724e-05,2.0623498130589724e-05,0.014971328899264336,0.8245571851730347,0.8245571851730347,False,0.0,2785280,10.625,128.0,False
shared_e2e_rep_projected,42,42,2,0.006033350247889757,0.017214879393577576,0.34764817357063293,20.194633120713668,89,encoder_output_representation,0.006033350247889757,7.221583655336872e-05,7.221583655336872e-05,0.017214879393577576,0.6952963471412659,0.6952963471412659,False,0.0,2350080,8.96484375,128.0,False
shared_e2e_rep_projected,42,42,2,-0.00023142027202993631,0.018973469734191895,0.8283405900001526,43.657833891468385,90,encoder_output_representation,-0.00023142027202993631,-7.27423093849211e-06,-1.4551915228366852e-11,0.018973469734191895,1.6566811800003052,1.6566811800003052,True,0.0,2088960,7.96875,128.0,False
shared_e2e_rep_projected,42,42,2,0.0015706135891377926,0.01797737181186676,0.37211015820503235,20.698807484162092,91,encoder_output_representation,0.0015706135891377926,2.101343488902785e-05,2.101343488902785e-05,0.01797737181186676,0.7442203164100647,0.7442203164100647,False,0.0,2350080,8.96484375,128.0,False
shared_e2e_rep_projected,42,42,2,0.008996437303721905,0.012326400727033615,0.27439600229263306,22.260837398450153,92,encoder_output_representation,0.008996437303721905,6.085757559048943e-05,6.085757559048943e-05,0.012326400727033615,0.5487920045852661,0.5487920045852661,False,0.0,2879488,10.984375,128.0,False
shared_e2e_rep_projected,42,42,2,-0.007168980315327644,0.01851365529000759,0.760292112827301,41.06655875988222,93,encoder_output_representation,-0.007168980315327644,-0.0002018180675804615,5.4569682106375694e-12,0.01851365529000759,1.520584225654602,1.520545244216919,True,2.562999725341797e-05,2325504,8.87109375,128.0,False
shared_e2e_rep_projected,42,42,2,-0.015004854649305344,0.024844840168952942,0.8020843267440796,32.283738647125396,94,encoder_output_representation,-0.015004854649305344,-0.0005980231799185276,-5.820766091346741e-11,0.024844840168952942,1.6041686534881592,1.6039880514144897,True,0.00011259317398071289,2396160,9.140625,128.0,False
shared_e2e_rep_projected,42,42,2,-0.008123674429953098,0.019344285130500793,0.551278829574585,28.498278734806533,95,encoder_output_representation,-0.008123674429953098,-0.00017326326633337885,-6.184563972055912e-11,0.019344285130500793,1.10255765914917,1.1025211811065674,True,3.30805778503418e-05,2088960,7.96875,128.0,False
shared_e2e_rep_projected,42,42,2,3.533000563038513e-05,0.016201186925172806,0.647800624370575,39.98476329928928,96,encoder_output_representation,3.533000563038513e-05,7.415866321025533e-07,7.415866321025533e-07,0.016201186925172806,1.29560124874115,1.29560124874115,False,0.0,3133440,11.953125,128.0,False
shared_e2e_rep_projected,42,42,2,0.01867467351257801,0.02527463808655739,0.5277413129806519,20.880271803430382,97,encoder_output_representation,0.01867467351257801,0.0004981831880286336,0.0004981831880286336,0.02527463808655739,1.0554826259613037,1.0554826259613037,False,0.0,2088960,7.96875,128.0,False
shared_e2e_rep_projected,42,42,2,-0.00013383437180891633,0.017649127170443535,1.9794235229492188,112.15418778692354,98,encoder_output_representation,-0.00013383437180891633,-9.351033440907486e-06,-2.000888343900442e-11,0.017649127170443535,3.9588470458984375,3.9588470458984375,True,0.0,2741760,10.458984375,128.0,False
shared_e2e_rep_projected,42,42,2,-6.992756243562326e-05,0.024726277217268944,0.4312795102596283,17.442152996586998,99,encoder_output_representation,-6.992756243562326e-05,-1.4914062376192305e-06,-1.7053025658242404e-12,0.024726277217268944,0.8625590205192566,0.8625589609146118,True,5.960464477539063e-08,2088960,7.96875,128.0,False
shared_e2e_rep_projected,42,42,2,0.0013521583750844002,0.022379523143172264,0.958888053894043,42.84667049246707,100,encoder_output_representation,0.0013521583750844002,5.803316889796406e-05,5.803316889796406e-05,0.022379523143172264,1.917776107788086,1.917776107788086,False,0.0,3525120,13.447265625,128.0,False
shared_e2e_rep_projected,42,42,2,-0.011784547939896584,0.01699502021074295,0.4382789433002472,25.78866855499241,101,encoder_output_representation,-0.011784547939896584,-0.00017555581871420145,-5.093170329928398e-11,0.01699502021074295,0.8765578866004944,0.8764970302581787,True,6.943941116333008e-05,2396160,9.140625,128.0,False
shared_e2e_rep_projected,42,42,2,-0.004608246497809887,0.012673706747591496,0.3680966794490814,29.044121564437674,102,encoder_output_representation,-0.004608246497809887,-4.29963183705695e-05,0.0,0.012673706747591496,0.7361933588981628,0.7361855506896973,True,1.0609626770019531e-05,2350080,8.96484375,128.0,False
shared_e2e_rep_projected,42,42,2,0.007595621980726719,0.011175140738487244,0.533807635307312,47.76741947140547,103,encoder_output_representation,0.007595621980726719,9.062147000804543e-05,9.062147000804543e-05,0.011175140738487244,1.067615270614624,1.067615270614624,False,0.0,2088960,7.96875,128.0,False
shared_e2e_rep_projected,42,42,2,0.011822270229458809,0.014893702231347561,0.546622097492218,36.701559424339344,104,encoder_output_representation,0.011822270229458809,0.00019249557226430625,0.00019249557226430625,0.014893702231347561,1.093244194984436,1.093244194984436,False,0.0,2611200,9.9609375,128.0,False
shared_e2e_rep_projected,42,42,2,0.004701608791947365,0.01338998693972826,0.5743191838264465,42.891691113038675,105,encoder_output_representation,0.004701608791947365,7.231193012557924e-05,7.231193012557924e-05,0.01338998693972826,1.148638367652893,1.148638367652893,False,0.0,2350080,8.96484375,128.0,False
shared_e2e_rep_projected,42,42,2,0.0027426029555499554,0.015637964010238647,0.3509061336517334,22.439374679592852,106,encoder_output_representation,0.0027426029555499554,3.0099832656560466e-05,3.0099832656560466e-05,0.015637964010238647,0.7018122673034668,0.7018122673034668,False,0.0,2350080,8.96484375,128.0,False
shared_e2e_rep_projected,42,42,2,0.002340025966987014,0.014750531874597073,0.4684212803840637,31.756229834041775,107,encoder_output_representation,0.002340025966987014,3.233664756407961e-05,3.233664756407961e-05,0.014750531874597073,0.9368425607681274,0.9368425607681274,False,0.0,2396160,9.140625,128.0,False
shared_e2e_rep_projected,42,42,2,0.005387063603848219,0.018133683130145073,0.4248493015766144,23.428737478618086,108,encoder_output_representation,0.005387063603848219,8.300476474687457e-05,8.300476474687457e-05,0.018133683130145073,0.8496986031532288,0.8496986031532288,False,0.0,3194880,12.1875,128.0,False
shared_e2e_rep_projected,42,42,2,-0.0009338640375062823,0.01426992192864418,0.4970479905605316,34.83186474642173,109,encoder_output_representation,-0.0009338640375062823,-1.3247488823253661e-05,-1.4551915228366852e-11,0.01426992192864418,0.9940959811210632,0.9940955638885498,True,4.172325134277344e-07,2350080,8.96484375,128.0,False
shared_e2e_rep_projected,42,42,2,0.009907579980790615,0.012492175213992596,0.2467208355665207,19.75003002600912,110,encoder_output_representation,0.009907579980790615,6.107190711190924e-05,6.107190711190924e-05,0.012492175213992596,0.4934416711330414,0.4934416711330414,False,0.0,3525120,13.447265625,128.0,False
shared_e2e_rep_projected,42,42,2,-0.006595182232558727,0.012742213904857635,0.5733528137207031,44.99632622727573,111,encoder_output_representation,-0.006595182232558727,-9.636595495976508e-05,-7.275957614183426e-12,0.012742213904857635,1.1467056274414062,1.1466807126998901,True,2.1755695343017578e-05,2350080,8.96484375,128.0,False
shared_e2e_rep_projected,42,42,2,-0.005294571630656719,0.021706605330109596,0.6824303269386292,31.43883239964835,112,encoder_output_representation,-0.005294571630656719,-0.00015685959078837186,-5.093170329928398e-11,0.021706605330109596,1.3648606538772583,1.3648414611816406,True,1.4066696166992188e-05,2396160,9.140625,128.0,False
shared_e2e_rep_projected,42,42,2,-0.0058056688867509365,0.018381517380475998,0.63698410987854,34.653510735469276,113,encoder_output_representation,-0.0058056688867509365,-0.0001359540765406564,-9.458744898438454e-11,0.018381517380475998,1.27396821975708,1.273946762084961,True,1.6868114471435547e-05,2396160,9.140625,128.0,False
shared_e2e_rep_projected,42,42,2,0.003053676802664995,0.018968909978866577,0.6014973521232605,31.7096423987142,114,encoder_output_representation,0.003053676802664995,6.968337402213365e-05,6.968337402213365e-05,0.018968909978866577,1.202994704246521,1.202994704246521,False,0.0,2350080,8.96484375,128.0,False
shared_e2e_rep_projected,42,42,2,0.0006575986044481397,0.014543925411999226,0.42841625213623047,29.456714057593604,115,encoder_output_representation,0.0006575986044481397,8.19480192149058e-06,8.19480192149058e-06,0.014543925411999226,0.8568325042724609,0.8568325042724609,False,0.0,3194880,12.1875,128.0,False
shared_e2e_rep_projected,42,42,2,0.0036055296659469604,0.018298296257853508,0.4823020398616791,26.357756649320738,116,encoder_output_representation,0.0036055296659469604,6.363980355672538e-05,6.363980355672538e-05,0.018298296257853508,0.9646040797233582,0.9646040797233582,False,0.0,3100672,11.828125,128.0,False
shared_e2e_rep_projected,42,42,2,-0.011548943817615509,0.017476337030529976,0.35465550422668457,20.29346902655433,117,encoder_output_representation,-0.011548943817615509,-0.00014316254237201065,-1.8189894035458565e-11,0.017476337030529976,0.7093110084533691,0.7092636823654175,True,6.669759750366211e-05,2088960,7.96875,128.0,False
shared_e2e_rep_projected,42,42,2,0.00461521977558732,0.01246971171349287,0.24885711073875427,19.95692574588377,118,encoder_output_representation,0.00461521977558732,2.8643682526308112e-05,2.8643682526308112e-05,0.01246971171349287,0.49771422147750854,0.49771422147750854,False,0.0,2088960,7.96875,128.0,False
shared_e2e_rep_projected,42,42,2,0.00026621881988830864,0.01804119162261486,0.46028125286102295,25.512796631684495,119,encoder_output_representation,0.00026621881988830864,4.421373887453228e-06,4.421373887453228e-06,0.01804119162261486,0.9205625057220459,0.9205625057220459,False,0.0,2088960,7.96875,128.0,False
shared_e2e_rep_projected,42,42,2,-0.0011102263815701008,0.02092437632381916,0.4870157837867737,23.27504419963914,120,encoder_output_representation,-0.0011102263815701008,-2.262752786919009e-05,-2.3646862246096134e-11,0.02092437632381916,0.9740315675735474,0.9740309715270996,True,5.960464477539062e-07,2396160,9.140625,128.0,False
shared_e2e_rep_projected,42,42,2,0.0029042442329227924,0.018795909360051155,0.6106529831886292,32.48861076583566,121,encoder_output_representation,0.0029042442329227924,6.666853732895106e-05,6.666853732895106e-05,0.018795909360051155,1.2213059663772583,1.2213059663772583,False,0.0,2350080,8.96484375,128.0,False
shared_e2e_rep_projected,42,42,2,-0.013973274268209934,0.01715102419257164,0.3916279673576355,22.834086347289702,122,encoder_output_representation,-0.013973274268209934,-0.0001877119648270309,-1.4551915228366852e-11,0.01715102419257164,0.783255934715271,0.7831794619560242,True,9.763240814208984e-05,2704896,10.318359375,128.0,False
shared_e2e_rep_projected,42,42,2,0.0019467397360131145,0.028309643268585205,0.7133663892745972,25.19870640921178,123,encoder_output_representation,0.0019467397360131145,7.862939673941582e-05,7.862939673941582e-05,0.028309643268585205,1.4267327785491943,1.4267327785491943,False,0.0,2396160,9.140625,128.0,False
shared_e2e_rep_projected,42,42,2,0.00673677446320653,0.013156103901565075,0.2847205698490143,21.64170882043151,124,encoder_output_representation,0.00673677446320653,5.046939986641519e-05,5.046939986641519e-05,0.013156103901565075,0.5694411396980286,0.5694411396980286,False,0.0,2350080,8.96484375,128.0,False
shared_e2e_rep_projected,42,42,2,0.002295807935297489,0.03104156255722046,1.0421338081359863,33.57220842910112,125,encoder_output_representation,0.002295807935297489,0.00014853630273137242,0.00014853630273137242,0.03104156255722046,2.0842676162719727,2.0842676162719727,False,0.0,3133440,11.953125,128.0,False
shared_e2e_rep_projected,42,42,2,0.0037009306252002716,0.014656421728432178,0.31779399514198303,21.682918315968653,126,encoder_output_representation,0.0037009306252002716,3.447581912041642e-05,3.447581912041642e-05,0.014656421728432178,0.6355879902839661,0.6355879902839661,False,0.0,2088960,7.96875,128.0,False
shared_e2e_rep_projected,42,42,2,-0.0026932016480714083,0.023764150217175484,0.5462966561317444,22.988268090348534,127,encoder_output_representation,-0.0026932016480714083,-6.992777343839407e-05,-2.7284841053187847e-11,0.023764150217175484,1.0925933122634888,1.0925893783569336,True,3.5762786865234375e-06,2088960,7.96875,128.0,False
shared_e2e_rep_projected,42,42,2,0.002427107887342572,0.02265840955078602,0.510932445526123,22.54935168247053,128,encoder_output_representation,0.002427107887342572,5.6196851801360026e-05,5.6196851801360026e-05,0.02265840955078602,1.021864891052246,1.021864891052246,False,0.0,2264064,8.63671875,128.0,False
shared_e2e_rep_projected,42,42,2,-0.010659587569534779,0.02192048728466034,0.6342504620552063,28.934140642897397,129,encoder_output_representation,-0.010659587569534779,-0.00029640219872817397,-4.3655745685100555e-11,0.02192048728466034,1.2685009241104126,1.2684288024902344,True,5.6862831115722656e-05,3133440,11.953125,128.0,False
shared_e2e_rep_projected,42,42,2,-0.000758869107812643,0.013852470554411411,0.4061320722103119,29.318385526614705,130,encoder_output_representation,-0.000758869107812643,-8.538692782167345e-06,-9.265477274311706e-12,0.013852470554411411,0.8122641444206238,0.8122638463973999,True,3.5762786865234375e-07,2288640,8.73046875,128.0,False
shared_e2e_rep_projected,42,42,2,0.0011412579333409667,0.0166277177631855,0.38609880208969116,23.22019218683943,131,encoder_output_representation,0.0011412579333409667,1.465361947339261e-05,1.465361947339261e-05,0.0166277177631855,0.7721976041793823,0.7721976041793823,False,0.0,2482176,9.46875,128.0,False
shared_e2e_rep_projected,42,42,2,-0.0009882732992991805,0.024534335359930992,0.6339949369430542,25.841129488206256,132,encoder_output_representation,-0.0009882732992991805,-3.074447886319831e-05,-2.7284841053187847e-12,0.024534335359930992,1.2679898738861084,1.267989158630371,True,5.364418029785156e-07,2088960,7.96875,128.0,False
shared_e2e_rep_projected,42,42,2,0.005691733211278915,0.02462577261030674,0.6456006765365601,26.216463814270494,133,encoder_output_representation,0.005691733211278915,0.00018097908468917012,0.00018097908468917012,0.02462577261030674,1.2912013530731201,1.2912013530731201,False,0.0,2265088,8.640625,128.0,False
shared_e2e_rep_projected,42,42,2,-0.0007357653230428696,0.016591351479291916,0.3332785665988922,20.08748756934392,134,encoder_output_representation,-0.0007357653230428696,-8.13689075584989e-06,-5.6843418860808015e-12,0.016591351479291916,0.6665571331977844,0.6665568947792053,True,3.5762786865234375e-07,2350080,8.96484375,128.0,False
shared_e2e_rep_projected,42,42,2,0.0001968252909136936,0.02166924998164177,0.5899815559387207,27.22667173245748,135,encoder_output_representation,0.0001968252909136936,5.032609351474093e-06,5.032609351474093e-06,0.02166924998164177,1.1799631118774414,1.1799631118774414,False,0.0,2088960,7.96875,128.0,False
shared_e2e_rep_projected,42,42,2,0.0057538775727152824,0.013307599350810051,0.37175095081329346,27.935237679864812,136,encoder_output_representation,0.0057538775727152824,5.693016282748431e-05,5.693016282748431e-05,0.013307599350810051,0.7435019016265869,0.7435019016265869,False,0.0,2350080,8.96484375,128.0,False
shared_e2e_rep_projected,42,42,2,-0.007468527648597956,0.02073165960609913,0.40752944350242615,19.65734780743426,137,encoder_output_representation,-0.007468527648597956,-0.0001261996221728623,-6.184563972055912e-11,0.02073165960609913,0.8150588870048523,0.8150361180305481,True,2.7954578399658203e-05,3194880,12.1875,128.0,False
shared_e2e_rep_projected,42,42,2,0.007067087572067976,0.019998004660010338,0.5548731088638306,27.746423620622544,138,encoder_output_representation,0.007067087572067976,0.00015683782112319022,0.00015683782112319022,0.019998004660010338,1.1097462177276611,1.1097462177276611,False,0.0,2088960,7.96875,128.0,False
shared_e2e_rep_projected,42,42,2,-0.00044289312791079283,0.02331731840968132,0.5290865898132324,22.690713422412944,139,encoder_output_representation,-0.00044289312791079283,-1.0927839866781142e-05,-9.094947017729282e-12,0.02331731840968132,1.0581731796264648,1.0581730604171753,True,1.1920928955078125e-07,2879488,10.984375,128.0,False
shared_e2e_rep_projected,42,42,2,-0.004853534512221813,0.01614566147327423,0.2956295609474182,18.31015480144751,140,encoder_output_representation,-0.004853534512221813,-4.6333148929988965e-05,-6.366462912410498e-12,0.01614566147327423,0.5912591218948364,0.5912522077560425,True,1.1682510375976562e-05,2088960,7.96875,128.0,False
shared_e2e_rep_projected,42,42,2,-0.0009198845946229994,0.01872018538415432,0.5823873281478882,31.110126112364746,141,encoder_output_representation,-0.0009198845946229994,-2.0057897927472368e-05,-1.0913936421275139e-11,0.01872018538415432,1.1647746562957764,1.1647741794586182,True,4.172325134277344e-07,2350080,8.96484375,128.0,False
shared_e2e_rep_projected,42,42,2,-0.0036006781738251448,0.007795174140483141,0.1461181342601776,18.744691475374953,142,encoder_output_representation,-0.0036006781738251448,-8.202462595363613e-06,-3.183231456205249e-12,0.007795174140483141,0.2922362685203552,0.2922343611717224,True,6.556510925292969e-06,2088960,7.96875,128.0,False
shared_e2e_rep_projected,42,42,2,-0.0008737079915590584,0.0223812498152256,0.5655742287635803,25.270002052290636,143,encoder_output_representation,-0.0008737079915590584,-2.211924220318906e-05,-2.1827872842550278e-11,0.0223812498152256,1.1311484575271606,1.1311479806900024,True,4.172325134277344e-07,2420736,9.234375,128.0,False
shared_e2e_rep_projected,42,42,2,-0.02127974107861519,0.020574752241373062,0.516927182674408,25.124345440959278,144,encoder_output_representation,-0.02127974107861519,-0.000452647713245824,0.0,0.020574752241373062,1.033854365348816,1.0336202383041382,True,0.00022643804550170898,3202560,12.216796875,128.0,False
shared_e2e_rep_projected,42,42,2,0.00046153459697961807,0.022434692829847336,0.6355342268943787,28.32818936789086,145,encoder_output_representation,0.00046153459697961807,1.3161134120309725e-05,1.3161134120309725e-05,0.022434692829847336,1.2710684537887573,1.2710684537887573,False,0.0,3481600,13.28125,128.0,False
shared_e2e_rep_projected,42,42,2,-5.069108010502532e-05,0.021782001480460167,0.7117770910263062,32.67730431773293,146,encoder_output_representation,-5.069108010502532e-05,-1.5718219401605893e-06,-4.888534022029489e-12,0.021782001480460167,1.4235541820526123,1.4235541820526123,True,0.0,2350080,8.96484375,128.0,False
shared_e2e_rep_projected,42,42,2,-0.00011187021300429478,0.018614929169416428,0.7011420130729675,37.66557512477218,147,encoder_output_representation,-0.00011187021300429478,-2.920194901889772e-06,-1.7053025658242404e-13,0.018614929169416428,1.402284026145935,1.4022839069366455,True,5.960464477539063e-08,2088960,7.96875,128.0,False
shared_e2e_rep_projected,42,42,2,-0.0013211838668212295,0.013142833486199379,0.3526732623577118,26.83388347939096,148,encoder_output_representation,-0.0013211838668212295,-1.2247706763446331e-05,-1.864464138634503e-11,0.013142833486199379,0.7053465247154236,0.7053459286689758,True,8.344650268554688e-07,2088960,7.96875,128.0,False
shared_e2e_rep_projected,42,42,2,0.013450284488499165,0.014906707219779491,0.2163757085800171,14.515325577261713,149,encoder_output_representation,0.013450284488499165,8.676642028149217e-05,8.676642028149217e-05,0.014906707219779491,0.4327514171600342,0.4327514171600342,False,0.0,2088960,7.96875,128.0,False
shared_e2e_rep_projected,42,42,2,-0.0008378904894925654,0.013062202371656895,0.281154066324234,21.524246702401275,150,encoder_output_representation,-0.0008378904894925654,-6.154290986160049e-06,-1.1823431123048067e-11,0.013062202371656895,0.562308132648468,0.5623079538345337,True,2.980232238769531e-07,2350080,8.96484375,128.0,False
shared_e2e_rep_projected,42,42,2,-0.0023832388687878847,0.021216468885540962,0.3846163749694824,18.128199232606455,151,encoder_output_representation,-0.0023832388687878847,-3.8895417674211785e-05,-2.9103830456733704e-11,0.021216468885540962,0.7692327499389648,0.7692306041717529,True,2.8014183044433594e-06,2611200,9.9609375,128.0,False
shared_e2e_rep_projected,42,42,2,0.0023646794725209475,0.024235868826508522,0.5317555665969849,21.940850167309264,152,encoder_output_representation,0.0023646794725209475,6.0949889302719384e-05,6.0949889302719384e-05,0.024235868826508522,1.0635111331939697,1.0635111331939697,False,0.0,2846720,10.859375,128.0,False
shared_e2e_rep_projected,42,42,2,0.018494954332709312,0.021041205152869225,0.7100892066955566,33.74755397975516,153,encoder_output_representation,0.018494954332709312,0.0005526711465790868,0.0005526711465790868,0.021041205152869225,1.4201784133911133,1.4201784133911133,False,0.0,2264064,8.63671875,128.0,False
shared_e2e_rep_projected,42,42,2,0.008848978206515312,0.02584168314933777,0.579434335231781,22.42246884164857,154,encoder_output_representation,0.008848978206515312,0.000265001377556473,0.000265001377556473,0.02584168314933777,1.158868670463562,1.158868670463562,False,0.0,2350080,8.96484375,128.0,False
shared_e2e_rep_projected,42,42,2,-0.007827105931937695,0.015137066133320332,0.2285700887441635,15.100025773226005,155,encoder_output_representation,-0.007827105931937695,-5.41617046110332e-05,-1.1823431123048067e-11,0.015137066133320332,0.457140177488327,0.4571261703968048,True,3.063678741455078e-05,2088960,7.96875,128.0,False
shared_e2e_rep_projected,42,42,2,-0.018898149952292442,0.016980724409222603,0.7322883009910583,43.12467968641765,156,encoder_output_representation,-0.018898149952292442,-0.00046998891048133373,-5.820766091346741e-11,0.016980724409222603,1.4645766019821167,1.4643150568008423,True,0.0001785755157470703,2350080,8.96484375,128.0,False
shared_e2e_rep_projected,42,42,2,-0.0021189055405557156,0.02044721506536007,0.7194181084632874,35.184161078349696,157,encoder_output_representation,-0.0021189055405557156,-6.233860767679289e-05,-7.821654435247183e-11,0.02044721506536007,1.4388362169265747,1.4388329982757568,True,2.2649765014648438e-06,2350080,8.96484375,128.0,False
shared_e2e_rep_projected,42,42,2,0.0016395628917962313,0.020010175183415413,0.7128534913063049,35.62455024867165,158,encoder_output_representation,0.0016395628917962313,4.677450851886533e-05,4.677450851886533e-05,0.020010175183415413,1.4257069826126099,1.4257069826126099,False,0.0,2350080,8.96484375,128.0,False
shared_e2e_rep_projected,42,42,2,0.0015357164666056633,0.020543396472930908,0.7937948703765869,38.639904137688916,159,encoder_output_representation,0.0015357164666056633,5.0086600822396576e-05,5.0086600822396576e-05,0.020543396472930908,1.5875897407531738,1.5875897407531738,False,0.0,2847744,10.86328125,128.0,False
shared_e2e_rep_projected,42,42,2,-0.0035807618405669928,0.0355726033449173,0.6710051894187927,18.862976738379977,160,encoder_output_representation,-0.0035807618405669928,-0.00017094127542804927,-1.4551915228366852e-10,0.0355726033449173,1.3420103788375854,1.3420016765594482,True,6.496906280517578e-06,2350080,8.96484375,128.0,False
shared_e2e_rep_projected,42,42,2,0.0012955755228176713,0.030241116881370544,0.8346318602561951,27.599240581301213,161,encoder_output_representation,0.0012955755228176713,6.54011673759669e-05,6.54011673759669e-05,0.030241116881370544,1.6692637205123901,1.6692637205123901,False,0.0,2088960,7.96875,128.0,False
shared_e2e_rep_projected,42,42,2,0.0026779675390571356,0.01442691683769226,0.18976125121116638,13.153278233044887,162,encoder_output_representation,0.0026779675390571356,1.4662780813523568e-05,1.4662780813523568e-05,0.01442691683769226,0.37952250242233276,0.37952250242233276,False,0.0,3041280,11.6015625,128.0,False
shared_e2e_rep_projected,42,42,2,0.00018838570395018905,0.017413407564163208,0.35694795846939087,20.49845540880751,163,encoder_output_representation,0.00018838570395018905,2.3418906494043767e-06,2.3418906494043767e-06,0.017413407564163208,0.7138959169387817,0.7138959169387817,False,0.0,2088960,7.96875,128.0,False
shared_e2e_rep_projected,42,42,2,0.0015615615993738174,0.028587184846401215,0.5075100064277649,17.75305995167462,164,encoder_output_representation,0.0015615615993738174,4.531115337158553e-05,4.531115337158553e-05,0.028587184846401215,1.0150200128555298,1.0150200128555298,False,0.0,3133440,11.953125,128.0,False
shared_e2e_rep_projected,42,42,2,0.003460862208157778,0.020226193591952324,0.5295728445053101,26.182526242407693,165,encoder_output_representation,0.003460862208157778,7.414026913465932e-05,7.414026913465932e-05,0.020226193591952324,1.0591456890106201,1.0591456890106201,False,0.0,2785280,10.625,128.0,False
shared_e2e_rep_projected,42,42,2,-0.002178281545639038,0.01790427416563034,0.24031513929367065,13.42222181533546,166,encoder_output_representation,-0.002178281545639038,-1.874484405561816e-05,-1.546140993013978e-11,0.01790427416563034,0.4806302785873413,0.4806291460990906,True,2.384185791015625e-06,2872832,10.958984375,128.0,False
shared_e2e_rep_projected,42,42,2,0.00010162276157643646,0.024034768342971802,0.7490872144699097,31.166816496026524,167,encoder_output_representation,0.00010162276157643646,3.6592605283658486e-06,3.6592605283658486e-06,0.024034768342971802,1.4981744289398193,1.4981744289398193,False,0.0,2396160,9.140625,128.0,False
shared_e2e_rep_projected,42,42,2,0.011245050467550755,0.021803073585033417,0.4110046923160553,18.850768480558948,168,encoder_output_representation,0.011245050467550755,0.0002015375066548586,0.0002015375066548586,0.021803073585033417,0.8220093846321106,0.8220093846321106,False,0.0,3194880,12.1875,128.0,False
shared_e2e_rep_projected,42,42,2,-0.003031680826097727,0.01645057462155819,0.3981664776802063,24.203803626313217,169,encoder_output_representation,-0.003031680826097727,-3.971542901126668e-05,-4.3655745685100555e-11,0.01645057462155819,0.7963329553604126,0.7963293194770813,True,4.589557647705078e-06,2088960,7.96875,128.0,False
shared_e2e_rep_projected,42,42,2,-0.00193038082215935,0.02314840443432331,0.2640337347984314,11.406131059596282,170,encoder_output_representation,-0.00193038082215935,-2.359681820962578e-05,-2.546585164964199e-11,0.02314840443432331,0.5280674695968628,0.5280665159225464,True,1.7881393432617188e-06,2088960,7.96875,128.0,False
shared_e2e_rep_projected,42,42,2,0.0012777365045621991,0.021956486627459526,0.3715243339538574,16.9209373183238,171,encoder_output_representation,0.0012777365045621991,2.0845935068791732e-05,2.0845935068791732e-05,0.021956486627459526,0.7430486679077148,0.7430486679077148,False,0.0,2785280,10.625,128.0,False
shared_e2e_rep_projected,42,42,2,0.003177250735461712,0.021150188520550728,0.40328049659729004,19.06746581504178,172,encoder_output_representation,0.003177250735461712,5.420045636128634e-05,5.420045636128634e-05,0.021150188520550728,0.8065609931945801,0.8065609931945801,False,0.0,2785280,10.625,128.0,False
shared_e2e_rep_projected,42,42,2,0.003661509370431304,0.02507675439119339,0.885956346988678,35.32978523328416,173,encoder_output_representation,0.003661509370431304,0.00016269485058728606,0.00016269485058728606,0.02507675439119339,1.771912693977356,1.771912693977356,False,0.0,3004416,11.4609375,128.0,False
shared_e2e_rep_projected,42,42,2,-0.0023103675339370966,0.03274356201291084,0.4972393810749054,15.185867098968739,174,encoder_output_representation,-0.0023103675339370966,-7.523198291892186e-05,-3.410605131648481e-11,0.03274356201291084,0.9944787621498108,0.9944761395454407,True,2.6226043701171875e-06,2088960,7.96875,128.0,False
shared_e2e_rep_projected,42,42,2,-0.022554680705070496,0.017134003341197968,0.4850374758243561,28.308473283538152,175,encoder_output_representation,-0.022554680705070496,-0.00037488737143576145,-2.9103830456733704e-11,0.017134003341197968,0.9700749516487122,0.9698280692100525,True,0.00025451183319091797,2088960,7.96875,128.0,False
shared_e2e_rep_projected,42,42,2,0.007150446996092796,0.01229596883058548,0.30813494324684143,25.059834445934374,176,encoder_output_representation,0.007150446996092796,5.418348155217245e-05,5.418348155217245e-05,0.01229596883058548,0.6162698864936829,0.6162698864936829,False,0.0,2088960,7.96875,128.0,False
shared_e2e_rep_projected,42,42,2,0.004577955696731806,0.01479505468159914,0.2626686692237854,17.753815371190946,177,encoder_output_representation,0.004577955696731806,3.558167736628093e-05,3.558167736628093e-05,0.01479505468159914,0.5253373384475708,0.5253373384475708,False,0.0,2785280,10.625,128.0,False
shared_e2e_rep_projected,42,42,2,-0.003835769835859537,0.022816693410277367,0.5139670968055725,22.525923785874483,178,encoder_output_representation,-0.003835769835859537,-8.996437099995092e-05,7.275957614183426e-12,0.022816693410277367,1.027934193611145,1.0279265642166138,True,7.450580596923828e-06,2350080,8.96484375,128.0,False
shared_e2e_rep_projected,42,42,2,0.01346653327345848,0.019237088039517403,0.6241170167922974,32.44342467582503,179,encoder_output_representation,0.01346653327345848,0.0003233636380173266,0.0003233636380173266,0.019237088039517403,1.2482340335845947,1.2482340335845947,False,0.0,2785280,10.625,128.0,False
shared_e2e_rep_projected,42,42,2,4.559298758977093e-05,0.02034938335418701,0.5166321992874146,25.388100970691788,180,encoder_output_representation,4.559298758977093e-05,9.586515261617023e-07,9.586515261617023e-07,0.02034938335418701,1.033264398574829,1.033264398574829,False,0.0,2350080,8.96484375,128.0,False
shared_e2e_rep_projected,42,42,2,0.006060490384697914,0.019110700115561485,0.34983834624290466,18.305888540317675,181,encoder_output_representation,0.006060490384697914,8.103670552372932e-05,8.103670552372932e-05,0.019110700115561485,0.6996766924858093,0.6996766924858093,False,0.0,2350080,8.96484375,128.0,False
shared_e2e_rep_projected,42,42,2,-0.008359701372683048,0.022528504952788353,0.29396435618400574,13.048551459586392,182,encoder_output_representation,-0.008359701372683048,-0.0001107255375245586,-6.912159733474255e-11,0.022528504952788353,0.5879287123680115,0.587908148765564,True,3.49879264831543e-05,2088960,7.96875,128.0,False
shared_e2e_rep_projected,42,42,2,0.00030898023396730423,0.018035804852843285,0.30813243985176086,17.084485131983715,183,encoder_output_representation,0.00030898023396730423,3.4342638173257e-06,3.4342638173257e-06,0.018035804852843285,0.6162648797035217,0.6162648797035217,False,0.0,2088960,7.96875,128.0,False
shared_e2e_rep_projected,42,42,2,-0.0016304858727380633,0.012596855871379375,0.39360374212265015,31.246189219084073,184,encoder_output_representation,-0.0016304858727380633,-1.6168451111298054e-05,-4.547473508864641e-12,0.012596855871379375,0.7872074842453003,0.7872064709663391,True,1.3113021850585938e-06,2350080,8.96484375,128.0,False
shared_e2e_rep_projected,42,42,2,-0.0005121934809722006,0.020423423498868942,0.5995652079582214,29.35674364248607,185,encoder_output_representation,-0.0005121934809722006,-1.2543796401587315e-05,-5.002220859751105e-12,0.020423423498868942,1.1991304159164429,1.1991302967071533,True,1.1920928955078125e-07,2785280,10.625,128.0,False
shared_e2e_rep_projected,42,42,2,0.001069099293090403,0.01876363903284073,0.5038056373596191,26.85010282269032,186,encoder_output_representation,0.001069099293090403,2.0212875824654475e-05,2.0212875824654475e-05,0.01876363903284073,1.0076112747192383,1.0076112747192383,False,0.0,2088960,7.96875,128.0,False
shared_e2e_rep_projected,42,42,2,0.001884336001239717,0.023314515128731728,0.5156450271606445,22.11690975829849,187,encoder_output_representation,0.001884336001239717,4.530702790361829e-05,4.530702790361829e-05,0.023314515128731728,1.031290054321289,1.031290054321289,False,0.0,2088960,7.96875,128.0,False
shared_e2e_rep_projected,42,42,2,-0.002651314251124859,0.012729265727102757,0.3258017301559448,25.594699422627176,188,encoder_output_representation,-0.002651314251124859,-2.199114896939136e-05,1.7053025658242404e-12,0.012729265727102757,0.6516034603118896,0.6516011953353882,True,3.4570693969726562e-06,2350080,8.96484375,128.0,False
shared_e2e_rep_projected,42,42,2,-0.004935047123581171,0.01674952730536461,0.3464198708534241,20.682367002827075,189,encoder_output_representation,-0.004935047123581171,-5.726993185817264e-05,-9.094947017729282e-12,0.01674952730536461,0.6928397417068481,0.6928313374519348,True,1.2159347534179688e-05,2088960,7.96875,128.0,False
shared_e2e_rep_projected,42,42,2,-0.0017617234261706471,0.029004337266087532,0.6613330841064453,22.80117894228494,190,encoder_output_representation,-0.0017617234261706471,-6.758508970960975e-05,-2.5283952709287405e-10,0.029004337266087532,1.3226661682128906,1.3226641416549683,True,1.5497207641601562e-06,3525120,13.447265625,128.0,False
shared_e2e_rep_projected,42,42,2,-0.012721111997961998,0.019017469137907028,0.4428043067455292,23.284081784725963,191,encoder_output_representation,-0.012721111997961998,-0.00021424939041025937,-8.731149137020111e-11,0.019017469137907028,0.8856086134910583,0.8855369091033936,True,8.094310760498047e-05,2703360,10.3125,128.0,False
shared_e2e_rep_projected,42,42,2,-0.013991729356348515,0.02553614042699337,0.34014609456062317,13.320184212374807,192,encoder_output_representation,-0.013991729356348515,-0.0002430648310109973,-1.2187229003757238e-10,0.02553614042699337,0.6802921891212463,0.6802256107330322,True,9.78708267211914e-05,2350080,8.96484375,128.0,False
shared_e2e_rep_projected,42,42,2,-0.00018388328317087144,0.024642419070005417,0.5816008448600769,23.60161326726228,193,encoder_output_representation,-0.00018388328317087144,-5.270849214866757e-06,-1.4551915228366852e-11,0.024642419070005417,1.1632016897201538,1.1632016897201538,True,0.0,2549760,9.7265625,128.0,False
shared_e2e_rep_projected,42,42,2,-0.005268214736133814,0.027657682076096535,0.6622189283370972,23.94339939677835,194,encoder_output_representation,-0.005268214736133814,-0.0001929793506860733,-1.4551915228366852e-11,0.027657682076096535,1.3244378566741943,1.3244194984436035,True,1.3887882232666016e-05,3525120,13.447265625,128.0,False
shared_e2e_rep_projected,42,42,2,-0.0017143792938441038,0.024756884202361107,0.6506824493408203,26.282889398447143,195,encoder_output_representation,-0.0017143792938441038,-5.523342770175077e-05,-7.275957614183426e-12,0.024756884202361107,1.3013648986816406,1.3013628721237183,True,1.5497207641601562e-06,2457600,9.375,128.0,False
shared_e2e_rep_projected,42,42,2,0.0012559344759210944,0.01413195114582777,0.30585232377052307,21.642611173392076,196,encoder_output_representation,0.0012559344759210944,1.08570256998064e-05,1.08570256998064e-05,0.01413195114582777,0.6117046475410461,0.6117046475410461,False,0.0,2088960,7.96875,128.0,False
shared_e2e_rep_projected,42,42,2,-0.0006152024143375456,0.016933809965848923,0.35558125376701355,20.99830188741507,197,encoder_output_representation,-0.0006152024143375456,-7.408692908938974e-06,-1.0913936421275139e-11,0.016933809965848923,0.7111625075340271,0.7111623883247375,True,1.7881393432617188e-07,2088960,7.96875,128.0,False
shared_e2e_rep_projected,42,42,2,0.001181130763143301,0.01603059098124504,0.3386593759059906,21.125819771847745,198,encoder_output_representation,0.001181130763143301,1.2824504665331915e-05,1.2824504665331915e-05,0.01603059098124504,0.6773187518119812,0.6773187518119812,False,0.0,2785280,10.625,128.0,False
shared_e2e_rep_projected,42,42,2,0.004207187797874212,0.016418052837252617,0.21504062414169312,13.097815330071615,199,encoder_output_representation,0.004207187797874212,2.97073620458832e-05,2.97073620458832e-05,0.016418052837252617,0.43008124828338623,0.43008124828338623,False,0.0,2396160,9.140625,128.0,False
shared_e2e_rep_projected,42,42,3,0.01450702827423811,0.01479295827448368,0.2008177936077118,13.575228827225294,0,encoder_output_representation,0.01450702827423811,8.619174332125112e-05,8.619174332125112e-05,0.01479295827448368,0.4016355872154236,0.4016355872154236,False,0.0,2350080,8.96484375,128.0,False
shared_e2e_rep_projected,42,42,3,0.002600214211270213,0.02230001986026764,0.6095811128616333,27.335451568262293,1,encoder_output_representation,0.002600214211270213,7.06929131411016e-05,7.06929131411016e-05,0.02230001986026764,1.2191622257232666,1.2191622257232666,False,0.0,2670592,10.1875,128.0,False
shared_e2e_rep_projected,42,42,3,-0.0033390820026397705,0.018491897732019424,0.5229401588439941,28.279420880556966,2,encoder_output_representation,-0.0033390820026397705,-6.45788895781152e-05,3.637978807091713e-12,0.018491897732019424,1.0458803176879883,1.0458744764328003,True,5.602836608886719e-06,3723264,14.203125,128.0,False
shared_e2e_rep_projected,42,42,3,-0.005661313887685537,0.01633775420486927,0.3356667757034302,20.54546613287821,3,encoder_output_representation,-0.005661313887685537,-6.209375715116039e-05,-2.7284841053187847e-11,0.01633775420486927,0.6713335514068604,0.6713228225708008,True,1.5974044799804688e-05,2396160,9.140625,128.0,False
shared_e2e_rep_projected,42,42,3,-0.012045328505337238,0.02295892871916294,0.37012404203414917,16.121137295278974,4,encoder_output_representation,-0.012045328505337238,-0.00020471401512622833,1.4551915228366852e-11,0.02295892871916294,0.7402480840682983,0.7401943802833557,True,7.253885269165039e-05,2088960,7.96875,128.0,False
shared_e2e_rep_projected,42,42,3,0.0050833639688789845,0.012392153963446617,0.24106326699256897,19.452894767418,5,encoder_output_representation,0.0050833639688789845,3.037099668290466e-05,3.037099668290466e-05,0.012392153963446617,0.48212653398513794,0.48212653398513794,False,0.0,2350080,8.96484375,128.0,False
shared_e2e_rep_projected,42,42,3,0.011452722363173962,0.022948013618588448,0.32500723004341125,14.162760901455432,6,encoder_output_representation,0.011452722363173962,0.0001708350027911365,0.0001708350027911365,0.022948013618588448,0.6500144600868225,0.6500144600868225,False,0.0,2846720,10.859375,128.0,False
shared_e2e_rep_projected,42,42,3,0.0014951651683077216,0.021929338574409485,0.48110857605934143,21.93903725946266,7,encoder_output_representation,0.0014951651683077216,3.154915975756012e-05,3.154915975756012e-05,0.021929338574409485,0.9622171521186829,0.9622171521186829,False,0.0,3133440,11.953125,128.0,False
shared_e2e_rep_projected,42,42,3,0.003712313948199153,0.022177990525960922,0.5406708717346191,24.37871326086668,8,encoder_output_representation,0.003712313948199153,8.902866102289408e-05,8.902866102289408e-05,0.022177990525960922,1.0813417434692383,1.0813417434692383,False,0.0,3260416,12.4375,128.0,False
shared_e2e_rep_projected,42,42,3,-0.004795382265001535,0.02310132049024105,0.4224199950695038,18.285534597381627,9,encoder_output_representation,-0.004795382265001535,-9.359108662465587e-05,-3.2741809263825417e-11,0.02310132049024105,0.8448399901390076,0.8448302745819092,True,1.150369644165039e-05,2088960,7.96875,128.0,False
shared_e2e_rep_projected,42,42,3,0.00042783108074218035,0.021283341571688652,0.2957655191421509,13.896573437301857,10,encoder_output_representation,0.00042783108074218035,5.386289558373392e-06,5.386289558373392e-06,0.021283341571688652,0.5915310382843018,0.5915310382843018,False,0.0,3133440,11.953125,128.0,False
shared_e2e_rep_projected,42,42,3,-0.0007618762901984155,0.02333526685833931,0.2951599359512329,12.64866340475347,11,encoder_output_representation,-0.0007618762901984155,-1.0495052265468985e-05,-4.092726157978177e-12,0.02333526685833931,0.5903198719024658,0.5903196930885315,True,2.980232238769531e-07,3133440,11.953125,128.0,False
shared_e2e_rep_projected,42,42,3,4.430554326972924e-05,0.015640489757061005,0.4181131422519684,26.73273975088973,12,encoder_output_representation,4.430554326972924e-05,5.794717026219587e-07,5.794717026219587e-07,0.015640489757061005,0.8362262845039368,0.8362262845039368,False,0.0,3133440,11.953125,128.0,False
shared_e2e_rep_projected,42,42,3,8.431559763266705e-06,0.023621201515197754,0.5235071778297424,22.162597338366584,13,encoder_output_representation,8.431559763266705e-06,2.0852712623309344e-07,2.0852712623309344e-07,0.023621201515197754,1.0470143556594849,1.0470143556594849,False,0.0,2785280,10.625,128.0,False
shared_e2e_rep_projected,42,42,3,0.0037862590979784727,0.024739490821957588,0.4823260009288788,19.49619757334655,14,encoder_output_representation,0.0037862590979784727,9.035906987264752e-05,9.035906987264752e-05,0.024739490821957588,0.9646520018577576,0.9646520018577576,False,0.0,2350080,8.96484375,128.0,False
shared_e2e_rep_projected,42,42,3,-0.01995054818689823,0.02986849471926689,0.3877115845680237,12.980620155522182,15,encoder_output_representation,-0.01995054818689823,-0.000462069088825956,5.820766091346741e-11,0.02986849471926689,0.7754231691360474,0.7752687931060791,True,0.0001990795135498047,2350080,8.96484375,128.0,False
shared_e2e_rep_projected,42,42,3,0.0005247498047538102,0.0330972746014595,0.9408596158027649,28.42710244671552,16,encoder_output_representation,0.0005247498047538102,3.268130240030587e-05,3.268130240030587e-05,0.0330972746014595,1.8817192316055298,1.8817192316055298,False,0.0,3133440,11.953125,128.0,False
shared_e2e_rep_projected,42,42,3,-0.010534641332924366,0.02548822946846485,0.5573893189430237,21.868498933307627,17,encoder_output_representation,-0.010534641332924366,-0.0002993285015691072,-9.458744898438454e-11,0.02548822946846485,1.1147786378860474,1.1147167682647705,True,5.549192428588867e-05,3194880,12.1875,128.0,False
shared_e2e_rep_projected,42,42,3,-0.0005927010788582265,0.020651359111070633,0.6729679703712463,32.5871031902441,18,encoder_output_representation,-0.0005927010788582265,-1.6474366930196993e-05,-4.9112713895738125e-11,0.020651359111070633,1.3459359407424927,1.3459358215332031,True,5.960464477539063e-08,2879488,10.984375,128.0,False
shared_e2e_rep_projected,42,42,3,0.00746564194560051,0.01400795392692089,0.23133248090744019,16.51436620325105,19,encoder_output_representation,0.00746564194560051,4.838474706048146e-05,4.838474706048146e-05,0.01400795392692089,0.46266496181488037,0.46266496181488037,False,0.0,2088960,7.96875,128.0,False
shared_e2e_rep_projected,42,42,3,0.006552790757268667,0.015926629304885864,0.22913198173046112,14.386721593386339,20,encoder_output_representation,0.006552790757268667,4.7826200898271054e-05,4.7826200898271054e-05,0.015926629304885864,0.45826396346092224,0.45826396346092224,False,0.0,2088960,7.96875,128.0,False
shared_e2e_rep_projected,42,42,3,0.00017330139235127717,0.025204889476299286,0.2692432105541229,10.682181757126857,21,encoder_output_representation,0.00017330139235127717,2.35213155974634e-06,2.35213155974634e-06,0.025204889476299286,0.5384864211082458,0.5384864211082458,False,0.0,2088960,7.96875,128.0,False
shared_e2e_rep_projected,42,42,3,0.0034588146954774857,0.02773437462747097,0.8172935247421265,29.468611992159186,22,encoder_output_representation,0.0034588146954774857,0.0001568027655594051,0.0001568027655594051,0.02773437462747097,1.634587049484253,1.634587049484253,False,0.0,3133440,11.953125,128.0,False
shared_e2e_rep_projected,42,42,3,0.004861796740442514,0.02571062184870243,0.5789000391960144,22.515987462404784,23,encoder_output_representation,0.004861796740442514,0.00014472479233518243,0.00014472479233518243,0.02571062184870243,1.1578000783920288,1.1578000783920288,False,0.0,2703360,10.3125,128.0,False
shared_e2e_rep_projected,42,42,3,0.02091863751411438,0.020911063998937607,0.6347569823265076,30.35507817099869,24,encoder_output_representation,0.02091863751411438,0.0005553247174248099,0.0005553247174248099,0.020911063998937607,1.2695139646530151,1.2695139646530151,False,0.0,2325504,8.87109375,128.0,False
shared_e2e_rep_projected,42,42,3,0.01338381040841341,0.014039206318557262,0.19272468984127045,13.727605782566473,25,encoder_output_representation,0.01338381040841341,7.242519495775923e-05,7.242519495775923e-05,0.014039206318557262,0.3854493796825409,0.3854493796825409,False,0.0,2088960,7.96875,128.0,False
shared_e2e_rep_projected,42,42,3,-0.009513044729828835,0.021981768310070038,0.3243315517902374,14.754570570269287,26,encoder_output_representation,-0.009513044729828835,-0.000135644237161614,-2.000888343900442e-11,0.021981768310070038,0.6486631035804749,0.6486338376998901,True,4.51207160949707e-05,3481600,13.28125,128.0,False
shared_e2e_rep_projected,42,42,3,0.008236617781221867,0.02312307059764862,0.43278807401657104,18.71672156121779,27,encoder_output_representation,0.008236617781221867,0.00016485407832078636,0.00016485407832078636,0.02312307059764862,0.8655761480331421,0.8655761480331421,False,0.0,2088960,7.96875,128.0,False
shared_e2e_rep_projected,42,42,3,0.0048248860985040665,0.018125498667359352,0.309309184551239,17.064864819870984,28,encoder_output_representation,0.0048248860985040665,5.4100317356642336e-05,5.4100317356642336e-05,0.018125498667359352,0.618618369102478,0.618618369102478,False,0.0,2088960,7.96875,128.0,False
shared_e2e_rep_projected,42,42,3,-0.0072002713568508625,0.017450986430048943,0.368645578622818,21.124626971690567,29,encoder_output_representation,-0.0072002713568508625,-9.264198888558894e-05,-2.9103830456733704e-11,0.017450986430048943,0.737291157245636,0.7372720837593079,True,2.586841583251953e-05,2088960,7.96875,128.0,False
shared_e2e_rep_projected,42,42,3,0.03601662814617157,0.0272248275578022,0.3579481244087219,13.147856442754206,30,encoder_output_representation,0.03601662814617157,0.000701969547662884,0.000701969547662884,0.0272248275578022,0.7158962488174438,0.7158962488174438,False,0.0,2350080,8.96484375,128.0,False
shared_e2e_rep_projected,42,42,3,0.0027351360768079758,0.021270811557769775,0.2722501754760742,12.799237807013856,31,encoder_output_representation,0.0027351360768079758,3.167824979755096e-05,3.167824979755096e-05,0.021270811557769775,0.5445003509521484,0.5445003509521484,False,0.0,2785280,10.625,128.0,False
shared_e2e_rep_projected,42,42,3,0.010459043085575104,0.030911898240447044,0.42310893535614014,13.68757531695411,32,encoder_output_representation,0.010459043085575104,0.0002735897433012724,0.0002735897433012724,0.030911898240447044,0.8462178707122803,0.8462178707122803,False,0.0,2611200,9.9609375,128.0,False
shared_e2e_rep_projected,42,42,3,0.001587501959875226,0.02015295997262001,0.32762378454208374,16.256856808488497,33,encoder_output_representation,0.001587501959875226,2.096324533340521e-05,2.096324533340521e-05,0.02015295997262001,0.6552475690841675,0.6552475690841675,False,0.0,2847744,10.86328125,128.0,False
shared_e2e_rep_projected,42,42,3,-0.007264206651598215,0.021107850596308708,0.34700965881347656,16.43983868609345,34,encoder_output_representation,-0.007264206651598215,-0.00010641522385412827,-3.637978807091713e-11,0.021107850596308708,0.6940193176269531,0.6940010190010071,True,2.6345252990722656e-05,3525120,13.447265625,128.0,False
shared_e2e_rep_projected,42,42,3,-0.00514441542327404,0.03038225695490837,0.4895976483821869,16.11459112826345,35,encoder_output_representation,-0.00514441542327404,-0.00015304719272535294,-3.2741809263825417e-11,0.03038225695490837,0.9791952967643738,0.9791823625564575,True,1.3232231140136719e-05,2611200,9.9609375,128.0,False
shared_e2e_rep_projected,42,42,3,-0.00934291910380125,0.03707539290189743,0.5161278247833252,13.921034529533225,36,encoder_output_representation,-0.00934291910380125,-0.0003575655282475054,-1.0186340659856796e-10,0.03707539290189743,1.0322556495666504,1.0322105884552002,True,4.363059997558594e-05,2396160,9.140625,128.0,False
shared_e2e_rep_projected,42,42,3,-0.0009402314899489284,0.020293183624744415,0.5288757085800171,26.06174163501554,37,encoder_output_representation,-0.0009402314899489284,-2.0182204025331885e-05,-1.8189894035458565e-12,0.020293183624744415,1.0577514171600342,1.057750940322876,True,4.76837158203125e-07,2088960,7.96875,128.0,False
shared_e2e_rep_projected,42,42,3,0.008030541241168976,0.021634479984641075,0.5551491975784302,25.660390172194855,38,encoder_output_representation,0.008030541241168976,0.00019289944611955434,0.00019289944611955434,0.021634479984641075,1.1102983951568604,1.1102983951568604,False,0.0,2396160,9.140625,128.0,False
shared_e2e_rep_projected,42,42,3,0.00044184632133692503,0.0448339506983757,0.6357969045639038,14.181148318632072,39,encoder_output_representation,0.00044184632133692503,2.5189910957124084e-05,2.5189910957124084e-05,0.0448339506983757,1.2715938091278076,1.2715938091278076,False,0.0,3133440,11.953125,128.0,False
shared_e2e_rep_projected,42,42,3,-0.004469305742532015,0.021839499473571777,0.2108079046010971,9.652597801346047,40,encoder_output_representation,-0.004469305742532015,-4.115282354177907e-05,-1.0913936421275139e-11,0.021839499473571777,0.4216158092021942,0.42161160707473755,True,9.953975677490234e-06,2350080,8.96484375,128.0,False
shared_e2e_rep_projected,42,42,3,-0.001955204177647829,0.023569919168949127,0.45379096269607544,19.252970680268476,41,encoder_output_representation,-0.001955204177647829,-4.18250092479866e-05,-4.729372449219227e-11,0.023569919168949127,0.9075819253921509,0.9075801968574524,True,1.9073486328125e-06,2350080,8.96484375,128.0,False
shared_e2e_rep_projected,42,42,3,-0.004107743967324495,0.016983136534690857,0.3959868550300598,23.31647362200683,42,encoder_output_representation,-0.004107743967324495,-5.5249969591386616e-05,1.4551915228366852e-11,0.016983136534690857,0.7919737100601196,0.7919670343399048,True,8.404254913330078e-06,1873920,7.1484375,128.0,False
shared_e2e_rep_projected,42,42,3,0.0009542250772938132,0.021690689027309418,0.809034526348114,37.298701084576344,43,encoder_output_representation,0.0009542250772938132,3.349046892253682e-05,3.349046892253682e-05,0.021690689027309418,1.618069052696228,1.618069052696228,False,0.0,2785280,10.625,128.0,False
shared_e2e_rep_projected,42,42,3,0.002251929370686412,0.015660304576158524,0.4245692193508148,27.1111725372944,44,encoder_output_representation,0.002251929370686412,2.994562964886427e-05,2.994562964886427e-05,0.015660304576158524,0.8491384387016296,0.8491384387016296,False,0.0,2457600,9.375,128.0,False
shared_e2e_rep_projected,42,42,3,0.00037686171708628535,0.016931822523474693,0.4259178638458252,25.154874099071275,45,encoder_output_representation,0.00037686171708628535,5.435525963548571e-06,5.435525963548571e-06,0.016931822523474693,0.8518357276916504,0.8518357276916504,False,0.0,2785280,10.625,128.0,False
shared_e2e_rep_projected,42,42,3,0.01434396579861641,0.014722542837262154,0.23449376225471497,15.927531327076247,46,encoder_output_representation,0.01434396579861641,9.904062608256936e-05,9.904062608256936e-05,0.014722542837262154,0.46898752450942993,0.46898752450942993,False,0.0,2088960,7.96875,128.0,False
shared_e2e_rep_projected,42,42,3,-0.003386755008250475,0.013508164323866367,0.2464544028043747,18.24484784871446,47,encoder_output_representation,-0.003386755008250475,-2.2550007997779176e-05,-2.091837814077735e-11,0.013508164323866367,0.4929088056087494,0.49290594458580017,True,5.781650543212891e-06,2088960,7.96875,128.0,False
shared_e2e_rep_projected,42,42,3,-0.0030730462167412043,0.02110765501856804,0.5264453887939453,24.940969914982997,48,encoder_output_representation,-0.0030730462167412043,-6.829555059084669e-05,-2.9103830456733704e-11,0.02110765501856804,1.0528907775878906,1.0528857707977295,True,4.76837158203125e-06,2396160,9.140625,128.0,False
shared_e2e_rep_projected,42,42,3,-0.000922880950383842,0.017593037337064743,0.6838651895523071,38.87135441425742,49,encoder_output_representation,-0.000922880950383842,-2.2206852008821443e-05,-3.728928277269006e-11,0.017593037337064743,1.3677303791046143,1.3677297830581665,True,4.172325134277344e-07,2350080,8.96484375,128.0,False
shared_e2e_rep_projected,42,42,3,0.010992513969540596,0.014886481687426567,0.2938273251056671,19.73786226156042,50,encoder_output_representation,0.010992513969540596,9.616372699383646e-05,9.616372699383646e-05,0.014886481687426567,0.5876546502113342,0.5876546502113342,False,0.0,2088960,7.96875,128.0,False
shared_e2e_rep_projected,42,42,3,-0.0028447851072996855,0.024880625307559967,0.47599831223487854,19.13128413578282,51,encoder_output_representation,-0.0028447851072996855,-6.738235242664814e-05,-5.820766091346741e-11,0.024880625307559967,0.9519966244697571,0.9519927501678467,True,4.0531158447265625e-06,2088960,7.96875,128.0,False
shared_e2e_rep_projected,42,42,3,0.0019407023210078478,0.02147405408322811,0.8359043002128601,38.9262454575695,52,encoder_output_representation,0.0019407023210078478,6.967219815123826e-05,6.967219815123826e-05,0.02147405408322811,1.6718086004257202,1.6718086004257202,False,0.0,3133440,11.953125,128.0,False
shared_e2e_rep_projected,42,42,3,0.0016269405605271459,0.026622673496603966,0.46114861965179443,17.321649522187144,53,encoder_output_representation,0.0016269405605271459,3.99479285988491e-05,3.99479285988491e-05,0.026622673496603966,0.9222972393035889,0.9222972393035889,False,0.0,2611200,9.9609375,128.0,False
shared_e2e_rep_projected,42,42,3,0.001402013935148716,0.013469411991536617,0.3654111325740814,27.128959512388825,54,encoder_output_representation,0.001402013935148716,1.3801069144392386e-05,1.3801069144392386e-05,0.013469411991536617,0.7308222651481628,0.7308222651481628,False,0.0,2396160,9.140625,128.0,False
shared_e2e_rep_projected,42,42,3,0.0018166456138715148,0.01709856651723385,0.49888575077056885,29.177051202961135,55,encoder_output_representation,0.0018166456138715148,3.0992814572528005e-05,3.0992814572528005e-05,0.01709856651723385,0.9977715015411377,0.9977715015411377,False,0.0,2135040,8.14453125,128.0,False
shared_e2e_rep_projected,42,42,3,0.008959555067121983,0.022040406242012978,0.43215876817703247,19.60756818326062,56,encoder_output_representation,0.008959555067121983,0.00017067870066966861,0.00017067870066966861,0.022040406242012978,0.8643175363540649,0.8643175363540649,False,0.0,3194880,12.1875,128.0,False
shared_e2e_rep_projected,42,42,3,-0.0004495294706430286,0.023719744756817818,0.6688794493675232,28.19926842489592,57,encoder_output_representation,-0.0004495294706430286,-1.4264154742704704e-05,-2.1827872842550278e-11,0.023719744756817818,1.3377588987350464,1.3377586603164673,True,1.7881393432617188e-07,3018752,11.515625,128.0,False
shared_e2e_rep_projected,42,42,3,0.0022786869667470455,0.0161764994263649,0.4915984869003296,30.389670468451847,58,encoder_output_representation,0.0022786869667470455,3.624179953476414e-05,3.624179953476414e-05,0.0161764994263649,0.9831969738006592,0.9831969738006592,False,0.0,2350080,8.96484375,128.0,False
shared_e2e_rep_projected,42,42,3,0.015853997319936752,0.02878284826874733,0.3692876398563385,12.830128429552063,59,encoder_output_representation,0.015853997319936752,0.0003370290214661509,0.0003370290214661509,0.02878284826874733,0.738575279712677,0.738575279712677,False,0.0,2396160,9.140625,128.0,False
shared_e2e_rep_projected,42,42,3,-0.005268584005534649,0.016825612634420395,0.4922129809856415,29.2537925174097,60,encoder_output_representation,-0.005268584005534649,-8.726656233193353e-05,-5.4569682106375694e-11,0.016825612634420395,0.984425961971283,0.9844122529029846,True,1.3947486877441406e-05,2396160,9.140625,128.0,False
shared_e2e_rep_projected,42,42,3,0.006333539262413979,0.014789014123380184,0.21587149798870087,14.59674703044784,61,encoder_output_representation,0.006333539262413979,4.043998342240229e-05,4.043998342240229e-05,0.014789014123380184,0.43174299597740173,0.43174299597740173,False,0.0,3525120,13.447265625,128.0,False
shared_e2e_rep_projected,42,42,3,0.003535842290148139,0.02050860971212387,0.4633600413799286,22.593439920308622,62,encoder_output_representation,0.003535842290148139,6.72012974973768e-05,6.72012974973768e-05,0.02050860971212387,0.9267200827598572,0.9267200827598572,False,0.0,2350080,8.96484375,128.0,False
shared_e2e_rep_projected,42,42,3,-0.00020166188187431544,0.02648087590932846,0.6945664882659912,26.228984669699507,63,encoder_output_representation,-0.00020166188187431544,-7.4182244134135544e-06,-2.1827872842550278e-11,0.02648087590932846,1.3891329765319824,1.3891328573226929,True,5.960464477539063e-08,3194880,12.1875,128.0,False
shared_e2e_rep_projected,42,42,3,-0.0058716596104204655,0.028944892808794975,0.5870118737220764,20.28032639815862,64,encoder_output_representation,-0.0058716596104204655,-0.00019953068112954497,-5.820766091346741e-11,0.028944892808794975,1.1740237474441528,1.1740034818649292,True,1.728534698486328e-05,2088960,7.96875,128.0,False
shared_e2e_rep_projected,42,42,3,0.0024957547429949045,0.022077614441514015,0.5659664869308472,25.635309848813307,65,encoder_output_representation,0.0024957547429949045,6.236985791474581e-05,6.236985791474581e-05,0.022077614441514015,1.1319329738616943,1.1319329738616943,False,0.0,2350080,8.96484375,128.0,False
shared_e2e_rep_projected,42,42,3,0.0030057234689593315,0.02511533722281456,0.30711090564727783,12.228022380217173,66,encoder_output_representation,0.0030057234689593315,4.636745507013984e-05,4.636745507013984e-05,0.02511533722281456,0.6142218112945557,0.6142218112945557,False,0.0,2785280,10.625,128.0,False
shared_e2e_rep_projected,42,42,3,0.004585722461342812,0.022478925064206123,0.3369736969470978,14.990649952549166,67,encoder_output_representation,0.004585722461342812,6.947192014195025e-05,6.947192014195025e-05,0.022478925064206123,0.6739473938941956,0.6739473938941956,False,0.0,2288640,8.73046875,128.0,False
shared_e2e_rep_projected,42,42,3,0.003295927308499813,0.020917819812893867,0.3365399241447449,16.088671150006736,68,encoder_output_representation,0.003295927308499813,4.640455881599337e-05,4.640455881599337e-05,0.020917819812893867,0.6730798482894897,0.6730798482894897,False,0.0,2350080,8.96484375,128.0,False
shared_e2e_rep_projected,42,42,3,0.005241550505161285,0.020549265667796135,0.2977420687675476,14.489182902246249,69,encoder_output_representation,0.005241550505161285,6.413960363715887e-05,6.413960363715887e-05,0.020549265667796135,0.5954841375350952,0.5954841375350952,False,0.0,2088960,7.96875,128.0,False
shared_e2e_rep_projected,42,42,3,0.016967589035630226,0.021538838744163513,0.4899260997772217,22.746170561770857,70,encoder_output_representation,0.016967589035630226,0.00035809888504445553,0.00035809888504445553,0.021538838744163513,0.9798521995544434,0.9798521995544434,False,0.0,2088960,7.96875,128.0,False
shared_e2e_rep_projected,42,42,3,-0.000252390222158283,0.02683095820248127,0.9775437116622925,36.433425309868035,71,encoder_output_representation,-0.000252390222158283,-1.3239601685199887e-05,-6.821210263296962e-12,0.02683095820248127,1.955087423324585,1.9550873041152954,True,5.960464477539063e-08,3525120,13.447265625,128.0,False
shared_e2e_rep_projected,42,42,3,-8.896873282537854e-07,0.021677924320101738,0.48941880464553833,22.57682965484407,72,encoder_output_representation,-8.896873282537854e-07,-1.8878424157264817e-08,-2.5233148903680558e-12,0.021677924320101738,0.9788376092910767,0.9788376092910767,True,0.0,2350080,8.96484375,128.0,False
shared_e2e_rep_projected,42,42,3,-0.006399733480066061,0.014081766828894615,0.2880062162876129,20.452420480123852,73,encoder_output_representation,-0.006399733480066061,-5.19099849043414e-05,-1.000444171950221e-11,0.014081766828894615,0.5760124325752258,0.5760005712509155,True,2.0563602447509766e-05,2088960,7.96875,128.0,False
shared_e2e_rep_projected,42,42,3,-0.001352045452222228,0.02523430436849594,0.8959524631500244,35.50533630990782,74,encoder_output_representation,-0.001352045452222228,-6.113608105806634e-05,-1.4551915228366852e-11,0.02523430436849594,1.7919049263000488,1.7919031381607056,True,1.0132789611816406e-06,3133440,11.953125,128.0,False
shared_e2e_rep_projected,42,42,3,0.025951875373721123,0.03714356571435928,0.7483720183372498,20.14809305311088,75,encoder_output_representation,0.025951875373721123,0.0014427792048081756,0.0014427792048081756,0.03714356571435928,1.4967440366744995,1.4967440366744995,False,0.0,2350080,8.96484375,128.0,False
shared_e2e_rep_projected,42,42,3,0.0029632861260324717,0.021398084238171577,0.4003332555294037,18.708836317938122,76,encoder_output_representation,0.0029632861260324717,5.0769180234055966e-05,5.0769180234055966e-05,0.021398084238171577,0.8006665110588074,0.8006665110588074,False,0.0,2350080,8.96484375,128.0,False
shared_e2e_rep_projected,42,42,3,0.0009744970593601465,0.023036006838083267,0.45569050312042236,19.781662087678843,77,encoder_output_representation,0.0009744970593601465,2.0459156075958163e-05,2.0459156075958163e-05,0.023036006838083267,0.9113810062408447,0.9113810062408447,False,0.0,2580480,9.84375,128.0,False
shared_e2e_rep_projected,42,42,3,0.02708134986460209,0.023428957909345627,0.2982499599456787,12.729971221925716,78,encoder_output_representation,0.02708134986460209,0.0003784719156101346,0.0003784719156101346,0.023428957909345627,0.5964999198913574,0.5964999198913574,False,0.0,2350080,8.96484375,128.0,False
shared_e2e_rep_projected,42,42,3,0.0037240784149616957,0.014763128943741322,0.28630346059799194,19.393142313463798,79,encoder_output_representation,0.0037240784149616957,3.1481384212384e-05,3.1481384212384e-05,0.014763128943741322,0.5726069211959839,0.5726069211959839,False,0.0,2088960,7.96875,128.0,False
shared_e2e_rep_projected,42,42,3,0.001538004376925528,0.023956667631864548,0.47255149483680725,19.725259877474393,80,encoder_output_representation,0.001538004376925528,3.482275496935472e-05,3.482275496935472e-05,0.023956667631864548,0.9451029896736145,0.9451029896736145,False,0.0,2350080,8.96484375,128.0,False
shared_e2e_rep_projected,42,42,3,0.015550182200968266,0.030559567734599113,0.5131446719169617,16.791620757645287,81,encoder_output_representation,0.015550182200968266,0.000487699726363644,0.000487699726363644,0.030559567734599113,1.0262893438339233,1.0262893438339233,False,0.0,2350080,8.96484375,128.0,False
shared_e2e_rep_projected,42,42,3,0.007641283795237541,0.0154059873893857,0.4142965078353882,26.89191529007917,82,encoder_output_representation,0.007641283795237541,9.754323400557041e-05,9.754323400557041e-05,0.0154059873893857,0.8285930156707764,0.8285930156707764,False,0.0,2396160,9.140625,128.0,False
shared_e2e_rep_projected,42,42,3,-0.0025745227467268705,0.016953352838754654,0.36295583844184875,21.409088921463777,83,encoder_output_representation,-0.0025745227467268705,-3.168371767969802e-05,-2.000888343900442e-11,0.016953352838754654,0.7259116768836975,0.7259092926979065,True,3.2782554626464844e-06,2350080,8.96484375,128.0,False
shared_e2e_rep_projected,42,42,3,-0.011970406398177147,0.019076120108366013,0.3020733892917633,15.835158699765481,84,encoder_output_representation,-0.011970406398177147,-0.00013795626000501215,-4.001776687800884e-11,0.019076120108366013,0.6041467785835266,0.6041035056114197,True,7.164478302001953e-05,2580480,9.84375,128.0,False
shared_e2e_rep_projected,42,42,3,-0.0019660748075693846,0.02117510326206684,0.5087525248527527,24.025976098266963,85,encoder_output_representation,-0.0019660748075693846,-4.236060703988187e-05,-6.366462912410498e-11,0.02117510326206684,1.0175050497055054,1.017503023147583,True,1.9669532775878906e-06,2350080,8.96484375,128.0,False
shared_e2e_rep_projected,42,42,3,-0.004548614379018545,0.02254665456712246,0.6573310494422913,29.154260889808977,86,encoder_output_representation,-0.004548614379018545,-0.0001348265359411016,1.4551915228366852e-11,0.02254665456712246,1.3146620988845825,1.3146485090255737,True,1.0311603546142578e-05,2350080,8.96484375,128.0,False
shared_e2e_rep_projected,42,42,3,0.00422075018286705,0.009578604251146317,0.14599019289016724,15.241280364276028,87,encoder_output_representation,0.00422075018286705,1.1804443602159154e-05,1.1804443602159154e-05,0.009578604251146317,0.2919803857803345,0.2919803857803345,False,0.0,2088960,7.96875,128.0,False
shared_e2e_rep_projected,42,42,3,-0.0037691162433475256,0.012277149595320225,0.24735446274280548,20.14754816029052,88,encoder_output_representation,-0.0037691162433475256,-2.289216354256496e-05,-2.2737367544323206e-12,0.012277149595320225,0.49470892548561096,0.4947054088115692,True,7.092952728271484e-06,2088960,7.96875,128.0,False
shared_e2e_rep_projected,42,42,3,0.00280718388967216,0.011754282750189304,0.24641019105911255,20.96343913924855,89,encoder_output_representation,0.00280718388967216,1.6261314158327878e-05,1.6261314158327878e-05,0.011754282750189304,0.4928203821182251,0.4928203821182251,False,0.0,2350080,8.96484375,128.0,False
shared_e2e_rep_projected,42,42,3,0.002946790074929595,0.01621376909315586,0.35096728801727295,21.64624930827607,90,encoder_output_representation,0.002946790074929595,3.353743159095757e-05,3.353743159095757e-05,0.01621376909315586,0.7019345760345459,0.7019345760345459,False,0.0,2088960,7.96875,128.0,False
shared_e2e_rep_projected,42,42,3,-6.125467189121991e-05,0.018503941595554352,0.3400552272796631,18.377448151985238,91,encoder_output_representation,-6.125467189121991e-05,-7.708731573075056e-07,-7.275957614183426e-12,0.018503941595554352,0.6801104545593262,0.6801104545593262,True,0.0,2088960,7.96875,128.0,False
shared_e2e_rep_projected,42,42,3,9.135465370491147e-05,0.026714760810136795,0.5340165495872498,19.989568814878538,92,encoder_output_representation,9.135465370491147e-05,2.606553607620299e-06,2.606553607620299e-06,0.026714760810136795,1.0680330991744995,1.0680330991744995,False,0.0,2350080,8.96484375,128.0,False
shared_e2e_rep_projected,42,42,3,0.0019313019001856446,0.038252100348472595,0.5846764445304871,15.284819374730967,93,encoder_output_representation,0.0019313019001856446,8.638753206469119e-05,8.638753206469119e-05,0.038252100348472595,1.1693528890609741,1.1693528890609741,False,0.0,2088960,7.96875,128.0,False
shared_e2e_rep_projected,42,42,3,0.01452571526169777,0.02151842601597309,0.7513211965560913,34.91524872676035,94,encoder_output_representation,0.01452571526169777,0.0004696817195508629,0.0004696817195508629,0.02151842601597309,1.5026423931121826,1.5026423931121826,False,0.0,2350080,8.96484375,128.0,False
shared_e2e_rep_projected,42,42,3,0.003049697959795594,0.021602541208267212,0.4009765088558197,18.56154352351692,95,encoder_output_representation,0.003049697959795594,5.283364589558914e-05,5.283364589558914e-05,0.021602541208267212,0.8019530177116394,0.8019530177116394,False,0.0,2785280,10.625,128.0,False
shared_e2e_rep_projected,42,42,3,0.00066757871536538,0.02161584608256817,0.49400970339775085,22.854053526784632,96,encoder_output_representation,0.00066757871536538,1.4257395378081128e-05,1.4257395378081128e-05,0.02161584608256817,0.9880194067955017,0.9880194067955017,False,0.0,3133440,11.953125,128.0,False
shared_e2e_rep_projected,42,42,3,-0.0009821775602176785,0.023433728143572807,0.6060541868209839,25.86247408469689,97,encoder_output_representation,-0.0009821775602176785,-2.7897986001335084e-05,-1.3642420526593924e-12,0.023433728143572807,1.2121083736419678,1.21210777759552,True,4.76837158203125e-07,3194880,12.1875,128.0,False
shared_e2e_rep_projected,42,42,3,-0.005685104988515377,0.018761485815048218,0.5078790187835693,27.07029836497329,98,encoder_output_representation,-0.005685104988515377,-0.00010834178829099983,-7.639755494892597e-11,0.018761485815048218,1.0157580375671387,1.0157417058944702,True,1.609325408935547e-05,2691584,10.267578125,128.0,False
shared_e2e_rep_projected,42,42,3,-0.004100138787180185,0.016963936388492584,0.2936817705631256,17.312124016354094,99,encoder_output_representation,-0.004100138787180185,-4.085377440787852e-05,-3.54702933691442e-11,0.016963936388492584,0.5873635411262512,0.5873585939407349,True,8.404254913330078e-06,2325504,8.87109375,128.0,False
shared_e2e_rep_projected,42,42,3,3.441971421125345e-05,0.025612622499465942,0.5797723531723022,22.636196398256025,100,encoder_output_representation,3.441971421125345e-05,1.0222304354101652e-06,1.0222304354101652e-06,0.025612622499465942,1.1595447063446045,1.1595447063446045,False,0.0,3133440,11.953125,128.0,False
shared_e2e_rep_projected,42,42,3,0.002857804298400879,0.017212146893143654,0.5862039923667908,34.05757550211829,101,encoder_output_representation,0.002857804298400879,5.766951653640717e-05,5.766951653640717e-05,0.017212146893143654,1.1724079847335815,1.1724079847335815,False,0.0,2088960,7.96875,128.0,False
shared_e2e_rep_projected,42,42,3,-0.0005819133948534727,0.022898776456713676,0.551293134689331,24.07522234786033,102,encoder_output_representation,-0.0005819133948534727,-1.4692076547362376e-05,-7.275957614183426e-12,0.022898776456713676,1.102586269378662,1.1025861501693726,True,1.1920928955078125e-07,2420736,9.234375,128.0,False
shared_e2e_rep_projected,42,42,3,0.004209531005471945,0.02038547955453396,0.3297669589519501,16.176561266060883,103,encoder_output_representation,0.004209531005471945,5.659678572556004e-05,5.659678572556004e-05,0.02038547955453396,0.6595339179039001,0.6595339179039001,False,0.0,2264064,8.63671875,128.0,False
shared_e2e_rep_projected,42,42,3,0.004042375832796097,0.030467551201581955,0.7034774422645569,23.089398869313477,104,encoder_output_representation,0.004042375832796097,0.0001732823729980737,0.0001732823729980737,0.030467551201581955,1.4069548845291138,1.4069548845291138,False,0.0,2437120,9.296875,128.0,False
shared_e2e_rep_projected,42,42,3,-0.0010047178948298097,0.02001180127263069,0.39884600043296814,19.930539734993932,105,encoder_output_representation,-0.0010047178948298097,-1.6038567991927266e-05,-2.2737367544323206e-11,0.02001180127263069,0.7976920008659363,0.7976915836334229,True,5.364418029785156e-07,2088960,7.96875,128.0,False
shared_e2e_rep_projected,42,42,3,0.001535198069177568,0.022870643064379692,0.5018495917320251,21.94295937894462,106,encoder_output_representation,0.001535198069177568,3.5240849683759734e-05,3.5240849683759734e-05,0.022870643064379692,1.0036991834640503,1.0036991834640503,False,0.0,2396160,9.140625,128.0,False
shared_e2e_rep_projected,42,42,3,0.004423606209456921,0.017935190349817276,0.4116296172142029,22.950947783969106,107,encoder_output_representation,0.004423606209456921,6.531592225655913e-05,6.531592225655913e-05,0.017935190349817276,0.8232592344284058,0.8232592344284058,False,0.0,2866688,10.935546875,128.0,False
shared_e2e_rep_projected,42,42,3,-0.005513138137757778,0.019834408536553383,0.3671645522117615,18.511494887034505,108,encoder_output_representation,-0.005513138137757778,-8.029876335058361e-05,-9.822542779147625e-11,0.019834408536553383,0.734329104423523,0.73431795835495,True,1.519918441772461e-05,2088960,7.96875,128.0,False
shared_e2e_rep_projected,42,42,3,-9.811697964323685e-05,0.022606391459703445,0.539650559425354,23.871592261299064,109,encoder_output_representation,-9.811697964323685e-05,-2.3939662696648156e-06,-2.1827872842550278e-11,0.022606391459703445,1.079301118850708,1.079301118850708,True,0.0,2457600,9.375,128.0,False
shared_e2e_rep_projected,42,42,3,0.003837337251752615,0.020265759900212288,0.34298112988471985,16.924168231220733,110,encoder_output_representation,0.003837337251752615,5.3344923799159005e-05,5.3344923799159005e-05,0.020265759900212288,0.6859622597694397,0.6859622597694397,False,0.0,3133440,11.953125,128.0,False
shared_e2e_rep_projected,42,42,3,-0.0024763760156929493,0.019456487149000168,0.4262228310108185,21.906463779753853,111,encoder_output_representation,-0.0024763760156929493,-4.107217682758346e-05,-1.6370904631912708e-11,0.019456487149000168,0.852445662021637,0.8524430394172668,True,3.0994415283203125e-06,2350080,8.96484375,128.0,False
shared_e2e_rep_projected,42,42,3,0.008010493591427803,0.02186679281294346,0.43924716114997864,20.08740673163456,112,encoder_output_representation,0.008010493591427803,0.00015388040628749877,0.00015388040628749877,0.02186679281294346,0.8784943222999573,0.8784943222999573,False,0.0,2088960,7.96875,128.0,False
shared_e2e_rep_projected,42,42,3,-6.97850773576647e-05,0.02673952840268612,0.4543047249317169,16.990005137341157,113,encoder_output_representation,-6.97850773576647e-05,-1.6954835473370622e-06,-5.684341886080801e-13,0.02673952840268612,0.9086094498634338,0.9086094498634338,True,0.0,2350080,8.96484375,128.0,False
shared_e2e_rep_projected,42,42,3,-0.0025545216631144285,0.019433194771409035,0.7098469734191895,36.52754895780427,114,encoder_output_representation,-0.0025545216631144285,-7.047718099784106e-05,-1.0550138540565968e-10,0.019433194771409035,1.419693946838379,1.4196892976760864,True,3.2782554626464844e-06,3133440,11.953125,128.0,False
shared_e2e_rep_projected,42,42,3,-0.003100663423538208,0.030587702989578247,1.1143934726715088,36.432728310824835,115,encoder_output_representation,-0.003100663423538208,-0.00021138299780432135,-4.3655745685100555e-11,0.030587702989578247,2.2287869453430176,2.228776216506958,True,4.827976226806641e-06,3525120,13.447265625,128.0,False
shared_e2e_rep_projected,42,42,3,0.0016746347537264228,0.0212634839117527,0.6917908191680908,32.53421791269707,116,encoder_output_representation,0.0016746347537264228,4.9267364374827594e-05,4.9267364374827594e-05,0.0212634839117527,1.3835816383361816,1.3835816383361816,False,0.0,2350080,8.96484375,128.0,False
shared_e2e_rep_projected,42,42,3,0.010354181751608849,0.021477343514561653,0.6656179428100586,30.991632757504167,117,encoder_output_representation,0.010354181751608849,0.0002960406709462404,0.0002960406709462404,0.021477343514561653,1.3312358856201172,1.3312358856201172,False,0.0,2088960,7.96875,128.0,False
shared_e2e_rep_projected,42,42,3,0.00252426671795547,0.021653972566127777,0.32754001021385193,15.1260933398524,118,encoder_output_representation,0.00252426671795547,3.580693737603724e-05,3.580693737603724e-05,0.021653972566127777,0.6550800204277039,0.6550800204277039,False,0.0,3481600,13.28125,128.0,False
shared_e2e_rep_projected,42,42,3,0.00023128768953029066,0.024749567732214928,0.39024075865745544,15.767578766618378,119,encoder_output_representation,0.00023128768953029066,4.467687176656909e-06,4.467687176656909e-06,0.024749567732214928,0.7804815173149109,0.7804815173149109,False,0.0,2396160,9.140625,128.0,False
shared_e2e_rep_projected,42,42,3,0.002838541753590107,0.03240641951560974,0.5363106727600098,16.54951953274801,120,encoder_output_representation,0.002838541753590107,9.86671875580214e-05,9.86671875580214e-05,0.03240641951560974,1.0726213455200195,1.0726213455200195,False,0.0,2088960,7.96875,128.0,False
shared_e2e_rep_projected,42,42,3,-0.0004057208134327084,0.016831398010253906,0.503608763217926,29.92079225451867,121,encoder_output_representation,-0.0004057208134327084,-6.87813599142828e-06,-1.4097167877480388e-11,0.016831398010253906,1.007217526435852,1.0072174072265625,True,1.1920928955078125e-07,2670592,10.1875,128.0,False
shared_e2e_rep_projected,42,42,3,0.0014645865885540843,0.016845518723130226,0.37529152631759644,22.27841911465104,122,encoder_output_representation,0.0014645865885540843,1.8518176148063503e-05,1.8518176148063503e-05,0.016845518723130226,0.7505830526351929,0.7505830526351929,False,0.0,2350080,8.96484375,128.0,False
shared_e2e_rep_projected,42,42,3,-0.006368882954120636,0.01896120235323906,0.33075836300849915,17.44395512724419,123,encoder_output_representation,-0.006368882954120636,-7.988586730789393e-05,-2.1827872842550278e-11,0.01896120235323906,0.6615167260169983,0.6615033149719238,True,2.0265579223632812e-05,3133440,11.953125,128.0,False
shared_e2e_rep_projected,42,42,3,0.0013532380107790232,0.022326156497001648,0.2720836400985718,12.186765784568069,124,encoder_output_representation,0.0013532380107790232,1.6440710169263184e-05,1.6440710169263184e-05,0.022326156497001648,0.5441672801971436,0.5441672801971436,False,0.0,2088960,7.96875,128.0,False
shared_e2e_rep_projected,42,42,3,-0.00047427162644453347,0.027887005358934402,0.9292027950286865,33.32027885636669,125,encoder_output_representation,-0.00047427162644453347,-2.457930168020539e-05,-7.275957614183426e-12,0.027887005358934402,1.858405590057373,1.8584054708480835,True,5.960464477539063e-08,2350080,8.96484375,128.0,False
shared_e2e_rep_projected,42,42,3,-0.0014503031270578504,0.02383735589683056,0.5355520248413086,22.466922386828827,126,encoder_output_representation,-0.0014503031270578504,-3.702955655171536e-05,-7.275957614183426e-12,0.02383735589683056,1.0711040496826172,1.0711028575897217,True,1.1324882507324219e-06,2350080,8.96484375,128.0,False
shared_e2e_rep_projected,42,42,3,-0.00044490868458524346,0.025055045261979103,0.5428808927536011,21.667527920111958,127,encoder_output_representation,-0.00044490868458524346,-1.2103211702196859e-05,-8.185452315956354e-12,0.025055045261979103,1.0857617855072021,1.0857616662979126,True,1.1920928955078125e-07,2457600,9.375,128.0,False
shared_e2e_rep_projected,42,42,3,0.0002295619051437825,0.021344566717743874,0.31278982758522034,14.65430672458655,128,encoder_output_representation,0.0002295619051437825,3.0652772693429142e-06,3.0652772693429142e-06,0.021344566717743874,0.6255796551704407,0.6255796551704407,False,0.0,2355200,8.984375,128.0,False
shared_e2e_rep_projected,42,42,3,-0.009127547033131123,0.02491123415529728,0.40864378213882446,16.403995867540264,129,encoder_output_representation,-0.009127547033131123,-0.0001858336036093533,-5.4569682106375694e-12,0.02491123415529728,0.8172875642776489,0.8172535300254822,True,4.166364669799805e-05,2350080,8.96484375,128.0,False
shared_e2e_rep_projected,42,42,3,-0.00011750989506253973,0.02383292280137539,0.4429405629634857,18.585238858656638,130,encoder_output_representation,-0.00011750989506253973,-2.481002411514055e-06,1.3642420526593924e-12,0.02383292280137539,0.8858811259269714,0.8858811259269714,True,0.0,2088960,7.96875,128.0,False
shared_e2e_rep_projected,42,42,3,-0.009673221968114376,0.01802627556025982,0.31703948974609375,17.587631382104764,131,encoder_output_representation,-0.009673221968114376,-0.00011056572839152068,-3.637978807091713e-12,0.01802627556025982,0.6340789794921875,0.6340492963790894,True,4.678964614868164e-05,3309568,12.625,128.0,False
shared_e2e_rep_projected,42,42,3,0.00880687590688467,0.03312551975250244,1.1285879611968994,34.070045379790336,132,encoder_output_representation,0.00880687590688467,0.0006584911607205868,0.0006584911607205868,0.03312551975250244,2.257175922393799,2.257175922393799,False,0.0,3018752,11.515625,128.0,False
shared_e2e_rep_projected,42,42,3,-0.017177613452076912,0.031240403652191162,0.8748846650123596,28.00490911553879,133,encoder_output_representation,-0.017177613452076912,-0.0009389885235577822,2.9103830456733704e-11,0.031240403652191162,1.7497693300247192,1.7495111227035522,True,0.0001475811004638672,2088960,7.96875,128.0,False
shared_e2e_rep_projected,42,42,3,0.0013670685002580285,0.022699063643813133,0.704673171043396,31.044151516596237,134,encoder_output_representation,0.0013670685002580285,4.373367119114846e-05,4.373367119114846e-05,0.022699063643813133,1.409346342086792,1.409346342086792,False,0.0,3194880,12.1875,128.0,False
shared_e2e_rep_projected,42,42,3,0.0005820142105221748,0.029529975727200508,0.8981916904449463,30.416269174837428,135,encoder_output_representation,0.0005820142105221748,3.087419827352278e-05,3.087419827352278e-05,0.029529975727200508,1.7963833808898926,1.7963833808898926,False,0.0,2785280,10.625,128.0,False
shared_e2e_rep_projected,42,42,3,-0.018960045650601387,0.021438343450427055,0.796886146068573,37.17106911321075,136,encoder_output_representation,-0.018960045650601387,-0.0006478237337432802,0.0,0.021438343450427055,1.593772292137146,1.5934858322143555,True,0.00017970800399780273,2088960,7.96875,128.0,False
shared_e2e_rep_projected,42,42,3,0.0006035040132701397,0.027308302000164986,0.4824286103248596,17.666005389933982,137,encoder_output_representation,0.0006035040132701397,1.590149440744426e-05,1.590149440744426e-05,0.027308302000164986,0.9648572206497192,0.9648572206497192,False,0.0,3481600,13.28125,128.0,False
shared_e2e_rep_projected,42,42,3,0.001371951773762703,0.016689227893948555,0.39594364166259766,23.72450326513698,138,encoder_output_representation,0.001371951773762703,1.813169728848152e-05,1.813169728848152e-05,0.016689227893948555,0.7918872833251953,0.7918872833251953,False,0.0,2088960,7.96875,128.0,False
shared_e2e_rep_projected,42,42,3,-0.0018889172933995724,0.012752235867083073,0.1733093112707138,13.590503898855214,139,encoder_output_representation,-0.0018889172933995724,-8.349321433342993e-06,-4.547473508864641e-12,0.012752235867083073,0.3466186225414276,0.34661799669265747,True,1.7881393432617188e-06,2704896,10.318359375,128.0,False
shared_e2e_rep_projected,42,42,3,0.008856457658112049,0.01278236135840416,0.2895519733428955,22.652463439591354,140,encoder_output_representation,0.008856457658112049,6.555829895660281e-05,6.555829895660281e-05,0.01278236135840416,0.579103946685791,0.579103946685791,False,0.0,2785280,10.625,128.0,False
shared_e2e_rep_projected,42,42,3,0.017969835549592972,0.02642921358346939,0.6773248314857483,25.627884437295283,141,encoder_output_representation,0.017969835549592972,0.0006433619419112802,0.0006433619419112802,0.02642921358346939,1.3546496629714966,1.3546496629714966,False,0.0,2088960,7.96875,128.0,False
shared_e2e_rep_projected,42,42,3,0.00199785060249269,0.015371098183095455,0.3762180209159851,24.475676131568484,142,encoder_output_representation,0.00199785060249269,2.310667696292512e-05,2.310667696292512e-05,0.015371098183095455,0.7524360418319702,0.7524360418319702,False,0.0,2350080,8.96484375,128.0,False
shared_e2e_rep_projected,42,42,3,-0.010757191106677055,0.01952468417584896,0.46097254753112793,23.609731321612234,143,encoder_output_representation,-0.010757191106677055,-0.00019363682076800615,0.0,0.01952468417584896,0.9219450950622559,0.9218916893005371,True,5.793571472167969e-05,2846720,10.859375,128.0,False
shared_e2e_rep_projected,42,42,3,0.009873498231172562,0.03168424218893051,0.9257553219795227,29.21816202702026,144,encoder_output_representation,0.009873498231172562,0.0005792160518467426,0.0005792160518467426,0.03168424218893051,1.8515106439590454,1.8515106439590454,False,0.0,2350080,8.96484375,128.0,False
shared_e2e_rep_projected,42,42,3,0.004872889723628759,0.047890640795230865,0.5236429572105408,10.934139709040751,145,encoder_output_representation,0.004872889723628759,0.00024440072593279183,0.00024440072593279183,0.047890640795230865,1.0472859144210815,1.0472859144210815,False,0.0,2396160,9.140625,128.0,False
shared_e2e_rep_projected,42,42,3,0.002628629794344306,0.026169979944825172,0.45399704575538635,17.348008929030886,146,encoder_output_representation,0.002628629794344306,6.246199336601421e-05,6.246199336601421e-05,0.026169979944825172,0.9079940915107727,0.9079940915107727,False,0.0,2350080,8.96484375,128.0,False
shared_e2e_rep_projected,42,42,3,0.009504109621047974,0.018291102722287178,0.3841504752635956,21.002040232135343,147,encoder_output_representation,0.009504109621047974,0.00013356193085201085,0.00013356193085201085,0.018291102722287178,0.7683009505271912,0.7683009505271912,False,0.0,2846720,10.859375,128.0,False
shared_e2e_rep_projected,42,42,3,-0.0049630277790129185,0.02323133312165737,0.8234661817550659,35.44635933903384,148,encoder_output_representation,-0.0049630277790129185,-0.00018988759256899357,-4.3655745685100555e-11,0.02323133312165737,1.6469323635101318,1.6469119787216187,True,1.239776611328125e-05,2396160,9.140625,128.0,False
shared_e2e_rep_projected,42,42,3,0.0006011133664287627,0.029606642201542854,0.743488073348999,25.112205169630975,149,encoder_output_representation,0.0006011133664287627,2.6463636459084228e-05,2.6463636459084228e-05,0.029606642201542854,1.486976146697998,1.486976146697998,False,0.0,2350080,8.96484375,128.0,False
shared_e2e_rep_projected,42,42,3,-0.02234909124672413,0.02066878229379654,0.3941599726676941,19.070304532937868,150,encoder_output_representation,-0.02234909124672413,-0.0003641474468167871,-5.820766091346741e-11,0.02066878229379654,0.7883199453353882,0.7881230711936951,True,0.0002497434616088867,2088960,7.96875,128.0,False
shared_e2e_rep_projected,42,42,3,0.0028439657762646675,0.027214284986257553,0.4464355409145355,16.40445601050966,151,encoder_output_representation,0.0028439657762646675,6.910509546287358e-05,6.910509546287358e-05,0.027214284986257553,0.892871081829071,0.892871081829071,False,0.0,2521600,9.619140625,128.0,False
shared_e2e_rep_projected,42,42,3,0.00015014332893770188,0.02561943233013153,0.4783810079097748,18.672584222217182,152,encoder_output_representation,0.00015014332893770188,3.680268264361075e-06,3.680268264361075e-06,0.02561943233013153,0.9567620158195496,0.9567620158195496,False,0.0,3133440,11.953125,128.0,False
shared_e2e_rep_projected,42,42,3,0.0064765214920043945,0.02869231253862381,0.5830532312393188,20.320886664483695,153,encoder_output_representation,0.0064765214920043945,0.00021669335546903312,0.00021669335546903312,0.02869231253862381,1.1661064624786377,1.1661064624786377,False,0.0,2549760,9.7265625,128.0,False
shared_e2e_rep_projected,42,42,3,0.015985703095793724,0.0267381202429533,0.42771032452583313,15.996275005104522,154,encoder_output_representation,0.015985703095793724,0.00036563043249771,0.00036563043249771,0.0267381202429533,0.8554206490516663,0.8554206490516663,False,0.0,2485760,9.482421875,128.0,False
shared_e2e_rep_projected,42,42,3,-0.009851427748799324,0.019562290981411934,0.6356540322303772,32.493844040781056,155,encoder_output_representation,-0.009851427748799324,-0.0002450020401738584,-5.820766091346741e-11,0.019562290981411934,1.2713080644607544,1.271246314048767,True,4.857778549194336e-05,2785280,10.625,128.0,False
shared_e2e_rep_projected,42,42,3,-0.0057549686171114445,0.028486786410212517,0.7797759175300598,27.373249699043274,156,encoder_output_representation,-0.0057549686171114445,-0.00025567380362190306,-3.637978807091713e-11,0.028486786410212517,1.5595518350601196,1.559525966644287,True,1.6570091247558594e-05,2350080,8.96484375,128.0,False
shared_e2e_rep_projected,42,42,3,0.00284393597394228,0.02528291940689087,0.6572694182395935,25.99657925818703,157,encoder_output_representation,0.00284393597394228,9.451928781345487e-05,9.451928781345487e-05,0.02528291940689087,1.314538836479187,1.314538836479187,False,0.0,2088960,7.96875,128.0,False
shared_e2e_rep_projected,42,42,3,0.00011016821372322738,0.021609509363770485,0.4793661832809448,22.18311277740661,158,encoder_output_representation,0.00011016821372322738,2.2824360712547787e-06,2.2824360712547787e-06,0.021609509363770485,0.9587323665618896,0.9587323665618896,False,0.0,3133440,11.953125,128.0,False
shared_e2e_rep_projected,42,42,3,0.0036879791878163815,0.01905856281518936,0.4210430383682251,22.09206656614531,159,encoder_output_representation,0.0036879791878163815,5.918819806538522e-05,5.918819806538522e-05,0.01905856281518936,0.8420860767364502,0.8420860767364502,False,0.0,2088960,7.96875,128.0,False
shared_e2e_rep_projected,42,42,3,-0.002035420387983322,0.018957501277327538,0.41020235419273376,21.637996916994563,160,encoder_output_representation,-0.002035420387983322,-3.165653470205143e-05,-2.1827872842550278e-11,0.018957501277327538,0.8204047083854675,0.8204030394554138,True,2.0265579223632812e-06,2785280,10.625,128.0,False
shared_e2e_rep_projected,42,42,3,-0.004181632772088051,0.024174727499485016,0.6977812647819519,28.86407984523575,161,encoder_output_representation,-0.004181632772088051,-0.00014107718016020954,-2.9103830456733704e-11,0.024174727499485016,1.3955625295639038,1.39555025100708,True,8.821487426757812e-06,2350080,8.96484375,128.0,False
shared_e2e_rep_projected,42,42,3,0.008442673832178116,0.019303645938634872,0.42900463938713074,22.224021345548433,162,encoder_output_representation,0.008442673832178116,0.00013983354438096285,0.00013983354438096285,0.019303645938634872,0.8580092787742615,0.8580092787742615,False,0.0,2088960,7.96875,128.0,False
shared_e2e_rep_projected,42,42,3,0.0023930941242724657,0.022336488589644432,0.5385084748268127,24.108913657828662,163,encoder_output_representation,0.0023930941242724657,5.757013423135504e-05,5.757013423135504e-05,0.022336488589644432,1.0770169496536255,1.0770169496536255,False,0.0,3594240,13.7109375,128.0,False
shared_e2e_rep_projected,42,42,3,0.007580250967293978,0.02607198804616928,0.6018416285514832,23.083841074402105,164,encoder_output_representation,0.007580250967293978,0.00023788659018464386,0.00023788659018464386,0.02607198804616928,1.2036832571029663,1.2036832571029663,False,0.0,3266048,12.458984375,128.0,False
shared_e2e_rep_projected,42,42,3,0.0016287679318338633,0.030409064143896103,0.6134905219078064,20.174593963324913,165,encoder_output_representation,0.0016287679318338633,6.0771522839786485e-05,6.0771522839786485e-05,0.030409064143896103,1.2269810438156128,1.2269810438156128,False,0.0,2350080,8.96484375,128.0,False
shared_e2e_rep_projected,42,42,3,-0.00047830602852627635,0.021819528192281723,0.6087926626205444,27.90127528219855,166,encoder_output_representation,-0.00047830602852627635,-1.2707221685559489e-05,4.547473508864641e-13,0.021819528192281723,1.2175853252410889,1.2175852060317993,True,1.1920928955078125e-07,3227648,12.3125,128.0,False
shared_e2e_rep_projected,42,42,3,-0.0041517531499266624,0.018184838816523552,0.4086286127567291,22.470840510581322,167,encoder_output_representation,-0.0041517531499266624,-6.170207052491605e-05,-2.000888343900442e-11,0.018184838816523552,0.8172572255134583,0.81725013256073,True,8.702278137207031e-06,2088960,7.96875,128.0,False
shared_e2e_rep_projected,42,42,3,-0.003137243678793311,0.013549690134823322,0.26202893257141113,19.338370838310524,168,encoder_output_representation,-0.003137243678793311,-2.22770067921374e-05,-1.2505552149377763e-11,0.013549690134823322,0.5240578651428223,0.5240552425384521,True,5.0067901611328125e-06,2088960,7.96875,128.0,False
shared_e2e_rep_projected,42,42,3,0.0011400196235626936,0.014234106987714767,0.24777068197727203,17.40683010118717,169,encoder_output_representation,0.0011400196235626936,8.041230103117414e-06,8.041230103117414e-06,0.014234106987714767,0.49554136395454407,0.49554136395454407,False,0.0,2325504,8.87109375,128.0,False
shared_e2e_rep_projected,42,42,3,-0.0009381271083839238,0.02288711443543434,0.7462716698646545,32.606629899541204,170,encoder_output_representation,-0.0009381271083839238,-3.204643144272268e-05,-1.2732925824820995e-11,0.02288711443543434,1.492543339729309,1.4925425052642822,True,5.364418029785156e-07,2396160,9.140625,128.0,False
shared_e2e_rep_projected,42,42,3,0.0024117124266922474,0.012924020178616047,0.3024696409702301,23.403680649670704,171,encoder_output_representation,0.0024117124266922474,1.8855364032788202e-05,1.8855364032788202e-05,0.012924020178616047,0.6049392819404602,0.6049392819404602,False,0.0,2396160,9.140625,128.0,False
shared_e2e_rep_projected,42,42,3,-0.005340065807104111,0.01498757116496563,0.2736062705516815,18.255544380082945,172,encoder_output_representation,-0.005340065807104111,-4.3795946112368256e-05,-1.057287590811029e-11,0.01498757116496563,0.547212541103363,0.5472047328948975,True,1.424551010131836e-05,2088960,7.96875,128.0,False
shared_e2e_rep_projected,42,42,3,0.00111966033000499,0.01695464365184307,0.42898327112197876,25.301815828806625,173,encoder_output_representation,0.00111966033000499,1.6287158359773457e-05,1.6287158359773457e-05,0.01695464365184307,0.8579665422439575,0.8579665422439575,False,0.0,2396160,9.140625,128.0,False
shared_e2e_rep_projected,42,42,3,-0.005111163482069969,0.01351502537727356,0.2758585810661316,20.411251430574943,174,encoder_output_representation,-0.005111163482069969,-3.811124406638555e-05,-2.091837814077735e-11,0.01351502537727356,0.5517171621322632,0.5517099499702454,True,1.3053417205810547e-05,2088960,7.96875,128.0,False
shared_e2e_rep_projected,42,42,3,-0.0012507819337770343,0.02247442677617073,0.5413395166397095,24.086910960224486,175,encoder_output_representation,-0.0012507819337770343,-3.0434764994424768e-05,-2.3646862246096134e-11,0.02247442677617073,1.082679033279419,1.082678198814392,True,7.748603820800781e-07,2649600,10.107421875,128.0,False
shared_e2e_rep_projected,42,42,3,-0.014095371589064598,0.0165637768805027,0.30915719270706177,18.66465570850403,176,encoder_output_representation,-0.014095371589064598,-0.00014435945195145905,1.4551915228366852e-11,0.0165637768805027,0.6183143854141235,0.6182529926300049,True,9.930133819580078e-05,2396160,9.140625,128.0,False
shared_e2e_rep_projected,42,42,3,0.0034849238581955433,0.0126987649127841,0.23955130577087402,18.864142096977712,177,encoder_output_representation,0.0034849238581955433,2.1202316929702647e-05,2.1202316929702647e-05,0.0126987649127841,0.47910261154174805,0.47910261154174805,False,0.0,2396160,9.140625,128.0,False
shared_e2e_rep_projected,42,42,3,-0.006175640970468521,0.02367619425058365,0.4188691973686218,17.691576312282375,178,encoder_output_representation,-0.006175640970468521,-0.00012249048450030386,-2.9103830456733704e-11,0.02367619425058365,0.8377383947372437,0.8377224206924438,True,1.9073486328125e-05,2350080,8.96484375,128.0,False
shared_e2e_rep_projected,42,42,3,0.0009510319796390831,0.025504356250166893,0.889913022518158,34.89258908514245,179,encoder_output_representation,0.0009510319796390831,4.3170497519895434e-05,4.3170497519895434e-05,0.025504356250166893,1.779826045036316,1.779826045036316,False,0.0,2350080,8.96484375,128.0,False
shared_e2e_rep_projected,42,42,3,0.0010401089675724506,0.017851408571004868,0.5707780122756958,31.973836126454547,180,encoder_output_representation,0.0010401089675724506,2.119573764503002e-05,2.119573764503002e-05,0.017851408571004868,1.1415560245513916,1.1415560245513916,False,0.0,2752512,10.5,128.0,False
shared_e2e_rep_projected,42,42,3,0.0005200935411266983,0.022153882309794426,0.42945024371147156,19.384875197319605,181,encoder_output_representation,0.0005200935411266983,9.896329174807761e-06,9.896329174807761e-06,0.022153882309794426,0.8589004874229431,0.8589004874229431,False,0.0,2350080,8.96484375,128.0,False
shared_e2e_rep_projected,42,42,3,0.01243078988045454,0.035919349640607834,0.46537068486213684,12.955988611108431,182,encoder_output_representation,0.01243078988045454,0.00041558148222975433,0.00041558148222975433,0.035919349640607834,0.9307413697242737,0.9307413697242737,False,0.0,2088960,7.96875,128.0,False
shared_e2e_rep_projected,42,42,3,0.008242725394666195,0.027843767777085304,0.42536595463752747,15.276881995388303,183,encoder_output_representation,0.008242725394666195,0.00019525023526512086,0.00019525023526512086,0.027843767777085304,0.8507319092750549,0.8507319092750549,False,0.0,3594240,13.7109375,128.0,False
shared_e2e_rep_projected,42,42,3,0.004479779861867428,0.02115151658654213,0.2655482292175293,12.554571589750076,184,encoder_output_representation,0.004479779861867428,5.0323586037848145e-05,5.0323586037848145e-05,0.02115151658654213,0.5310964584350586,0.5310964584350586,False,0.0,2135040,8.14453125,128.0,False
shared_e2e_rep_projected,42,42,3,-4.6370088966796175e-05,0.02187403291463852,0.5231878757476807,23.918217449401084,185,encoder_output_representation,-4.6370088966796175e-05,-1.0613398444547784e-06,-3.183231456205249e-12,0.02187403291463852,1.0463757514953613,1.0463757514953613,True,0.0,2396160,9.140625,128.0,False
shared_e2e_rep_projected,42,42,3,-0.009105494245886803,0.019524196162819862,0.3991638720035553,20.444573936605256,186,encoder_output_representation,-0.009105494245886803,-0.00014192468370310962,7.275957614183426e-12,0.019524196162819862,0.7983277440071106,0.7982946634292603,True,4.1425228118896484e-05,2325504,8.87109375,128.0,False
shared_e2e_rep_projected,42,42,3,0.00423527043312788,0.03146269917488098,0.4602709710597992,14.629099954248929,187,encoder_output_representation,0.00423527043312788,0.0001226650201715529,0.0001226650201715529,0.03146269917488098,0.9205419421195984,0.9205419421195984,False,0.0,2350080,8.96484375,128.0,False
shared_e2e_rep_projected,42,42,3,-0.0022209524177014828,0.0175836980342865,0.43591707944869995,24.790978473282703,188,encoder_output_representation,-0.0022209524177014828,-3.4047352528432384e-05,-7.275957614183426e-12,0.0175836980342865,0.8718341588973999,0.871832013130188,True,2.4437904357910156e-06,2088960,7.96875,128.0,False
shared_e2e_rep_projected,42,42,3,-0.012914348393678665,0.015801943838596344,0.2982160449028015,18.87211142811475,189,encoder_output_representation,-0.012914348393678665,-0.00012171496928203851,-8.003553375601768e-11,0.015801943838596344,0.596432089805603,0.5963823199272156,True,8.344650268554688e-05,2088960,7.96875,128.0,False
shared_e2e_rep_projected,42,42,3,-0.0011663591722026467,0.016981912776827812,0.2897452414035797,17.06199090828822,190,encoder_output_representation,-0.0011663591722026467,-1.1477974112494849e-05,-2.000888343900442e-11,0.016981912776827812,0.5794904828071594,0.579490065574646,True,7.152557373046875e-07,2396160,9.140625,128.0,False
shared_e2e_rep_projected,42,42,3,-0.0014510945184156299,0.016536826267838478,0.373538613319397,22.588289147469048,191,encoder_output_representation,-0.0014510945184156299,-1.7927237422554754e-05,-2.2737367544323206e-11,0.016536826267838478,0.747077226638794,0.7470764517784119,True,1.0132789611816406e-06,2611200,9.9609375,128.0,False
shared_e2e_rep_projected,42,42,3,-0.0033976021222770214,0.019712258130311966,0.38997647166252136,19.78344992666498,192,encoder_output_representation,-0.0033976021222770214,-5.223688640398905e-05,-1.0913936421275139e-11,0.019712258130311966,0.7799529433250427,0.7799484133720398,True,5.781650543212891e-06,2088960,7.96875,128.0,False
shared_e2e_rep_projected,42,42,3,0.0004353972908575088,0.014275505207479,0.23869970440864563,16.720928677437616,193,encoder_output_representation,0.0004353972908575088,2.96728376270039e-06,2.96728376270039e-06,0.014275505207479,0.47739940881729126,0.47739940881729126,False,0.0,2350080,8.96484375,128.0,False
shared_e2e_rep_projected,42,42,3,-0.0004987490247003734,0.0228701364248991,0.45724475383758545,19.993092535284372,194,encoder_output_representation,-0.0004987490247003734,-1.0431086593598593e-05,-1.5347723092418164e-11,0.0228701364248991,0.9144895076751709,0.9144893884658813,True,1.1920928955078125e-07,2088960,7.96875,128.0,False
shared_e2e_rep_projected,42,42,3,0.00011740850459318608,0.019458424299955368,0.7138766050338745,36.68727714173197,195,encoder_output_representation,0.00011740850459318608,3.261822712374851e-06,3.261822712374851e-06,0.019458424299955368,1.427753210067749,1.427753210067749,False,0.0,2785280,10.625,128.0,False
shared_e2e_rep_projected,42,42,3,-0.004283162299543619,0.0181332528591156,0.5444182753562927,30.02319989612968,196,encoder_output_representation,-0.004283162299543619,-8.456739305984229e-05,-2.1827872842550278e-11,0.0181332528591156,1.0888365507125854,1.0888265371322632,True,9.179115295410156e-06,2088960,7.96875,128.0,False
shared_e2e_rep_projected,42,42,3,0.012071513570845127,0.02006499283015728,0.46960440278053284,23.404164993008465,197,encoder_output_representation,0.012071513570845127,0.0002274902944918722,0.0002274902944918722,0.02006499283015728,0.9392088055610657,0.9392088055610657,False,0.0,2350080,8.96484375,128.0,False
shared_e2e_rep_projected,42,42,3,0.0007549086585640907,0.01754593476653099,0.5445832014083862,31.037571303820357,198,encoder_output_representation,0.0007549086585640907,1.4426638699660543e-05,1.4426638699660543e-05,0.01754593476653099,1.0891664028167725,1.0891664028167725,False,0.0,2350080,8.96484375,128.0,False
shared_e2e_rep_projected,42,42,3,0.005684143863618374,0.025321640074253082,0.7418761849403381,29.29810955233797,199,encoder_output_representation,0.005684143863618374,0.00021355920762289315,0.00021355920762289315,0.025321640074253082,1.4837523698806763,1.4837523698806763,False,0.0,2420736,9.234375,128.0,False
shared_e2e_rep_projected,42,42,4,0.001907426049001515,0.0224678386002779,0.354431688785553,15.775068313921798,0,encoder_output_representation,0.001907426049001515,3.0378863812074997e-05,3.0378863812074997e-05,0.0224678386002779,0.708863377571106,0.708863377571106,False,0.0,3133440,11.953125,128.0,False
shared_e2e_rep_projected,42,42,4,0.0008400174556300044,0.01585257239639759,0.25885823369026184,16.329099607145523,1,encoder_output_representation,0.0008400174556300044,6.894139005453326e-06,6.894139005453326e-06,0.01585257239639759,0.5177164673805237,0.5177164673805237,False,0.0,2088960,7.96875,128.0,False
shared_e2e_rep_projected,42,42,4,0.008154897019267082,0.0194382481276989,0.2559735178947449,13.16854874025353,2,encoder_output_representation,0.008154897019267082,8.115226228255779e-05,8.115226228255779e-05,0.0194382481276989,0.5119470357894897,0.5119470357894897,False,0.0,3133440,11.953125,128.0,False
shared_e2e_rep_projected,42,42,4,-0.0005877899238839746,0.025551974773406982,0.537186861038208,21.023301165641453,3,encoder_output_representation,-0.0005877899238839746,-1.6136225895024836e-05,-1.1823431123048067e-11,0.025551974773406982,1.074373722076416,1.074373483657837,True,2.384185791015625e-07,2649600,10.107421875,128.0,False
shared_e2e_rep_projected,42,42,4,0.0030227338429540396,0.02110893651843071,0.2181311547756195,10.333592816727837,4,encoder_output_representation,0.0030227338429540396,2.783645504678134e-05,2.783645504678134e-05,0.02110893651843071,0.436262309551239,0.436262309551239,False,0.0,2879488,10.984375,128.0,False
shared_e2e_rep_projected,42,42,4,-0.010884659364819527,0.023133767768740654,0.5846465826034546,25.27243242207412,5,encoder_output_representation,-0.010884659364819527,-0.0002944317238871008,-7.275957614183426e-11,0.023133767768740654,1.1692931652069092,1.1692239046096802,True,5.924701690673828e-05,2350080,8.96484375,128.0,False
shared_e2e_rep_projected,42,42,4,0.003384626703336835,0.021884985268115997,0.5356507897377014,24.475720827561414,6,encoder_output_representation,0.003384626703336835,7.935399480629712e-05,7.935399480629712e-05,0.021884985268115997,1.0713015794754028,1.0713015794754028,False,0.0,2611200,9.9609375,128.0,False
shared_e2e_rep_projected,42,42,4,1.2234664836796583e-06,0.027991995215415955,0.5240435600280762,18.72119354105459,7,encoder_output_representation,1.2234664836796583e-06,3.5894117900170386e-08,3.5894117900170386e-08,0.027991995215415955,1.0480871200561523,1.0480871200561523,False,0.0,2088960,7.96875,128.0,False
shared_e2e_rep_projected,42,42,4,0.001112187746912241,0.020641762763261795,0.4077693223953247,19.754578476266207,8,encoder_output_representation,0.001112187746912241,1.8722741515375674e-05,1.8722741515375674e-05,0.020641762763261795,0.8155386447906494,0.8155386447906494,False,0.0,3481600,13.28125,128.0,False
shared_e2e_rep_projected,42,42,4,0.001547289197333157,0.024615313857793808,0.603937566280365,24.53503415676106,9,encoder_output_representation,0.001547289197333157,4.6004352043382823e-05,4.6004352043382823e-05,0.024615313857793808,1.20787513256073,1.20787513256073,False,0.0,3194880,12.1875,128.0,False
shared_e2e_rep_projected,42,42,4,0.005383932963013649,0.017443057149648666,0.2930034399032593,16.797711398266035,10,encoder_output_representation,0.005383932963013649,5.50332224520389e-05,5.50332224520389e-05,0.017443057149648666,0.5860068798065186,0.5860068798065186,False,0.0,2088960,7.96875,128.0,False
shared_e2e_rep_projected,42,42,4,0.005852481350302696,0.019743040204048157,0.22349810600280762,11.320349028969767,11,encoder_output_representation,0.005852481350302696,5.1648527005454525e-05,5.1648527005454525e-05,0.019743040204048157,0.44699621200561523,0.44699621200561523,False,0.0,3018752,11.515625,128.0,False
shared_e2e_rep_projected,42,42,4,0.005271225702017546,0.022750770673155785,0.4688577353954315,20.608433100187185,12,encoder_output_representation,0.005271225702017546,0.00011245501082157716,0.00011245501082157716,0.022750770673155785,0.937715470790863,0.937715470790863,False,0.0,3396096,12.955078125,128.0,False
shared_e2e_rep_projected,42,42,4,0.00249293795786798,0.016778258606791496,0.42121440172195435,25.104774672590597,13,encoder_output_representation,0.00249293795786798,3.523640043567866e-05,3.523640043567866e-05,0.016778258606791496,0.8424288034439087,0.8424288034439087,False,0.0,2420736,9.234375,128.0,False
shared_e2e_rep_projected,42,42,4,-0.0017009463626891375,0.01313201803714037,0.1906801462173462,14.520247054036847,14,encoder_output_representation,-0.0017009463626891375,-8.51839104143437e-06,-3.637978807091713e-12,0.01313201803714037,0.3813602924346924,0.381359726190567,True,1.4901161193847656e-06,2350080,8.96484375,128.0,False
shared_e2e_rep_projected,42,42,4,0.005233615171164274,0.017061607912182808,0.17869886755943298,10.473741307337944,15,encoder_output_representation,0.005233615171164274,3.191343421349302e-05,3.191343421349302e-05,0.017061607912182808,0.35739773511886597,0.35739773511886597,False,0.0,3916800,14.94140625,128.0,False
shared_e2e_rep_projected,42,42,4,0.000597018632106483,0.028388747945427895,0.5033413767814636,17.730312648836932,16,encoder_output_representation,0.000597018632106483,1.7061875041690655e-05,1.7061875041690655e-05,0.028388747945427895,1.0066827535629272,1.0066827535629272,False,0.0,2350080,8.96484375,128.0,False
shared_e2e_rep_projected,42,42,4,0.00574928754940629,0.014460351318120956,0.2911979556083679,20.137681941617412,17,encoder_output_representation,0.00574928754940629,4.841848203795962e-05,4.841848203795962e-05,0.014460351318120956,0.5823959112167358,0.5823959112167358,False,0.0,2396160,9.140625,128.0,False
shared_e2e_rep_projected,42,42,4,7.880722114350647e-05,0.03310604766011238,0.8250201940536499,24.92052819242662,18,encoder_output_representation,7.880722114350647e-05,4.304948106437223e-06,4.304948106437223e-06,0.03310604766011238,1.6500403881072998,1.6500403881072998,False,0.0,3525120,13.447265625,128.0,False
shared_e2e_rep_projected,42,42,4,0.001023930381052196,0.025878407061100006,0.8355005979537964,32.285627008692785,19,encoder_output_representation,0.001023930381052196,4.42776654381305e-05,4.42776654381305e-05,0.025878407061100006,1.6710011959075928,1.6710011959075928,False,0.0,2396160,9.140625,128.0,False
shared_e2e_rep_projected,42,42,4,-0.01604107767343521,0.020151833072304726,0.5720066428184509,28.384844235563712,20,encoder_output_representation,-0.01604107767343521,-0.0003698104410432279,-1.6007106751203537e-10,0.020151833072304726,1.1440132856369019,1.1438660621643066,True,0.00012868642807006836,3525120,13.447265625,128.0,False
shared_e2e_rep_projected,42,42,4,0.001863587647676468,0.02315761148929596,0.45948800444602966,19.84177015226362,21,encoder_output_representation,0.001863587647676468,3.965954601881094e-05,3.965954601881094e-05,0.02315761148929596,0.9189760088920593,0.9189760088920593,False,0.0,2350080,8.96484375,128.0,False
shared_e2e_rep_projected,42,42,4,-0.005318894051015377,0.01922115497291088,0.28421899676322937,14.786780355488014,22,encoder_output_representation,-0.005318894051015377,-5.811441951664165e-05,-2.2737367544323206e-12,0.01922115497291088,0.5684379935264587,0.5684300065040588,True,1.4066696166992188e-05,2159616,8.23828125,128.0,False
shared_e2e_rep_projected,42,42,4,0.00021937071869615465,0.026228906586766243,0.7132678627967834,27.193961000137982,23,encoder_output_representation,0.00021937071869615465,8.208078725147061e-06,8.208078725147061e-06,0.026228906586766243,1.426535725593567,1.426535725593567,False,0.0,2350080,8.96484375,128.0,False
shared_e2e_rep_projected,42,42,4,0.0010142754763364792,0.02703741565346718,0.37925538420677185,14.027057506812325,24,encoder_output_representation,0.0010142754763364792,2.080093508993741e-05,2.080093508993741e-05,0.02703741565346718,0.7585107684135437,0.7585107684135437,False,0.0,2396160,9.140625,128.0,False
shared_e2e_rep_projected,42,42,4,0.0017953154165297747,0.017961161211133003,0.3710925281047821,20.660831654624033,25,encoder_output_representation,0.0017953154165297747,2.393246177234687e-05,2.393246177234687e-05,0.017961161211133003,0.7421850562095642,0.7421850562095642,False,0.0,2088960,7.96875,128.0,False
shared_e2e_rep_projected,42,42,4,-0.011624505743384361,0.023724019527435303,0.5342373847961426,22.518839363554367,26,encoder_output_representation,-0.011624505743384361,-0.00029466397245414555,-4.3655745685100555e-11,0.023724019527435303,1.0684747695922852,1.068402647972107,True,6.747245788574219e-05,2396160,9.140625,128.0,False
shared_e2e_rep_projected,42,42,4,0.005946930032223463,0.01689562015235424,0.2701960504055023,15.99207652451,27,encoder_output_representation,0.005946930032223463,5.429701559478417e-05,5.429701559478417e-05,0.01689562015235424,0.5403921008110046,0.5403921008110046,False,0.0,3594240,13.7109375,128.0,False
shared_e2e_rep_projected,42,42,4,-0.005261776503175497,0.0178061556071043,0.23948965966701508,13.449824035653348,28,encoder_output_representation,-0.005261776503175497,-4.487653495743871e-05,-1.0913936421275139e-11,0.0178061556071043,0.47897931933403015,0.47897273302078247,True,1.3768672943115234e-05,2088960,7.96875,128.0,False
shared_e2e_rep_projected,42,42,4,0.0012047815835103393,0.024907942861318588,0.4623539447784424,18.562510254368156,29,encoder_output_representation,0.0012047815835103393,2.7749218133976683e-05,2.7749218133976683e-05,0.024907942861318588,0.9247078895568848,0.9247078895568848,False,0.0,3525120,13.447265625,128.0,False
shared_e2e_rep_projected,42,42,4,0.0012400976847857237,0.021506475284695625,0.6247591376304626,29.049815432799065,30,encoder_output_representation,0.0012400976847857237,3.33248135575559e-05,3.33248135575559e-05,0.021506475284695625,1.2495182752609253,1.2495182752609253,False,0.0,2785280,10.625,128.0,False
shared_e2e_rep_projected,42,42,4,0.007418898865580559,0.020226987078785896,0.522065281867981,25.810333483404655,31,encoder_output_representation,0.007418898865580559,0.00015668428386561573,0.00015668428386561573,0.020226987078785896,1.044130563735962,1.044130563735962,False,0.0,2752512,10.5,128.0,False
shared_e2e_rep_projected,42,42,4,0.0031280084513127804,0.014869891107082367,0.2938714027404785,19.76284833723569,32,encoder_output_representation,0.0031280084513127804,2.7337766368873417e-05,2.7337766368873417e-05,0.014869891107082367,0.587742805480957,0.587742805480957,False,0.0,2088960,7.96875,128.0,False
shared_e2e_rep_projected,42,42,4,0.003095485270023346,0.02587737888097763,0.786155641078949,30.380033646176166,33,encoder_output_representation,0.003095485270023346,0.0001259469281649217,0.0001259469281649217,0.02587737888097763,1.572311282157898,1.572311282157898,False,0.0,2088960,7.96875,128.0,False
shared_e2e_rep_projected,42,42,4,-0.0041708569042384624,0.024466166272759438,0.6566708087921143,26.839955286466346,34,encoder_output_representation,-0.0041708569042384624,-0.00013401979231275618,-2.1827872842550278e-11,0.024466166272759438,1.3133416175842285,1.3133301734924316,True,8.702278137207031e-06,2350080,8.96484375,128.0,False
shared_e2e_rep_projected,42,42,4,0.002830633893609047,0.01461220532655716,0.34534531831741333,23.63403131830899,35,encoder_output_representation,0.002830633893609047,2.856821083696559e-05,2.856821083696559e-05,0.01461220532655716,0.6906906366348267,0.6906906366348267,False,0.0,2088960,7.96875,128.0,False
shared_e2e_rep_projected,42,42,4,0.0005325181991793215,0.02314496412873268,0.41173627972602844,17.789454217165527,36,encoder_output_representation,0.0005325181991793215,1.0149393347091973e-05,1.0149393347091973e-05,0.02314496412873268,0.8234725594520569,0.8234725594520569,False,0.0,2088960,7.96875,128.0,False
shared_e2e_rep_projected,42,42,4,0.0004520410730037838,0.02011694200336933,0.6028760075569153,29.96857114048155,37,encoder_output_representation,0.0004520410730037838,1.096472806239035e-05,1.096472806239035e-05,0.02011694200336933,1.2057520151138306,1.2057520151138306,False,0.0,3133440,11.953125,128.0,False
shared_e2e_rep_projected,42,42,4,3.9816481148591265e-05,0.013153338804841042,0.33021998405456543,25.10541155778859,38,encoder_output_representation,3.9816481148591265e-05,3.4588538255775347e-07,3.4588538255775347e-07,0.013153338804841042,0.6604399681091309,0.6604399681091309,False,0.0,2088960,7.96875,128.0,False
shared_e2e_rep_projected,42,42,4,0.0040229372680187225,0.012131675146520138,0.24197140336036682,19.945423895542913,39,encoder_output_representation,0.0040229372680187225,2.3618813429493457e-05,2.3618813429493457e-05,0.012131675146520138,0.48394280672073364,0.48394280672073364,False,0.0,2396160,9.140625,128.0,False
shared_e2e_rep_projected,42,42,4,0.010516501031816006,0.021695757284760475,0.40992727875709534,18.894352171105652,40,encoder_output_representation,0.010516501031816006,0.00018706083938013762,0.00018706083938013762,0.021695757284760475,0.8198545575141907,0.8198545575141907,False,0.0,2088960,7.96875,128.0,False
shared_e2e_rep_projected,42,42,4,-0.016570180654525757,0.01668751984834671,0.428324431180954,25.667351114694828,41,encoder_output_representation,-0.016570180654525757,-0.00023687643988523632,-7.275957614183426e-12,0.01668751984834671,0.856648862361908,0.8565312623977661,True,0.0001372694969177246,2396160,9.140625,128.0,False
shared_e2e_rep_projected,42,42,4,0.013220617547631264,0.01922476477921009,0.5071337223052979,26.37918997343046,42,encoder_output_representation,0.013220617547631264,0.0002577895065769553,0.0002577895065769553,0.01922476477921009,1.0142674446105957,1.0142674446105957,False,0.0,2785280,10.625,128.0,False
shared_e2e_rep_projected,42,42,4,-0.007167664822191,0.024594051763415337,0.3207937479019165,13.043550163585099,43,encoder_output_representation,-0.007167664822191,-0.00011310027912259102,-5.093170329928398e-11,0.024594051763415337,0.641587495803833,0.6415709853172302,True,2.574920654296875e-05,2396160,9.140625,128.0,False
shared_e2e_rep_projected,42,42,4,-0.0009687202982604504,0.022344807162880898,0.8064581155776978,36.091522728259775,44,encoder_output_representation,-0.0009687202982604504,-3.4912973205791786e-05,-2.546585164964199e-11,0.022344807162880898,1.6129162311553955,1.6129156351089478,True,3.5762786865234375e-07,2221056,8.47265625,128.0,False
shared_e2e_rep_projected,42,42,4,-0.00288821617141366,0.01679185964167118,0.2118796855211258,12.618000033499497,45,encoder_output_representation,-0.00288821617141366,-2.055170261883177e-05,-5.4569682106375694e-12,0.01679185964167118,0.4237593710422516,0.4237576127052307,True,4.172325134277344e-06,2350080,8.96484375,128.0,False
shared_e2e_rep_projected,42,42,4,-0.0037261908873915672,0.024953657761216164,0.49497684836387634,19.835843430264017,46,encoder_output_representation,-0.0037261908873915672,-9.204796515405178e-05,-2.9103830456733704e-11,0.024953657761216164,0.9899536967277527,0.9899468421936035,True,6.9141387939453125e-06,2785280,10.625,128.0,False
shared_e2e_rep_projected,42,42,4,0.002906839596107602,0.019178546965122223,0.47526952624320984,24.781310445860516,47,encoder_output_representation,0.002906839596107602,5.299156327964738e-05,5.299156327964738e-05,0.019178546965122223,0.9505390524864197,0.9505390524864197,False,0.0,3194880,12.1875,128.0,False
shared_e2e_rep_projected,42,42,4,0.00012715089542325586,0.019276078790426254,0.2948126196861267,15.29422155259864,48,encoder_output_representation,0.00012715089542325586,1.4451541119342437e-06,1.4451541119342437e-06,0.019276078790426254,0.5896252393722534,0.5896252393722534,False,0.0,2088960,7.96875,128.0,False
shared_e2e_rep_projected,42,42,4,0.0029858967754989862,0.019016698002815247,0.47177186608314514,24.80829563646137,49,encoder_output_representation,0.0029858967754989862,5.357620102586225e-05,5.357620102586225e-05,0.019016698002815247,0.9435437321662903,0.9435437321662903,False,0.0,3194880,12.1875,128.0,False
shared_e2e_rep_projected,42,42,4,0.0024436027742922306,0.014326868578791618,0.369396835565567,25.783501365566607,50,encoder_output_representation,0.0024436027742922306,2.586455775599461e-05,2.586455775599461e-05,0.014326868578791618,0.738793671131134,0.738793671131134,False,0.0,2088960,7.96875,128.0,False
shared_e2e_rep_projected,42,42,4,0.0013458486646413803,0.022412167862057686,0.3690607249736786,16.466980224544628,51,encoder_output_representation,0.0013458486646413803,2.2264242943492718e-05,2.2264242943492718e-05,0.022412167862057686,0.7381214499473572,0.7381214499473572,False,0.0,2088960,7.96875,128.0,False
shared_e2e_rep_projected,42,42,4,0.009106919169425964,0.01686737686395645,0.38998347520828247,23.12057638562817,52,encoder_output_representation,0.009106919169425964,0.00011981059651589021,0.00011981059651589021,0.01686737686395645,0.7799669504165649,0.7799669504165649,False,0.0,3294720,12.568359375,128.0,False
shared_e2e_rep_projected,42,42,4,-0.006377932615578175,0.022511890158057213,0.48913317918777466,21.727770336188737,53,encoder_output_representation,-0.006377932615578175,-0.00014045882562641054,-1.4551915228366852e-11,0.022511890158057213,0.9782663583755493,0.9782464504241943,True,2.0325183868408203e-05,2350080,8.96484375,128.0,False
shared_e2e_rep_projected,42,42,4,0.012337800115346909,0.028289025649428368,0.3863624632358551,13.657680120335367,54,encoder_output_representation,0.012337800115346909,0.00026969981263391674,0.00026969981263391674,0.028289025649428368,0.7727249264717102,0.7727249264717102,False,0.0,2396160,9.140625,128.0,False
shared_e2e_rep_projected,42,42,4,0.003032882232218981,0.029162131249904633,0.7340334057807922,25.170773682159897,55,encoder_output_representation,0.003032882232218981,0.00012984362547285855,0.00012984362547285855,0.029162131249904633,1.4680668115615845,1.4680668115615845,False,0.0,2350080,8.96484375,128.0,False
shared_e2e_rep_projected,42,42,4,-0.0033654370345175266,0.017142485827207565,0.320902943611145,18.71974384845787,56,encoder_output_representation,-0.0033654370345175266,-3.702703907038085e-05,-2.9103830456733704e-11,0.017142485827207565,0.64180588722229,0.6418022513389587,True,5.662441253662109e-06,2350080,8.96484375,128.0,False
shared_e2e_rep_projected,42,42,4,-0.001027707359753549,0.014769905246794224,0.31471380591392517,21.30777419728086,57,encoder_output_representation,-0.001027707359753549,-9.554169992043171e-06,-1.4551915228366852e-11,0.014769905246794224,0.6294276118278503,0.6294272541999817,True,5.960464477539062e-07,2396160,9.140625,128.0,False
shared_e2e_rep_projected,42,42,4,-0.002730234991759062,0.019587023183703423,0.3206695020198822,16.371528180284287,58,encoder_output_representation,-0.002730234991759062,-3.429699791013263e-05,-1.0913936421275139e-11,0.019587023183703423,0.6413390040397644,0.6413365602493286,True,3.814697265625e-06,2350080,8.96484375,128.0,False
shared_e2e_rep_projected,42,42,4,-0.003986328840255737,0.01721091940999031,0.250253826379776,14.540410097703019,59,encoder_output_representation,-0.003986328840255737,-3.433902020333335e-05,-1.864464138634503e-11,0.01721091940999031,0.500507652759552,0.5005037188529968,True,7.867813110351562e-06,2785280,10.625,128.0,False
shared_e2e_rep_projected,42,42,4,-0.00964728556573391,0.026072273030877113,0.4774026870727539,18.310742853427893,60,encoder_output_representation,-0.00964728556573391,-0.00024015901726670563,-5.820766091346741e-11,0.026072273030877113,0.9548053741455078,0.9547609686851501,True,4.649162292480469e-05,2350080,8.96484375,128.0,False
shared_e2e_rep_projected,42,42,4,-0.001931873383000493,0.01657371036708355,0.31473636627197266,18.990096924648764,61,encoder_output_representation,-0.001931873383000493,-2.015465361182578e-05,-2.4556356947869062e-11,0.01657371036708355,0.6294727325439453,0.6294715404510498,True,1.9073486328125e-06,2088960,7.96875,128.0,False
shared_e2e_rep_projected,42,42,4,0.0013895881129428744,0.02341364324092865,0.5250163674354553,22.423522987558417,62,encoder_output_representation,0.0013895881129428744,3.416315303184092e-05,3.416315303184092e-05,0.02341364324092865,1.0500327348709106,1.0500327348709106,False,0.0,2396160,9.140625,128.0,False
shared_e2e_rep_projected,42,42,4,0.008109459653496742,0.03011428192257881,0.47096097469329834,15.639123519667441,63,encoder_output_representation,0.008109459653496742,0.00023002727539278567,0.00023002727539278567,0.03011428192257881,0.9419219493865967,0.9419219493865967,False,0.0,2350080,8.96484375,128.0,False
shared_e2e_rep_projected,42,42,4,-0.007064026314765215,0.021828845143318176,0.4364854395389557,19.995809978640313,64,encoder_output_representation,-0.007064026314765215,-0.00013461170601658523,-5.4569682106375694e-12,0.021828845143318176,0.8729708790779114,0.8729491233825684,True,2.491474151611328e-05,3227648,12.3125,128.0,False
shared_e2e_rep_projected,42,42,4,-0.011986265890300274,0.016827676445245743,0.5494661331176758,32.65252543365334,65,encoder_output_representation,-0.011986265890300274,-0.0002216557477368042,-2.1827872842550278e-11,0.016827676445245743,1.0989322662353516,1.0988532304763794,True,7.194280624389648e-05,2350080,8.96484375,128.0,False
shared_e2e_rep_projected,42,42,4,-0.005406093783676624,0.018686620518565178,0.2605241537094116,13.941747971527574,66,encoder_output_representation,-0.005406093783676624,-5.263714410830289e-05,-4.274625098332763e-11,0.018686620518565178,0.5210483074188232,0.5210407376289368,True,1.4543533325195312e-05,2088960,7.96875,128.0,False
shared_e2e_rep_projected,42,42,4,0.00037009664811193943,0.02455947734415531,0.5438734889030457,22.145157296373704,67,encoder_output_representation,0.00037009664811193943,9.88694591796957e-06,9.88694591796957e-06,0.02455947734415531,1.0877469778060913,1.0877469778060913,False,0.0,2088960,7.96875,128.0,False
shared_e2e_rep_projected,42,42,4,0.0038111729081720114,0.024046510457992554,0.41236817836761475,17.148774209380232,68,encoder_output_representation,0.0038111729081720114,7.55833025323227e-05,7.55833025323227e-05,0.024046510457992554,0.8247363567352295,0.8247363567352295,False,0.0,3525120,13.447265625,128.0,False
shared_e2e_rep_projected,42,42,4,-0.002009123796597123,0.014058679342269897,0.28659576177597046,20.38568167027395,69,encoder_output_representation,-0.002009123796597123,-1.6190155292861164e-05,-1.4551915228366852e-11,0.014058679342269897,0.5731915235519409,0.5731903314590454,True,2.086162567138672e-06,2088960,7.96875,128.0,False
shared_e2e_rep_projected,42,42,4,0.004372118506580591,0.019573448225855827,0.30563145875930786,15.614594589193517,70,encoder_output_representation,0.004372118506580591,5.2310315368231386e-05,5.2310315368231386e-05,0.019573448225855827,0.6112629175186157,0.6112629175186157,False,0.0,2088960,7.96875,128.0,False
shared_e2e_rep_projected,42,42,4,0.002643454819917679,0.021939316764473915,0.3916875720024109,17.85322561350981,71,encoder_output_representation,0.002643454819917679,4.543230897979811e-05,4.543230897979811e-05,0.021939316764473915,0.7833751440048218,0.7833751440048218,False,0.0,2325504,8.87109375,128.0,False
shared_e2e_rep_projected,42,42,4,0.0023403752129524946,0.025728505104780197,0.2967020869255066,11.532037548127162,72,encoder_output_representation,0.0023403752129524946,3.573144931579009e-05,3.573144931579009e-05,0.025728505104780197,0.5934041738510132,0.5934041738510132,False,0.0,2482176,9.46875,128.0,False
shared_e2e_rep_projected,42,42,4,-0.0018338733352720737,0.015816476196050644,0.31943729519844055,20.19648948595792,73,encoder_output_representation,-0.0018338733352720737,-1.8530821762396954e-05,-1.2732925824820995e-11,0.015816476196050644,0.6388745903968811,0.6388734579086304,True,1.7881393432617188e-06,2350080,8.96484375,128.0,False
shared_e2e_rep_projected,42,42,4,0.0029077741783112288,0.024422815069556236,0.3237435519695282,13.255783620663948,74,encoder_output_representation,0.0029077741783112288,4.598196755978279e-05,4.598196755978279e-05,0.024422815069556236,0.6474871039390564,0.6474871039390564,False,0.0,3194880,12.1875,128.0,False
shared_e2e_rep_projected,42,42,4,0.000976961455307901,0.016041869297623634,0.31526046991348267,19.652352482399532,75,encoder_output_representation,0.000976961455307901,9.881705409497954e-06,9.881705409497954e-06,0.016041869297623634,0.6305209398269653,0.6305209398269653,False,0.0,2785280,10.625,128.0,False
shared_e2e_rep_projected,42,42,4,-0.005747195798903704,0.022191204130649567,0.28758007287979126,12.959191902642075,76,encoder_output_representation,-0.005747195798903704,-7.335431291721761e-05,-4.001776687800884e-11,0.022191204130649567,0.5751601457595825,0.5751506686210632,True,1.6450881958007812e-05,2350080,8.96484375,128.0,False
shared_e2e_rep_projected,42,42,4,0.011434657499194145,0.027425413951277733,0.6119406819343567,22.31290594269578,77,encoder_output_representation,0.011434657499194145,0.0003838094708044082,0.0003838094708044082,0.027425413951277733,1.2238813638687134,1.2238813638687134,False,0.0,2350080,8.96484375,128.0,False
shared_e2e_rep_projected,42,42,4,-0.006590173579752445,0.01908937096595764,0.4360923171043396,22.844771463765333,78,encoder_output_representation,-0.006590173579752445,-0.00010972280870191753,-6.184563972055912e-11,0.01908937096595764,0.8721846342086792,0.8721656799316406,True,2.1755695343017578e-05,2396160,9.140625,128.0,False
shared_e2e_rep_projected,42,42,4,0.0033634291030466557,0.02652614749968052,0.4308411777019501,16.242131568752647,79,encoder_output_representation,0.0033634291030466557,7.687827746849507e-05,7.687827746849507e-05,0.02652614749968052,0.8616823554039001,0.8616823554039001,False,0.0,2088960,7.96875,128.0,False
shared_e2e_rep_projected,42,42,4,0.0199141688644886,0.02231944352388382,0.5123677253723145,22.95611558702325,80,encoder_output_representation,0.0199141688644886,0.00045546740875579417,0.00045546740875579417,0.02231944352388382,1.024735450744629,1.024735450744629,False,0.0,2350080,8.96484375,128.0,False
shared_e2e_rep_projected,42,42,4,0.0038684734608978033,0.01650848425924778,0.22046758234500885,13.354804649706502,81,encoder_output_representation,0.0038684734608978033,2.815928019117564e-05,2.815928019117564e-05,0.01650848425924778,0.4409351646900177,0.4409351646900177,False,0.0,2088960,7.96875,128.0,False
shared_e2e_rep_projected,42,42,4,0.0015143943019211292,0.021452760323882103,0.39188826084136963,18.26749821117907,82,encoder_output_representation,0.0015143943019211292,2.5463283236604184e-05,2.5463283236604184e-05,0.021452760323882103,0.7837765216827393,0.7837765216827393,False,0.0,2611200,9.9609375,128.0,False
shared_e2e_rep_projected,42,42,4,-0.00322861154563725,0.01714271865785122,0.44855695962905884,26.166034021892063,83,encoder_output_representation,-0.00322861154563725,-4.96527245559264e-05,5.4569682106375694e-12,0.01714271865785122,0.8971139192581177,0.8971092104911804,True,5.245208740234375e-06,2785280,10.625,128.0,False
shared_e2e_rep_projected,42,42,4,-0.007479940075427294,0.01372270006686449,0.26240110397338867,19.121681789649788,84,encoder_output_representation,-0.007479940075427294,-5.386830889619887e-05,3.637978807091713e-12,0.01372270006686449,0.5248022079467773,0.5247875452041626,True,2.7954578399658203e-05,2088960,7.96875,128.0,False
shared_e2e_rep_projected,42,42,4,-0.0024079829454421997,0.012753643095493317,0.16794341802597046,13.168270177273165,85,encoder_output_representation,-0.0024079829454421997,-1.0315270628780127e-05,-1.8189894035458565e-12,0.012753643095493317,0.3358868360519409,0.3358858525753021,True,2.9206275939941406e-06,2611200,9.9609375,128.0,False
shared_e2e_rep_projected,42,42,4,0.006143488455563784,0.025071555748581886,0.4359284043312073,17.387369523563155,86,encoder_output_representation,0.006143488455563784,0.000134289322886616,0.000134289322886616,0.025071555748581886,0.8718568086624146,0.8718568086624146,False,0.0,3194880,12.1875,128.0,False
shared_e2e_rep_projected,42,42,4,0.0006732106558047235,0.029495926573872566,0.7295025587081909,24.732315388741945,87,encoder_output_representation,0.0006732106558047235,2.8971422580070794e-05,2.8971422580070794e-05,0.029495926573872566,1.4590051174163818,1.4590051174163818,False,0.0,3899904,14.876953125,128.0,False
shared_e2e_rep_projected,42,42,4,-0.0020905048586428165,0.013371325097978115,0.2295493483543396,17.167284967818926,88,encoder_output_representation,-0.0020905048586428165,-1.2833103028242476e-05,-6.366462912410498e-12,0.013371325097978115,0.4590986967086792,0.45909765362739563,True,2.2649765014648438e-06,2846720,10.859375,128.0,False
shared_e2e_rep_projected,42,42,4,0.0015701098600402474,0.02331274375319481,0.35947123169898987,15.419516274214933,89,encoder_output_representation,0.0015701098600402474,2.6315858121961355e-05,2.6315858121961355e-05,0.02331274375319481,0.7189424633979797,0.7189424633979797,False,0.0,3194880,12.1875,128.0,False
shared_e2e_rep_projected,42,42,4,0.005813410971313715,0.016260933130979538,0.36697137355804443,22.567670047108702,90,encoder_output_representation,0.005813410971313715,6.938070146134123e-05,6.938070146134123e-05,0.016260933130979538,0.7339427471160889,0.7339427471160889,False,0.0,2649600,10.107421875,128.0,False
shared_e2e_rep_projected,42,42,4,0.005727594718337059,0.011536316014826298,0.2058631330728531,17.84478968921109,91,encoder_output_representation,0.005727594718337059,2.720495467656292e-05,2.720495467656292e-05,0.011536316014826298,0.4117262661457062,0.4117262661457062,False,0.0,2350080,8.96484375,128.0,False
shared_e2e_rep_projected,42,42,4,-0.0019290386699140072,0.025167977437376976,0.4441402554512024,17.647038048898178,92,encoder_output_representation,-0.0019290386699140072,-4.312601959099993e-05,-1.4551915228366852e-11,0.025167977437376976,0.8882805109024048,0.8882788419723511,True,1.9073486328125e-06,2088960,7.96875,128.0,False
shared_e2e_rep_projected,42,42,4,0.0031871988903731108,0.016980983316898346,0.3013504445552826,17.746348308074637,93,encoder_output_representation,0.0031871988903731108,3.261923848185688e-05,3.261923848185688e-05,0.016980983316898346,0.6027008891105652,0.6027008891105652,False,0.0,2785280,10.625,128.0,False
shared_e2e_rep_projected,42,42,4,-0.0008237000438384712,0.025363212451338768,0.5589385628700256,22.037372590021526,94,encoder_output_representation,-0.0008237000438384712,-2.3354330551228486e-05,-2.7284841053187847e-12,0.025363212451338768,1.1178771257400513,1.1178767681121826,True,2.980232238769531e-07,2785280,10.625,128.0,False
shared_e2e_rep_projected,42,42,4,0.0007716784020885825,0.02499116025865078,0.6869556903839111,27.487947069048904,95,encoder_output_representation,0.0007716784020885825,2.6496070859138854e-05,2.6496070859138854e-05,0.02499116025865078,1.3739113807678223,1.3739113807678223,False,0.0,3239424,12.357421875,128.0,False
shared_e2e_rep_projected,42,42,4,0.0008559853304177523,0.035049159079790115,0.6853130459785461,19.552909797876097,96,encoder_output_representation,0.0008559853304177523,4.11209293815773e-05,4.11209293815773e-05,0.035049159079790115,1.3706260919570923,1.3706260919570923,False,0.0,2846720,10.859375,128.0,False
shared_e2e_rep_projected,42,42,4,-0.0021724076941609383,0.03225518763065338,0.696557343006134,21.595203567942292,97,encoder_output_representation,-0.0021724076941609383,-9.761752153281122e-05,-6.912159733474255e-11,0.03225518763065338,1.393114686012268,1.3931113481521606,True,2.384185791015625e-06,2611200,9.9609375,128.0,False
shared_e2e_rep_projected,42,42,4,-0.0018625706434249878,0.018590698018670082,0.37473228573799133,20.156977718731106,98,encoder_output_representation,-0.0018625706434249878,-2.595132536953315e-05,0.0,0.018590698018670082,0.7494645714759827,0.7494632601737976,True,1.7285346984863281e-06,2325504,8.87109375,128.0,False
shared_e2e_rep_projected,42,42,4,0.011110926046967506,0.023467959836125374,0.48025980591773987,20.46448899995357,99,encoder_output_representation,0.011110926046967506,0.00025045621441677213,0.00025045621441677213,0.023467959836125374,0.9605196118354797,0.9605196118354797,False,0.0,3133440,11.953125,128.0,False
shared_e2e_rep_projected,42,42,4,-0.0034990564454346895,0.018186673521995544,0.2884955406188965,15.863018614700525,100,encoder_output_representation,-0.0034990564454346895,-3.671751983347349e-05,-1.4551915228366852e-11,0.018186673521995544,0.576991081237793,0.5769875645637512,True,6.079673767089844e-06,2088960,7.96875,128.0,False
shared_e2e_rep_projected,42,42,4,0.0005438910447992384,0.025661587715148926,0.4939676523208618,19.24930202308782,101,encoder_output_representation,0.0005438910447992384,1.3788720025331713e-05,1.3788720025331713e-05,0.025661587715148926,0.9879353046417236,0.9879353046417236,False,0.0,2396160,9.140625,128.0,False
shared_e2e_rep_projected,42,42,4,-3.895869667758234e-06,0.013316892087459564,0.263193279504776,19.763866657192747,102,encoder_output_representation,-3.895869667758234e-06,-2.7309397410135716e-08,-5.115907697472721e-12,0.013316892087459564,0.526386559009552,0.526386559009552,True,0.0,2088960,7.96875,128.0,False
shared_e2e_rep_projected,42,42,4,0.007688048295676708,0.01988253928720951,0.5094850659370422,25.62474835720784,103,encoder_output_representation,0.007688048295676708,0.000155757661559619,0.000155757661559619,0.01988253928720951,1.0189701318740845,1.0189701318740845,False,0.0,2350080,8.96484375,128.0,False
shared_e2e_rep_projected,42,42,4,-0.001201705657877028,0.016404099762439728,0.30860868096351624,18.812899545401073,104,encoder_output_representation,-0.001201705657877028,-1.2167142813268583e-05,-6.366462912410498e-12,0.016404099762439728,0.6172173619270325,0.617216944694519,True,6.556510925292969e-07,2350080,8.96484375,128.0,False
shared_e2e_rep_projected,42,42,4,-0.014469297602772713,0.03140205144882202,0.457976758480072,14.58429425308301,105,encoder_output_representation,-0.014469297602772713,-0.00041617779061198235,-2.9103830456733704e-11,0.03140205144882202,0.915953516960144,0.9158576726913452,True,0.00010466575622558594,2350080,8.96484375,128.0,False
shared_e2e_rep_projected,42,42,4,-0.0007196613005362451,0.024261632934212685,0.41471055150032043,17.0932662539591,106,encoder_output_representation,-0.0007196613005362451,-1.448182410968002e-05,2.2737367544323206e-12,0.024261632934212685,0.8294211030006409,0.8294209241867065,True,2.384185791015625e-07,2350080,8.96484375,128.0,False
shared_e2e_rep_projected,42,42,4,-0.0033010595943778753,0.028642917051911354,0.3699376583099365,12.915502203894782,107,encoder_output_representation,-0.0033010595943778753,-6.99566735420376e-05,-7.275957614183426e-11,0.028642917051911354,0.739875316619873,0.7398713231086731,True,5.424022674560547e-06,2350080,8.96484375,128.0,False
shared_e2e_rep_projected,42,42,4,0.009829258546233177,0.021997667849063873,0.6693266034126282,30.42716200668117,108,encoder_output_representation,0.009829258546233177,0.00028944460791535676,0.00028944460791535676,0.021997667849063873,1.3386532068252563,1.3386532068252563,False,0.0,3194880,12.1875,128.0,False
shared_e2e_rep_projected,42,42,4,-0.005291733890771866,0.019594866782426834,0.3963797390460968,20.228753961296643,109,encoder_output_representation,-0.005291733890771866,-8.220187737606466e-05,-5.820766091346741e-11,0.019594866782426834,0.7927594780921936,0.7927483916282654,True,1.4007091522216797e-05,2350080,8.96484375,128.0,False
shared_e2e_rep_projected,42,42,4,3.420383291086182e-05,0.017842205241322517,0.4358384311199188,24.427385809379533,110,encoder_output_representation,3.420383291086182e-05,5.319598130881786e-07,5.319598130881786e-07,0.017842205241322517,0.8716768622398376,0.8716768622398376,False,0.0,2088960,7.96875,128.0,False
shared_e2e_rep_projected,42,42,4,0.007881253957748413,0.02263341099023819,0.3931458294391632,17.37015377879752,111,encoder_output_representation,0.007881253957748413,0.00014025844575371593,0.00014025844575371593,0.02263341099023819,0.7862916588783264,0.7862916588783264,False,0.0,2350080,8.96484375,128.0,False
shared_e2e_rep_projected,42,42,4,-0.003863283433020115,0.024969181045889854,0.296214759349823,11.863214848954069,112,encoder_output_representation,-0.003863283433020115,-5.714754297514446e-05,-2.546585164964199e-11,0.024969181045889854,0.592429518699646,0.5924250483512878,True,7.569789886474609e-06,2350080,8.96484375,128.0,False
shared_e2e_rep_projected,42,42,4,0.00019593325851019472,0.020991051569581032,0.4389088749885559,20.909332414036665,113,encoder_output_representation,0.00019593325851019472,3.6103283491684124e-06,3.6103283491684124e-06,0.020991051569581032,0.8778177499771118,0.8778177499771118,False,0.0,2785280,10.625,128.0,False
shared_e2e_rep_projected,42,42,4,0.017713040113449097,0.029795914888381958,0.36769625544548035,12.340492205824253,114,encoder_output_representation,0.017713040113449097,0.0003881226875819266,0.0003881226875819266,0.029795914888381958,0.7353925108909607,0.7353925108909607,False,0.0,2396160,9.140625,128.0,False
shared_e2e_rep_projected,42,42,4,0.005863477475941181,0.019480491057038307,0.28559163212776184,14.660391839792842,115,encoder_output_representation,0.005863477475941181,6.524250784423202e-05,6.524250784423202e-05,0.019480491057038307,0.5711832642555237,0.5711832642555237,False,0.0,2325504,8.87109375,128.0,False
shared_e2e_rep_projected,42,42,4,-0.0023207871709018946,0.019780348986387253,0.307892769575119,15.565588341591416,116,encoder_output_representation,-0.0023207871709018946,-2.826823947543744e-05,-1.0913936421275139e-11,0.019780348986387253,0.615785539150238,0.6157838106155396,True,2.8014183044433594e-06,2088960,7.96875,128.0,False
shared_e2e_rep_projected,42,42,4,0.0010406745132058859,0.02586340717971325,0.4951431155204773,19.144543179479378,117,encoder_output_representation,0.0010406745132058859,2.6653939130483195e-05,2.6653939130483195e-05,0.02586340717971325,0.9902862310409546,0.9902862310409546,False,0.0,2846720,10.859375,128.0,False
shared_e2e_rep_projected,42,42,4,-0.0004521631926763803,0.014861080795526505,0.18486016988754272,12.439214376870186,118,encoder_output_representation,-0.0004521631926763803,-2.4843852770572994e-06,-1.546140993013978e-11,0.014861080795526505,0.36972033977508545,0.3697202801704407,True,1.7881393432617188e-07,2088960,7.96875,128.0,False
shared_e2e_rep_projected,42,42,4,-0.00020143037545494735,0.02298378199338913,0.6433566808700562,27.99176745824974,119,encoder_output_representation,-0.00020143037545494735,-5.957009307167027e-06,-1.77351466845721e-11,0.02298378199338913,1.2867133617401123,1.2867132425308228,True,1.1920928955078125e-07,2350080,8.96484375,128.0,False
shared_e2e_rep_projected,42,42,4,0.0024350080639123917,0.016914354637265205,0.38928940892219543,23.015327351865057,120,encoder_output_representation,0.0024350080639123917,3.206700785085559e-05,3.206700785085559e-05,0.016914354637265205,0.7785788178443909,0.7785788178443909,False,0.0,2350080,8.96484375,128.0,False
shared_e2e_rep_projected,42,42,4,0.00950536597520113,0.019478188827633858,0.27544230222702026,14.141063353706077,121,encoder_output_representation,0.00950536597520113,0.0001019948031171225,0.0001019948031171225,0.019478188827633858,0.5508846044540405,0.5508846044540405,False,0.0,2350080,8.96484375,128.0,False
shared_e2e_rep_projected,42,42,4,3.6281144275562838e-06,0.02615632675588131,0.5643218159675598,21.574964299628608,122,encoder_output_representation,3.6281144275562838e-06,1.0710618880693801e-07,1.0710618880693801e-07,0.02615632675588131,1.1286436319351196,1.1286436319351196,False,0.0,2088960,7.96875,128.0,False
shared_e2e_rep_projected,42,42,4,0.003784524742513895,0.023121584206819534,0.39514610171318054,17.089923345158816,123,encoder_output_representation,0.003784524742513895,6.91538953105919e-05,6.91538953105919e-05,0.023121584206819534,0.7902922034263611,0.7902922034263611,False,0.0,2088960,7.96875,128.0,False
shared_e2e_rep_projected,42,42,4,0.024692486971616745,0.015053700655698776,0.257683128118515,17.117593474994848,124,encoder_output_representation,0.024692486971616745,0.00019156849884893745,0.00019156849884893745,0.015053700655698776,0.51536625623703,0.51536625623703,False,0.0,2350080,8.96484375,128.0,False
shared_e2e_rep_projected,42,42,4,0.003689958481118083,0.0250250194221735,0.5052804946899414,20.19101308837491,125,encoder_output_representation,0.003689958481118083,9.33164992602542e-05,9.33164992602542e-05,0.0250250194221735,1.0105609893798828,1.0105609893798828,False,0.0,2350080,8.96484375,128.0,False
shared_e2e_rep_projected,42,42,4,0.003963162191212177,0.02068401128053665,0.47999268770217896,23.205976886787184,126,encoder_output_representation,0.003963162191212177,7.869393448345363e-05,7.869393448345363e-05,0.02068401128053665,0.9599853754043579,0.9599853754043579,False,0.0,2420736,9.234375,128.0,False
shared_e2e_rep_projected,42,42,4,0.000550801632925868,0.025166427716612816,0.5108257532119751,20.297904770758137,127,encoder_output_representation,0.000550801632925868,1.4161835679260548e-05,1.4161835679260548e-05,0.025166427716612816,1.0216515064239502,1.0216515064239502,False,0.0,2088960,7.96875,128.0,False
shared_e2e_rep_projected,42,42,4,0.017865197733044624,0.02690466120839119,0.7820321321487427,29.06678980610385,128,encoder_output_representation,0.017865197733044624,0.000751778541598469,0.000751778541598469,0.02690466120839119,1.5640642642974854,1.5640642642974854,False,0.0,2457600,9.375,128.0,False
shared_e2e_rep_projected,42,42,4,-0.003306748578324914,0.01634935475885868,0.20947310328483582,12.812316227423935,129,encoder_output_representation,-0.003306748578324914,-2.264957583975047e-05,-2.6147972675971687e-12,0.01634935475885868,0.41894620656967163,0.4189438819885254,True,5.543231964111328e-06,3133440,11.953125,128.0,False
shared_e2e_rep_projected,42,42,4,0.0002480746479704976,0.030722223222255707,0.706445574760437,22.994611088193505,130,encoder_output_representation,0.0002480746479704976,1.0768215361167677e-05,1.0768215361167677e-05,0.030722223222255707,1.412891149520874,1.412891149520874,False,0.0,3133440,11.953125,128.0,False
shared_e2e_rep_projected,42,42,4,0.0018125000642612576,0.026028143242001534,0.46122318506240845,17.720172383181527,131,encoder_output_representation,0.0018125000642612576,4.351734241936356e-05,4.351734241936356e-05,0.026028143242001534,0.9224463701248169,0.9224463701248169,False,0.0,1698816,6.48046875,128.0,False
shared_e2e_rep_projected,42,42,4,0.004313744138926268,0.010136653669178486,0.13899117708206177,13.711741726431713,132,encoder_output_representation,0.004313744138926268,1.2155314834672026e-05,1.2155314834672026e-05,0.010136653669178486,0.27798235416412354,0.27798235416412354,False,0.0,2088960,7.96875,128.0,False
shared_e2e_rep_projected,42,42,4,0.00481742387637496,0.016895122826099396,0.41229936480522156,24.403454715837054,133,encoder_output_representation,0.00481742387637496,6.711488822475076e-05,6.711488822475076e-05,0.016895122826099396,0.8245987296104431,0.8245987296104431,False,0.0,2088960,7.96875,128.0,False
shared_e2e_rep_projected,42,42,4,0.002631786512210965,0.021773507818579674,0.37319517135620117,17.139873577823227,134,encoder_output_representation,0.002631786512210965,4.277057450963184e-05,4.277057450963184e-05,0.021773507818579674,0.7463903427124023,0.7463903427124023,False,0.0,2939904,11.21484375,128.0,False
shared_e2e_rep_projected,42,42,4,-0.00018469976203050464,0.025117937475442886,0.5597285032272339,22.284015308759525,135,encoder_output_representation,-0.00018469976203050464,-5.19347122462932e-06,-6.139089236967266e-12,0.025117937475442886,1.1194570064544678,1.1194568872451782,True,1.1920928955078125e-07,2457600,9.375,128.0,False
shared_e2e_rep_projected,42,42,4,-0.001977360574528575,0.01502256840467453,0.3485325574874878,23.20059713484386,136,encoder_output_representation,-0.001977360574528575,-2.070634400297422e-05,-1.8189894035458565e-12,0.01502256840467453,0.6970651149749756,0.6970637440681458,True,1.9669532775878906e-06,2325504,8.87109375,128.0,False
shared_e2e_rep_projected,42,42,4,0.0015980916796252131,0.03152730315923691,0.6271277070045471,19.891574735621194,137,encoder_output_representation,0.0015980916796252131,6.319380190689117e-05,6.319380190689117e-05,0.03152730315923691,1.2542554140090942,1.2542554140090942,False,0.0,2350080,8.96484375,128.0,False
shared_e2e_rep_projected,42,42,4,-0.001044834265485406,0.020692845806479454,0.41494354605674744,20.052512348341093,138,encoder_output_representation,-0.001044834265485406,-1.7942653357749805e-05,-1.1823431123048067e-11,0.020692845806479454,0.8298870921134949,0.8298866748809814,True,4.76837158203125e-07,2088960,7.96875,128.0,False
shared_e2e_rep_projected,42,42,4,-0.0003172416181769222,0.030727792531251907,0.8970615863800049,29.193818119789842,139,encoder_output_representation,-0.0003172416181769222,-1.7489353922428563e-05,2.7284841053187847e-12,0.030727792531251907,1.7941231727600098,1.7941229343414307,True,1.1920928955078125e-07,2785280,10.625,128.0,False
shared_e2e_rep_projected,42,42,4,0.000997707829810679,0.02162843383848667,0.28656765818595886,13.249579711871077,140,encoder_output_representation,0.000997707829810679,1.2367605449981056e-05,1.2367605449981056e-05,0.02162843383848667,0.5731353163719177,0.5731353163719177,False,0.0,2350080,8.96484375,128.0,False
shared_e2e_rep_projected,42,42,4,-0.014713400974869728,0.027685215696692467,0.7943804860115051,28.693310347096528,141,encoder_output_representation,-0.014713400974869728,-0.0006471717497333884,-1.4551915228366852e-10,0.027685215696692467,1.5887609720230103,1.5885889530181885,True,0.00010830163955688477,2785280,10.625,128.0,False
shared_e2e_rep_projected,42,42,4,0.025959022343158722,0.025034669786691666,0.4044075906276703,16.153901532292302,142,encoder_output_representation,0.025959022343158722,0.0005256292060948908,0.0005256292060948908,0.025034669786691666,0.8088151812553406,0.8088151812553406,False,0.0,2088960,7.96875,128.0,False
shared_e2e_rep_projected,42,42,4,0.01707645319402218,0.02693786285817623,0.38172560930252075,14.170597397137563,143,encoder_output_representation,0.01707645319402218,0.00035118995583616197,0.00035118995583616197,0.02693786285817623,0.7634512186050415,0.7634512186050415,False,0.0,2350080,8.96484375,128.0,False
shared_e2e_rep_projected,42,42,4,0.012753919698297977,0.017954019829630852,0.30019092559814453,16.719984073021752,144,encoder_output_representation,0.012753919698297977,0.0001374779239995405,0.0001374779239995405,0.017954019829630852,0.6003818511962891,0.6003818511962891,False,0.0,2903040,11.07421875,128.0,False
shared_e2e_rep_projected,42,42,4,0.004647193476557732,0.023007581010460854,0.47425392270088196,20.612941555448746,145,encoder_output_representation,0.004647193476557732,0.00010141510574612767,0.00010141510574612767,0.023007581010460854,0.9485078454017639,0.9485078454017639,False,0.0,2703360,10.3125,128.0,False
shared_e2e_rep_projected,42,42,4,-0.001379920868203044,0.0234462209045887,0.5800513029098511,24.7396501666641,146,encoder_output_representation,-0.001379920868203044,-3.753387863980606e-05,-1.1823431123048067e-11,0.0234462209045887,1.1601026058197021,1.1601015329360962,True,9.5367431640625e-07,2785280,10.625,128.0,False
shared_e2e_rep_projected,42,42,4,-0.02283017709851265,0.02299029938876629,0.5387237071990967,23.432652967639577,147,encoder_output_representation,-0.02283017709851265,-0.0005655226414091885,-1.4551915228366852e-11,0.02299029938876629,1.0774474143981934,1.0771666765213013,True,0.0002605319023132324,2088960,7.96875,128.0,False
shared_e2e_rep_projected,42,42,4,0.004493976477533579,0.022507907822728157,0.41324156522750854,18.35983906110648,148,encoder_output_representation,0.004493976477533579,8.35987739264965e-05,8.35987739264965e-05,0.022507907822728157,0.8264831304550171,0.8264831304550171,False,0.0,2611200,9.9609375,128.0,False
shared_e2e_rep_projected,42,42,4,0.0030205980874598026,0.011943158693611622,0.21116194128990173,17.680577367095687,149,encoder_output_representation,0.0030205980874598026,1.5235536920954473e-05,1.5235536920954473e-05,0.011943158693611622,0.42232388257980347,0.42232388257980347,False,0.0,2350080,8.96484375,128.0,False
shared_e2e_rep_projected,42,42,4,0.005483418237417936,0.014680417254567146,0.24145911633968353,16.44770118945798,150,encoder_output_representation,0.005483418237417936,3.887437196681276e-05,3.887437196681276e-05,0.014680417254567146,0.48291823267936707,0.48291823267936707,False,0.0,2088960,7.96875,128.0,False
shared_e2e_rep_projected,42,42,4,-0.001064987387508154,0.016649408265948296,0.32603973150253296,19.582661815636772,151,encoder_output_representation,-0.001064987387508154,-1.1562287909328006e-05,-9.549694368615746e-12,0.016649408265948296,0.6520794630050659,0.6520790457725525,True,6.556510925292969e-07,3133440,11.953125,128.0,False
shared_e2e_rep_projected,42,42,4,0.003200254403054714,0.027110522612929344,0.30168402194976807,11.127930887097367,152,encoder_output_representation,0.003200254403054714,5.234855416347273e-05,5.234855416347273e-05,0.027110522612929344,0.6033680438995361,0.6033680438995361,False,0.0,2350080,8.96484375,128.0,False
shared_e2e_rep_projected,42,42,4,-0.003116345964372158,0.025212958455085754,0.8843891620635986,35.076770686750045,153,encoder_output_representation,-0.003116345964372158,-0.00013897698954679072,-2.1827872842550278e-11,0.025212958455085754,1.7687783241271973,1.7687697410583496,True,4.827976226806641e-06,2350080,8.96484375,128.0,False
shared_e2e_rep_projected,42,42,4,-0.013301686383783817,0.028992393985390663,0.6183369755744934,21.32755838948915,154,encoder_output_representation,-0.013301686383783817,-0.0004769205115735531,-2.0372681319713593e-10,0.028992393985390663,1.2366739511489868,1.2365645170211792,True,8.851289749145508e-05,2785280,10.625,128.0,False
shared_e2e_rep_projected,42,42,4,0.0023262612521648407,0.019186411052942276,0.45112332701683044,23.512647872080784,155,encoder_output_representation,0.0023262612521648407,4.026961687486619e-05,4.026961687486619e-05,0.019186411052942276,0.9022466540336609,0.9022466540336609,False,0.0,2580480,9.84375,128.0,False
shared_e2e_rep_projected,42,42,4,0.012302277609705925,0.024250807240605354,0.6423215866088867,26.486606414214066,156,encoder_output_representation,0.012302277609705925,0.00038326065987348557,0.00038326065987348557,0.024250807240605354,1.2846431732177734,1.2846431732177734,False,0.0,2482176,9.46875,128.0,False
shared_e2e_rep_projected,42,42,4,0.005580712575465441,0.023174086585640907,0.47126829624176025,20.33600308258824,157,encoder_output_representation,0.005580712575465441,0.00012189629342174158,0.00012189629342174158,0.023174086585640907,0.9425365924835205,0.9425365924835205,False,0.0,2088960,7.96875,128.0,False
shared_e2e_rep_projected,42,42,4,-4.148820153204724e-05,0.04725228250026703,0.504411518573761,10.674860385229232,158,encoder_output_representation,-4.148820153204724e-05,-1.9777089619310573e-06,-1.000444171950221e-11,0.04725228250026703,1.008823037147522,1.008823037147522,True,0.0,3018752,11.515625,128.0,False
shared_e2e_rep_projected,42,42,4,-0.0003623860829975456,0.027566375210881233,0.6798539161682129,24.662434250690136,159,encoder_output_representation,-0.0003623860829975456,-1.3583034160546958e-05,-1.8189894035458565e-12,0.027566375210881233,1.3597078323364258,1.3597077131271362,True,5.960464477539063e-08,3488256,13.306640625,128.0,False
shared_e2e_rep_projected,42,42,4,-0.0014267172664403915,0.028771746903657913,0.8252480626106262,28.682584528981373,160,encoder_output_representation,-0.0014267172664403915,-6.775146175641567e-05,-6.366462912410498e-11,0.028771746903657913,1.6504961252212524,1.6504944562911987,True,1.0132789611816406e-06,2088960,7.96875,128.0,False
shared_e2e_rep_projected,42,42,4,0.00734055507928133,0.028362013399600983,0.5943978428840637,20.957533391914488,161,encoder_output_representation,0.00734055507928133,0.00024749882868491113,0.00024749882868491113,0.028362013399600983,1.1887956857681274,1.1887956857681274,False,0.0,2350080,8.96484375,128.0,False
shared_e2e_rep_projected,42,42,4,-0.007950798608362675,0.016351133584976196,0.32386088371276855,19.806631878436825,162,encoder_output_representation,-0.007950798608362675,-8.420679660048336e-05,-7.275957614183426e-12,0.016351133584976196,0.6477217674255371,0.6477012634277344,True,3.165006637573242e-05,2288640,8.73046875,128.0,False
shared_e2e_rep_projected,42,42,4,0.0013557733036577702,0.02928413264453411,0.29769521951675415,10.165751642035367,163,encoder_output_representation,0.0013557733036577702,2.363857493037358e-05,2.363857493037358e-05,0.02928413264453411,0.5953904390335083,0.5953904390335083,False,0.0,2437120,9.296875,128.0,False
shared_e2e_rep_projected,42,42,4,-0.005195638630539179,0.026110202074050903,0.636454164981842,24.37568898075933,164,encoder_output_representation,-0.005195638630539179,-0.00017268168448936194,-5.820766091346741e-11,0.026110202074050903,1.272908329963684,1.2728911638259888,True,1.3470649719238281e-05,3133440,11.953125,128.0,False
shared_e2e_rep_projected,42,42,4,0.0017775754677131772,0.023185839876532555,0.6706084609031677,28.923190381467315,165,encoder_output_representation,0.0017775754677131772,5.5277690989896655e-05,5.5277690989896655e-05,0.023185839876532555,1.3412169218063354,1.3412169218063354,False,0.0,3133440,11.953125,128.0,False
shared_e2e_rep_projected,42,42,4,0.003215158125385642,0.018383095040917397,0.28407609462738037,15.453115701957646,166,encoder_output_representation,0.003215158125385642,3.358038156875409e-05,3.358038156875409e-05,0.018383095040917397,0.5681521892547607,0.5681521892547607,False,0.0,2325504,8.87109375,128.0,False
shared_e2e_rep_projected,42,42,4,-0.0008064928115345538,0.02346157841384411,0.3912840485572815,16.67765235805253,167,encoder_output_representation,-0.0008064928115345538,-1.4807435945840552e-05,-7.275957614183426e-12,0.02346157841384411,0.782568097114563,0.7825678586959839,True,2.980232238769531e-07,2846720,10.859375,128.0,False
shared_e2e_rep_projected,42,42,4,0.0023356322199106216,0.023190947249531746,0.5676418542861938,24.47687229755806,168,encoder_output_representation,0.0023356322199106216,6.149323598947376e-05,6.149323598947376e-05,0.023190947249531746,1.1352837085723877,1.1352837085723877,False,0.0,3133440,11.953125,128.0,False
shared_e2e_rep_projected,42,42,4,0.003612382570281625,0.01971760392189026,0.4655548632144928,23.611127653174893,169,encoder_output_representation,0.003612382570281625,6.63206446915865e-05,6.63206446915865e-05,0.01971760392189026,0.9311097264289856,0.9311097264289856,False,0.0,3194880,12.1875,128.0,False
shared_e2e_rep_projected,42,42,4,-0.005549044348299503,0.02984141930937767,0.6308279633522034,21.139341825942093,170,encoder_output_representation,-0.005549044348299503,-0.00020891931490041316,-3.637978807091713e-11,0.02984141930937767,1.2616559267044067,1.26163649559021,True,1.537799835205078e-05,2088960,7.96875,128.0,False
shared_e2e_rep_projected,42,42,4,0.01293119415640831,0.023638365790247917,0.41478458046913147,17.547092051526345,171,encoder_output_representation,0.01293119415640831,0.0002535763196647167,0.0002535763196647167,0.023638365790247917,0.8295691609382629,0.8295691609382629,False,0.0,3194880,12.1875,128.0,False
shared_e2e_rep_projected,42,42,4,-0.016632167622447014,0.028079736977815628,0.8675786852836609,30.896966234729714,172,encoder_output_representation,-0.016632167622447014,-0.000810365192592144,0.0,0.028079736977815628,1.7351573705673218,1.7349172830581665,True,0.00013834238052368164,3133440,11.953125,128.0,False
shared_e2e_rep_projected,42,42,4,0.00828365795314312,0.026321053504943848,0.47243061661720276,17.948773081155995,173,encoder_output_representation,0.00828365795314312,0.00020601245341822505,0.00020601245341822505,0.026321053504943848,0.9448612332344055,0.9448612332344055,False,0.0,2396160,9.140625,128.0,False
shared_e2e_rep_projected,42,42,4,-0.003005947917699814,0.0265294648706913,0.3832550346851349,14.446391457693512,174,encoder_output_representation,-0.003005947917699814,-6.112625851528719e-05,-2.9103830456733704e-11,0.0265294648706913,0.7665100693702698,0.7665066123008728,True,4.5299530029296875e-06,2350080,8.96484375,128.0,False
shared_e2e_rep_projected,42,42,4,0.001821831683628261,0.026624564081430435,0.3999331295490265,15.02120854733407,175,encoder_output_representation,0.001821831683628261,3.879789437633008e-05,3.879789437633008e-05,0.026624564081430435,0.799866259098053,0.799866259098053,False,0.0,2396160,9.140625,128.0,False
shared_e2e_rep_projected,42,42,4,0.00390635384246707,0.017762744799256325,0.323654443025589,18.220970164427484,176,encoder_output_representation,0.00390635384246707,4.491518848226406e-05,4.491518848226406e-05,0.017762744799256325,0.647308886051178,0.647308886051178,False,0.0,2350080,8.96484375,128.0,False
shared_e2e_rep_projected,42,42,4,0.00026314001297578216,0.026260528713464737,0.7846428751945496,29.8791727979275,177,encoder_output_representation,0.00026314001297578216,1.084407267626375e-05,1.084407267626375e-05,0.026260528713464737,1.5692857503890991,1.5692857503890991,False,0.0,3133440,11.953125,128.0,False
shared_e2e_rep_projected,42,42,4,0.00402939785271883,0.021797213703393936,0.5515114068984985,25.301922273332828,178,encoder_output_representation,0.00402939785271883,9.687810234026983e-05,9.687810234026983e-05,0.021797213703393936,1.103022813796997,1.103022813796997,False,0.0,2785280,10.625,128.0,False
shared_e2e_rep_projected,42,42,4,-0.021424882113933563,0.019172808155417442,0.35335850715637207,18.430190522535824,179,encoder_output_representation,-0.021424882113933563,-0.00029030180303379893,2.1827872842550278e-11,0.019172808155417442,0.7067170143127441,0.7065547704696655,True,0.0002295970916748047,2088960,7.96875,128.0,False
shared_e2e_rep_projected,42,42,4,0.014042348600924015,0.028761334717273712,0.44114238023757935,15.338035754391973,180,encoder_output_representation,0.014042348600924015,0.0003563342324923724,0.0003563342324923724,0.028761334717273712,0.8822847604751587,0.8822847604751587,False,0.0,2350080,8.96484375,128.0,False
shared_e2e_rep_projected,42,42,4,-0.007779703475534916,0.02293047495186329,0.34264901280403137,14.942953145250414,181,encoder_output_representation,-0.007779703475534916,-0.00012225189129821956,-2.1827872842550278e-11,0.02293047495186329,0.6852980256080627,0.6852772831916809,True,3.0279159545898438e-05,2350080,8.96484375,128.0,False
shared_e2e_rep_projected,42,42,4,-0.009443185292184353,0.027774682268500328,0.5921072363853455,21.318236178595747,182,encoder_output_representation,-0.009443185292184353,-0.00031059750472195446,4.3655745685100555e-11,0.027774682268500328,1.184214472770691,1.1841617822647095,True,4.4465065002441406e-05,2396160,9.140625,128.0,False
shared_e2e_rep_projected,42,42,4,0.0014598919078707695,0.017864182591438293,0.37786436080932617,21.15206552973904,183,encoder_output_representation,0.0014598919078707695,1.97092358575901e-05,1.97092358575901e-05,0.017864182591438293,0.7557287216186523,0.7557287216186523,False,0.0,2088960,7.96875,128.0,False
shared_e2e_rep_projected,42,42,4,0.010340102948248386,0.016048554331064224,0.2563651502132416,15.974345409854825,184,encoder_output_representation,0.010340102948248386,8.508437167620286e-05,8.508437167620286e-05,0.016048554331064224,0.5127303004264832,0.5127303004264832,False,0.0,2088960,7.96875,128.0,False
shared_e2e_rep_projected,42,42,4,-0.0030387684237211943,0.01888238824903965,0.3808918297290802,20.17180373083644,185,encoder_output_representation,-0.0030387684237211943,-4.371054092189297e-05,-1.4097167877480388e-11,0.01888238824903965,0.7617836594581604,0.7617801427841187,True,4.589557647705078e-06,2350080,8.96484375,128.0,False
shared_e2e_rep_projected,42,42,4,0.0013834048295393586,0.01731317862868309,0.3355443477630615,19.380863269507223,186,encoder_output_representation,0.0013834048295393586,1.607333615538664e-05,1.607333615538664e-05,0.01731317862868309,0.671088695526123,0.671088695526123,False,0.0,2088960,7.96875,128.0,False
shared_e2e_rep_projected,42,42,4,0.0017713535344228148,0.028124291449785233,0.4026300013065338,14.316094043663755,187,encoder_output_representation,0.0017713535344228148,4.01164943468757e-05,4.01164943468757e-05,0.028124291449785233,0.8052600026130676,0.8052600026130676,False,0.0,2350080,8.96484375,128.0,False
shared_e2e_rep_projected,42,42,4,-0.0072016287595033646,0.031174780800938606,0.2700809836387634,8.663444511873902,188,encoder_output_representation,-0.0072016287595033646,-0.0001212713323184289,-3.637978807091713e-11,0.031174780800938606,0.5401619672775269,0.5401479601860046,True,2.5928020477294922e-05,2088960,7.96875,128.0,False
shared_e2e_rep_projected,42,42,4,0.00015452282968908548,0.025183742865920067,0.4033743143081665,16.017250352966133,189,encoder_output_representation,0.00015452282968908548,3.139432465104619e-06,3.139432465104619e-06,0.025183742865920067,0.806748628616333,0.806748628616333,False,0.0,3133440,11.953125,128.0,False
shared_e2e_rep_projected,42,42,4,0.012075042352080345,0.02595636434853077,0.26455003023147583,10.1921065168917,190,encoder_output_representation,0.012075042352080345,0.00016583275282755494,0.00016583275282755494,0.02595636434853077,0.5291000604629517,0.5291000604629517,False,0.0,2350080,8.96484375,128.0,False
shared_e2e_rep_projected,42,42,4,0.002130272798240185,0.031632356345653534,0.4098472595214844,12.956583285892318,191,encoder_output_representation,0.002130272798240185,5.523556683328934e-05,5.523556683328934e-05,0.031632356345653534,0.8196945190429688,0.8196945190429688,False,0.0,2088960,7.96875,128.0,False
shared_e2e_rep_projected,42,42,4,-0.006900231819599867,0.020525194704532623,0.3791004717350006,18.470006116496574,192,encoder_output_representation,-0.006900231819599867,-0.0001073829407687299,-1.0913936421275139e-11,0.020525194704532623,0.7582009434700012,0.7581828832626343,True,2.384185791015625e-05,2088960,7.96875,128.0,False
shared_e2e_rep_projected,42,42,4,0.004523503594100475,0.030865853652358055,0.38481831550598145,12.467444440065973,193,encoder_output_representation,0.004523503594100475,0.00010745805047918111,0.00010745805047918111,0.030865853652358055,0.7696366310119629,0.7696366310119629,False,0.0,2088960,7.96875,128.0,False
shared_e2e_rep_projected,42,42,4,0.0015800910769030452,0.016183972358703613,0.34765100479125977,21.48119121102526,194,encoder_output_representation,0.0015800910769030452,1.7780368580133654e-05,1.7780368580133654e-05,0.016183972358703613,0.6953020095825195,0.6953020095825195,False,0.0,2325504,8.87109375,128.0,False
shared_e2e_rep_projected,42,42,4,0.013688642531633377,0.020282071083784103,0.33311378955841064,16.424051970942028,195,encoder_output_representation,0.013688642531633377,0.00018496744451113045,0.00018496744451113045,0.020282071083784103,0.6662275791168213,0.6662275791168213,False,0.0,2088960,7.96875,128.0,False
shared_e2e_rep_projected,42,42,4,0.007568015716969967,0.01980624534189701,0.2705174386501312,13.658188817740935,196,encoder_output_representation,0.007568015716969967,8.109786722343415e-05,8.109786722343415e-05,0.01980624534189701,0.5410348773002625,0.5410348773002625,False,0.0,2531328,9.65625,128.0,False
shared_e2e_rep_projected,42,42,4,0.00254605314694345,0.01700512319803238,0.21398548781871796,12.583589388136728,197,encoder_output_representation,0.00254605314694345,1.85294084076304e-05,1.85294084076304e-05,0.01700512319803238,0.4279709756374359,0.4279709756374359,False,0.0,2396160,9.140625,128.0,False
shared_e2e_rep_projected,42,42,4,-0.0007660137489438057,0.016496440395712852,0.3894032835960388,23.605291460164835,198,encoder_output_representation,-0.0007660137489438057,-9.841389328357764e-06,-4.274625098332763e-11,0.016496440395712852,0.7788065671920776,0.7788063287734985,True,2.980232238769531e-07,2135040,8.14453125,128.0,False
shared_e2e_rep_projected,42,42,4,0.008538462221622467,0.03268008306622505,0.3144179880619049,9.621089010843326,199,encoder_output_representation,0.008538462221622467,0.00017546891467645764,0.00017546891467645764,0.03268008306622505,0.6288359761238098,0.6288359761238098,False,0.0,2396160,9.140625,128.0,False
shared_e2e_rep_projected,42,42,5,0.00043838267447426915,0.022682171314954758,0.5006445646286011,22.072162213963935,0,encoder_output_representation,0.00043838267447426915,9.956289432011545e-06,9.956289432011545e-06,0.022682171314954758,1.0012891292572021,1.0012891292572021,False,0.0,2350080,8.96484375,128.0,False
shared_e2e_rep_projected,42,42,5,0.01610482856631279,0.038322459906339645,0.5588456392288208,14.582718348316975,1,encoder_output_representation,0.01610482856631279,0.0006898129358887672,0.0006898129358887672,0.038322459906339645,1.1176912784576416,1.1176912784576416,False,0.0,2701824,10.306640625,128.0,False
shared_e2e_rep_projected,42,42,5,-0.0012112065451219678,0.02207314595580101,0.3341774046421051,15.139545822387879,2,encoder_output_representation,-0.0012112065451219678,-1.7868558643385768e-05,-5.4569682106375694e-12,0.02207314595580101,0.6683548092842102,0.6683542728424072,True,7.748603820800781e-07,2396160,9.140625,128.0,False
shared_e2e_rep_projected,42,42,5,0.008988311514258385,0.026700837537646294,0.6875674724578857,25.750782966581635,3,encoder_output_representation,0.008988311514258385,0.00033002611598931253,0.00033002611598931253,0.026700837537646294,1.3751349449157715,1.3751349449157715,False,0.0,2088960,7.96875,128.0,False
shared_e2e_rep_projected,42,42,5,-0.0019011659314855933,0.03532714396715164,0.4197666049003601,11.882268356895002,4,encoder_output_representation,-0.0019011659314855933,-5.638536822516471e-05,-5.4569682106375694e-11,0.03532714396715164,0.8395332098007202,0.8395317196846008,True,1.7881393432617188e-06,2396160,9.140625,128.0,False
shared_e2e_rep_projected,42,42,5,0.0010279881535097957,0.02227255143225193,0.6384134292602539,28.66368638555683,5,encoder_output_representation,0.0010279881535097957,2.9234124667709693e-05,2.9234124667709693e-05,0.02227255143225193,1.2768268585205078,1.2768268585205078,False,0.0,2396160,9.140625,128.0,False
shared_e2e_rep_projected,42,42,5,-0.012471514753997326,0.014467625878751278,0.208130344748497,14.385936330727198,6,encoder_output_representation,-0.012471514753997326,-7.510725117754191e-05,-2.9103830456733704e-11,0.014467625878751278,0.416260689496994,0.4162282943725586,True,7.784366607666016e-05,3194880,12.1875,128.0,False
shared_e2e_rep_projected,42,42,5,0.0027409177273511887,0.01762610860168934,0.43814435601234436,24.85769070833657,7,encoder_output_representation,0.0027409177273511887,4.233501022099517e-05,4.233501022099517e-05,0.01762610860168934,0.8762887120246887,0.8762887120246887,False,0.0,3041280,11.6015625,128.0,False
shared_e2e_rep_projected,42,42,5,0.005652916617691517,0.016506465151906013,0.27033698558807373,16.37764252371488,8,encoder_output_representation,0.005652916617691517,5.0450114940758795e-05,5.0450114940758795e-05,0.016506465151906013,0.5406739711761475,0.5406739711761475,False,0.0,2785280,10.625,128.0,False
shared_e2e_rep_projected,42,42,5,0.0008906051516532898,0.01648201234638691,0.3467555344104767,21.038422197668744,9,encoder_output_representation,0.0008906051516532898,1.0180025128647685e-05,1.0180025128647685e-05,0.01648201234638691,0.6935110688209534,0.6935110688209534,False,0.0,2396160,9.140625,128.0,False
shared_e2e_rep_projected,42,42,5,-0.004500587936490774,0.015337164513766766,0.34867554903030396,22.73402940402249,10,encoder_output_representation,-0.004500587936490774,-4.8135534598259255e-05,-1.8189894035458565e-11,0.015337164513766766,0.6973510980606079,0.6973440051078796,True,1.0192394256591797e-05,2350080,8.96484375,128.0,False
shared_e2e_rep_projected,42,42,5,0.051256511360406876,0.027600154280662537,0.4791950285434723,17.36204166362976,11,encoder_output_representation,0.051256511360406876,0.001355822547338903,0.001355822547338903,0.027600154280662537,0.9583900570869446,0.9583900570869446,False,0.0,2088960,7.96875,128.0,False
shared_e2e_rep_projected,42,42,5,-0.0025622216053307056,0.018757008016109467,0.5328634977340698,28.4087684601094,12,encoder_output_representation,-0.0025622216053307056,-5.121842696098611e-05,-3.2741809263825417e-11,0.018757008016109467,1.0657269954681396,1.0657235383987427,True,3.2186508178710938e-06,2088960,7.96875,128.0,False
shared_e2e_rep_projected,42,42,5,-0.011515417136251926,0.028612922877073288,0.37043148279190063,12.946299977228707,13,encoder_output_representation,-0.011515417136251926,-0.00024410674814134836,2.9103830456733704e-11,0.028612922877073288,0.7408629655838013,0.7408139109611511,True,6.622076034545898e-05,2350080,8.96484375,128.0,False
shared_e2e_rep_projected,42,42,5,-0.0016644553979858756,0.0233487356454134,0.41118913888931274,17.61076681555073,14,encoder_output_representation,-0.0016644553979858756,-3.196002944605425e-05,-6.548361852765083e-11,0.0233487356454134,0.8223782777786255,0.82237708568573,True,1.430511474609375e-06,2350080,8.96484375,128.0,False
shared_e2e_rep_projected,42,42,5,0.0010217665694653988,0.030180636793375015,0.5965584516525269,19.766264566805894,15,encoder_output_representation,0.0010217665694653988,3.679282235680148e-05,3.679282235680148e-05,0.030180636793375015,1.1931169033050537,1.1931169033050537,False,0.0,2088960,7.96875,128.0,False
shared_e2e_rep_projected,42,42,5,-0.0009243790991604328,0.019474288448691368,0.4632798433303833,23.78930786359564,16,encoder_output_representation,-0.0009243790991604328,-1.6679579857736826e-05,-4.3655745685100555e-11,0.019474288448691368,0.9265596866607666,0.9265592694282532,True,4.76837158203125e-07,2350080,8.96484375,128.0,False
shared_e2e_rep_projected,42,42,5,-0.006632709410041571,0.018327483907341957,0.32813793420791626,17.90414526439523,17,encoder_output_representation,-0.006632709410041571,-7.977747009135783e-05,-2.546585164964199e-11,0.018327483907341957,0.6562758684158325,0.6562613844871521,True,2.205371856689453e-05,2088960,7.96875,128.0,False
shared_e2e_rep_projected,42,42,5,-0.00046057847794145346,0.031585443764925,0.3939681351184845,12.473091657365858,18,encoder_output_representation,-0.00046057847794145346,-1.1462561815278605e-05,-8.640199666842818e-12,0.031585443764925,0.787936270236969,0.7879361510276794,True,1.7881393432617188e-07,3133440,11.953125,128.0,False
shared_e2e_rep_projected,42,42,5,0.00797213800251484,0.03011796437203884,0.39749303460121155,13.197871864482293,19,encoder_output_representation,0.00797213800251484,0.0001908797858050093,0.0001908797858050093,0.03011796437203884,0.7949860692024231,0.7949860692024231,False,0.0,2396160,9.140625,128.0,False
shared_e2e_rep_projected,42,42,5,-0.0030549983493983746,0.022097023203969002,0.45206043124198914,20.45797875438676,20,encoder_output_representation,-0.0030549983493983746,-6.103391569922678e-05,-1.2732925824820995e-11,0.022097023203969002,0.9041208624839783,0.9041165709495544,True,4.76837158203125e-06,2785280,10.625,128.0,False
shared_e2e_rep_projected,42,42,5,0.005507985595613718,0.023493176326155663,0.3422604203224182,14.568503448440445,21,encoder_output_representation,0.005507985595613718,8.857705688569695e-05,8.857705688569695e-05,0.023493176326155663,0.6845208406448364,0.6845208406448364,False,0.0,2396160,9.140625,128.0,False
shared_e2e_rep_projected,42,42,5,0.009238870814442635,0.0309060737490654,0.5091962814331055,16.47560559026051,22,encoder_output_representation,0.009238870814442635,0.0002907889720518142,0.0002907889720518142,0.0309060737490654,1.018392562866211,1.018392562866211,False,0.0,2396160,9.140625,128.0,False
shared_e2e_rep_projected,42,42,5,0.005904211662709713,0.023506147786974907,0.7170181274414062,30.503429738441287,23,encoder_output_representation,0.005904211662709713,0.00019902311032637954,0.00019902311032637954,0.023506147786974907,1.4340362548828125,1.4340362548828125,False,0.0,2088960,7.96875,128.0,False
shared_e2e_rep_projected,42,42,5,0.0062334900721907616,0.022959623485803604,0.38988035917282104,16.981130348844435,24,encoder_output_representation,0.0062334900721907616,0.00011159825226059183,0.00011159825226059183,0.022959623485803604,0.7797607183456421,0.7797607183456421,False,0.0,3133440,11.953125,128.0,False
shared_e2e_rep_projected,42,42,5,0.01454960647970438,0.024919327348470688,0.5744513273239136,23.05244115504458,25,encoder_output_representation,0.01454960647970438,0.0004165535210631788,0.0004165535210631788,0.024919327348470688,1.1489026546478271,1.1489026546478271,False,0.0,2350080,8.96484375,128.0,False
shared_e2e_rep_projected,42,42,5,-0.0036703103687614202,0.026361258700489998,0.7596566081047058,28.817159936698527,26,encoder_output_representation,-0.0036703103687614202,-0.0001469996350351721,-6.548361852765083e-11,0.026361258700489998,1.5193132162094116,1.5193029642105103,True,6.735324859619141e-06,3227648,12.3125,128.0,False
shared_e2e_rep_projected,42,42,5,-0.007909838110208511,0.01963782124221325,0.32767772674560547,16.686053035314984,27,encoder_output_representation,-0.007909838110208511,-0.0001017976610455662,-1.8189894035458565e-11,0.01963782124221325,0.6553554534912109,0.6553349494934082,True,3.129243850708008e-05,2785280,10.625,128.0,False
shared_e2e_rep_projected,42,42,5,0.004727895371615887,0.022962206974625587,0.3338196575641632,14.537786282174487,28,encoder_output_representation,0.004727895371615887,7.248087058542296e-05,7.248087058542296e-05,0.022962206974625587,0.6676393151283264,0.6676393151283264,False,0.0,2350080,8.96484375,128.0,False
shared_e2e_rep_projected,42,42,5,0.0024195536971092224,0.02098969556391239,0.4814330041408539,22.93663586853457,29,encoder_output_representation,0.0024195536971092224,4.889981937594712e-05,4.889981937594712e-05,0.02098969556391239,0.9628660082817078,0.9628660082817078,False,0.0,2350080,8.96484375,128.0,False
shared_e2e_rep_projected,42,42,5,0.0008229668019339442,0.023962929844856262,0.4328021705150604,18.061321103769917,30,encoder_output_representation,0.0008229668019339442,1.707032060949132e-05,1.707032060949132e-05,0.023962929844856262,0.8656043410301208,0.8656043410301208,False,0.0,3133440,11.953125,128.0,False
shared_e2e_rep_projected,42,42,5,0.0005500130355358124,0.02167757973074913,0.47848817706108093,22.07295200867636,31,encoder_output_representation,0.0005500130355358124,1.140998301707441e-05,1.140998301707441e-05,0.02167757973074913,0.9569763541221619,0.9569763541221619,False,0.0,3556864,13.568359375,128.0,False
shared_e2e_rep_projected,42,42,5,0.0009814976947382092,0.027900882065296173,0.4590640664100647,16.453389012423383,32,encoder_output_representation,0.0009814976947382092,2.5142617232631892e-05,2.5142617232631892e-05,0.027900882065296173,0.9181281328201294,0.9181281328201294,False,0.0,3194880,12.1875,128.0,False
shared_e2e_rep_projected,42,42,5,0.0014458521036431193,0.017632227391004562,0.19806070625782013,11.232880671608443,33,encoder_output_representation,0.0014458521036431193,1.0098558050231077e-05,1.0098558050231077e-05,0.017632227391004562,0.39612141251564026,0.39612141251564026,False,0.0,2088960,7.96875,128.0,False
shared_e2e_rep_projected,42,42,5,-0.005036614835262299,0.029489994049072266,0.6230666637420654,21.128070175438598,34,encoder_output_representation,-0.005036614835262299,-0.0001850878616096452,2.1827872842550278e-11,0.029489994049072266,1.2461333274841309,1.2461174726486206,True,1.2695789337158203e-05,2088960,7.96875,128.0,False
shared_e2e_rep_projected,42,42,5,0.006133293733000755,0.02184351719915867,0.33156710863113403,15.17919965031569,35,encoder_output_representation,0.006133293733000755,8.8841887190938e-05,8.8841887190938e-05,0.02184351719915867,0.6631342172622681,0.6631342172622681,False,0.0,2088960,7.96875,128.0,False
shared_e2e_rep_projected,42,42,5,0.00030270087881945074,0.018831415101885796,0.4354695975780487,23.12463483078552,36,encoder_output_representation,0.00030270087881945074,4.9646023398963735e-06,4.9646023398963735e-06,0.018831415101885796,0.8709391951560974,0.8709391951560974,False,0.0,2264064,8.63671875,128.0,False
shared_e2e_rep_projected,42,42,5,0.011278013698756695,0.01825086772441864,0.37256529927253723,20.413566351920117,37,encoder_output_representation,0.011278013698756695,0.0001533728645881638,0.0001533728645881638,0.01825086772441864,0.7451305985450745,0.7451305985450745,False,0.0,2088960,7.96875,128.0,False
shared_e2e_rep_projected,42,42,5,-0.004305317997932434,0.01954474486410618,0.3813236355781555,19.51028975970182,38,encoder_output_representation,-0.004305317997932434,-6.417397526092827e-05,-8.185452315956354e-12,0.01954474486410618,0.762647271156311,0.762640118598938,True,9.357929229736328e-06,2088960,7.96875,128.0,False
shared_e2e_rep_projected,42,42,5,-0.002064877888187766,0.015656214207410812,0.3241707384586334,20.70556356498932,39,encoder_output_representation,-0.002064877888187766,-2.095969466608949e-05,-1.0913936421275139e-11,0.015656214207410812,0.6483414769172668,0.648340106010437,True,2.086162567138672e-06,2350080,8.96484375,128.0,False
shared_e2e_rep_projected,42,42,5,0.007620257791131735,0.018370594829320908,0.3125017285346985,17.010974954165405,40,encoder_output_representation,0.007620257791131735,8.749340486247092e-05,8.749340486247092e-05,0.018370594829320908,0.625003457069397,0.625003457069397,False,0.0,2350080,8.96484375,128.0,False
shared_e2e_rep_projected,42,42,5,0.0005834082257933915,0.03282636031508446,0.48310714960098267,14.717048888876784,41,encoder_output_representation,0.0005834082257933915,1.850413354986813e-05,1.850413354986813e-05,0.03282636031508446,0.9662142992019653,0.9662142992019653,False,0.0,2611200,9.9609375,128.0,False
shared_e2e_rep_projected,42,42,5,-0.008049770258367062,0.02821936085820198,0.38393959403038025,13.605538267135767,42,encoder_output_representation,-0.008049770258367062,-0.0001744309556670487,-1.4551915228366852e-11,0.02821936085820198,0.7678791880607605,0.7678543329238892,True,3.236532211303711e-05,2088960,7.96875,128.0,False
shared_e2e_rep_projected,42,42,5,-0.0014188351342454553,0.024683397263288498,0.5384097099304199,21.812625879144854,43,encoder_output_representation,-0.0014188351342454553,-3.7712015910074115e-05,-4.3655745685100555e-11,0.024683397263288498,1.0768194198608398,1.0768182277679443,True,1.1324882507324219e-06,2088960,7.96875,128.0,False
shared_e2e_rep_projected,42,42,5,0.009929575026035309,0.028384974226355553,0.33627256751060486,11.846851254082681,44,encoder_output_representation,0.009929575026035309,0.00018955733685288578,0.00018955733685288578,0.028384974226355553,0.6725451350212097,0.6725451350212097,False,0.0,2396160,9.140625,128.0,False
shared_e2e_rep_projected,42,42,5,0.008543106727302074,0.023712847381830215,0.5240532159805298,22.099970009594102,45,encoder_output_representation,0.008543106727302074,0.00021232684957794845,0.00021232684957794845,0.023712847381830215,1.0481064319610596,1.0481064319610596,False,0.0,2396160,9.140625,128.0,False
shared_e2e_rep_projected,42,42,5,0.01113647036254406,0.016544120386242867,0.19045110046863556,11.511709055683836,46,encoder_output_representation,0.01113647036254406,7.017860480118543e-05,7.017860480118543e-05,0.016544120386242867,0.3809022009372711,0.3809022009372711,False,0.0,3133440,11.953125,128.0,False
shared_e2e_rep_projected,42,42,5,0.003578809555619955,0.015339886769652367,0.31800350546836853,20.730498878094075,47,encoder_output_representation,0.003578809555619955,3.4915850847028196e-05,3.4915850847028196e-05,0.015339886769652367,0.6360070109367371,0.6360070109367371,False,0.0,2135040,8.14453125,128.0,False
shared_e2e_rep_projected,42,42,5,0.002218204317614436,0.01862678863108158,0.42272651195526123,22.69454602871688,48,encoder_output_representation,0.002218204317614436,3.493244730634615e-05,3.493244730634615e-05,0.01862678863108158,0.8454530239105225,0.8454530239105225,False,0.0,2350080,8.96484375,128.0,False
shared_e2e_rep_projected,42,42,5,-0.0026791796553879976,0.01891452446579933,0.4543319046497345,24.020265773598677,49,encoder_output_representation,-0.0026791796553879976,-4.604690911946818e-05,1.2732925824820995e-11,0.01891452446579933,0.908663809299469,0.9086605310440063,True,3.635883331298828e-06,2088960,7.96875,128.0,False
shared_e2e_rep_projected,42,42,5,0.03484642505645752,0.02305283397436142,0.3749018907546997,16.262724625165518,50,encoder_output_representation,0.03484642505645752,0.0006023240275681019,0.0006023240275681019,0.02305283397436142,0.7498037815093994,0.7498037815093994,False,0.0,2611200,9.9609375,128.0,False
shared_e2e_rep_projected,42,42,5,-0.0001888217229861766,0.019832821562886238,0.2702195644378662,13.624867423984508,51,encoder_output_representation,-0.0001888217229861766,-2.0238730940036476e-06,-4.092726157978177e-12,0.019832821562886238,0.5404391288757324,0.5404390692710876,True,1.1920928955078125e-07,2350080,8.96484375,128.0,False
shared_e2e_rep_projected,42,42,5,-0.001883174991235137,0.02025298960506916,0.3905402421951294,19.28309103054002,52,encoder_output_representation,-0.001883174991235137,-2.979034798045177e-05,-1.6370904631912708e-11,0.02025298960506916,0.7810804843902588,0.781079113483429,True,1.7285346984863281e-06,2350080,8.96484375,128.0,False
shared_e2e_rep_projected,42,42,5,0.0008837699424475431,0.01865900307893753,0.4755207300186157,25.484787585216075,53,encoder_output_representation,0.0008837699424475431,1.5682926459703594e-05,1.5682926459703594e-05,0.01865900307893753,0.9510414600372314,0.9510414600372314,False,0.0,2350080,8.96484375,128.0,False
shared_e2e_rep_projected,42,42,5,-0.017113281413912773,0.03423213213682175,0.4602208137512207,13.44411770531187,54,encoder_output_representation,-0.017113281413912773,-0.0005392169114202261,-2.473825588822365e-10,0.03423213213682175,0.9204416275024414,0.9203068614006042,True,0.00014638900756835938,2350080,8.96484375,128.0,False
shared_e2e_rep_projected,42,42,5,0.003761718515306711,0.016077624633908272,0.27625343203544617,17.182478029299055,55,encoder_output_representation,0.003761718515306711,3.341533738421276e-05,3.341533738421276e-05,0.016077624633908272,0.5525068640708923,0.5525068640708923,False,0.0,2350080,8.96484375,128.0,False
shared_e2e_rep_projected,42,42,5,0.0006696716300211847,0.022950245067477226,0.28942209482192993,12.610849861122823,56,encoder_output_representation,0.0006696716300211847,8.896330655261409e-06,8.896330655261409e-06,0.022950245067477226,0.5788441896438599,0.5788441896438599,False,0.0,2088960,7.96875,128.0,False
shared_e2e_rep_projected,42,42,5,-0.0038102546241134405,0.02134971134364605,0.29845091700553894,13.979154668728661,57,encoder_output_representation,-0.0038102546241134405,-4.8556670662947e-05,-4.3655745685100555e-11,0.02134971134364605,0.5969018340110779,0.596897542476654,True,7.212162017822266e-06,2350080,8.96484375,128.0,False
shared_e2e_rep_projected,42,42,5,-0.00022735129459761083,0.024009421467781067,0.5212105512619019,21.70858435557597,58,encoder_output_representation,-0.00022735129459761083,-5.690131729352288e-06,-9.094947017729282e-12,0.024009421467781067,1.0424211025238037,1.0424211025238037,True,0.0,2088960,7.96875,128.0,False
shared_e2e_rep_projected,42,42,5,0.00011630827066255733,0.01993754878640175,0.5320740938186646,26.687036582027655,59,encoder_output_representation,0.00011630827066255733,2.4676551220181864e-06,2.4676551220181864e-06,0.01993754878640175,1.064148187637329,1.064148187637329,False,0.0,3525120,13.447265625,128.0,False
shared_e2e_rep_projected,42,42,5,-0.0003971972910221666,0.023495975881814957,0.3684167265892029,15.679992541801349,60,encoder_output_representation,-0.0003971972910221666,-6.876526640553493e-06,-6.366462912410498e-12,0.023495975881814957,0.7368334531784058,0.736833393573761,True,5.960464477539063e-08,2903040,11.07421875,128.0,False
shared_e2e_rep_projected,42,42,5,0.002589923795312643,0.017336947843432426,0.23372498154640198,13.481322298315707,61,encoder_output_representation,0.002589923795312643,2.09891459235223e-05,2.09891459235223e-05,0.017336947843432426,0.46744996309280396,0.46744996309280396,False,0.0,2785280,10.625,128.0,False
shared_e2e_rep_projected,42,42,5,-0.00031508668325841427,0.019403938204050064,0.2686670124530792,13.846004333130788,62,encoder_output_representation,-0.00031508668325841427,-3.285218554083258e-06,-1.4551915228366852e-11,0.019403938204050064,0.5373340249061584,0.5373340249061584,True,0.0,2785280,10.625,128.0,False
shared_e2e_rep_projected,42,42,5,-0.006303934380412102,0.023381048813462257,0.34270092844963074,14.657209399961204,63,encoder_output_representation,-0.006303934380412102,-0.00010102316446136683,-5.820766091346741e-11,0.023381048813462257,0.6854018568992615,0.6853882074356079,True,1.990795135498047e-05,2785280,10.625,128.0,False
shared_e2e_rep_projected,42,42,5,-0.004087904468178749,0.027827203273773193,0.5866758227348328,21.082816586450416,64,encoder_output_representation,-0.004087904468178749,-0.00013347456115297973,-1.4551915228366852e-11,0.027827203273773193,1.1733516454696655,1.1733418703079224,True,8.344650268554688e-06,2088960,7.96875,128.0,False
shared_e2e_rep_projected,42,42,5,-0.005115377251058817,0.025351939722895622,0.4125381410121918,16.272448795688163,65,encoder_output_representation,-0.005115377251058817,-0.00010699979611672461,-3.637978807091713e-11,0.025351939722895622,0.8250762820243835,0.8250654935836792,True,1.3053417205810547e-05,2611200,9.9609375,128.0,False
shared_e2e_rep_projected,42,42,5,-0.005883761681616306,0.02336687222123146,0.3978031277656555,17.02423516503874,66,encoder_output_representation,-0.005883761681616306,-0.00010938401101157069,-5.4569682106375694e-12,0.02336687222123146,0.795606255531311,0.7955924272537231,True,1.7404556274414062e-05,2785280,10.625,128.0,False
shared_e2e_rep_projected,42,42,5,0.0062984805554151535,0.011852499097585678,0.1263759881258011,10.662391710415193,67,encoder_output_representation,0.0062984805554151535,1.8868626284529455e-05,1.8868626284529455e-05,0.011852499097585678,0.2527519762516022,0.2527519762516022,False,0.0,2350080,8.96484375,128.0,False
shared_e2e_rep_projected,42,42,5,-0.005602336023002863,0.024499522522091866,0.4534074664115906,18.506787877304184,68,encoder_output_representation,-0.005602336023002863,-0.00012446448090486228,-3.637978807091713e-11,0.024499522522091866,0.9068149328231812,0.9068006873130798,True,1.5735626220703125e-05,2396160,9.140625,128.0,False
shared_e2e_rep_projected,42,42,5,0.0003875935508403927,0.03162197023630142,0.4650178551673889,14.705530733614987,69,encoder_output_representation,0.0003875935508403927,1.1398956303310115e-05,1.1398956303310115e-05,0.03162197023630142,0.9300357103347778,0.9300357103347778,False,0.0,2182144,8.32421875,128.0,False
shared_e2e_rep_projected,42,42,5,-0.0013675468508154154,0.028037693351507187,0.6269789934158325,22.362003377218933,70,encoder_output_representation,-0.0013675468508154154,-4.808033554581925e-05,-1.8189894035458565e-11,0.028037693351507187,1.253957986831665,1.2539567947387695,True,9.5367431640625e-07,2350080,8.96484375,128.0,False
shared_e2e_rep_projected,42,42,5,0.004373372066766024,0.027659427374601364,0.5499409437179565,19.882586008376556,71,encoder_output_representation,0.004373372066766024,0.0001330471714027226,0.0001330471714027226,0.027659427374601364,1.099881887435913,1.099881887435913,False,0.0,3194880,12.1875,128.0,False
shared_e2e_rep_projected,42,42,5,-0.008295987732708454,0.022350922226905823,0.5076272487640381,22.711691428685718,72,encoder_output_representation,-0.008295987732708454,-0.00018825150618795305,-3.637978807091713e-11,0.022350922226905823,1.0152544975280762,1.0152195692062378,True,3.439188003540039e-05,2088960,7.96875,128.0,False
shared_e2e_rep_projected,42,42,5,-0.003762380452826619,0.027201469987630844,0.6612013578414917,24.307559780488177,73,encoder_output_representation,-0.003762380452826619,-0.00013533771561924368,-1.0913936421275139e-11,0.027201469987630844,1.3224027156829834,1.3223934173583984,True,7.033348083496094e-06,2350080,8.96484375,128.0,False
shared_e2e_rep_projected,42,42,5,0.004364561289548874,0.017018206417560577,0.2531161308288574,14.873255419423899,74,encoder_output_representation,0.004364561289548874,3.760141407838091e-05,3.760141407838091e-05,0.017018206417560577,0.5062322616577148,0.5062322616577148,False,0.0,3133440,11.953125,128.0,False
shared_e2e_rep_projected,42,42,5,-0.004339046310633421,0.031202608719468117,0.6637564897537231,21.272467815794784,75,encoder_output_representation,-0.004339046310633421,-0.00017973140347748995,-7.275957614183426e-11,0.031202608719468117,1.3275129795074463,1.3275004625320435,True,9.417533874511719e-06,3239424,12.357421875,128.0,False
shared_e2e_rep_projected,42,42,5,1.8780721802613698e-05,0.022033987566828728,0.29779985547065735,13.51547714944629,76,encoder_output_representation,1.8780721802613698e-05,2.464676072122529e-07,2.464676072122529e-07,0.022033987566828728,0.5955997109413147,0.5955997109413147,False,0.0,2088960,7.96875,128.0,False
shared_e2e_rep_projected,42,42,5,0.001456033205613494,0.024875307455658913,0.432584673166275,17.390123677360453,77,encoder_output_representation,0.001456033205613494,3.133580685243942e-05,3.133580685243942e-05,0.024875307455658913,0.86516934633255,0.86516934633255,False,0.0,3133440,11.953125,128.0,False
shared_e2e_rep_projected,42,42,5,-0.008821719326078892,0.020156998187303543,0.46111252903938293,22.876051520896983,78,encoder_output_representation,-0.008821719326078892,-0.00016398947627749294,-2.9103830456733704e-11,0.020156998187303543,0.9222250580787659,0.9221891164779663,True,3.898143768310547e-05,2350080,8.96484375,128.0,False
shared_e2e_rep_projected,42,42,5,0.002567741321399808,0.025944115594029427,0.39719879627227783,15.309783632157652,79,encoder_output_representation,0.002567741321399808,5.2921004680683836e-05,5.2921004680683836e-05,0.025944115594029427,0.7943975925445557,0.7943975925445557,False,0.0,3276800,12.5,128.0,False
shared_e2e_rep_projected,42,42,5,0.007014173083007336,0.015697920694947243,0.2810627818107605,17.904459276649767,80,encoder_output_representation,0.007014173083007336,6.189448322402313e-05,6.189448322402313e-05,0.015697920694947243,0.562125563621521,0.562125563621521,False,0.0,2088960,7.96875,128.0,False
shared_e2e_rep_projected,42,42,5,0.007982050068676472,0.017545321956276894,0.1813645213842392,10.336916121357094,81,encoder_output_representation,0.007982050068676472,5.079934635432437e-05,5.079934635432437e-05,0.017545321956276894,0.3627290427684784,0.3627290427684784,False,0.0,2088960,7.96875,128.0,False
shared_e2e_rep_projected,42,42,5,-0.002055179327726364,0.023190515115857124,0.38598549365997314,16.64411039304795,82,encoder_output_representation,-0.002055179327726364,-3.679265137179755e-05,-2.1827872842550278e-11,0.023190515115857124,0.7719709873199463,0.7719693183898926,True,2.1457672119140625e-06,2350080,8.96484375,128.0,False
shared_e2e_rep_projected,42,42,5,0.0002300961350556463,0.02633650414645672,0.206214040517807,7.829970119460627,83,encoder_output_representation,0.0002300961350556463,2.499284391888068e-06,2.499284391888068e-06,0.02633650414645672,0.412428081035614,0.412428081035614,False,0.0,2088960,7.96875,128.0,False
shared_e2e_rep_projected,42,42,5,0.007569328416138887,0.025314759463071823,0.2807968854904175,11.092220169029572,84,encoder_output_representation,0.007569328416138887,0.0001076101980288513,0.0001076101980288513,0.025314759463071823,0.561593770980835,0.561593770980835,False,0.0,2088960,7.96875,128.0,False
shared_e2e_rep_projected,42,42,5,-0.000406102481065318,0.026379143819212914,0.33693838119506836,12.772908154420978,85,encoder_output_representation,-0.000406102481065318,-7.218995961011387e-06,-2.7284841053187847e-11,0.026379143819212914,0.6738767623901367,0.6738767027854919,True,5.960464477539063e-08,2396160,9.140625,128.0,False
shared_e2e_rep_projected,42,42,5,-0.008258748799562454,0.0147092305123806,0.23701612651348114,16.113427980749044,86,encoder_output_representation,-0.008258748799562454,-5.758536281064153e-05,-1.4551915228366852e-11,0.0147092305123806,0.4740322530269623,0.47401610016822815,True,3.409385681152344e-05,2437120,9.296875,128.0,False
shared_e2e_rep_projected,42,42,5,0.005806752946227789,0.02120266854763031,0.5217189192771912,24.60628567131473,87,encoder_output_representation,0.005806752946227789,0.00012846666504628956,0.00012846666504628956,0.02120266854763031,1.0434378385543823,1.0434378385543823,False,0.0,2785280,10.625,128.0,False
shared_e2e_rep_projected,42,42,5,-0.008950178511440754,0.021745650097727776,0.4196363389492035,19.297484189403548,88,encoder_output_representation,-0.008950178511440754,-0.00016334551037289202,-2.1827872842550278e-11,0.021745650097727776,0.839272677898407,0.8392390608787537,True,4.00543212890625e-05,2088960,7.96875,128.0,False
shared_e2e_rep_projected,42,42,5,0.024724740535020828,0.0268713291734457,0.3224143087863922,11.998450344801055,89,encoder_output_representation,0.024724740535020828,0.000428415514761582,0.000428415514761582,0.0268713291734457,0.6448286175727844,0.6448286175727844,False,0.0,2088960,7.96875,128.0,False
shared_e2e_rep_projected,42,42,5,-0.0012408944312483072,0.028149861842393875,0.739314079284668,26.263506493351812,90,encoder_output_representation,-0.0012408944312483072,-5.164997128304094e-05,-2.7284841053187847e-12,0.028149861842393875,1.478628158569336,1.478627324104309,True,5.364418029785156e-07,3100672,11.828125,128.0,False
shared_e2e_rep_projected,42,42,5,-0.000832924444694072,0.020305635407567024,0.4452499449253082,21.92740763775277,91,encoder_output_representation,-0.000832924444694072,-1.506107764726039e-05,-2.9103830456733704e-11,0.020305635407567024,0.8904998898506165,0.8904995918273926,True,3.5762786865234375e-07,2350080,8.96484375,128.0,False
shared_e2e_rep_projected,42,42,5,-0.0025493327993899584,0.022921491414308548,0.46506011486053467,20.289260696632716,92,encoder_output_representation,-0.0025493327993899584,-5.435111961560324e-05,-3.2741809263825417e-11,0.022921491414308548,0.9301202297210693,0.9301171898841858,True,3.2782554626464844e-06,2350080,8.96484375,128.0,False
shared_e2e_rep_projected,42,42,5,0.008462165482342243,0.02141146920621395,0.3010920584201813,14.06218580894017,93,encoder_output_representation,0.008462165482342243,0.000109108179458417,0.000109108179458417,0.02141146920621395,0.6021841168403625,0.6021841168403625,False,0.0,2611200,9.9609375,128.0,False
shared_e2e_rep_projected,42,42,5,0.002147052902728319,0.02122524566948414,0.345912367105484,16.297213822255426,94,encoder_output_representation,0.002147052902728319,3.1527648388873786e-05,3.1527648388873786e-05,0.02122524566948414,0.691824734210968,0.691824734210968,False,0.0,2785280,10.625,128.0,False
shared_e2e_rep_projected,42,42,5,-0.0021191516425460577,0.021421557292342186,0.3398468792438507,15.864713970414268,95,encoder_output_representation,-0.0021191516425460577,-3.085505886701867e-05,-7.275957614183426e-12,0.021421557292342186,0.6796937584877014,0.6796922087669373,True,2.2649765014648438e-06,2264064,8.63671875,128.0,False
shared_e2e_rep_projected,42,42,5,0.004523803014308214,0.026497365906834602,0.4636538624763489,17.498111476686677,96,encoder_output_representation,0.004523803014308214,0.0001111553210648708,0.0001111553210648708,0.026497365906834602,0.9273077249526978,0.9273077249526978,False,0.0,3916800,14.94140625,128.0,False
shared_e2e_rep_projected,42,42,5,0.003157347207888961,0.023831207305192947,0.3411613702774048,14.315740109527052,97,encoder_output_representation,0.003157347207888961,5.1340281061129645e-05,5.1340281061129645e-05,0.023831207305192947,0.6823227405548096,0.6823227405548096,False,0.0,2088960,7.96875,128.0,False
shared_e2e_rep_projected,42,42,5,0.0012202725047245622,0.02029808983206749,0.3877217769622803,19.101392306863602,98,encoder_output_representation,0.0012202725047245622,1.9207116565667093e-05,1.9207116565667093e-05,0.02029808983206749,0.7754435539245605,0.7754435539245605,False,0.0,2350080,8.96484375,128.0,False
shared_e2e_rep_projected,42,42,5,-0.001529552275314927,0.03026268072426319,0.302307665348053,9.989454275465985,99,encoder_output_representation,-0.001529552275314927,-2.7986647182842717e-05,-4.001776687800884e-11,0.03026268072426319,0.604615330696106,0.6046146154403687,True,1.1920928955078125e-06,2350080,8.96484375,128.0,False
shared_e2e_rep_projected,42,42,5,0.001717688632197678,0.02964762970805168,0.4865773022174835,16.412013608134725,100,encoder_output_representation,0.001717688632197678,4.9558282626094297e-05,4.9558282626094297e-05,0.02964762970805168,0.973154604434967,0.973154604434967,False,0.0,2350080,8.96484375,128.0,False
shared_e2e_rep_projected,42,42,5,0.0034475717693567276,0.031075838953256607,0.857435405254364,27.591705779660334,101,encoder_output_representation,0.0034475717693567276,0.00018372471095062792,0.00018372471095062792,0.031075838953256607,1.714870810508728,1.714870810508728,False,0.0,3276800,12.5,128.0,False
shared_e2e_rep_projected,42,42,5,-0.0005040221731178463,0.02335325814783573,0.3935682475566864,16.852819639351285,102,encoder_output_representation,-0.0005040221731178463,-9.265037078876048e-06,-2.1827872842550278e-11,0.02335325814783573,0.7871364951133728,0.7871363759040833,True,1.7881393432617188e-07,2580480,9.84375,128.0,False
shared_e2e_rep_projected,42,42,5,0.000738253875169903,0.02637823112308979,0.2918347716331482,11.063470111826224,103,encoder_output_representation,0.000738253875169903,1.1366282706148922e-05,1.1366282706148922e-05,0.02637823112308979,0.5836695432662964,0.5836695432662964,False,0.0,2088960,7.96875,128.0,False
shared_e2e_rep_projected,42,42,5,-0.006852353923022747,0.03581077978014946,0.829156219959259,23.15381639410362,104,encoder_output_representation,-0.006852353923022747,-0.0004069301940035075,-2.9103830456733704e-11,0.03581077978014946,1.658312439918518,1.658273458480835,True,2.3484230041503906e-05,2265088,8.640625,128.0,False
shared_e2e_rep_projected,42,42,5,-0.014199904166162014,0.03603506088256836,0.6872844099998474,19.072658493337393,105,encoder_output_representation,-0.014199904166162014,-0.0007033591973595321,-1.1641532182693481e-10,0.03603506088256836,1.3745688199996948,1.3744301795959473,True,0.00010085105895996094,2847744,10.86328125,128.0,False
shared_e2e_rep_projected,42,42,5,-0.00044416633318178356,0.0358181968331337,0.5540260672569275,15.467726358140522,106,encoder_output_representation,-0.00044416633318178356,-1.762826468620915e-05,1.8189894035458565e-11,0.0358181968331337,1.108052134513855,1.1080520153045654,True,1.1920928955078125e-07,2350080,8.96484375,128.0,False
shared_e2e_rep_projected,42,42,5,-0.0034983193036168814,0.014049269258975983,0.29156896471977234,20.75331886272241,107,encoder_output_representation,-0.0034983193036168814,-2.866054819605779e-05,-3.2741809263825417e-11,0.014049269258975983,0.5831379294395447,0.5831343531608582,True,6.139278411865234e-06,2088960,7.96875,128.0,False
shared_e2e_rep_projected,42,42,5,-0.0069703529588878155,0.03440965712070465,0.6832301616668701,19.85576779420343,108,encoder_output_representation,-0.0069703529588878155,-0.0003277420182712376,-1.1641532182693481e-10,0.03440965712070465,1.3664603233337402,1.3664271831512451,True,2.4259090423583984e-05,3202560,12.216796875,128.0,False
shared_e2e_rep_projected,42,42,5,-0.0013576619094237685,0.02155431918799877,0.30249887704849243,14.034258025506125,109,encoder_output_representation,-0.0013576619094237685,-1.7704338461044244e-05,-3.2741809263825417e-11,0.02155431918799877,0.6049977540969849,0.6049972176551819,True,8.940696716308594e-07,3525120,13.447265625,128.0,False
shared_e2e_rep_projected,42,42,5,-9.878323908196762e-05,0.023164162412285805,0.49554288387298584,21.392652799315545,110,encoder_output_representation,-9.878323908196762e-05,-2.2678332243231125e-06,-1.432454155292362e-11,0.023164162412285805,0.9910857677459717,0.9910857677459717,True,0.0,2482176,9.46875,128.0,False
shared_e2e_rep_projected,42,42,5,0.00043956071021966636,0.03079161047935486,0.6018679738044739,19.54649219169663,111,encoder_output_representation,0.00043956071021966636,1.6292304280796088e-05,1.6292304280796088e-05,0.03079161047935486,1.2037359476089478,1.2037359476089478,False,0.0,3004416,11.4609375,128.0,False
shared_e2e_rep_projected,42,42,5,-0.007828707806766033,0.030727367848157883,0.5495423078536987,17.884457613464082,112,encoder_output_representation,-0.007828707806766033,-0.00026439092471264303,-9.458744898438454e-11,0.030727367848157883,1.0990846157073975,1.0990508794784546,True,3.069639205932617e-05,2135040,8.14453125,128.0,False
shared_e2e_rep_projected,42,42,5,0.0032268408685922623,0.022448720410466194,0.33024927973747253,14.711274126052258,113,encoder_output_representation,0.0032268408685922623,4.7845489461906254e-05,4.7845489461906254e-05,0.022448720410466194,0.6604985594749451,0.6604985594749451,False,0.0,3133440,11.953125,128.0,False
shared_e2e_rep_projected,42,42,5,0.0012221651850268245,0.016395263373851776,0.23058876395225525,14.064352532452336,114,encoder_output_representation,0.0012221651850268245,9.240946383215487e-06,9.240946383215487e-06,0.016395263373851776,0.4611775279045105,0.4611775279045105,False,0.0,2350080,8.96484375,128.0,False
shared_e2e_rep_projected,42,42,5,0.00047110693412832916,0.02067117765545845,0.29584962129592896,14.312180284407097,115,encoder_output_representation,0.00047110693412832916,5.762165528722107e-06,5.762165528722107e-06,0.02067117765545845,0.5916992425918579,0.5916992425918579,False,0.0,2135040,8.14453125,128.0,False
shared_e2e_rep_projected,42,42,5,0.0065398672595620155,0.018480855971574783,0.21566295623779297,11.669532870636619,116,encoder_output_representation,0.0065398672595620155,5.2131061238469556e-05,5.2131061238469556e-05,0.018480855971574783,0.43132591247558594,0.43132591247558594,False,0.0,3525120,13.447265625,128.0,False
shared_e2e_rep_projected,42,42,5,0.00041592345223762095,0.027724096551537514,0.45495861768722534,16.410223389659723,117,encoder_output_representation,0.00041592345223762095,1.0492348337720614e-05,1.0492348337720614e-05,0.027724096551537514,0.9099172353744507,0.9099172353744507,False,0.0,2879488,10.984375,128.0,False
shared_e2e_rep_projected,42,42,5,0.002514868974685669,0.02388853393495083,0.4365471303462982,18.274337451391062,118,encoder_output_representation,0.002514868974685669,5.24524730280973e-05,5.24524730280973e-05,0.02388853393495083,0.8730942606925964,0.8730942606925964,False,0.0,2611200,9.9609375,128.0,False
shared_e2e_rep_projected,42,42,5,-0.002229069359600544,0.019320009276270866,0.41825011372566223,21.648546216764164,119,encoder_output_representation,-0.002229069359600544,-3.602441938710399e-05,-7.275957614183426e-12,0.019320009276270866,0.8365002274513245,0.8364981412887573,True,2.5033950805664062e-06,2847744,10.86328125,128.0,False
shared_e2e_rep_projected,42,42,5,-0.003720686538144946,0.03006865456700325,0.6266435980796814,20.84042691977804,120,encoder_output_representation,-0.003720686538144946,-0.00014021281094755977,-1.7462298274040222e-10,0.03006865456700325,1.2532871961593628,1.2532784938812256,True,6.9141387939453125e-06,2088960,7.96875,128.0,False
shared_e2e_rep_projected,42,42,5,0.0031731545459479094,0.01564709097146988,0.15967240929603577,10.204606695722191,121,encoder_output_representation,0.0031731545459479094,1.585567406436894e-05,1.585567406436894e-05,0.01564709097146988,0.31934481859207153,0.31934481859207153,False,0.0,2785280,10.625,128.0,False
shared_e2e_rep_projected,42,42,5,0.0021296159829944372,0.027252892032265663,0.4314092993736267,15.82985390551821,122,encoder_output_representation,0.0021296159829944372,5.007643630960956e-05,5.007643630960956e-05,0.027252892032265663,0.8628185987472534,0.8628185987472534,False,0.0,3194880,12.1875,128.0,False
shared_e2e_rep_projected,42,42,5,0.0026957986410707235,0.023323694244027138,0.3792521357536316,16.260380186159942,123,encoder_output_representation,0.0026957986410707235,4.7691704821772873e-05,4.7691704821772873e-05,0.023323694244027138,0.7585042715072632,0.7585042715072632,False,0.0,2088960,7.96875,128.0,False
shared_e2e_rep_projected,42,42,5,0.006462959572672844,0.01781739853322506,0.3549118638038635,19.919398622758553,124,encoder_output_representation,0.006462959572672844,8.173842070391402e-05,8.173842070391402e-05,0.01781739853322506,0.709823727607727,0.709823727607727,False,0.0,2396160,9.140625,128.0,False
shared_e2e_rep_projected,42,42,5,0.010543392971158028,0.031893447041511536,0.3590652048587799,11.258275231003774,125,encoder_output_representation,0.010543392971158028,0.00024148223747033626,0.00024148223747033626,0.031893447041511536,0.7181304097175598,0.7181304097175598,False,0.0,2396160,9.140625,128.0,False
shared_e2e_rep_projected,42,42,5,-0.0004148645675741136,0.023754220455884933,0.4317530691623688,18.17584668645294,126,encoder_output_representation,-0.0004148645675741136,-8.509667168254964e-06,-3.092281986027956e-11,0.023754220455884933,0.8635061383247375,0.863506019115448,True,1.1920928955078125e-07,2088960,7.96875,128.0,False
shared_e2e_rep_projected,42,42,5,-0.002740713767707348,0.037600837647914886,0.44519463181495667,11.840018990631302,127,encoder_output_representation,-0.002740713767707348,-9.175739978672937e-05,-2.2737367544323206e-11,0.037600837647914886,0.8903892636299133,0.8903858661651611,True,3.814697265625e-06,3194880,12.1875,128.0,False
shared_e2e_rep_projected,42,42,5,0.0001594245113665238,0.031107861548662186,0.6600195169448853,21.217129178500855,128,encoder_output_representation,0.0001594245113665238,6.5465428633615375e-06,6.5465428633615375e-06,0.031107861548662186,1.3200390338897705,1.3200390338897705,False,0.0,2221056,8.47265625,128.0,False
shared_e2e_rep_projected,42,42,5,0.01869785599410534,0.03064224310219288,0.627030611038208,20.46294747244973,129,encoder_output_representation,0.01869785599410534,0.0007185071590356529,0.0007185071590356529,0.03064224310219288,1.254061222076416,1.254061222076416,False,0.0,2350080,8.96484375,128.0,False
shared_e2e_rep_projected,42,42,5,0.013024146668612957,0.01643495261669159,0.23980757594108582,14.591315322536042,130,encoder_output_representation,0.013024146668612957,0.00010266221943311393,0.00010266221943311393,0.01643495261669159,0.47961515188217163,0.47961515188217163,False,0.0,2350080,8.96484375,128.0,False
shared_e2e_rep_projected,42,42,5,0.0036135006230324507,0.023616645485162735,0.3938615322113037,16.67728519948987,131,encoder_output_representation,0.0036135006230324507,6.722331454511732e-05,6.722331454511732e-05,0.023616645485162735,0.7877230644226074,0.7877230644226074,False,0.0,2350080,8.96484375,128.0,False
shared_e2e_rep_projected,42,42,5,0.0010094199096783996,0.014500857330858707,0.21549095213413239,14.860566324968561,132,encoder_output_representation,0.0010094199096783996,6.308478077698965e-06,6.308478077698965e-06,0.014500857330858707,0.43098190426826477,0.43098190426826477,False,0.0,2288640,8.73046875,128.0,False
shared_e2e_rep_projected,42,42,5,-0.001140550710260868,0.02535548247396946,0.3393097221851349,13.382104739417928,133,encoder_output_representation,-0.001140550710260868,-1.962514033948537e-05,-2.319211489520967e-11,0.02535548247396946,0.6786194443702698,0.6786189675331116,True,7.152557373046875e-07,3133440,11.953125,128.0,False
shared_e2e_rep_projected,42,42,5,0.0018135692225769162,0.016219373792409897,0.23918527364730835,14.746887069045707,134,encoder_output_representation,0.0018135692225769162,1.4071249097469263e-05,1.4071249097469263e-05,0.016219373792409897,0.4783705472946167,0.4783705472946167,False,0.0,2088960,7.96875,128.0,False
shared_e2e_rep_projected,42,42,5,-0.0009795470396056771,0.019706737250089645,0.3300013840198517,16.745612418329195,135,encoder_output_representation,-0.0009795470396056771,-1.2740480087813921e-05,-1.2278178473934531e-11,0.019706737250089645,0.6600027680397034,0.6600023508071899,True,6.556510925292969e-07,2135040,8.14453125,128.0,False
shared_e2e_rep_projected,42,42,5,0.000963475089520216,0.016727251932024956,0.20238789916038513,12.099291622009103,136,encoder_output_representation,0.000963475089520216,6.523484444187488e-06,6.523484444187488e-06,0.016727251932024956,0.40477579832077026,0.40477579832077026,False,0.0,3133440,11.953125,128.0,False
shared_e2e_rep_projected,42,42,5,0.004179906100034714,0.027095239609479904,0.7008508443832397,25.866198435020692,137,encoder_output_representation,0.004179906100034714,0.00015875051030889153,0.00015875051030889153,0.027095239609479904,1.4017016887664795,1.4017016887664795,False,0.0,2088960,7.96875,128.0,False
shared_e2e_rep_projected,42,42,5,0.001264561782591045,0.020577242597937584,0.5104222297668457,24.805181128496017,138,encoder_output_representation,0.001264561782591045,2.6563591745798476e-05,2.6563591745798476e-05,0.020577242597937584,1.0208444595336914,1.0208444595336914,False,0.0,2350080,8.96484375,128.0,False
shared_e2e_rep_projected,42,42,5,0.0010170151945203543,0.02395295538008213,0.4281368553638458,17.874072262492472,139,encoder_output_representation,0.0010170151945203543,2.0859273718087934e-05,2.0859273718087934e-05,0.02395295538008213,0.8562737107276917,0.8562737107276917,False,0.0,2785280,10.625,128.0,False
shared_e2e_rep_projected,42,42,5,-0.006100444123148918,0.03627195209264755,0.6457315683364868,17.802503893011558,140,encoder_output_representation,-0.006100444123148918,-0.0002857685321941972,-3.637978807091713e-11,0.03627195209264755,1.2914631366729736,1.291439175605774,True,1.8537044525146484e-05,2350080,8.96484375,128.0,False
shared_e2e_rep_projected,42,42,5,-0.004046960733830929,0.01923191547393799,0.3304751217365265,17.183682103031693,141,encoder_output_representation,-0.004046960733830929,-5.14422936248593e-05,-7.275957614183426e-12,0.01923191547393799,0.660950243473053,0.6609448194503784,True,8.225440979003906e-06,2088960,7.96875,128.0,False
shared_e2e_rep_projected,42,42,5,0.007017912343144417,0.024203943088650703,0.3943815529346466,16.294103464471178,142,encoder_output_representation,0.007017912343144417,0.00013398021110333502,0.00013398021110333502,0.024203943088650703,0.7887631058692932,0.7887631058692932,False,0.0,3525120,13.447265625,128.0,False
shared_e2e_rep_projected,42,42,5,-0.00040167191764339805,0.03390020504593849,0.6804878115653992,20.073265357636146,143,encoder_output_representation,-0.00040167191764339805,-1.8532078684074804e-05,0.0,0.03390020504593849,1.3609756231307983,1.3609755039215088,True,5.960464477539063e-08,3551744,13.548828125,128.0,False
shared_e2e_rep_projected,42,42,5,0.00025564173120073974,0.034136343747377396,0.6721599102020264,19.69044825586122,144,encoder_output_representation,0.00025564173120073974,1.1731441190931946e-05,1.1731441190931946e-05,0.034136343747377396,1.3443198204040527,1.3443198204040527,False,0.0,3133440,11.953125,128.0,False
shared_e2e_rep_projected,42,42,5,-0.005108056589961052,0.01993817463517189,0.2577937841415405,12.92965824899437,145,encoder_output_representation,-0.005108056589961052,-5.2510185923893005e-05,-2.1827872842550278e-11,0.01993817463517189,0.515587568283081,0.5155808329582214,True,1.3053417205810547e-05,2350080,8.96484375,128.0,False
shared_e2e_rep_projected,42,42,5,0.001784629188477993,0.023973315954208374,0.5123105645179749,21.370033477911168,146,encoder_output_representation,0.001784629188477993,4.3836855184054e-05,4.3836855184054e-05,0.023973315954208374,1.0246211290359497,1.0246211290359497,False,0.0,2396160,9.140625,128.0,False
shared_e2e_rep_projected,42,42,5,0.005905402358621359,0.022358542308211327,0.4292755126953125,19.199619848994278,147,encoder_output_representation,0.005905402358621359,0.00011335980525473133,0.00011335980525473133,0.022358542308211327,0.858551025390625,0.858551025390625,False,0.0,2350080,8.96484375,128.0,False
shared_e2e_rep_projected,42,42,5,-0.0018222545040771365,0.021828321740031242,0.2838352918624878,13.003074411440371,148,encoder_output_representation,-0.0018222545040771365,-2.2580095901503228e-05,-2.2737367544323206e-12,0.021828321740031242,0.5676705837249756,0.5676696300506592,True,1.6689300537109375e-06,2088960,7.96875,128.0,False
shared_e2e_rep_projected,42,42,5,-0.006375884637236595,0.022024475038051605,0.3866409361362457,17.555057973833545,149,encoder_output_representation,-0.006375884637236595,-0.00010858850146178156,-1.8189894035458565e-11,0.022024475038051605,0.7732818722724915,0.7732661366462708,True,2.0325183868408203e-05,2088960,7.96875,128.0,False
shared_e2e_rep_projected,42,42,5,-0.0006666877306997776,0.02351299114525318,0.5860766768455505,24.9256537896442,150,encoder_output_representation,-0.0006666877306997776,-1.8374468709225766e-05,-2.546585164964199e-11,0.02351299114525318,1.172153353691101,1.172153115272522,True,1.7881393432617188e-07,2350080,8.96484375,128.0,False
shared_e2e_rep_projected,42,42,5,-0.006999707780778408,0.01654638536274433,0.3635459244251251,21.971319805211436,151,encoder_output_representation,-0.006999707780778408,-8.421167876804247e-05,-2.1827872842550278e-11,0.01654638536274433,0.7270918488502502,0.7270740866661072,True,2.4437904357910156e-05,2088960,7.96875,128.0,False
shared_e2e_rep_projected,42,42,5,0.01044626533985138,0.018314993008971214,0.3761795461177826,20.539431597572488,152,encoder_output_representation,0.01044626533985138,0.0001439438055967912,0.0001439438055967912,0.018314993008971214,0.7523590922355652,0.7523590922355652,False,0.0,2088960,7.96875,128.0,False
shared_e2e_rep_projected,42,42,5,0.0006539537571370602,0.021029287949204445,0.38922131061553955,18.50853493259928,153,encoder_output_representation,0.0006539537571370602,1.07052837847732e-05,1.07052837847732e-05,0.021029287949204445,0.7784426212310791,0.7784426212310791,False,0.0,2420736,9.234375,128.0,False
shared_e2e_rep_projected,42,42,5,-0.0032857568003237247,0.01982603594660759,0.33398711681365967,16.8458847604787,154,encoder_output_representation,-0.0032857568003237247,-4.351420284365304e-05,-5.4569682106375694e-12,0.01982603594660759,0.6679742336273193,0.667970597743988,True,5.424022674560547e-06,2396160,9.140625,128.0,False
shared_e2e_rep_projected,42,42,5,0.005077725742012262,0.021875333040952682,0.2943657636642456,13.456515752842034,155,encoder_output_representation,0.005077725742012262,6.53944953228347e-05,6.53944953228347e-05,0.021875333040952682,0.5887315273284912,0.5887315273284912,False,0.0,2350080,8.96484375,128.0,False
shared_e2e_rep_projected,42,42,5,-0.0005486506852321327,0.01794932782649994,0.25597044825553894,14.26072612466471,156,encoder_output_representation,-0.0005486506852321327,-5.0415483201504685e-06,-1.6370904631912708e-11,0.01794932782649994,0.5119408965110779,0.5119408369064331,True,1.1920928955078125e-07,2785280,10.625,128.0,False
shared_e2e_rep_projected,42,42,5,-0.00020571742788888514,0.029594819992780685,0.6793158650398254,22.953877239514778,157,encoder_output_representation,-0.00020571742788888514,-8.27158146421425e-06,-2.2737367544323206e-13,0.029594819992780685,1.3586317300796509,1.3586317300796509,True,0.0,2785280,10.625,128.0,False
shared_e2e_rep_projected,42,42,5,-0.0018512638052925467,0.024511100724339485,0.5214701294898987,21.274855640084724,158,encoder_output_representation,-0.0018512638052925467,-4.732499292003922e-05,-2.3646862246096134e-11,0.024511100724339485,1.0429402589797974,1.042938470840454,True,1.7285346984863281e-06,3133440,11.953125,128.0,False
shared_e2e_rep_projected,42,42,5,6.667237175861374e-05,0.0274837426841259,0.6196460127830505,22.545910864641684,159,encoder_output_representation,6.667237175861374e-05,2.2708863980369642e-06,2.2708863980369642e-06,0.0274837426841259,1.239292025566101,1.239292025566101,False,0.0,2785280,10.625,128.0,False
shared_e2e_rep_projected,42,42,5,-0.00012600040645338595,0.029355302453041077,0.4298174977302551,14.64190322746029,160,encoder_output_representation,-0.00012600040645338595,-3.1796007533557713e-06,-9.094947017729282e-12,0.029355302453041077,0.8596349954605103,0.8596349954605103,True,0.0,3133440,11.953125,128.0,False
shared_e2e_rep_projected,42,42,5,0.0027691901195794344,0.01966477744281292,0.3432217538356781,17.453630219502877,161,encoder_output_representation,0.0027691901195794344,3.7380628782557324e-05,3.7380628782557324e-05,0.01966477744281292,0.6864435076713562,0.6864435076713562,False,0.0,2088960,7.96875,128.0,False
shared_e2e_rep_projected,42,42,5,0.005708606913685799,0.03087366558611393,0.6467414498329163,20.947996862536517,162,encoder_output_representation,0.005708606913685799,0.00022797068231739104,0.00022797068231739104,0.03087366558611393,1.2934828996658325,1.2934828996658325,False,0.0,2088960,7.96875,128.0,False
shared_e2e_rep_projected,42,42,5,-0.0004366122593637556,0.025716915726661682,0.2621496319770813,10.193665319877416,163,encoder_output_representation,-0.0004366122593637556,-5.887000497750705e-06,-1.3642420526593924e-12,0.025716915726661682,0.5242992639541626,0.524299144744873,True,2.384185791015625e-07,2785280,10.625,128.0,False
shared_e2e_rep_projected,42,42,5,0.0005377017660066485,0.04050585255026817,0.47571974992752075,11.744469501960186,164,encoder_output_representation,0.0005377017660066485,2.0722418412333354e-05,2.0722418412333354e-05,0.04050585255026817,0.9514394998550415,0.9514394998550415,False,0.0,2088960,7.96875,128.0,False
shared_e2e_rep_projected,42,42,5,0.0009556942968629301,0.027534013614058495,0.5174393057823181,18.792730803260756,165,encoder_output_representation,0.0009556942968629301,2.7231899366597645e-05,2.7231899366597645e-05,0.027534013614058495,1.0348786115646362,1.0348786115646362,False,0.0,3133440,11.953125,128.0,False
shared_e2e_rep_projected,42,42,5,-0.007949781604111195,0.030770279467105865,0.5993066430091858,19.476802076167633,166,encoder_output_representation,-0.007949781604111195,-0.00029320118483155966,-1.0186340659856796e-10,0.030770279467105865,1.1986132860183716,1.1985753774642944,True,3.165006637573242e-05,2350080,8.96484375,128.0,False
shared_e2e_rep_projected,42,42,5,-0.005293331108987331,0.031428609043359756,0.3722381293773651,11.843926304973133,167,encoder_output_representation,-0.005293331108987331,-0.0001238525874214247,-8.003553375601768e-11,0.031428609043359756,0.7444762587547302,0.7444658279418945,True,1.4007091522216797e-05,2396160,9.140625,128.0,False
shared_e2e_rep_projected,42,42,5,-0.006513536907732487,0.014830912463366985,0.2445996105670929,16.492553048995795,168,encoder_output_representation,-0.006513536907732487,-4.72574720333796e-05,-2.546585164964199e-11,0.014830912463366985,0.4891992211341858,0.4891888499259949,True,2.1219253540039062e-05,2088960,7.96875,128.0,False
shared_e2e_rep_projected,42,42,5,0.006269638892263174,0.031144555658102036,0.4689937233924866,15.058610196305086,169,encoder_output_representation,0.006269638892263174,0.00018315624038223177,0.00018315624038223177,0.031144555658102036,0.9379874467849731,0.9379874467849731,False,0.0,2549760,9.7265625,128.0,False
shared_e2e_rep_projected,42,42,5,-3.2947773433988914e-05,0.02215198427438736,0.4911973774433136,22.173967413440586,170,encoder_output_representation,-3.2947773433988914e-05,-7.170092430897057e-07,-3.296918293926865e-12,0.02215198427438736,0.9823947548866272,0.9823947548866272,True,0.0,2396160,9.140625,128.0,False
shared_e2e_rep_projected,42,42,5,-0.01055881567299366,0.02111579105257988,0.38653406500816345,18.30545036393214,171,encoder_output_representation,-0.01055881567299366,-0.00017236152780242264,-2.9103830456733704e-11,0.02111579105257988,0.7730681300163269,0.7730250358581543,True,5.5730342864990234e-05,2350080,8.96484375,128.0,False
shared_e2e_rep_projected,42,42,5,-0.0001781011960702017,0.0292794331908226,0.8933684229850769,30.511807286798707,172,encoder_output_representation,-0.0001781011960702017,-9.317300282418728e-06,-2.9103830456733704e-11,0.0292794331908226,1.7867368459701538,1.7867368459701538,True,0.0,2088960,7.96875,128.0,False
shared_e2e_rep_projected,42,42,5,0.0007850701222196221,0.020119789987802505,0.4064316749572754,20.200592312527714,173,encoder_output_representation,0.0007850701222196221,1.2839538612752222e-05,1.2839538612752222e-05,0.020119789987802505,0.8128633499145508,0.8128633499145508,False,0.0,2482176,9.46875,128.0,False
shared_e2e_rep_projected,42,42,5,0.0017448560101911426,0.024857405573129654,0.5048977136611938,20.31176231066439,174,encoder_output_representation,0.0017448560101911426,4.379744495963678e-05,4.379744495963678e-05,0.024857405573129654,1.0097954273223877,1.0097954273223877,False,0.0,2350080,8.96484375,128.0,False
shared_e2e_rep_projected,42,42,5,0.007419703062623739,0.020512506365776062,0.35184210538864136,17.152565323546696,175,encoder_output_representation,0.007419703062623739,0.00010709841444622725,0.00010709841444622725,0.020512506365776062,0.7036842107772827,0.7036842107772827,False,0.0,2396160,9.140625,128.0,False
shared_e2e_rep_projected,42,42,5,0.005694510880857706,0.028773417696356773,0.2895093262195587,10.061694070364666,176,encoder_output_representation,0.005694510880857706,9.487252100370824e-05,9.487252100370824e-05,0.028773417696356773,0.5790186524391174,0.5790186524391174,False,0.0,3133440,11.953125,128.0,False
shared_e2e_rep_projected,42,42,5,-0.00010150291200261563,0.01467087771743536,0.14621184766292572,9.966128167584866,177,encoder_output_representation,-0.00010150291200261563,-4.354589009381016e-07,-8.981260180007666e-12,0.01467087771743536,0.29242369532585144,0.29242369532585144,True,0.0,3525120,13.447265625,128.0,False
shared_e2e_rep_projected,42,42,5,0.012229654006659985,0.02214989997446537,0.34698745608329773,15.665418646734675,178,encoder_output_representation,0.012229654006659985,0.00018798781093209982,0.00018798781093209982,0.02214989997446537,0.6939749121665955,0.6939749121665955,False,0.0,2159616,8.23828125,128.0,False
shared_e2e_rep_projected,42,42,5,0.0016325705219060183,0.016247496008872986,0.2489737570285797,15.323823245908887,179,encoder_output_representation,0.0016325705219060183,1.3208148629928473e-05,1.3208148629928473e-05,0.016247496008872986,0.4979475140571594,0.4979475140571594,False,0.0,2088960,7.96875,128.0,False
shared_e2e_rep_projected,42,42,5,0.0042297192849218845,0.0195064228028059,0.3615841269493103,18.536670234446998,180,encoder_output_representation,0.0042297192849218845,5.966622120467946e-05,5.966622120467946e-05,0.0195064228028059,0.7231682538986206,0.7231682538986206,False,0.0,2088960,7.96875,128.0,False
shared_e2e_rep_projected,42,42,5,-0.012065890245139599,0.01732061244547367,0.3099782168865204,17.8964928556857,181,encoder_output_representation,-0.012065890245139599,-0.00012956383579876274,-1.0913936421275139e-11,0.01732061244547367,0.6199564337730408,0.619911253452301,True,7.289648056030273e-05,2088960,7.96875,128.0,False
shared_e2e_rep_projected,42,42,5,-0.0015965233324095607,0.0309485774487257,0.6116710305213928,19.764108109162162,182,encoder_output_representation,-0.0015965233324095607,-6.044548354111612e-05,-1.2732925824820995e-11,0.0309485774487257,1.2233420610427856,1.2233405113220215,True,1.2516975402832031e-06,2703360,10.3125,128.0,False
shared_e2e_rep_projected,42,42,5,0.01482666376978159,0.022816890850663185,0.6350489258766174,27.83240407437718,183,encoder_output_representation,0.01482666376978159,0.0004296720144338906,0.0004296720144338906,0.022816890850663185,1.2700978517532349,1.2700978517532349,False,0.0,3556864,13.568359375,128.0,False
shared_e2e_rep_projected,42,42,5,0.0008602628367953002,0.020788341760635376,0.34366878867149353,16.531803865292506,184,encoder_output_representation,0.0008602628367953002,1.2291959137655795e-05,1.2291959137655795e-05,0.020788341760635376,0.6873375773429871,0.6873375773429871,False,0.0,2088960,7.96875,128.0,False
shared_e2e_rep_projected,42,42,5,-0.001995069906115532,0.024257441982626915,0.5508038401603699,22.706592086455505,185,encoder_output_representation,-0.001995069906115532,-5.3312625823309645e-05,-1.4551915228366852e-11,0.024257441982626915,1.1016076803207397,1.1016055345535278,True,1.9669532775878906e-06,2135040,8.14453125,128.0,False
shared_e2e_rep_projected,42,42,5,0.003925974480807781,0.018893646076321602,0.2888023853302002,15.285688329482408,186,encoder_output_representation,0.003925974480807781,4.284439637558535e-05,4.284439637558535e-05,0.018893646076321602,0.5776047706604004,0.5776047706604004,False,0.0,3194880,12.1875,128.0,False
shared_e2e_rep_projected,42,42,5,-0.006407564971596003,0.026539120823144913,0.3592216670513153,13.535552644910382,187,encoder_output_representation,-0.006407564971596003,-0.00012217211769893765,-3.092281986027956e-11,0.026539120823144913,0.7184433341026306,0.7184285521507263,True,2.0563602447509766e-05,2088960,7.96875,128.0,False
shared_e2e_rep_projected,42,42,5,-0.006283041089773178,0.02335451915860176,0.309556782245636,13.254684463568687,188,encoder_output_representation,-0.006283041089773178,-9.08471192815341e-05,-1.8189894035458565e-11,0.02335451915860176,0.619113564491272,0.619101345539093,True,1.9729137420654297e-05,2088960,7.96875,128.0,False
shared_e2e_rep_projected,42,42,5,-0.003972809761762619,0.01816794089972973,0.4327906668186188,23.821668575829477,189,encoder_output_representation,-0.003972809761762619,-6.247573037398979e-05,-2.1827872842550278e-11,0.01816794089972973,0.8655813336372375,0.8655745387077332,True,7.867813110351562e-06,2088960,7.96875,128.0,False
shared_e2e_rep_projected,42,42,5,0.006703709252178669,0.02731945924460888,0.3907719850540161,14.303796482762726,190,encoder_output_representation,0.006703709252178669,0.00014313329302240163,0.00014313329302240163,0.02731945924460888,0.7815439701080322,0.7815439701080322,False,0.0,3227648,12.3125,128.0,False
shared_e2e_rep_projected,42,42,5,0.00875131692737341,0.03223757445812225,0.38379961252212524,11.905350168968031,191,encoder_output_representation,0.00875131692737341,0.00021655602904502302,0.00021655602904502302,0.03223757445812225,0.7675992250442505,0.7675992250442505,False,0.0,2350080,8.96484375,128.0,False
shared_e2e_rep_projected,42,42,5,0.03991897776722908,0.03188446909189224,0.7388785481452942,23.17361929457939,192,encoder_output_representation,0.03991897776722908,0.0018808824243023992,0.0018808824243023992,0.03188446909189224,1.4777570962905884,1.4777570962905884,False,0.0,2088960,7.96875,128.0,False
shared_e2e_rep_projected,42,42,5,0.01732359267771244,0.027965178713202477,0.3475211262702942,12.426923133025717,193,encoder_output_representation,0.01732359267771244,0.00033671833807602525,0.00033671833807602525,0.027965178713202477,0.6950422525405884,0.6950422525405884,False,0.0,2611200,9.9609375,128.0,False
shared_e2e_rep_projected,42,42,5,-0.0025446086656302214,0.04384446144104004,0.7811880111694336,17.817256398962463,194,encoder_output_representation,-0.0025446086656302214,-0.0001743095926940441,-2.9103830456733704e-11,0.04384446144104004,1.5623760223388672,1.562371015548706,True,3.2186508178710938e-06,3202560,12.216796875,128.0,False
shared_e2e_rep_projected,42,42,5,-8.20295826997608e-05,0.02576092816889286,0.24680624902248383,9.580642723910477,195,encoder_output_representation,-8.20295826997608e-05,-1.043081283569336e-06,-1.4551915228366852e-11,0.02576092816889286,0.49361249804496765,0.49361249804496765,True,0.0,2396160,9.140625,128.0,False
shared_e2e_rep_projected,42,42,5,0.00408506952226162,0.026076868176460266,0.20461177825927734,7.846485892197037,196,encoder_output_representation,0.00408506952226162,4.3592874135356396e-05,4.3592874135356396e-05,0.026076868176460266,0.4092235565185547,0.4092235565185547,False,0.0,2350080,8.96484375,128.0,False
shared_e2e_rep_projected,42,42,5,-0.0002733442815952003,0.018450090661644936,0.3289213180541992,17.827626112319273,197,encoder_output_representation,-0.0002733442815952003,-3.317649770906428e-06,-2.7284841053187847e-11,0.018450090661644936,0.6578426361083984,0.6578425765037537,True,1.1920928955078125e-07,2088960,7.96875,128.0,False
shared_e2e_rep_projected,42,42,5,0.001287414226680994,0.015666253864765167,0.22163067758083344,14.14701175494807,198,encoder_output_representation,0.001287414226680994,8.940119187172968e-06,8.940119187172968e-06,0.015666253864765167,0.44326135516166687,0.44326135516166687,False,0.0,2325504,8.87109375,128.0,False
shared_e2e_rep_projected,42,42,5,0.010389796458184719,0.015365049242973328,0.280775785446167,18.273666488545103,199,encoder_output_representation,0.010389796458184719,8.964594599092379e-05,8.964594599092379e-05,0.015365049242973328,0.561551570892334,0.561551570892334,False,0.0,2350080,8.96484375,128.0,False
shared_e2e_rep_projected,42,42,6,-0.004672064911574125,0.014414642937481403,0.28246116638183594,19.595432755907648,0,encoder_output_representation,-0.004672064911574125,-3.804534571827389e-05,-2.1827872842550278e-11,0.014414642937481403,0.5649223327636719,0.5649161338806152,True,1.0967254638671875e-05,2088960,7.96875,128.0,False
shared_e2e_rep_projected,42,42,6,0.004327952396124601,0.02036980353295803,0.484615296125412,23.790867464249807,1,encoder_output_representation,0.004327952396124601,8.54469180922024e-05,8.54469180922024e-05,0.02036980353295803,0.969230592250824,0.969230592250824,False,0.0,2355200,8.984375,128.0,False
shared_e2e_rep_projected,42,42,6,-0.006265541538596153,0.015024859458208084,0.25116774439811707,16.716811567971376,2,encoder_output_representation,-0.006265541538596153,-4.7289300709962845e-05,-1.0459189070388675e-11,0.015024859458208084,0.5023354887962341,0.5023256540298462,True,1.9550323486328125e-05,2088960,7.96875,128.0,False
shared_e2e_rep_projected,42,42,6,-0.0008043497800827026,0.035207461565732956,0.3953431248664856,11.228958501548684,3,encoder_output_representation,-0.0008043497800827026,-2.2391534002963454e-05,-5.093170329928398e-11,0.035207461565732956,0.7906862497329712,0.7906859517097473,True,3.5762786865234375e-07,2396160,9.140625,128.0,False
shared_e2e_rep_projected,42,42,6,0.002794319298118353,0.0169011689722538,0.25376492738723755,15.014637614938747,4,encoder_output_representation,0.002794319298118353,2.3969245376065373e-05,2.3969245376065373e-05,0.0169011689722538,0.5075298547744751,0.5075298547744751,False,0.0,2611200,9.9609375,128.0,False
shared_e2e_rep_projected,42,42,6,-0.0033590265084058046,0.025516970083117485,0.3966871500015259,15.546013053641571,5,encoder_output_representation,-0.0033590265084058046,-6.800184200983495e-05,-8.913048077374697e-11,0.025516970083117485,0.7933743000030518,0.7933698296546936,True,5.662441253662109e-06,2350080,8.96484375,128.0,False
shared_e2e_rep_projected,42,42,6,-0.005429883487522602,0.021909870207309723,0.24154435098171234,11.02445375970902,6,encoder_output_representation,-0.005429883487522602,-5.7472119806334376e-05,-1.0913936421275139e-11,0.021909870207309723,0.4830887019634247,0.48308154940605164,True,1.4781951904296875e-05,2611200,9.9609375,128.0,False
shared_e2e_rep_projected,42,42,6,0.000711777713149786,0.016859345138072968,0.26684901118278503,15.827958262754091,7,encoder_output_representation,0.000711777713149786,6.404432497220114e-06,6.404432497220114e-06,0.016859345138072968,0.5336980223655701,0.5336980223655701,False,0.0,3133440,11.953125,128.0,False
shared_e2e_rep_projected,42,42,6,0.000660836580209434,0.02272295579314232,0.35643601417541504,15.686164133760528,8,encoder_output_representation,0.000660836580209434,1.0704599844757468e-05,1.0704599844757468e-05,0.02272295579314232,0.7128720283508301,0.7128720283508301,False,0.0,2088960,7.96875,128.0,False
shared_e2e_rep_projected,42,42,6,0.0005310329725034535,0.031449638307094574,0.5718398690223694,18.182716870653827,9,encoder_output_representation,0.0005310329725034535,1.910036189656239e-05,1.910036189656239e-05,0.031449638307094574,1.1436797380447388,1.1436797380447388,False,0.0,2961408,11.296875,128.0,False
shared_e2e_rep_projected,42,42,6,0.004098921548575163,0.02167784608900547,0.34064406156539917,15.713925644031876,10,encoder_output_representation,0.004098921548575163,6.053639663150534e-05,6.053639663150534e-05,0.02167784608900547,0.6812881231307983,0.6812881231307983,False,0.0,2611200,9.9609375,128.0,False
shared_e2e_rep_projected,42,42,6,0.007134844549000263,0.02678091637790203,0.7341031432151794,27.411427333417027,11,encoder_output_representation,0.007134844549000263,0.00028054145514033735,0.00028054145514033735,0.02678091637790203,1.4682062864303589,1.4682062864303589,False,0.0,3133440,11.953125,128.0,False
shared_e2e_rep_projected,42,42,6,-0.0041642142459750175,0.021012481302022934,0.2105896919965744,10.022123944795625,12,encoder_output_representation,-0.0041642142459750175,-3.6853398341918364e-05,-7.275957614183426e-12,0.021012481302022934,0.4211793839931488,0.4211757183074951,True,8.702278137207031e-06,2785280,10.625,128.0,False
shared_e2e_rep_projected,42,42,6,0.0004932781448587775,0.033694058656692505,0.48332300782203674,14.344457957606018,13,encoder_output_representation,0.0004932781448587775,1.6066182070062496e-05,1.6066182070062496e-05,0.033694058656692505,0.9666460156440735,0.9666460156440735,False,0.0,2159616,8.23828125,128.0,False
shared_e2e_rep_projected,42,42,6,0.006320577580481768,0.020224323496222496,0.31355980038642883,15.50409339748722,14,encoder_output_representation,0.006320577580481768,8.016432548174635e-05,8.016432548174635e-05,0.020224323496222496,0.6271196007728577,0.6271196007728577,False,0.0,2350080,8.96484375,128.0,False
shared_e2e_rep_projected,42,42,6,-0.0019876270089298487,0.02354612946510315,0.39885663986206055,16.93937173212231,15,encoder_output_representation,-0.0019876270089298487,-3.7333717045839876e-05,-8.640199666842818e-12,0.02354612946510315,0.7977132797241211,0.7977116703987122,True,2.0265579223632812e-06,2088960,7.96875,128.0,False
shared_e2e_rep_projected,42,42,6,-0.026976430788636208,0.02354648895561695,0.533025324344635,22.63714668243493,16,encoder_output_representation,-0.026976430788636208,-0.0006771556218154728,1.0186340659856796e-10,0.02354648895561695,1.06605064868927,1.0656627416610718,True,0.00036388635635375977,2088960,7.96875,128.0,False
shared_e2e_rep_projected,42,42,6,0.007685442920774221,0.029396966099739075,0.45545199513435364,15.493163260082005,17,encoder_output_representation,0.007685442920774221,0.00020579935517162085,0.00020579935517162085,0.029396966099739075,0.9109039902687073,0.9109039902687073,False,0.0,2396160,9.140625,128.0,False
shared_e2e_rep_projected,42,42,6,-0.0005885089049115777,0.019517291337251663,0.7013643383979797,35.935536662268355,18,encoder_output_representation,-0.0005885089049115777,-1.611188054084778e-05,-1.8189894035458565e-12,0.019517291337251663,1.4027286767959595,1.4027284383773804,True,1.7881393432617188e-07,2482176,9.46875,128.0,False
shared_e2e_rep_projected,42,42,6,0.016576971858739853,0.021011725068092346,0.32223525643348694,15.335973385775063,19,encoder_output_representation,0.016576971858739853,0.00022447603987529874,0.00022447603987529874,0.021011725068092346,0.6444705128669739,0.6444705128669739,False,0.0,2088960,7.96875,128.0,False
shared_e2e_rep_projected,42,42,6,-0.005100239999592304,0.032678019255399704,0.6025757193565369,18.43978714398265,20,encoder_output_representation,-0.005100239999592304,-0.00020085746655240655,-1.4551915228366852e-10,0.032678019255399704,1.2051514387130737,1.205135703086853,True,1.3053417205810547e-05,3133440,11.953125,128.0,False
shared_e2e_rep_projected,42,42,6,-0.0028715154621750116,0.02730622887611389,0.43831872940063477,16.051968632843835,21,encoder_output_representation,-0.0028715154621750116,-6.873736856505275e-05,-2.1827872842550278e-11,0.02730622887611389,0.8766374588012695,0.8766338229179382,True,4.172325134277344e-06,2350080,8.96484375,128.0,False
shared_e2e_rep_projected,42,42,6,-0.003993357997387648,0.022150011733174324,0.2666264474391937,12.037305020469324,22,encoder_output_representation,-0.003993357997387648,-4.716777766589075e-05,-1.6370904631912708e-11,0.022150011733174324,0.5332528948783875,0.5332486629486084,True,7.927417755126953e-06,2350080,8.96484375,128.0,False
shared_e2e_rep_projected,42,42,6,-0.008708696812391281,0.022804610431194305,0.39312484860420227,17.23883202435455,23,encoder_output_representation,-0.008708696812391281,-0.00015614795847795904,-1.2278178473934531e-11,0.022804610431194305,0.7862496972084045,0.7862198948860168,True,3.790855407714844e-05,2088960,7.96875,128.0,False
shared_e2e_rep_projected,42,42,6,-0.0014014712069183588,0.025943098589777946,0.5673620104789734,21.86947748417856,24,encoder_output_representation,-0.0014014712069183588,-4.1256869735661894e-05,-9.094947017729282e-12,0.025943098589777946,1.1347240209579468,1.1347229480743408,True,9.5367431640625e-07,3157504,12.044921875,128.0,False
shared_e2e_rep_projected,42,42,6,0.001226878259330988,0.0229329951107502,0.5981935262680054,26.084404735585228,25,encoder_output_representation,0.001226878259330988,3.3661537599982694e-05,3.3661537599982694e-05,0.0229329951107502,1.1963870525360107,1.1963870525360107,False,0.0,3133440,11.953125,128.0,False
shared_e2e_rep_projected,42,42,6,0.01655481569468975,0.032684117555618286,0.43866240978240967,13.421271326537777,26,encoder_output_representation,0.01655481569468975,0.00047470253775827587,0.00047470253775827587,0.032684117555618286,0.8773248195648193,0.8773248195648193,False,0.0,2457600,9.375,128.0,False
shared_e2e_rep_projected,42,42,6,0.006628107745200396,0.024064484983682632,0.43683287501335144,18.152596048058125,27,encoder_output_representation,0.006628107745200396,0.00013935143942944705,0.00013935143942944705,0.024064484983682632,0.8736657500267029,0.8736657500267029,False,0.0,2396160,9.140625,128.0,False
shared_e2e_rep_projected,42,42,6,0.0014716475270688534,0.02971600741147995,0.5434228777885437,18.28721033292674,28,encoder_output_representation,0.0014716475270688534,4.7529385483358055e-05,4.7529385483358055e-05,0.02971600741147995,1.0868457555770874,1.0868457555770874,False,0.0,3133440,11.953125,128.0,False
shared_e2e_rep_projected,42,42,6,0.01110989972949028,0.02060362882912159,0.30775007605552673,14.936692881039795,29,encoder_output_representation,0.01110989972949028,0.00014089059550315142,0.00014089059550315142,0.02060362882912159,0.6155001521110535,0.6155001521110535,False,0.0,2785280,10.625,128.0,False
shared_e2e_rep_projected,42,42,6,-0.0059319715946912766,0.024532677605748177,0.6727113127708435,27.421030984943226,30,encoder_output_representation,-0.0059319715946912766,-0.00019579552463255823,-7.275957614183426e-11,0.024532677605748177,1.345422625541687,1.345399022102356,True,1.7523765563964844e-05,2785280,10.625,128.0,False
shared_e2e_rep_projected,42,42,6,0.0069198040291666985,0.024278871715068817,0.30625712871551514,12.614141724116239,31,encoder_output_representation,0.0069198040291666985,0.00010290547652402893,0.00010290547652402893,0.024278871715068817,0.6125142574310303,0.6125142574310303,False,0.0,3133440,11.953125,128.0,False
shared_e2e_rep_projected,42,42,6,0.00408971356227994,0.0277552530169487,0.6527688503265381,23.518749763438503,32,encoder_output_representation,0.00408971356227994,0.00014819293573964387,0.00014819293573964387,0.0277552530169487,1.3055377006530762,1.3055377006530762,False,0.0,2350080,8.96484375,128.0,False
shared_e2e_rep_projected,42,42,6,0.032397329807281494,0.025777772068977356,0.46675726771354675,18.106966981652878,33,encoder_output_representation,0.032397329807281494,0.0007796068675816059,0.0007796068675816059,0.025777772068977356,0.9335145354270935,0.9335145354270935,False,0.0,2350080,8.96484375,128.0,False
shared_e2e_rep_projected,42,42,6,-0.00634646974503994,0.03883158415555954,0.3886299729347229,10.008089584444175,34,encoder_output_representation,-0.00634646974503994,-0.00019155064364895225,-1.4551915228366852e-11,0.03883158415555954,0.7772599458694458,0.7772443294525146,True,2.008676528930664e-05,2088960,7.96875,128.0,False
shared_e2e_rep_projected,42,42,6,0.00590659910812974,0.044193439185619354,0.842569887638092,19.06549712275541,35,encoder_output_representation,0.00590659910812974,0.0004398769815452397,0.0004398769815452397,0.044193439185619354,1.685139775276184,1.685139775276184,False,0.0,2350080,8.96484375,128.0,False
shared_e2e_rep_projected,42,42,6,-0.0031305181328207254,0.023836825042963028,0.39293500781059265,16.484368497162446,36,encoder_output_representation,-0.0031305181328207254,-5.8642890508053824e-05,-5.275069270282984e-11,0.023836825042963028,0.7858700156211853,0.7858661413192749,True,4.947185516357422e-06,2396160,9.140625,128.0,False
shared_e2e_rep_projected,42,42,6,-0.0002739247865974903,0.016075780615210533,0.2382141500711441,14.818201104694808,37,encoder_output_representation,-0.0002739247865974903,-2.097978267556755e-06,-2.2282620193436742e-11,0.016075780615210533,0.4764283001422882,0.4764282703399658,True,5.960464477539063e-08,2088960,7.96875,128.0,False
shared_e2e_rep_projected,42,42,6,-0.0006755150971002877,0.013537542894482613,0.15928517282009125,11.766180470239531,38,encoder_output_representation,-0.0006755150971002877,-2.9132665986253414e-06,-5.9117155615240335e-12,0.013537542894482613,0.3185703456401825,0.3185702860355377,True,1.7881393432617188e-07,2350080,8.96484375,128.0,False
shared_e2e_rep_projected,42,42,6,-0.002970940200611949,0.01997315138578415,0.48057883977890015,24.061242539870356,39,encoder_output_representation,-0.002970940200611949,-5.703417264157906e-05,-3.637978807091713e-12,0.01997315138578415,0.9611576795578003,0.9611533880233765,True,4.470348358154297e-06,3133440,11.953125,128.0,False
shared_e2e_rep_projected,42,42,6,-0.003390571800991893,0.020571302622556686,0.26163291931152344,12.718344779228502,40,encoder_output_representation,-0.003390571800991893,-3.649699647212401e-05,-1.4551915228366852e-11,0.020571302622556686,0.5232658386230469,0.5232628583908081,True,5.7220458984375e-06,2785280,10.625,128.0,False
shared_e2e_rep_projected,42,42,6,0.0021323442924767733,0.037487320601940155,0.518714427947998,13.837063295506695,41,encoder_output_representation,0.0021323442924767733,8.292778511531651e-05,8.292778511531651e-05,0.037487320601940155,1.037428855895996,1.037428855895996,False,0.0,3133440,11.953125,128.0,False
shared_e2e_rep_projected,42,42,6,5.105909804115072e-05,0.03059237077832222,0.31023702025413513,10.1409930764166,42,encoder_output_representation,5.105909804115072e-05,9.691921150078997e-07,9.691921150078997e-07,0.03059237077832222,0.6204740405082703,0.6204740405082703,False,0.0,2785280,10.625,128.0,False
shared_e2e_rep_projected,42,42,6,0.014837558381259441,0.03397515043616295,0.5703004598617554,16.785811174944232,43,encoder_output_representation,0.014837558381259441,0.0005749863339588046,0.0005749863339588046,0.03397515043616295,1.1406009197235107,1.1406009197235107,False,0.0,2549760,9.7265625,128.0,False
shared_e2e_rep_projected,42,42,6,-0.017813416197896004,0.039620790630578995,0.4769446849822998,12.037737697596521,44,encoder_output_representation,-0.017813416197896004,-0.0006732376059517264,-1.1641532182693481e-10,0.039620790630578995,0.9538893699645996,0.9537380337715149,True,0.00015866756439208984,2088960,7.96875,128.0,False
shared_e2e_rep_projected,42,42,6,-0.014082214795053005,0.023884901776909828,0.6124401688575745,25.64130991945869,45,encoder_output_representation,-0.014082214795053005,-0.0004119913501199335,-7.275957614183426e-11,0.023884901776909828,1.224880337715149,1.2247588634490967,True,9.918212890625e-05,3133440,11.953125,128.0,False
shared_e2e_rep_projected,42,42,6,-0.0017913694027811289,0.030509134754538536,0.3382765054702759,11.087712194786313,46,encoder_output_representation,-0.0017913694027811289,-3.697573993122205e-05,-1.1823431123048067e-10,0.030509134754538536,0.6765530109405518,0.6765519380569458,True,1.6093254089355469e-06,2350080,8.96484375,128.0,False
shared_e2e_rep_projected,42,42,6,-0.012196093797683716,0.02652137167751789,0.382703572511673,14.43000675700684,47,encoder_output_representation,-0.012196093797683716,-0.00024757639039307833,7.275957614183426e-12,0.02652137167751789,0.765407145023346,0.7653502821922302,True,7.426738739013672e-05,2350080,8.96484375,128.0,False
shared_e2e_rep_projected,42,42,6,-0.004439875949174166,0.022098548710346222,0.46195945143699646,20.90451538207637,48,encoder_output_representation,-0.004439875949174166,-9.06501300050877e-05,-7.275957614183426e-12,0.022098548710346222,0.9239189028739929,0.9239097833633423,True,9.894371032714844e-06,2396160,9.140625,128.0,False
shared_e2e_rep_projected,42,42,6,0.012725519947707653,0.03462672978639603,0.38936010003089905,11.244495291145538,49,encoder_output_representation,0.012725519947707653,0.0003431377117522061,0.0003431377117522061,0.03462672978639603,0.7787202000617981,0.7787202000617981,False,0.0,3993600,15.234375,128.0,False
shared_e2e_rep_projected,42,42,6,0.020046992227435112,0.018867619335651398,0.34985774755477905,18.542760553458045,50,encoder_output_representation,0.020046992227435112,0.00026465969858691096,0.00026465969858691096,0.018867619335651398,0.6997154951095581,0.6997154951095581,False,0.0,2325504,8.87109375,128.0,False
shared_e2e_rep_projected,42,42,6,-0.008113689720630646,0.03206654638051987,0.5839598178863525,18.210873442894453,51,encoder_output_representation,-0.008113689720630646,-0.00030386701109819114,-4.3655745685100555e-11,0.03206654638051987,1.167919635772705,1.1678812503814697,True,3.2842159271240234e-05,3133440,11.953125,128.0,False
shared_e2e_rep_projected,42,42,6,0.010827243328094482,0.02043467015028,0.30871060490608215,15.107197847372749,52,encoder_output_representation,0.010827243328094482,0.00013660515833180398,0.00013660515833180398,0.02043467015028,0.6174212098121643,0.6174212098121643,False,0.0,2350080,8.96484375,128.0,False
shared_e2e_rep_projected,42,42,6,-0.0031421096064150333,0.023843679577112198,0.40123507380485535,16.82773300602501,53,encoder_output_representation,-0.0031421096064150333,-6.012062658555806e-05,-6.548361852765083e-11,0.023843679577112198,0.8024701476097107,0.8024661540985107,True,4.947185516357422e-06,2088960,7.96875,128.0,False
shared_e2e_rep_projected,42,42,6,0.007888364605605602,0.025430629029870033,0.5791829228401184,22.775013632569923,54,encoder_output_representation,0.007888364605605602,0.00023237522691488266,0.00023237522691488266,0.025430629029870033,1.1583658456802368,1.1583658456802368,False,0.0,2785280,10.625,128.0,False
shared_e2e_rep_projected,42,42,6,-0.0007897632895037532,0.02495223470032215,0.4485912024974823,17.977997076618177,55,encoder_output_representation,-0.0007897632895037532,-1.7680198652669787e-05,-1.8189894035458565e-11,0.02495223470032215,0.8971824049949646,0.8971821069717407,True,3.5762786865234375e-07,2350080,8.96484375,128.0,False
shared_e2e_rep_projected,42,42,6,0.004260833840817213,0.03183895722031593,0.5977102518081665,18.772921728315183,56,encoder_output_representation,0.004260833840817213,0.00016217134543694556,0.00016217134543694556,0.03183895722031593,1.195420503616333,1.195420503616333,False,0.0,2350080,8.96484375,128.0,False
shared_e2e_rep_projected,42,42,6,0.0031150500290095806,0.012651750817894936,0.12152039259672165,9.605025766460743,57,encoder_output_representation,0.0031150500290095806,9.578440767654683e-06,9.578440767654683e-06,0.012651750817894936,0.2430407851934433,0.2430407851934433,False,0.0,2350080,8.96484375,128.0,False
shared_e2e_rep_projected,42,42,6,-0.016329625621438026,0.023916903883218765,0.35861271619796753,14.9941111921927,58,encoder_output_representation,-0.016329625621438026,-0.0002801153459586203,-8.731149137020111e-11,0.023916903883218765,0.7172254323959351,0.7171297669410706,True,0.00013339519500732422,2350080,8.96484375,128.0,False
shared_e2e_rep_projected,42,42,6,0.000926691573113203,0.028812004253268242,0.45205241441726685,15.689724687097707,59,encoder_output_representation,0.000926691573113203,2.4139455490512773e-05,2.4139455490512773e-05,0.028812004253268242,0.9041048288345337,0.9041048288345337,False,0.0,3133440,11.953125,128.0,False
shared_e2e_rep_projected,42,42,6,0.00035239665885455906,0.02135314606130123,0.36283451318740845,16.992086887139376,60,encoder_output_representation,0.00035239665885455906,5.46049795957515e-06,5.46049795957515e-06,0.02135314606130123,0.7256690263748169,0.7256690263748169,False,0.0,2531328,9.65625,128.0,False
shared_e2e_rep_projected,42,42,6,-0.005849136970937252,0.03612624108791351,0.5040864944458008,13.95347202658317,61,encoder_output_representation,-0.005849136970937252,-0.00021303434914443642,-7.275957614183426e-11,0.03612624108791351,1.0081729888916016,1.0081557035446167,True,1.71661376953125e-05,2350080,8.96484375,128.0,False
shared_e2e_rep_projected,42,42,6,0.0035686842165887356,0.0307780709117651,0.42388424277305603,13.77228104998042,62,encoder_output_representation,0.0035686842165887356,9.311652684118599e-05,9.311652684118599e-05,0.0307780709117651,0.8477684855461121,0.8477684855461121,False,0.0,2135040,8.14453125,128.0,False
shared_e2e_rep_projected,42,42,6,0.00040401407750323415,0.014826921746134758,0.31487298011779785,21.23657125255162,63,encoder_output_representation,0.00040401407750323415,3.7723580135207158e-06,3.7723580135207158e-06,0.014826921746134758,0.6297459602355957,0.6297459602355957,False,0.0,2135040,8.14453125,128.0,False
shared_e2e_rep_projected,42,42,6,0.006488410755991936,0.017173103988170624,0.22876761853694916,13.321273701861442,64,encoder_output_representation,0.006488410755991936,5.098139081383124e-05,5.098139081383124e-05,0.017173103988170624,0.4575352370738983,0.4575352370738983,False,0.0,2088960,7.96875,128.0,False
shared_e2e_rep_projected,42,42,6,-0.002110309200361371,0.039252594113349915,0.4349838197231293,11.081657901819796,65,encoder_output_representation,-0.002110309200361371,-7.206387090263888e-05,-1.8189894035458565e-11,0.039252594113349915,0.8699676394462585,0.8699657320976257,True,2.205371856689453e-06,2457600,9.375,128.0,False
shared_e2e_rep_projected,42,42,6,0.04189487546682358,0.025669967755675316,0.3941877782344818,15.355990392599216,66,encoder_output_representation,0.04189487546682358,0.0008478506351821125,0.0008478506351821125,0.025669967755675316,0.7883755564689636,0.7883755564689636,False,0.0,2810880,10.72265625,128.0,False
shared_e2e_rep_projected,42,42,6,-0.0011157506378367543,0.020103123039007187,0.3880571722984314,19.303327724028893,67,encoder_output_representation,-0.0011157506378367543,-1.7408301573595963e-05,-1.000444171950221e-11,0.020103123039007187,0.7761143445968628,0.7761138677597046,True,5.960464477539062e-07,2396160,9.140625,128.0,False
shared_e2e_rep_projected,42,42,6,-0.00045956921530887485,0.015658045187592506,0.22705894708633423,14.50110434387152,68,encoder_output_representation,-0.00045956921530887485,-3.2678121897333767e-06,-2.4101609596982598e-11,0.015658045187592506,0.45411789417266846,0.4541178345680237,True,1.1920928955078125e-07,2088960,7.96875,128.0,False
shared_e2e_rep_projected,42,42,6,0.007473135832697153,0.027194738388061523,0.8276705741882324,30.43495261390635,69,encoder_output_representation,0.007473135832697153,0.0003364149306435138,0.0003364149306435138,0.027194738388061523,1.6553411483764648,1.6553411483764648,False,0.0,2088960,7.96875,128.0,False
shared_e2e_rep_projected,42,42,6,0.0061299460940063,0.016700109466910362,0.32366085052490234,19.380762213936666,70,encoder_output_representation,0.0061299460940063,6.626682443311438e-05,6.626682443311438e-05,0.016700109466910362,0.6473217010498047,0.6473217010498047,False,0.0,2350080,8.96484375,128.0,False
shared_e2e_rep_projected,42,42,6,0.00016072038852144033,0.020946551114320755,0.24492891132831573,11.69304244844692,71,encoder_output_representation,0.00016072038852144033,1.6491248970851302e-06,1.6491248970851302e-06,0.020946551114320755,0.48985782265663147,0.48985782265663147,False,0.0,2785280,10.625,128.0,False
shared_e2e_rep_projected,42,42,6,0.0072936369106173515,0.02993430197238922,0.3606184124946594,12.046995878750952,72,encoder_output_representation,0.0072936369106173515,0.00015746758435852826,0.00015746758435852826,0.02993430197238922,0.7212368249893188,0.7212368249893188,False,0.0,3194880,12.1875,128.0,False
shared_e2e_rep_projected,42,42,6,0.0007915468886494637,0.03292623907327652,0.35066768527030945,10.650098375642214,73,encoder_output_representation,0.0007915468886494637,1.8278667994309217e-05,1.8278667994309217e-05,0.03292623907327652,0.7013353705406189,0.7013353705406189,False,0.0,2350080,8.96484375,128.0,False
shared_e2e_rep_projected,42,42,6,-0.003560311160981655,0.025888975709676743,0.5737261176109314,22.1610203526316,74,encoder_output_representation,-0.003560311160981655,-0.0001057638946804218,-3.2741809263825417e-11,0.025888975709676743,1.1474522352218628,1.1474448442459106,True,6.4373016357421875e-06,2350080,8.96484375,128.0,False
shared_e2e_rep_projected,42,42,6,0.009539599530398846,0.016836300492286682,0.22473210096359253,13.348069017094963,75,encoder_output_representation,0.009539599530398846,7.218914834083989e-05,7.218914834083989e-05,0.016836300492286682,0.44946420192718506,0.44946420192718506,False,0.0,2396160,9.140625,128.0,False
shared_e2e_rep_projected,42,42,6,-0.001604233286343515,0.015532764606177807,0.22264865040779114,14.334128923787183,76,encoder_output_representation,-0.001604233286343515,-1.109599725168664e-05,-2.091837814077735e-11,0.015532764606177807,0.4452973008155823,0.4452967345714569,True,1.2516975402832031e-06,2088960,7.96875,128.0,False
shared_e2e_rep_projected,42,42,6,8.86011403053999e-05,0.025560375303030014,0.3423925042152405,13.395441191923817,77,encoder_output_representation,8.86011403053999e-05,1.5508178421441698e-06,1.5508178421441698e-06,0.025560375303030014,0.684785008430481,0.684785008430481,False,0.0,2396160,9.140625,128.0,False
shared_e2e_rep_projected,42,42,6,0.0014160859864205122,0.02288093976676464,0.2598114311695099,11.354928329774943,78,encoder_output_representation,0.0014160859864205122,1.6836496797623113e-05,1.6836496797623113e-05,0.02288093976676464,0.5196228623390198,0.5196228623390198,False,0.0,2088960,7.96875,128.0,False
shared_e2e_rep_projected,42,42,6,-0.006427404936403036,0.022230947390198708,0.3416095972061157,15.366398525900264,79,encoder_output_representation,-0.006427404936403036,-9.762334957486019e-05,0.0,0.022230947390198708,0.6832191944122314,0.6832051277160645,True,2.0563602447509766e-05,2088960,7.96875,128.0,False
shared_e2e_rep_projected,42,42,6,0.0033598251175135374,0.03999533876776695,0.6432761549949646,16.08377813050039,80,encoder_output_representation,0.0033598251175135374,0.0001728834758978337,0.0001728834758978337,0.03999533876776695,1.2865523099899292,1.2865523099899292,False,0.0,2396160,9.140625,128.0,False
shared_e2e_rep_projected,42,42,6,0.004176807589828968,0.024810878559947014,0.2446639984846115,9.861158196936255,81,encoder_output_representation,0.004176807589828968,5.0709189963527024e-05,5.0709189963527024e-05,0.024810878559947014,0.489327996969223,0.489327996969223,False,0.0,2785280,10.625,128.0,False
shared_e2e_rep_projected,42,42,6,-0.004784824792295694,0.04171910509467125,0.5542888045310974,13.286210317150267,82,encoder_output_representation,-0.004784824792295694,-0.0002212927065556869,-1.8917489796876907e-10,0.04171910509467125,1.1085776090621948,1.108564853668213,True,1.150369644165039e-05,2135040,8.14453125,128.0,False
shared_e2e_rep_projected,42,42,6,-0.0017473436892032623,0.01787475310266018,0.27565082907676697,15.421238407804564,83,encoder_output_representation,-0.0017473436892032623,-1.721899025142193e-05,-1.5916157281026244e-11,0.01787475310266018,0.5513016581535339,0.5513007640838623,True,1.6093254089355469e-06,2350080,8.96484375,128.0,False
shared_e2e_rep_projected,42,42,6,0.0003260790545027703,0.027822095900774002,0.5867759585380554,21.09028595943167,84,encoder_output_representation,0.0003260790545027703,1.0646701412042603e-05,1.0646701412042603e-05,0.027822095900774002,1.1735519170761108,1.1735519170761108,False,0.0,3194880,12.1875,128.0,False
shared_e2e_rep_projected,42,42,6,0.006628035102039576,0.03075927123427391,0.5360450744628906,17.427105810803333,85,encoder_output_representation,0.006628035102039576,0.00021857081446796656,0.00021857081446796656,0.03075927123427391,1.0720901489257812,1.0720901489257812,False,0.0,2350080,8.96484375,128.0,False
shared_e2e_rep_projected,42,42,6,0.020313529297709465,0.029152585193514824,0.6116580963134766,20.981264345967634,86,encoder_output_representation,0.020313529297709465,0.0007244379376061261,0.0007244379376061261,0.029152585193514824,1.2233161926269531,1.2233161926269531,False,0.0,3594240,13.7109375,128.0,False
shared_e2e_rep_projected,42,42,6,-0.0033327187411487103,0.03519083186984062,0.4087246060371399,11.614519587058314,87,encoder_output_representation,-0.0033327187411487103,-9.587137901689857e-05,-1.0913936421275139e-11,0.03519083186984062,0.8174492120742798,0.8174446225166321,True,5.602836608886719e-06,2088960,7.96875,128.0,False
shared_e2e_rep_projected,42,42,6,0.00912708044052124,0.026896972209215164,0.4199713468551636,15.614075204765141,88,encoder_output_representation,0.00912708044052124,0.00020619822316803038,0.00020619822316803038,0.026896972209215164,0.8399426937103271,0.8399426937103271,False,0.0,2611200,9.9609375,128.0,False
shared_e2e_rep_projected,42,42,6,0.001313241315074265,0.027894277125597,0.34723135828971863,12.448121767998213,89,encoder_output_representation,0.001313241315074265,2.5439501769142225e-05,2.5439501769142225e-05,0.027894277125597,0.6944627165794373,0.6944627165794373,False,0.0,2088960,7.96875,128.0,False
shared_e2e_rep_projected,42,42,6,-0.002027287147939205,0.016610054299235344,0.2781885862350464,16.74820450453633,90,encoder_output_representation,-0.002027287147939205,-1.8735083358478732e-05,-1.2732925824820995e-11,0.016610054299235344,0.5563771724700928,0.556376039981842,True,2.0265579223632812e-06,3133440,11.953125,128.0,False
shared_e2e_rep_projected,42,42,6,0.0010904469527304173,0.028101393952965736,0.4069550633430481,14.48166820564783,91,encoder_output_representation,0.0010904469527304173,2.494071304681711e-05,2.494071304681711e-05,0.028101393952965736,0.8139101266860962,0.8139101266860962,False,0.0,2088960,7.96875,128.0,False
shared_e2e_rep_projected,42,42,6,0.0014604043681174517,0.028918573632836342,0.5063849687576294,17.51071733989817,92,encoder_output_representation,0.0014604043681174517,4.2772120650624856e-05,4.2772120650624856e-05,0.028918573632836342,1.0127699375152588,1.0127699375152588,False,0.0,2785280,10.625,128.0,False
shared_e2e_rep_projected,42,42,6,0.0038172483909875154,0.016725482419133186,0.2335505187511444,13.963753803834878,93,encoder_output_representation,0.0038172483909875154,2.982221485581249e-05,2.982221485581249e-05,0.016725482419133186,0.4671010375022888,0.4671010375022888,False,0.0,2350080,8.96484375,128.0,False
shared_e2e_rep_projected,42,42,6,-0.0068670096807181835,0.025114452466368675,0.36992669105529785,14.729633924955161,94,encoder_output_representation,-0.0068670096807181835,-0.00012759599485434592,-2.546585164964199e-11,0.025114452466368675,0.7398533821105957,0.7398359179496765,True,2.3603439331054688e-05,2396160,9.140625,128.0,False
shared_e2e_rep_projected,42,42,6,0.0028666763100773096,0.021834688261151314,0.3242090046405792,14.848345932990394,95,encoder_output_representation,0.0028666763100773096,4.058641570736654e-05,4.058641570736654e-05,0.021834688261151314,0.6484180092811584,0.6484180092811584,False,0.0,2350080,8.96484375,128.0,False
shared_e2e_rep_projected,42,42,6,0.006139639765024185,0.036835748702287674,0.510252058506012,13.852088704099637,96,encoder_output_representation,0.006139639765024185,0.000230795398238115,0.000230795398238115,0.036835748702287674,1.020504117012024,1.020504117012024,False,0.0,2088960,7.96875,128.0,False
shared_e2e_rep_projected,42,42,6,0.006360867526382208,0.02408984676003456,0.20633286237716675,8.565138019868032,97,encoder_output_representation,0.006360867526382208,6.32337323622778e-05,6.32337323622778e-05,0.02408984676003456,0.4126657247543335,0.4126657247543335,False,0.0,2396160,9.140625,128.0,False
shared_e2e_rep_projected,42,42,6,0.0076535544358193874,0.01673164591193199,0.20826762914657593,12.447527890729036,98,encoder_output_representation,0.0076535544358193874,5.334007437340915e-05,5.334007437340915e-05,0.01673164591193199,0.41653525829315186,0.41653525829315186,False,0.0,2785280,10.625,128.0,False
shared_e2e_rep_projected,42,42,6,-0.006810104474425316,0.015841256827116013,0.22428880631923676,14.158523453474604,99,encoder_output_representation,-0.006810104474425316,-4.839282701141201e-05,-2.1827872842550278e-11,0.015841256827116013,0.4485776126384735,0.4485671818256378,True,2.3245811462402344e-05,2350080,8.96484375,128.0,False
shared_e2e_rep_projected,42,42,6,0.007058737333863974,0.03215503692626953,0.5988009572029114,18.622306625737757,100,encoder_output_representation,0.007058737333863974,0.0002718244504649192,0.0002718244504649192,0.03215503692626953,1.1976019144058228,1.1976019144058228,False,0.0,2350080,8.96484375,128.0,False
shared_e2e_rep_projected,42,42,6,0.0010432505514472723,0.019025713205337524,0.3807815611362457,20.01404925148458,101,encoder_output_representation,0.0010432505514472723,1.5115951100597158e-05,1.5115951100597158e-05,0.019025713205337524,0.7615631222724915,0.7615631222724915,False,0.0,2396160,9.140625,128.0,False
shared_e2e_rep_projected,42,42,6,-0.0053895399905741215,0.025058746337890625,0.3642329275608063,14.535161601841985,102,encoder_output_representation,-0.0053895399905741215,-9.838303958531469e-05,-1.0913936421275139e-11,0.025058746337890625,0.7284658551216125,0.7284552454948425,True,1.4543533325195312e-05,2325504,8.87109375,128.0,False
shared_e2e_rep_projected,42,42,6,0.006201969459652901,0.030056141316890717,0.47273799777030945,15.728499303556436,103,encoder_output_representation,0.006201969459652901,0.00017624360043555498,0.00017624360043555498,0.030056141316890717,0.9454759955406189,0.9454759955406189,False,0.0,2531328,9.65625,128.0,False
shared_e2e_rep_projected,42,42,6,0.005478203296661377,0.026665007695555687,0.3589059114456177,13.459809032998603,104,encoder_output_representation,0.005478203296661377,0.00010485531674930826,0.00010485531674930826,0.026665007695555687,0.7178118228912354,0.7178118228912354,False,0.0,2396160,9.140625,128.0,False
shared_e2e_rep_projected,42,42,6,0.003040081122890115,0.02588980831205845,0.22887703776359558,8.8404299871542,105,encoder_output_representation,0.003040081122890115,3.6028504837304354e-05,3.6028504837304354e-05,0.02588980831205845,0.45775407552719116,0.45775407552719116,False,0.0,3133440,11.953125,128.0,False
shared_e2e_rep_projected,42,42,6,-0.0024148020893335342,0.01941668428480625,0.19549725949764252,10.068519250252272,106,encoder_output_representation,-0.0024148020893335342,-1.8332735635340214e-05,-2.9103830456733704e-11,0.01941668428480625,0.39099451899528503,0.3909933567047119,True,2.9802322387695312e-06,2457600,9.375,128.0,False
shared_e2e_rep_projected,42,42,6,0.00166141998488456,0.03053317777812481,0.3012337386608124,9.865784061186984,107,encoder_output_representation,0.00166141998488456,3.0562230676878244e-05,3.0562230676878244e-05,0.03053317777812481,0.6024674773216248,0.6024674773216248,False,0.0,2088960,7.96875,128.0,False
shared_e2e_rep_projected,42,42,6,0.01580895110964775,0.026734016835689545,0.38893595337867737,14.548354471725073,108,encoder_output_representation,0.01580895110964775,0.0003287572762928903,0.0003287572762928903,0.026734016835689545,0.7778719067573547,0.7778719067573547,False,0.0,2350080,8.96484375,128.0,False
shared_e2e_rep_projected,42,42,6,0.002113113645464182,0.02925914339721203,0.41861066222190857,14.307003337008016,109,encoder_output_representation,0.002113113645464182,5.17636290169321e-05,5.17636290169321e-05,0.02925914339721203,0.8372213244438171,0.8372213244438171,False,0.0,2350080,8.96484375,128.0,False
shared_e2e_rep_projected,42,42,6,0.02285965159535408,0.026779310777783394,0.5714609026908875,21.33964191359928,110,encoder_output_representation,0.02285965159535408,0.0006996575393714011,0.0006996575393714011,0.026779310777783394,1.142921805381775,1.142921805381775,False,0.0,3266048,12.458984375,128.0,False
shared_e2e_rep_projected,42,42,6,-1.0978575346598518e-06,0.0262965839356184,0.4487554132938385,17.065160037232243,111,encoder_output_representation,-1.0978575346598518e-06,-2.591104930615984e-08,-1.2168044349891716e-12,0.0262965839356184,0.897510826587677,0.897510826587677,True,0.0,2621952,10.001953125,128.0,False
shared_e2e_rep_projected,42,42,6,-0.005627806298434734,0.032357633113861084,0.3027594983577728,9.356663921999886,112,encoder_output_representation,-0.005627806298434734,-0.00011026652646251023,-8.913048077374697e-11,0.032357633113861084,0.6055189967155457,0.6055094003677368,True,1.5854835510253906e-05,2350080,8.96484375,128.0,False
shared_e2e_rep_projected,42,42,6,0.0011849009897559881,0.018915392458438873,0.30589455366134644,16.17172650969107,113,encoder_output_representation,0.0011849009897559881,1.3711947758565657e-05,1.3711947758565657e-05,0.018915392458438873,0.6117891073226929,0.6117891073226929,False,0.0,2088960,7.96875,128.0,False
shared_e2e_rep_projected,42,42,6,0.00793666485697031,0.015530630946159363,0.3230716586112976,20.802223665690246,114,encoder_output_representation,0.00793666485697031,7.964454562170431e-05,7.964454562170431e-05,0.015530630946159363,0.6461433172225952,0.6461433172225952,False,0.0,2135040,8.14453125,128.0,False
shared_e2e_rep_projected,42,42,6,0.00038096256321296096,0.01925010420382023,0.3187359869480133,16.557623978199526,115,encoder_output_representation,0.00038096256321296096,4.674944648286328e-06,4.674944648286328e-06,0.01925010420382023,0.6374719738960266,0.6374719738960266,False,0.0,2350080,8.96484375,128.0,False
shared_e2e_rep_projected,42,42,6,-0.0025842771865427494,0.021467436105012894,0.4914569854736328,22.893138382690793,116,encoder_output_representation,-0.0025842771865427494,-5.452990808407776e-05,-2.1827872842550278e-11,0.021467436105012894,0.9829139709472656,0.9829106330871582,True,3.3974647521972656e-06,2088960,7.96875,128.0,False
shared_e2e_rep_projected,42,42,6,-0.003352613653987646,0.018355216830968857,0.21208886802196503,11.55469150678348,117,encoder_output_representation,-0.003352613653987646,-2.6103029085788876e-05,-2.7284841053187847e-12,0.018355216830968857,0.42417773604393005,0.42417535185813904,True,5.602836608886719e-06,2350080,8.96484375,128.0,False
shared_e2e_rep_projected,42,42,6,-0.00027693522861227393,0.041844919323921204,0.488935261964798,11.68445942457085,118,encoder_output_representation,-0.00027693522861227393,-1.1331888345011976e-05,-4.729372449219227e-11,0.041844919323921204,0.977870523929596,0.977870523929596,True,0.0,2350080,8.96484375,128.0,False
shared_e2e_rep_projected,42,42,6,0.0016828264342620969,0.030119119212031364,0.4375930428504944,14.528746334510796,119,encoder_output_representation,0.0016828264342620969,4.43590251961723e-05,4.43590251961723e-05,0.030119119212031364,0.8751860857009888,0.8751860857009888,False,0.0,2396160,9.140625,128.0,False
shared_e2e_rep_projected,42,42,6,0.021917684003710747,0.023695748299360275,0.5510352253913879,23.25460324906745,120,encoder_output_representation,0.021917684003710747,0.0005723668145947158,0.0005723668145947158,0.023695748299360275,1.1020704507827759,1.1020704507827759,False,0.0,2159616,8.23828125,128.0,False
shared_e2e_rep_projected,42,42,6,0.00106469402089715,0.02154451236128807,0.47963735461235046,22.262622916180714,121,encoder_output_representation,0.00106469402089715,2.2004143829690292e-05,2.2004143829690292e-05,0.02154451236128807,0.9592747092247009,0.9592747092247009,False,0.0,2350080,8.96484375,128.0,False
shared_e2e_rep_projected,42,42,6,0.0008266507647931576,0.023792728781700134,0.5117197632789612,21.507401188574207,122,encoder_output_representation,0.0008266507647931576,2.0129293261561543e-05,2.0129293261561543e-05,0.023792728781700134,1.0234395265579224,1.0234395265579224,False,0.0,3194880,12.1875,128.0,False
shared_e2e_rep_projected,42,42,6,-0.0061204694211483,0.01970852166414261,0.2444884330034256,12.405214209863555,123,encoder_output_representation,-0.0061204694211483,-5.898303061258048e-05,-3.3651303965598345e-11,0.01970852166414261,0.4889768660068512,0.4889676868915558,True,1.8775463104248047e-05,2846720,10.859375,128.0,False
shared_e2e_rep_projected,42,42,6,0.009397953748703003,0.028705736622214317,0.2669963240623474,9.301148671995017,124,encoder_output_representation,0.009397953748703003,0.00014405796537175775,0.00014405796537175775,0.028705736622214317,0.5339926481246948,0.5339926481246948,False,0.0,3194880,12.1875,128.0,False
shared_e2e_rep_projected,42,42,6,0.007665562909096479,0.024293122813105583,0.4948098063468933,20.368307942688816,125,encoder_output_representation,0.007665562909096479,0.00018428741896059364,0.00018428741896059364,0.024293122813105583,0.9896196126937866,0.9896196126937866,False,0.0,2088960,7.96875,128.0,False
shared_e2e_rep_projected,42,42,6,-0.016857288777828217,0.035281822085380554,0.35411641001701355,10.036794844667218,126,encoder_output_representation,-0.016857288777828217,-0.00042122561717405915,-9.458744898438454e-11,0.035281822085380554,0.7082328200340271,0.7081321477890015,True,0.00014215707778930664,3133440,11.953125,128.0,False
shared_e2e_rep_projected,42,42,6,0.0064703067764639854,0.01851268857717514,0.1882147639989853,10.166797935068223,127,encoder_output_representation,0.0064703067764639854,4.508977508521639e-05,4.508977508521639e-05,0.01851268857717514,0.3764295279979706,0.3764295279979706,False,0.0,2088960,7.96875,128.0,False
shared_e2e_rep_projected,42,42,6,-0.00021187688980717212,0.04518527165055275,0.4415573477745056,9.772152111629588,128,encoder_output_representation,-0.00021187688980717212,-8.45468821353279e-06,-2.091837814077735e-11,0.04518527165055275,0.8831146955490112,0.8831146359443665,True,5.960464477539063e-08,2088960,7.96875,128.0,False
shared_e2e_rep_projected,42,42,6,-0.004822280257940292,0.03633827716112137,0.4350191652774811,11.971375619945785,129,encoder_output_representation,-0.004822280257940292,-0.00015245973190758377,-5.093170329928398e-11,0.03633827716112137,0.8700383305549622,0.8700281977653503,True,1.1622905731201172e-05,2350080,8.96484375,128.0,False
shared_e2e_rep_projected,42,42,6,-0.0027382473926991224,0.025913970544934273,0.3030046224594116,11.692713084396235,130,encoder_output_representation,-0.0027382473926991224,-4.300172804505564e-05,-1.8189894035458565e-11,0.025913970544934273,0.6060092449188232,0.606006920337677,True,3.814697265625e-06,2580480,9.84375,128.0,False
shared_e2e_rep_projected,42,42,6,0.002931007416918874,0.03308286517858505,0.5061951875686646,15.300826722116286,131,encoder_output_representation,0.002931007416918874,9.816756937652826e-05,9.816756937652826e-05,0.03308286517858505,1.012390375137329,1.012390375137329,False,0.0,2396160,9.140625,128.0,False
shared_e2e_rep_projected,42,42,6,0.00044376644655130804,0.024873429909348488,0.37455564737319946,15.058463940770212,132,encoder_output_representation,0.00044376644655130804,8.268685633083805e-06,8.268685633083805e-06,0.024873429909348488,0.7491112947463989,0.7491112947463989,False,0.0,2088960,7.96875,128.0,False
shared_e2e_rep_projected,42,42,6,-0.0230984129011631,0.02281021513044834,0.46779781579971313,20.508259704016147,133,encoder_output_representation,-0.0230984129011631,-0.0004929464193992317,-1.4551915228366852e-11,0.02281021513044834,0.9355956315994263,0.9353459477424622,True,0.00026684999465942383,2088960,7.96875,128.0,False
shared_e2e_rep_projected,42,42,6,0.0012384812580421567,0.019472355023026466,0.2711414098739624,13.924428224184082,134,encoder_output_representation,0.0012384812580421567,1.3077771654934622e-05,1.3077771654934622e-05,0.019472355023026466,0.5422828197479248,0.5422828197479248,False,0.0,2611200,9.9609375,128.0,False
shared_e2e_rep_projected,42,42,6,0.002739488147199154,0.01867646351456642,0.29847508668899536,15.981349277190743,135,encoder_output_representation,0.002739488147199154,3.054233093280345e-05,3.054233093280345e-05,0.01867646351456642,0.5969501733779907,0.5969501733779907,False,0.0,2088960,7.96875,128.0,False
shared_e2e_rep_projected,42,42,6,0.0012764149578288198,0.029936524108052254,0.5221944451332092,17.44338932764578,136,encoder_output_representation,0.0012764149578288198,3.990759068983607e-05,3.990759068983607e-05,0.029936524108052254,1.0443888902664185,1.0443888902664185,False,0.0,2903040,11.07421875,128.0,False
shared_e2e_rep_projected,42,42,6,-0.001579861855134368,0.025282368063926697,0.4253787696361542,16.825115770824162,137,encoder_output_representation,-0.001579861855134368,-3.398150875000283e-05,-3.8198777474462986e-11,0.025282368063926697,0.8507575392723083,0.8507564663887024,True,1.2516975402832031e-06,2580480,9.84375,128.0,False
shared_e2e_rep_projected,42,42,6,-0.0018146191723644733,0.01945556327700615,0.30742383003234863,15.801332793879174,138,encoder_output_representation,-0.0018146191723644733,-2.1706851839553565e-05,-7.275957614183426e-12,0.01945556327700615,0.6148476600646973,0.6148466467857361,True,1.6689300537109375e-06,2088960,7.96875,128.0,False
shared_e2e_rep_projected,42,42,6,0.003911531064659357,0.03881670534610748,0.44826608896255493,11.548277602790078,139,encoder_output_representation,0.003911531064659357,0.00013612293696496636,0.00013612293696496636,0.03881670534610748,0.8965321779251099,0.8965321779251099,False,0.0,3488256,13.306640625,128.0,False
shared_e2e_rep_projected,42,42,6,-0.004493777174502611,0.026207957416772842,0.3352603614330292,12.792311743396903,140,encoder_output_representation,-0.004493777174502611,-7.896905299276114e-05,-2.9103830456733704e-11,0.026207957416772842,0.6705207228660583,0.670513927936554,True,1.0132789611816406e-05,2350080,8.96484375,128.0,False
shared_e2e_rep_projected,42,42,6,-0.009686686098575592,0.02971186675131321,0.508821427822113,17.125192169207075,141,encoder_output_representation,-0.009686686098575592,-0.0002928873000200838,-7.275957614183426e-11,0.02971186675131321,1.017642855644226,1.0175951719284058,True,4.684925079345703e-05,2350080,8.96484375,128.0,False
shared_e2e_rep_projected,42,42,6,0.005254534538835287,0.031028270721435547,0.5942379236221313,19.151499900109112,142,encoder_output_representation,0.005254534538835287,0.00019376804993953556,0.00019376804993953556,0.031028270721435547,1.1884758472442627,1.1884758472442627,False,0.0,3133440,11.953125,128.0,False
shared_e2e_rep_projected,42,42,6,0.002784307114779949,0.03129509091377258,0.44886428117752075,14.342961406128433,143,encoder_output_representation,0.002784307114779949,7.822370389476418e-05,7.822370389476418e-05,0.03129509091377258,0.8977285623550415,0.8977285623550415,False,0.0,3133440,11.953125,128.0,False
shared_e2e_rep_projected,42,42,6,0.008846860378980637,0.021785661578178406,0.28666117787361145,13.158249835329556,144,encoder_output_representation,0.008846860378980637,0.00011049911699956283,0.00011049911699956283,0.021785661578178406,0.5733223557472229,0.5733223557472229,False,0.0,2088960,7.96875,128.0,False
shared_e2e_rep_projected,42,42,6,0.006741632241755724,0.026518026366829872,0.48076072335243225,18.129581617498985,145,encoder_output_representation,0.006741632241755724,0.00017189577920362353,0.00017189577920362353,0.026518026366829872,0.9615214467048645,0.9615214467048645,False,0.0,2785280,10.625,128.0,False
shared_e2e_rep_projected,42,42,6,-0.003231450915336609,0.020614543929696083,0.5109925270080566,24.787961778380712,146,encoder_output_representation,-0.003231450915336609,-6.807941826991737e-05,-5.820766091346741e-11,0.020614543929696083,1.0219850540161133,1.0219796895980835,True,5.245208740234375e-06,2088960,7.96875,128.0,False
shared_e2e_rep_projected,42,42,6,0.0003093963023275137,0.027995971962809563,0.39266911149024963,14.025914585565364,147,encoder_output_representation,0.0003093963023275137,6.802481948398054e-06,6.802481948398054e-06,0.027995971962809563,0.7853382229804993,0.7853382229804993,False,0.0,3133440,11.953125,128.0,False
shared_e2e_rep_projected,42,42,6,0.01266417931765318,0.026057247072458267,0.41195014119148254,15.809426837990939,148,encoder_output_representation,0.01266417931765318,0.0002718818432185799,0.0002718818432185799,0.026057247072458267,0.8239002823829651,0.8239002823829651,False,0.0,2288640,8.73046875,128.0,False
shared_e2e_rep_projected,42,42,6,0.005099555943161249,0.03314048796892166,0.4750341475009918,14.333951508090864,149,encoder_output_representation,0.005099555943161249,0.00016056321328505874,0.00016056321328505874,0.03314048796892166,0.9500682950019836,0.9500682950019836,False,0.0,2482176,9.46875,128.0,False
shared_e2e_rep_projected,42,42,6,-0.006023187190294266,0.02083052694797516,0.2608947157859802,12.524633507235428,150,encoder_output_representation,-0.006023187190294266,-6.546692020492628e-05,-1.0913936421275139e-11,0.02083052694797516,0.5217894315719604,0.5217799544334412,True,1.817941665649414e-05,2785280,10.625,128.0,False
shared_e2e_rep_projected,42,42,6,-0.004964557942003012,0.030766667798161507,0.5893102288246155,19.154177913925093,151,encoder_output_representation,-0.004964557942003012,-0.00018002591968979686,-3.637978807091713e-11,0.030766667798161507,1.178620457649231,1.1786059141159058,True,1.233816146850586e-05,2785280,10.625,128.0,False
shared_e2e_rep_projected,42,42,6,-0.015853408724069595,0.02888636663556099,0.6798280477523804,23.5345641190979,152,encoder_output_representation,-0.015853408724069595,-0.0006226508994586766,-1.0186340659856796e-10,0.02888636663556099,1.3596560955047607,1.3594852685928345,True,0.00012564659118652344,2088960,7.96875,128.0,False
shared_e2e_rep_projected,42,42,6,-0.0018579172901809216,0.02285146713256836,0.30004262924194336,13.130125409511091,153,encoder_output_representation,-0.0018579172901809216,-2.5477302187937312e-05,-1.6370904631912708e-11,0.02285146713256836,0.6000852584838867,0.6000841856002808,True,1.7881393432617188e-06,3227648,12.3125,128.0,False
shared_e2e_rep_projected,42,42,6,-0.0039045230951160192,0.020590508356690407,0.25510022044181824,12.389214293435808,154,encoder_output_representation,-0.0039045230951160192,-4.101813101442531e-05,-5.4569682106375694e-12,0.020590508356690407,0.5102004408836365,0.5101965665817261,True,7.569789886474609e-06,2088960,7.96875,128.0,False
shared_e2e_rep_projected,42,42,6,-0.022934138774871826,0.02877878025174141,0.4777529239654541,16.600874664816455,155,encoder_output_representation,-0.022934138774871826,-0.0006306496798060834,2.9103830456733704e-11,0.02877878025174141,0.9555058479309082,0.9552544951438904,True,0.00026303529739379883,2396160,9.140625,128.0,False
shared_e2e_rep_projected,42,42,6,-0.0024194337893277407,0.016240032389760017,0.29881030321121216,18.399612515528226,156,encoder_output_representation,-0.0024194337893277407,-2.348151792830322e-05,-2.4556356947869062e-11,0.016240032389760017,0.5976206064224243,0.5976188778877258,True,2.9206275939941406e-06,2088960,7.96875,128.0,False
shared_e2e_rep_projected,42,42,6,0.0021975780837237835,0.0215753223747015,0.32862457633018494,15.231502483389036,157,encoder_output_representation,0.0021975780837237835,3.116245352430269e-05,3.116245352430269e-05,0.0215753223747015,0.6572491526603699,0.6572491526603699,False,0.0,2350080,8.96484375,128.0,False
shared_e2e_rep_projected,42,42,6,0.00023146321473177522,0.02142559364438057,0.4961378276348114,23.1563165002402,158,encoder_output_representation,0.00023146321473177522,4.920930223306641e-06,4.920930223306641e-06,0.02142559364438057,0.9922756552696228,0.9922756552696228,False,0.0,2196480,8.37890625,128.0,False
shared_e2e_rep_projected,42,42,6,0.007989505305886269,0.018614664673805237,0.3022480309009552,16.23709243209103,159,encoder_output_representation,0.007989505305886269,8.990184142021462e-05,8.990184142021462e-05,0.018614664673805237,0.6044960618019104,0.6044960618019104,False,0.0,2350080,8.96484375,128.0,False
shared_e2e_rep_projected,42,42,6,0.02584405429661274,0.02623584121465683,0.4711400866508484,17.957879939738422,160,encoder_output_representation,0.02584405429661274,0.0006389041082002223,0.0006389041082002223,0.02623584121465683,0.9422801733016968,0.9422801733016968,False,0.0,2785280,10.625,128.0,False
shared_e2e_rep_projected,42,42,6,-0.0025249540340155363,0.03127139061689377,0.36596739292144775,11.702945910046639,161,encoder_output_representation,-0.0025249540340155363,-5.7792713050730526e-05,-2.637534635141492e-11,0.03127139061689377,0.7319347858428955,0.731932520866394,True,3.0994415283203125e-06,2325504,8.87109375,128.0,False
shared_e2e_rep_projected,42,42,6,-0.0012182528153061867,0.0189644917845726,0.2720840871334076,14.347027604227439,162,encoder_output_representation,-0.0012182528153061867,-1.2572214473038912e-05,-3.2741809263825417e-11,0.0189644917845726,0.5441681742668152,0.5441677570343018,True,7.748603820800781e-07,2088960,7.96875,128.0,False
shared_e2e_rep_projected,42,42,6,-0.007711152080446482,0.013420043513178825,0.1888047158718109,14.068860185617122,163,encoder_output_representation,-0.007711152080446482,-3.9076534449122846e-05,-2.000888343900442e-11,0.013420043513178825,0.3776094317436218,0.37759819626808167,True,2.9742717742919922e-05,2088960,7.96875,128.0,False
shared_e2e_rep_projected,42,42,6,0.02537376806139946,0.026303818449378014,0.36601030826568604,13.914721505931805,164,encoder_output_representation,0.02537376806139946,0.0004885703092440963,0.0004885703092440963,0.026303818449378014,0.7320206165313721,0.7320206165313721,False,0.0,3133440,11.953125,128.0,False
shared_e2e_rep_projected,42,42,6,0.009166943840682507,0.018232595175504684,0.3173213005065918,17.40406658800333,165,encoder_output_representation,0.009166943840682507,0.00010607237345539033,0.00010607237345539033,0.018232595175504684,0.6346426010131836,0.6346426010131836,False,0.0,2420736,9.234375,128.0,False
shared_e2e_rep_projected,42,42,6,0.0003448772768024355,0.020883861929178238,0.4235343039035797,20.280458917985456,166,encoder_output_representation,0.0003448772768024355,6.100901373429224e-06,6.100901373429224e-06,0.020883861929178238,0.8470686078071594,0.8470686078071594,False,0.0,2088960,7.96875,128.0,False
shared_e2e_rep_projected,42,42,6,-0.004372203256934881,0.0321638248860836,0.4415959119796753,13.7295832676524,167,encoder_output_representation,-0.004372203256934881,-0.00012420042185112834,-7.275957614183426e-11,0.0321638248860836,0.8831918239593506,0.8831833004951477,True,9.655952453613281e-06,3194880,12.1875,128.0,False
shared_e2e_rep_projected,42,42,6,0.013548726215958595,0.025346664711833,0.34584999084472656,13.644792905761197,168,encoder_output_representation,0.013548726215958595,0.00023754015273880213,0.00023754015273880213,0.025346664711833,0.6916999816894531,0.6916999816894531,False,0.0,2350080,8.96484375,128.0,False
shared_e2e_rep_projected,42,42,6,0.004056134726852179,0.01628730073571205,0.21148569881916046,12.984699076345427,169,encoder_output_representation,0.004056134726852179,2.7942965971305966e-05,2.7942965971305966e-05,0.01628730073571205,0.4229713976383209,0.4229713976383209,False,0.0,2785280,10.625,128.0,False
shared_e2e_rep_projected,42,42,6,0.002734753768891096,0.024662714451551437,0.41371554136276245,16.77493944048552,170,encoder_output_representation,0.002734753768891096,5.580728975473903e-05,5.580728975473903e-05,0.024662714451551437,0.8274310827255249,0.8274310827255249,False,0.0,2396160,9.140625,128.0,False
shared_e2e_rep_projected,42,42,6,-0.001095684478059411,0.016987470909953117,0.26773467659950256,15.760714353461193,171,encoder_output_representation,-0.001095684478059411,-9.966642210201826e-06,-1.000444171950221e-11,0.016987470909953117,0.5354693531990051,0.5354689955711365,True,6.556510925292969e-07,2785280,10.625,128.0,False
shared_e2e_rep_projected,42,42,6,0.013475701212882996,0.03492188826203346,1.0206786394119263,29.227475666646363,172,encoder_output_representation,0.013475701212882996,0.0009606564417481422,0.0009606564417481422,0.03492188826203346,2.0413572788238525,2.0413572788238525,False,0.0,2548224,9.720703125,128.0,False
shared_e2e_rep_projected,42,42,6,0.0005194996483623981,0.02931908704340458,0.4082814157009125,13.925447784117026,173,encoder_output_representation,0.0005194996483623981,1.243727638211567e-05,1.243727638211567e-05,0.02931908704340458,0.816562831401825,0.816562831401825,False,0.0,2088960,7.96875,128.0,False
shared_e2e_rep_projected,42,42,6,0.01212035957723856,0.022444887086749077,0.49274852871894836,21.95370940448416,174,encoder_output_representation,0.01212035957723856,0.0002680947072803974,0.0002680947072803974,0.022444887086749077,0.9854970574378967,0.9854970574378967,False,0.0,2088960,7.96875,128.0,False
shared_e2e_rep_projected,42,42,6,-0.0039146351628005505,0.03383394330739975,0.7168823480606079,21.188258830705674,175,encoder_output_representation,-0.0039146351628005505,-0.00018989860836882144,-9.094947017729282e-11,0.03383394330739975,1.4337646961212158,1.4337536096572876,True,7.748603820800781e-06,2785280,10.625,128.0,False
shared_e2e_rep_projected,42,42,6,-0.005331844557076693,0.023552414029836655,0.366870254278183,15.576758026307818,176,encoder_output_representation,-0.005331844557076693,-9.214153396897018e-05,-7.821654435247183e-11,0.023552414029836655,0.733740508556366,0.7337300777435303,True,1.424551010131836e-05,2350080,8.96484375,128.0,False
shared_e2e_rep_projected,42,42,6,0.0015233498997986317,0.027631135657429695,0.40601643919944763,14.694164012410923,177,encoder_output_representation,0.0015233498997986317,3.4179996873717755e-05,3.4179996873717755e-05,0.027631135657429695,0.8120328783988953,0.8120328783988953,False,0.0,2325504,8.87109375,128.0,False
shared_e2e_rep_projected,42,42,6,0.005608499050140381,0.02825048193335533,0.5398526787757874,19.109503336946034,178,encoder_output_representation,0.005608499050140381,0.0001710715441731736,0.0001710715441731736,0.02825048193335533,1.0797053575515747,1.0797053575515747,False,0.0,2611200,9.9609375,128.0,False
shared_e2e_rep_projected,42,42,6,-0.005196085199713707,0.015429767780005932,0.3185582756996155,20.645694753255256,179,encoder_output_representation,-0.005196085199713707,-5.1080431148875505e-05,5.4569682106375694e-12,0.015429767780005932,0.637116551399231,0.6371079683303833,True,1.3470649719238281e-05,2088960,7.96875,128.0,False
shared_e2e_rep_projected,42,42,6,0.006132753565907478,0.027140377089381218,0.6844441294670105,25.218666904035096,180,encoder_output_representation,0.006132753565907478,0.00022784495376981795,0.00022784495376981795,0.027140377089381218,1.368888258934021,1.368888258934021,False,0.0,3631104,13.8515625,128.0,False
shared_e2e_rep_projected,42,42,6,0.010596535168588161,0.02411009557545185,0.40045443177223206,16.609408723371562,181,encoder_output_representation,0.010596535168588161,0.0002046189911197871,0.0002046189911197871,0.02411009557545185,0.8009088635444641,0.8009088635444641,False,0.0,2088960,7.96875,128.0,False
shared_e2e_rep_projected,42,42,6,0.02713913656771183,0.040159884840250015,0.3786603808403015,9.428821381001354,182,encoder_output_representation,0.02713913656771183,0.000825407390948385,0.000825407390948385,0.040159884840250015,0.757320761680603,0.757320761680603,False,0.0,2846720,10.859375,128.0,False
shared_e2e_rep_projected,42,42,6,0.024054180830717087,0.025401974096894264,0.6131206750869751,24.136733340025625,183,encoder_output_representation,0.024054180830717087,0.0007492625154554844,0.0007492625154554844,0.025401974096894264,1.2262413501739502,1.2262413501739502,False,0.0,2350080,8.96484375,128.0,False
shared_e2e_rep_projected,42,42,6,-0.000960838864557445,0.031055225059390068,0.6822603940963745,21.969262589197744,184,encoder_output_representation,-0.000960838864557445,-4.0716029616305605e-05,-1.3096723705530167e-10,0.031055225059390068,1.364520788192749,1.3645201921463013,True,4.172325134277344e-07,2159616,8.23828125,128.0,False
shared_e2e_rep_projected,42,42,6,0.0016079284250736237,0.02552080899477005,0.4267182946205139,16.720406265646233,185,encoder_output_representation,0.0016079284250736237,3.502131221466698e-05,3.502131221466698e-05,0.02552080899477005,0.8534365892410278,0.8534365892410278,False,0.0,2350080,8.96484375,128.0,False
shared_e2e_rep_projected,42,42,6,-0.005244555417448282,0.028910726308822632,0.4109717011451721,14.215198080988946,186,encoder_output_representation,-0.005244555417448282,-0.00012462626909837127,3.637978807091713e-12,0.028910726308822632,0.8219434022903442,0.8219321370124817,True,1.3709068298339844e-05,2088960,7.96875,128.0,False
shared_e2e_rep_projected,42,42,6,0.0001154909041360952,0.018162859603762627,0.17620126903057098,9.701185434152068,187,encoder_output_representation,0.0001154909041360952,7.392154657281935e-07,7.392154657281935e-07,0.018162859603762627,0.35240253806114197,0.35240253806114197,False,0.0,2350080,8.96484375,128.0,False
shared_e2e_rep_projected,42,42,6,-0.0027756469789892435,0.02814383991062641,0.5278037786483765,18.753794092223036,188,encoder_output_representation,-0.0027756469789892435,-8.246127981692553e-05,-4.3655745685100555e-11,0.02814383991062641,1.055607557296753,1.0556035041809082,True,3.814697265625e-06,2350080,8.96484375,128.0,False
shared_e2e_rep_projected,42,42,6,-0.003282541409134865,0.02184145152568817,0.44052955508232117,20.16942667771899,189,encoder_output_representation,-0.003282541409134865,-6.316794315353036e-05,-3.637978807091713e-11,0.02184145152568817,0.8810591101646423,0.8810543417930603,True,5.424022674560547e-06,2264064,8.63671875,128.0,False
shared_e2e_rep_projected,42,42,6,-0.011530539952218533,0.025814488530158997,0.30125781893730164,11.670106056346727,190,encoder_output_representation,-0.011530539952218533,-0.00017934179049916565,-1.4551915228366852e-11,0.025814488530158997,0.6025156378746033,0.6024755835533142,True,6.645917892456055e-05,2002944,7.640625,128.0,False
shared_e2e_rep_projected,42,42,6,-0.0022834583651274443,0.026855990290641785,0.5177335739135742,19.27814123815733,191,encoder_output_representation,-0.0022834583651274443,-6.349953764583915e-05,-3.637978807091713e-12,0.026855990290641785,1.0354671478271484,1.0354644060134888,True,2.6226043701171875e-06,2350080,8.96484375,128.0,False
shared_e2e_rep_projected,42,42,6,-5.428772055893205e-06,0.025535989552736282,0.3554978370666504,13.921443550581238,192,encoder_output_representation,-5.428772055893205e-06,-9.856466931523755e-08,-1.5916157281026244e-12,0.025535989552736282,0.7109956741333008,0.7109956741333008,True,0.0,2785280,10.625,128.0,False
shared_e2e_rep_projected,42,42,6,-0.0006800914416089654,0.025297759100794792,0.3186507225036621,12.596005884712962,193,encoder_output_representation,-0.0006800914416089654,-1.0964637112920173e-05,-2.7284841053187847e-11,0.025297759100794792,0.6373014450073242,0.6373012661933899,True,2.980232238769531e-07,2785280,10.625,128.0,False
shared_e2e_rep_projected,42,42,6,-0.01038171723484993,0.020902525633573532,0.28733891248703003,13.74661213310547,194,encoder_output_representation,-0.01038171723484993,-0.00012470745423343033,-3.637978807091713e-11,0.020902525633573532,0.5746778249740601,0.5746468305587769,True,5.3942203521728516e-05,2088960,7.96875,128.0,False
shared_e2e_rep_projected,42,42,6,-0.003329426283016801,0.018985189497470856,0.2740054130554199,14.432587733291891,195,encoder_output_representation,-0.003329426283016801,-3.463964822003618e-05,-2.546585164964199e-11,0.018985189497470856,0.5480108261108398,0.5480077862739563,True,5.543231964111328e-06,2088960,7.96875,128.0,False
shared_e2e_rep_projected,42,42,6,-0.0243704654276371,0.02828260138630867,0.7252302169799805,25.642274098982185,196,encoder_output_representation,-0.0243704654276371,-0.0009997445158660412,-1.7462298274040222e-10,0.02828260138630867,1.450460433959961,1.4500294923782349,True,0.00029712915420532227,2350080,8.96484375,128.0,False
shared_e2e_rep_projected,42,42,6,-0.009936386719346046,0.015173712745308876,0.24221576750278473,15.962854415948296,197,encoder_output_representation,-0.009936386719346046,-7.303865277208388e-05,-1.4551915228366852e-11,0.015173712745308876,0.48443153500556946,0.4844076335430145,True,4.935264587402344e-05,2396160,9.140625,128.0,False
shared_e2e_rep_projected,42,42,6,-0.029020335525274277,0.027534931898117065,0.6858014464378357,24.90659679041128,198,encoder_output_representation,-0.029020335525274277,-0.001096010790206492,-1.1641532182693481e-10,0.027534931898117065,1.3716028928756714,1.3710252046585083,True,0.00042116641998291016,2350080,8.96484375,128.0,False
shared_e2e_rep_projected,42,42,6,0.005856536328792572,0.0201705489307642,0.2952418625354767,14.637274550578674,199,encoder_output_representation,0.005856536328792572,6.97535797371529e-05,6.97535797371529e-05,0.0201705489307642,0.5904837250709534,0.5904837250709534,False,0.0,2088960,7.96875,128.0,False
shared_e2e_rep_projected,42,42,7,-0.007692741230130196,0.03555513545870781,0.4490983188152313,12.631039455236913,0,encoder_output_representation,-0.007692741230130196,-0.0002456715446896851,-7.275957614183426e-12,0.03555513545870781,0.8981966376304626,0.8981700539588928,True,2.962350845336914e-05,2088960,7.96875,128.0,False
shared_e2e_rep_projected,42,42,7,0.003142718458548188,0.029400385916233063,0.2302190661430359,7.830477695053767,1,encoder_output_representation,0.003142718458548188,4.254316445440054e-05,4.254316445440054e-05,0.029400385916233063,0.4604381322860718,0.4604381322860718,False,0.0,2396160,9.140625,128.0,False
shared_e2e_rep_projected,42,42,7,-0.011345501989126205,0.029020708054304123,0.3012317717075348,10.379890495568334,2,encoder_output_representation,-0.011345501989126205,-0.00019836382125504315,-5.093170329928398e-11,0.029020708054304123,0.6024635434150696,0.6024247407913208,True,6.443262100219727e-05,2785280,10.625,128.0,False
shared_e2e_rep_projected,42,42,7,0.00591691117733717,0.017971530556678772,0.3009538948535919,16.746147130008815,3,encoder_output_representation,0.00591691117733717,6.400443817256019e-05,6.400443817256019e-05,0.017971530556678772,0.6019077897071838,0.6019077897071838,False,0.0,2088960,7.96875,128.0,False
shared_e2e_rep_projected,42,42,7,0.0017591870855540037,0.02078540250658989,0.19576160609722137,9.418225412529601,4,encoder_output_representation,0.0017591870855540037,1.4316206943476573e-05,1.4316206943476573e-05,0.02078540250658989,0.39152321219444275,0.39152321219444275,False,0.0,3133440,11.953125,128.0,False
shared_e2e_rep_projected,42,42,7,-0.0017502604750916362,0.01889815740287304,0.3940543830394745,20.851471105832115,5,encoder_output_representation,-0.0017502604750916362,-2.606803536764346e-05,-2.546585164964199e-11,0.01889815740287304,0.788108766078949,0.7881075739860535,True,1.4901161193847656e-06,2088960,7.96875,128.0,False
shared_e2e_rep_projected,42,42,7,-0.0013717469992116094,0.022501088678836823,0.45353028178215027,20.155926153418243,6,encoder_output_representation,-0.0013717469992116094,-2.7997151846648194e-05,-7.73070496506989e-12,0.022501088678836823,0.9070605635643005,0.9070597290992737,True,8.940696716308594e-07,2350080,8.96484375,128.0,False
shared_e2e_rep_projected,42,42,7,0.00031214585760608315,0.02418220043182373,0.44715428352355957,18.491050257573143,7,encoder_output_representation,0.00031214585760608315,6.750575266778469e-06,6.750575266778469e-06,0.02418220043182373,0.8943085670471191,0.8943085670471191,False,0.0,2350080,8.96484375,128.0,False
shared_e2e_rep_projected,42,42,7,0.010468617081642151,0.026202727109193802,0.45680341124534607,17.433430090758247,8,encoder_output_representation,0.010468617081642151,0.0002506081364117563,0.0002506081364117563,0.026202727109193802,0.9136068224906921,0.9136068224906921,False,0.0,2785280,10.625,128.0,False
shared_e2e_rep_projected,42,42,7,-0.0037505063228309155,0.030566751956939697,0.30059903860092163,9.834183200896993,9,encoder_output_representation,-0.0037505063228309155,-6.892182864248753e-05,-7.639755494892597e-11,0.030566751956939697,0.6011980772018433,0.6011938452720642,True,7.033348083496094e-06,2396160,9.140625,128.0,False
shared_e2e_rep_projected,42,42,7,-0.011231821961700916,0.020821193233132362,0.2819599509239197,13.54196888558924,10,encoder_output_representation,-0.011231821961700916,-0.0001318782742600888,-2.9103830456733704e-11,0.020821193233132362,0.5639199018478394,0.5638843774795532,True,6.300210952758789e-05,2350080,8.96484375,128.0,False
shared_e2e_rep_projected,42,42,7,-0.00803550984710455,0.016115812584757805,0.21617048978805542,13.413564389083774,11,encoder_output_representation,-0.00803550984710455,-5.5987628002185374e-05,-1.1823431123048067e-11,0.016115812584757805,0.43234097957611084,0.4323270320892334,True,3.224611282348633e-05,2088960,7.96875,128.0,False
shared_e2e_rep_projected,42,42,7,0.0046310704201459885,0.02274410054087639,0.402919739484787,17.715351669354757,12,encoder_output_representation,0.0046310704201459885,8.487869490636513e-05,8.487869490636513e-05,0.02274410054087639,0.805839478969574,0.805839478969574,False,0.0,2088960,7.96875,128.0,False
shared_e2e_rep_projected,42,42,7,-0.012836473062634468,0.02394879050552845,0.4469040632247925,18.6608197654753,13,encoder_output_representation,-0.012836473062634468,-0.00027477272669784725,-1.4551915228366852e-11,0.02394879050552845,0.893808126449585,0.8937344551086426,True,8.243322372436523e-05,2785280,10.625,128.0,False
shared_e2e_rep_projected,42,42,7,0.005054519511759281,0.020738666877150536,0.2870247960090637,13.840079389350823,14,encoder_output_representation,0.005054519511759281,6.017417035764083e-05,6.017417035764083e-05,0.020738666877150536,0.5740495920181274,0.5740495920181274,False,0.0,2350080,8.96484375,128.0,False
shared_e2e_rep_projected,42,42,7,0.0030559187289327383,0.025341633707284927,0.31231850385665894,12.324323974696119,15,encoder_output_representation,0.0030559187289327383,4.83731237181928e-05,4.83731237181928e-05,0.025341633707284927,0.6246370077133179,0.6246370077133179,False,0.0,2350080,8.96484375,128.0,False
shared_e2e_rep_projected,42,42,7,-0.004185473546385765,0.015439067035913467,0.3043453097343445,19.712674932131193,16,encoder_output_representation,-0.004185473546385765,-3.9333470340352505e-05,-6.139089236967266e-12,0.015439067035913467,0.608690619468689,0.6086852550506592,True,8.821487426757812e-06,2350080,8.96484375,128.0,False
shared_e2e_rep_projected,42,42,7,-0.009898116812109947,0.032734233886003494,0.8467079997062683,25.866131544575534,17,encoder_output_representation,-0.009898116812109947,-0.0005486790905706584,-1.1641532182693481e-10,0.032734233886003494,1.6934159994125366,1.6933330297470093,True,4.8995018005371094e-05,2350080,8.96484375,128.0,False
shared_e2e_rep_projected,42,42,7,-0.002126452047377825,0.02767963893711567,0.37847471237182617,13.673397735847228,18,encoder_output_representation,-0.002126452047377825,-4.4553606130648404e-05,-2.000888343900442e-11,0.02767963893711567,0.7569494247436523,0.7569476962089539,True,2.2649765014648438e-06,3133440,11.953125,128.0,False
shared_e2e_rep_projected,42,42,7,-0.0056492630392313,0.026401333510875702,0.35329946875572205,13.381879692182393,19,encoder_output_representation,-0.0056492630392313,-0.00010538788046687841,-4.3655745685100555e-11,0.026401333510875702,0.7065989375114441,0.7065876126289368,True,1.6033649444580078e-05,2350080,8.96484375,128.0,False
shared_e2e_rep_projected,42,42,7,-0.010706115514039993,0.01534777507185936,0.19694343209266663,12.832050976155413,20,encoder_output_representation,-0.010706115514039993,-6.472154200309888e-05,-6.366462912410498e-12,0.01534777507185936,0.39388686418533325,0.3938642740249634,True,5.733966827392578e-05,2088960,7.96875,128.0,False
shared_e2e_rep_projected,42,42,7,-0.00753359217196703,0.02163083851337433,0.32364508509635925,14.96220707746719,21,encoder_output_representation,-0.00753359217196703,-0.00010548105638008565,-7.275957614183426e-12,0.02163083851337433,0.6472901701927185,0.6472717523574829,True,2.8431415557861328e-05,2088960,7.96875,128.0,False
shared_e2e_rep_projected,42,42,7,-0.01357227936387062,0.024038754403591156,0.3960338830947876,16.4748088210271,22,encoder_output_representation,-0.01357227936387062,-0.0002584205649327487,-1.4551915228366852e-11,0.024038754403591156,0.7920677661895752,0.7919948697090149,True,9.202957153320312e-05,2088960,7.96875,128.0,False
shared_e2e_rep_projected,42,42,7,6.661580118816346e-05,0.025050049647688866,0.2960539758205414,11.818498565245578,23,encoder_output_representation,6.661580118816346e-05,9.88067768048495e-07,9.88067768048495e-07,0.025050049647688866,0.5921079516410828,0.5921079516410828,False,0.0,2785280,10.625,128.0,False
shared_e2e_rep_projected,42,42,7,-0.0016431258991360664,0.033566683530807495,0.4054636061191559,12.079346645819848,24,encoder_output_representation,-0.0016431258991360664,-4.472611180972308e-05,-5.093170329928398e-11,0.033566683530807495,0.8109272122383118,0.8109260201454163,True,1.4901161193847656e-06,2350080,8.96484375,128.0,False
shared_e2e_rep_projected,42,42,7,-0.00372941792011261,0.02896972745656967,0.1694236397743225,5.84829940248199,25,encoder_output_representation,-0.00372941792011261,-3.6609133530873805e-05,-1.0913936421275139e-11,0.02896972745656967,0.338847279548645,0.3388449251651764,True,6.973743438720703e-06,2350080,8.96484375,128.0,False
shared_e2e_rep_projected,42,42,7,-0.01608535647392273,0.0421079620718956,0.45896926522254944,10.899821379123033,26,encoder_output_representation,-0.01608535647392273,-0.0006217395421117544,-8.731149137020111e-11,0.0421079620718956,0.9179385304450989,0.9178197979927063,True,0.00012934207916259766,2350080,8.96484375,128.0,False
shared_e2e_rep_projected,42,42,7,0.00019730275380425155,0.02966451458632946,0.46024054288864136,15.514851643678597,27,encoder_output_representation,0.00019730275380425155,5.387475084717153e-06,5.387475084717153e-06,0.02966451458632946,0.9204810857772827,0.9204810857772827,False,0.0,2457600,9.375,128.0,False
shared_e2e_rep_projected,42,42,7,-0.0036302590742707253,0.026089468970894814,0.41590532660484314,15.94150218499363,28,encoder_output_representation,-0.0036302590742707253,-7.878206088207662e-05,1.4551915228366852e-11,0.026089468970894814,0.8318106532096863,0.8318051099777222,True,6.67572021484375e-06,2088960,7.96875,128.0,False
shared_e2e_rep_projected,42,42,7,-0.002247998956590891,0.021171927452087402,0.2869545519351959,13.553539354628018,29,encoder_output_representation,-0.002247998956590891,-2.7314899853081442e-05,-5.434230843093246e-11,0.021171927452087402,0.5739091038703918,0.5739076733589172,True,2.5033950805664062e-06,2088960,7.96875,128.0,False
shared_e2e_rep_projected,42,42,7,0.011136612854897976,0.02826986275613308,0.49339887499809265,17.453175463013203,30,encoder_output_representation,0.011136612854897976,0.0003106740477960557,0.0003106740477960557,0.02826986275613308,0.9867977499961853,0.9867977499961853,False,0.0,2088960,7.96875,128.0,False
shared_e2e_rep_projected,42,42,7,0.0038106453139334917,0.022165929898619652,0.40758970379829407,18.38811661240867,31,encoder_output_representation,0.0038106453139334917,6.885534821776673e-05,6.885534821776673e-05,0.022165929898619652,0.8151794075965881,0.8151794075965881,False,0.0,2498560,9.53125,128.0,False
shared_e2e_rep_projected,42,42,7,0.007409667130559683,0.03753690794110298,0.6183010339736938,16.47181581775022,32,encoder_output_representation,0.007409667130559683,0.0003439435677137226,0.0003439435677137226,0.03753690794110298,1.2366020679473877,1.2366020679473877,False,0.0,2611200,9.9609375,128.0,False
shared_e2e_rep_projected,42,42,7,0.002521052025258541,0.022477731108665466,0.3333750367164612,14.831347305686945,33,encoder_output_representation,0.002521052025258541,3.7783080188091844e-05,3.7783080188091844e-05,0.022477731108665466,0.6667500734329224,0.6667500734329224,False,0.0,2396160,9.140625,128.0,False
shared_e2e_rep_projected,42,42,7,0.004803398158401251,0.02431008219718933,0.3886110782623291,15.985592936714106,34,encoder_output_representation,0.004803398158401251,9.075701382244006e-05,9.075701382244006e-05,0.02431008219718933,0.7772221565246582,0.7772221565246582,False,0.0,2396160,9.140625,128.0,False
shared_e2e_rep_projected,42,42,7,0.0018428722396492958,0.027764825150370598,0.36583200097084045,13.176095977177706,35,encoder_output_representation,0.0018428722396492958,3.743707202374935e-05,3.743707202374935e-05,0.027764825150370598,0.7316640019416809,0.7316640019416809,False,0.0,2350080,8.96484375,128.0,False
shared_e2e_rep_projected,42,42,7,0.01296544075012207,0.030603932216763496,0.2941657304763794,9.612023984135224,36,encoder_output_representation,0.01296544075012207,0.00023344607325270772,0.00023344607325270772,0.030603932216763496,0.5883314609527588,0.5883314609527588,False,0.0,2611200,9.9609375,128.0,False
shared_e2e_rep_projected,42,42,7,-0.005404436029493809,0.024741623550653458,0.3576578199863434,14.455713435866953,37,encoder_output_representation,-0.005404436029493809,-9.56480871536769e-05,-5.4569682106375694e-11,0.024741623550653458,0.7153156399726868,0.7153052091598511,True,1.4603137969970703e-05,2088960,7.96875,128.0,False
shared_e2e_rep_projected,42,42,7,-0.007289051543921232,0.02902156673371792,0.4344002604484558,14.968187776842512,38,encoder_output_representation,-0.007289051543921232,-0.0001837857998907566,-2.0372681319713593e-10,0.02902156673371792,0.8688005208969116,0.8687775135040283,True,2.6464462280273438e-05,2088960,7.96875,128.0,False
shared_e2e_rep_projected,42,42,7,0.01051011960953474,0.019246766343712807,0.37245625257492065,19.351627485028832,39,encoder_output_representation,0.01051011960953474,0.00015068522770889103,0.00015068522770889103,0.019246766343712807,0.7449125051498413,0.7449125051498413,False,0.0,2196480,8.37890625,128.0,False
shared_e2e_rep_projected,42,42,7,0.002281378023326397,0.03763795271515846,0.815700888633728,21.672296971275202,40,encoder_output_representation,0.002281378023326397,0.00014008260041009635,0.00014008260041009635,0.03763795271515846,1.631401777267456,1.631401777267456,False,0.0,3133440,11.953125,128.0,False
shared_e2e_rep_projected,42,42,7,-0.00047067165724001825,0.02806798182427883,0.5253338813781738,18.71648217057628,41,encoder_output_representation,-0.00047067165724001825,-1.3880166079616174e-05,-8.185452315956354e-12,0.02806798182427883,1.0506677627563477,1.050667643547058,True,1.1920928955078125e-07,2350080,8.96484375,128.0,False
shared_e2e_rep_projected,42,42,7,0.004505082033574581,0.023515814915299416,0.30846792459487915,13.117466934738866,42,encoder_output_representation,0.004505082033574581,6.535860302392393e-05,6.535860302392393e-05,0.023515814915299416,0.6169358491897583,0.6169358491897583,False,0.0,2350080,8.96484375,128.0,False
shared_e2e_rep_projected,42,42,7,0.0005616757553070784,0.023075981065630913,0.29347896575927734,12.717941002143625,43,encoder_output_representation,0.0005616757553070784,7.607690804434242e-06,7.607690804434242e-06,0.023075981065630913,0.5869579315185547,0.5869579315185547,False,0.0,2325504,8.87109375,128.0,False
shared_e2e_rep_projected,42,42,7,0.0014507743762806058,0.033414099365472794,0.34557658433914185,10.342238483202406,44,encoder_output_representation,0.0014507743762806058,3.3504562452435493e-05,3.3504562452435493e-05,0.033414099365472794,0.6911531686782837,0.6911531686782837,False,0.0,2350080,8.96484375,128.0,False
shared_e2e_rep_projected,42,42,7,-0.006734149530529976,0.022277195006608963,0.28079596161842346,12.604637232610294,45,encoder_output_representation,-0.006734149530529976,-8.424887346336618e-05,-4.729372449219227e-11,0.022277195006608963,0.5615919232368469,0.5615792274475098,True,2.2590160369873047e-05,2396160,9.140625,128.0,False
shared_e2e_rep_projected,42,42,7,-0.0035311251413077116,0.019907590001821518,0.19647452235221863,9.869327343703656,46,encoder_output_representation,-0.0035311251413077116,-2.762282019830309e-05,-7.275957614183426e-12,0.019907590001821518,0.39294904470443726,0.39294660091400146,True,6.198883056640625e-06,2088960,7.96875,128.0,False
shared_e2e_rep_projected,42,42,7,0.004660369828343391,0.02408696711063385,0.3470485508441925,14.408146498899749,47,encoder_output_representation,0.004660369828343391,7.79153051553294e-05,7.79153051553294e-05,0.02408696711063385,0.694097101688385,0.694097101688385,False,0.0,2088960,7.96875,128.0,False
shared_e2e_rep_projected,42,42,7,0.0004596875514835119,0.0285812895745039,0.24707722663879395,8.644719336219195,48,encoder_output_representation,0.0004596875514835119,6.492429747595452e-06,6.492429747595452e-06,0.0285812895745039,0.4941544532775879,0.4941544532775879,False,0.0,2785280,10.625,128.0,False
shared_e2e_rep_projected,42,42,7,-5.878052252228372e-05,0.013346764259040356,0.18903207778930664,14.16313902909215,49,encoder_output_representation,-5.878052252228372e-05,-2.966025931527838e-07,-1.2732925824820995e-11,0.013346764259040356,0.3780641555786133,0.3780641257762909,True,5.960464477539063e-08,2088960,7.96875,128.0,False
shared_e2e_rep_projected,42,42,7,-0.01881028711795807,0.026337027549743652,0.5230420827865601,19.859571540435702,50,encoder_output_representation,-0.01881028711795807,-0.0005182374734431505,-2.9103830456733704e-11,0.026337027549743652,1.0460841655731201,1.0458991527557373,True,0.00017684698104858398,2088960,7.96875,128.0,False
shared_e2e_rep_projected,42,42,7,0.0019826681818813086,0.033317189663648605,0.49283933639526367,14.792344173403857,51,encoder_output_representation,0.0019826681818813086,6.511090759886429e-05,6.511090759886429e-05,0.033317189663648605,0.9856786727905273,0.9856786727905273,False,0.0,2785280,10.625,128.0,False
shared_e2e_rep_projected,42,42,7,0.008676405996084213,0.024492349475622177,0.24930113554000854,10.178735028591028,52,encoder_output_representation,0.008676405996084213,0.00010595576168270782,0.00010595576168270782,0.024492349475622177,0.4986022710800171,0.4986022710800171,False,0.0,3194880,12.1875,128.0,False
shared_e2e_rep_projected,42,42,7,-0.0031540212221443653,0.017950663343071938,0.27461087703704834,15.298090760697958,53,encoder_output_representation,-0.0031540212221443653,-3.109516546828672e-05,-1.0913936421275139e-11,0.017950663343071938,0.5492217540740967,0.5492190718650818,True,4.887580871582031e-06,2350080,8.96484375,128.0,False
shared_e2e_rep_projected,42,42,7,-0.000366753782145679,0.03505014255642891,0.5973774790763855,17.04351068229291,54,encoder_output_representation,-0.000366753782145679,-1.5358302334789187e-05,-1.8189894035458565e-12,0.03505014255642891,1.194754958152771,1.194754958152771,True,0.0,2088960,7.96875,128.0,False
shared_e2e_rep_projected,42,42,7,0.002165808342397213,0.026783956214785576,0.4474300146102905,16.705150315445007,55,encoder_output_representation,0.002165808342397213,5.190986121306196e-05,5.190986121306196e-05,0.026783956214785576,0.894860029220581,0.894860029220581,False,0.0,2580480,9.84375,128.0,False
shared_e2e_rep_projected,42,42,7,0.0020790568087249994,0.019714592024683952,0.5146546363830566,26.10526435133304,56,encoder_output_representation,0.0020790568087249994,4.21890799771063e-05,4.21890799771063e-05,0.019714592024683952,1.0293092727661133,1.0293092727661133,False,0.0,2396160,9.140625,128.0,False
shared_e2e_rep_projected,42,42,7,0.01043839380145073,0.0336642824113369,0.7805647850036621,23.186734696023,57,encoder_output_representation,0.01043839380145073,0.000548582524061203,0.000548582524061203,0.0336642824113369,1.5611295700073242,1.5611295700073242,False,0.0,2846720,10.859375,128.0,False
shared_e2e_rep_projected,42,42,7,0.003347917227074504,0.023391038179397583,0.44123634696006775,18.863478550032934,58,encoder_output_representation,0.003347917227074504,6.910754746058956e-05,6.910754746058956e-05,0.023391038179397583,0.8824726939201355,0.8824726939201355,False,0.0,2135040,8.14453125,128.0,False
shared_e2e_rep_projected,42,42,7,0.0013598644873127341,0.023911060765385628,0.33682483434677124,14.086570129685297,59,encoder_output_representation,0.0013598644873127341,2.1904259483562782e-05,2.1904259483562782e-05,0.023911060765385628,0.6736496686935425,0.6736496686935425,False,0.0,2482176,9.46875,128.0,False
shared_e2e_rep_projected,42,42,7,-0.003933458123356104,0.028653772547841072,0.4776111841201782,16.66835259904246,60,encoder_output_representation,-0.003933458123356104,-0.0001076616026693955,-4.9112713895738125e-11,0.028653772547841072,0.9552223682403564,0.9552149772644043,True,7.748603820800781e-06,2350080,8.96484375,128.0,False
shared_e2e_rep_projected,42,42,7,0.011001738719642162,0.03244302049279213,0.3711167275905609,11.439031321791138,61,encoder_output_representation,0.011001738719642162,0.0002649251255206764,0.0002649251255206764,0.03244302049279213,0.7422334551811218,0.7422334551811218,False,0.0,2350080,8.96484375,128.0,False
shared_e2e_rep_projected,42,42,7,0.00469750352203846,0.02331712655723095,0.30551669001579285,13.102673233166806,62,encoder_output_representation,0.00469750352203846,6.692788156215101e-05,6.692788156215101e-05,0.02331712655723095,0.6110333800315857,0.6110333800315857,False,0.0,2088960,7.96875,128.0,False
shared_e2e_rep_projected,42,42,7,0.017495276406407356,0.031147802248597145,0.5371005535125732,17.243609973694486,63,encoder_output_representation,0.017495276406407356,0.0005853745387867093,0.0005853745387867093,0.031147802248597145,1.0742011070251465,1.0742011070251465,False,0.0,2350080,8.96484375,128.0,False
shared_e2e_rep_projected,42,42,7,0.001368315308354795,0.029566140845417976,0.2643236517906189,8.940079571851953,64,encoder_output_representation,0.001368315308354795,2.138685158570297e-05,2.138685158570297e-05,0.029566140845417976,0.5286473035812378,0.5286473035812378,False,0.0,2350080,8.96484375,128.0,False
shared_e2e_rep_projected,42,42,7,-0.0006259420770220459,0.01938512921333313,0.28983598947525024,14.951460281002433,65,encoder_output_representation,-0.0006259420770220459,-7.033720976323821e-06,-7.275957614183426e-12,0.01938512921333313,0.5796719789505005,0.5796718597412109,True,1.7881393432617188e-07,2288640,8.73046875,128.0,False
shared_e2e_rep_projected,42,42,7,0.0035427433904260397,0.02867981791496277,0.43909531831741333,15.310254744969267,66,encoder_output_representation,0.0035427433904260397,8.922876440919936e-05,8.922876440919936e-05,0.02867981791496277,0.8781906366348267,0.8781906366348267,False,0.0,2350080,8.96484375,128.0,False
shared_e2e_rep_projected,42,42,7,-0.0024944674223661423,0.026530491188168526,0.24192099273204803,9.118602102622756,67,encoder_output_representation,-0.0024944674223661423,-3.202039442840032e-05,-2.546585164964199e-11,0.026530491188168526,0.48384198546409607,0.4838404953479767,True,3.0994415283203125e-06,2785280,10.625,128.0,False
shared_e2e_rep_projected,42,42,7,0.0026428978890180588,0.03309248015284538,0.3776548206806183,11.412103865782525,68,encoder_output_representation,0.0026428978890180588,6.605941598536447e-05,6.605941598536447e-05,0.03309248015284538,0.7553096413612366,0.7553096413612366,False,0.0,2670592,10.1875,128.0,False
shared_e2e_rep_projected,42,42,7,0.012531211599707603,0.02926391176879406,0.6166056990623474,21.07051524532932,69,encoder_output_representation,0.012531211599707603,0.0004522337403614074,0.0004522337403614074,0.02926391176879406,1.2332113981246948,1.2332113981246948,False,0.0,3169280,12.08984375,128.0,False
shared_e2e_rep_projected,42,42,7,0.00012573534331750125,0.029466845095157623,0.4916975200176239,16.68646638042788,70,encoder_output_representation,0.00012573534331750125,3.64350216841558e-06,3.64350216841558e-06,0.029466845095157623,0.9833950400352478,0.9833950400352478,False,0.0,2785280,10.625,128.0,False
shared_e2e_rep_projected,42,42,7,-0.0015717324567958713,0.02819634974002838,0.42484188079833984,15.067265256510193,71,encoder_output_representation,-0.0015717324567958713,-3.7655536289094016e-05,-1.8189894035458565e-11,0.02819634974002838,0.8496837615966797,0.8496826887130737,True,1.2516975402832031e-06,2088960,7.96875,128.0,False
shared_e2e_rep_projected,42,42,7,-0.0023559527471661568,0.028731221333146095,0.456986665725708,15.905577435321213,72,encoder_output_representation,-0.0023559527471661568,-6.18663034401834e-05,-1.8189894035458565e-12,0.028731221333146095,0.913973331451416,0.9139707684516907,True,2.8014183044433594e-06,3133440,11.953125,128.0,False
shared_e2e_rep_projected,42,42,7,-0.004255054052919149,0.01747259311378002,0.41683101654052734,23.85627673157382,73,encoder_output_representation,-0.004255054052919149,-6.198012852109969e-05,-1.8189894035458565e-11,0.01747259311378002,0.8336620330810547,0.833654522895813,True,9.000301361083984e-06,2088960,7.96875,128.0,False
shared_e2e_rep_projected,42,42,7,0.002864410635083914,0.01853131875395775,0.3732765316963196,20.143009607268162,74,encoder_output_representation,0.002864410635083914,3.962801201851107e-05,3.962801201851107e-05,0.01853131875395775,0.7465530633926392,0.7465530633926392,False,0.0,2350080,8.96484375,128.0,False
shared_e2e_rep_projected,42,42,7,-0.015815699473023415,0.03187475726008415,0.7657102346420288,24.022464811078134,75,encoder_output_representation,-0.015815699473023415,-0.0007720221183262765,-2.9103830456733704e-11,0.03187475726008415,1.5314204692840576,1.5312288999557495,True,0.00012511014938354492,3133440,11.953125,128.0,False
shared_e2e_rep_projected,42,42,7,0.0020480724051594734,0.019356252625584602,0.2976354956626892,15.376710638157418,76,encoder_output_representation,0.0020480724051594734,2.3598333427798934e-05,2.3598333427798934e-05,0.019356252625584602,0.5952709913253784,0.5952709913253784,False,0.0,2350080,8.96484375,128.0,False
shared_e2e_rep_projected,42,42,7,0.0002828169090207666,0.020974911749362946,0.19232945144176483,9.169499912084556,77,encoder_output_representation,0.0002828169090207666,2.2818194338469766e-06,2.2818194338469766e-06,0.020974911749362946,0.38465890288352966,0.38465890288352966,False,0.0,2846720,10.859375,128.0,False
shared_e2e_rep_projected,42,42,7,-0.0016554143512621522,0.021958990022540092,0.32866695523262024,14.967307462467797,78,encoder_output_representation,-0.0016554143512621522,-2.3894894184195437e-05,-1.0913936421275139e-11,0.021958990022540092,0.6573339104652405,0.6573330163955688,True,1.3709068298339844e-06,3227648,12.3125,128.0,False
shared_e2e_rep_projected,42,42,7,0.002784800250083208,0.028032870963215828,0.4847800135612488,17.293270253958912,79,encoder_output_representation,0.002784800250083208,7.568961882498115e-05,7.568961882498115e-05,0.028032870963215828,0.9695600271224976,0.9695600271224976,False,0.0,2350080,8.96484375,128.0,False
shared_e2e_rep_projected,42,42,7,-0.0017420321237295866,0.016862409189343452,0.2924647629261017,17.34418609120996,80,encoder_output_representation,-0.0017420321237295866,-1.7182221199618652e-05,-5.9117155615240335e-12,0.016862409189343452,0.5849295258522034,0.584928572177887,True,1.6093254089355469e-06,2350080,8.96484375,128.0,False
shared_e2e_rep_projected,42,42,7,-0.0017141434364020824,0.024545833468437195,0.22315581142902374,9.091392708908158,81,encoder_output_representation,-0.0017141434364020824,-1.8778597222990356e-05,-3.2741809263825417e-11,0.024545833468437195,0.4463116228580475,0.44631093740463257,True,1.5497207641601562e-06,2088960,7.96875,128.0,False
shared_e2e_rep_projected,42,42,7,-0.0001852610002970323,0.02982577681541443,0.6934294104576111,23.24933277510599,82,encoder_output_representation,-0.0001852610002970323,-7.663162250537425e-06,-1.9099388737231493e-11,0.02982577681541443,1.3868588209152222,1.3868587017059326,True,5.960464477539063e-08,2611200,9.9609375,128.0,False
shared_e2e_rep_projected,42,42,7,0.01554928906261921,0.031708765774965286,0.6230795383453369,19.650072247128296,83,encoder_output_representation,0.01554928906261921,0.000614417192991823,0.000614417192991823,0.031708765774965286,1.2461590766906738,1.2461590766906738,False,0.0,3396096,12.955078125,128.0,False
shared_e2e_rep_projected,42,42,7,0.0030131798703223467,0.027669111266732216,0.5455052256584167,19.715314322881834,84,encoder_output_representation,0.0030131798703223467,9.095973655348644e-05,9.095973655348644e-05,0.027669111266732216,1.0910104513168335,1.0910104513168335,False,0.0,2355200,8.984375,128.0,False
shared_e2e_rep_projected,42,42,7,0.010625350289046764,0.0374617874622345,0.5251405835151672,14.018033283771238,85,encoder_output_representation,0.010625350289046764,0.00041805877117440104,0.00041805877117440104,0.0374617874622345,1.0502811670303345,1.0502811670303345,False,0.0,2350080,8.96484375,128.0,False
shared_e2e_rep_projected,42,42,7,0.0020193192176520824,0.03871327266097069,0.6753858327865601,17.445847027741973,86,encoder_output_representation,0.0020193192176520824,0.000105595841887407,0.000105595841887407,0.03871327266097069,1.3507716655731201,1.3507716655731201,False,0.0,2350080,8.96484375,128.0,False
shared_e2e_rep_projected,42,42,7,-0.0027282722294330597,0.01693819835782051,0.24973542988300323,14.743919312274334,87,encoder_output_representation,-0.0027282722294330597,-2.308155490027275e-05,-2.3646862246096134e-11,0.01693819835782051,0.49947085976600647,0.49946901202201843,True,3.6954879760742188e-06,2350080,8.96484375,128.0,False
shared_e2e_rep_projected,42,42,7,-0.002450299449265003,0.02998792566359043,0.4613412320613861,15.384232882153613,88,encoder_output_representation,-0.002450299449265003,-6.779815157642588e-05,-1.0913936421275139e-11,0.02998792566359043,0.9226824641227722,0.9226797223091125,True,2.9802322387695312e-06,2350080,8.96484375,128.0,False
shared_e2e_rep_projected,42,42,7,0.003359547583386302,0.02263149991631508,0.32007235288619995,14.14278125929512,89,encoder_output_representation,0.003359547583386302,4.867122697760351e-05,4.867122697760351e-05,0.02263149991631508,0.6401447057723999,0.6401447057723999,False,0.0,2350080,8.96484375,128.0,False
shared_e2e_rep_projected,42,42,7,0.0013077401090413332,0.021828962489962578,0.22251057624816895,10.19336472589955,90,encoder_output_representation,0.0013077401090413332,1.2703844731731806e-05,1.2703844731731806e-05,0.021828962489962578,0.4450211524963379,0.4450211524963379,False,0.0,3133440,11.953125,128.0,False
shared_e2e_rep_projected,42,42,7,0.010438945144414902,0.04169183969497681,0.5796741247177124,13.903778987895173,91,encoder_output_representation,0.010438945144414902,0.0005045701982453465,0.0005045701982453465,0.04169183969497681,1.1593482494354248,1.1593482494354248,False,0.0,2135040,8.14453125,128.0,False
shared_e2e_rep_projected,42,42,7,0.026898842304944992,0.04809344932436943,0.5544528961181641,11.528657310034472,92,encoder_output_representation,0.026898842304944992,0.0014345449162647128,0.0014345449162647128,0.04809344932436943,1.1089057922363281,1.1089057922363281,False,0.0,3481600,13.28125,128.0,False
shared_e2e_rep_projected,42,42,7,0.0047228774055838585,0.02674301527440548,0.63963782787323,23.917939742770823,93,encoder_output_representation,0.0047228774055838585,0.00016157761274371296,0.00016157761274371296,0.02674301527440548,1.27927565574646,1.27927565574646,False,0.0,2088960,7.96875,128.0,False
shared_e2e_rep_projected,42,42,7,0.0019948657136410475,0.019338980317115784,0.2996654808521271,15.495412681448926,94,encoder_output_representation,0.0019948657136410475,2.3121392587199807e-05,2.3121392587199807e-05,0.019338980317115784,0.5993309617042542,0.5993309617042542,False,0.0,2396160,9.140625,128.0,False
shared_e2e_rep_projected,42,42,7,-0.00020000810036435723,0.028633372858166695,0.4037558436393738,14.100883107252109,95,encoder_output_representation,-0.00020000810036435723,-4.624544089892879e-06,-1.7621459846850485e-11,0.028633372858166695,0.8075116872787476,0.8075116872787476,True,0.0,2088960,7.96875,128.0,False
shared_e2e_rep_projected,42,42,7,0.006998811848461628,0.02916843444108963,0.7990778088569641,27.395293034010137,96,encoder_output_representation,0.006998811848461628,0.0003262544923927635,0.0003262544923927635,0.02916843444108963,1.5981556177139282,1.5981556177139282,False,0.0,2350080,8.96484375,128.0,False
shared_e2e_rep_projected,42,42,7,0.002175062894821167,0.019887417554855347,0.45536747574806213,22.897265293094225,97,encoder_output_representation,0.002175062894821167,3.9395101339323446e-05,3.9395101339323446e-05,0.019887417554855347,0.9107349514961243,0.9107349514961243,False,0.0,3194880,12.1875,128.0,False
shared_e2e_rep_projected,42,42,7,0.01314699649810791,0.028992747887969017,0.5510473251342773,19.00638488161182,98,encoder_output_representation,0.01314699649810791,0.0004200827388558537,0.0004200827388558537,0.028992747887969017,1.1020946502685547,1.1020946502685547,False,0.0,3133440,11.953125,128.0,False
shared_e2e_rep_projected,42,42,7,0.008860208094120026,0.029304491356015205,0.4780021011829376,16.31156450988255,99,encoder_output_representation,0.008860208094120026,0.00024822066188789904,0.00024822066188789904,0.029304491356015205,0.9560042023658752,0.9560042023658752,False,0.0,2536448,9.67578125,128.0,False
shared_e2e_rep_projected,42,42,7,-0.011510550044476986,0.01566716842353344,0.22325651347637177,14.249959369877024,100,encoder_output_representation,-0.011510550044476986,-8.05231393314898e-05,-1.8189894035458565e-11,0.01566716842353344,0.44651302695274353,0.44648340344429016,True,6.633996963500977e-05,2088960,7.96875,128.0,False
shared_e2e_rep_projected,42,42,7,-0.01270812563598156,0.019115598872303963,0.21811982989311218,11.410567429783207,101,encoder_output_representation,-0.01270812563598156,-0.00010597283107927069,-3.637978807091713e-11,0.019115598872303963,0.43623965978622437,0.43620437383651733,True,8.088350296020508e-05,2785280,10.625,128.0,False
shared_e2e_rep_projected,42,42,7,0.024172065779566765,0.02450152486562729,0.30182379484176636,12.318571864283806,102,encoder_output_representation,0.024172065779566765,0.00035751177347265184,0.00035751177347265184,0.02450152486562729,0.6036475896835327,0.6036475896835327,False,0.0,2185216,8.3359375,128.0,False
shared_e2e_rep_projected,42,42,7,-0.008645417168736458,0.024932455271482468,0.48612654209136963,19.497740467117055,103,encoder_output_representation,-0.008645417168736458,-0.00020957058586645871,-3.637978807091713e-11,0.024932455271482468,0.9722530841827393,0.9722166657447815,True,3.743171691894531e-05,2350080,8.96484375,128.0,False
shared_e2e_rep_projected,42,42,7,0.003122494323179126,0.02442946657538414,0.4159969985485077,17.028492917142884,104,encoder_output_representation,0.003122494323179126,6.346522422973067e-05,6.346522422973067e-05,0.02442946657538414,0.8319939970970154,0.8319939970970154,False,0.0,2396160,9.140625,128.0,False
shared_e2e_rep_projected,42,42,7,0.00642036460340023,0.02443508245050907,0.37262585759162903,15.249625547462227,105,encoder_output_representation,0.00642036460340023,0.00011691667896229774,0.00011691667896229774,0.02443508245050907,0.7452517151832581,0.7452517151832581,False,0.0,2785280,10.625,128.0,False
shared_e2e_rep_projected,42,42,7,-0.013090573251247406,0.024672163650393486,0.5857177972793579,23.740025624790167,106,encoder_output_representation,-0.013090573251247406,-0.00037834179238416255,-3.637978807091713e-11,0.024672163650393486,1.1714355945587158,1.171335220336914,True,8.571147918701172e-05,3133440,11.953125,128.0,False
shared_e2e_rep_projected,42,42,7,0.007378838956356049,0.024613140150904655,0.33439943194389343,13.586215732477458,107,encoder_output_representation,0.007378838956356049,0.00012146484368713573,0.00012146484368713573,0.024613140150904655,0.6687988638877869,0.6687988638877869,False,0.0,2785280,10.625,128.0,False
shared_e2e_rep_projected,42,42,7,0.005422781687229872,0.022330477833747864,0.4315465986728668,19.32545294757079,108,encoder_output_representation,0.005422781687229872,0.00010451480193296447,0.00010451480193296447,0.022330477833747864,0.8630931973457336,0.8630931973457336,False,0.0,3194880,12.1875,128.0,False
shared_e2e_rep_projected,42,42,7,0.0017979281255975366,0.022550489753484726,0.5865899324417114,26.012292365005763,109,encoder_output_representation,0.0017979281255975366,4.756559064844623e-05,4.756559064844623e-05,0.022550489753484726,1.1731798648834229,1.1731798648834229,False,0.0,3133440,11.953125,128.0,False
shared_e2e_rep_projected,42,42,7,-0.0021064390894025564,0.01792057231068611,0.23532283306121826,13.131435145120577,110,encoder_output_representation,-0.0021064390894025564,-1.7766211385605857e-05,-5.820766091346741e-11,0.01792057231068611,0.4706456661224365,0.47064459323883057,True,2.2649765014648438e-06,2088960,7.96875,128.0,False
shared_e2e_rep_projected,42,42,7,-0.004826671443879604,0.027571309357881546,0.27554622292518616,9.993947670331384,111,encoder_output_representation,-0.004826671443879604,-7.333808753173798e-05,-3.8198777474462986e-11,0.027571309357881546,0.5510924458503723,0.5510860085487366,True,1.1682510375976562e-05,2088960,7.96875,128.0,False
shared_e2e_rep_projected,42,42,7,-0.0029292996041476727,0.03418978303670883,0.31554341316223145,9.229172727520362,112,encoder_output_representation,-0.0029292996041476727,-6.320467946352437e-05,-3.2741809263825417e-11,0.03418978303670883,0.6310868263244629,0.6310840845108032,True,4.351139068603516e-06,2420736,9.234375,128.0,False
shared_e2e_rep_projected,42,42,7,-0.005354117602109909,0.0196644589304924,0.34641537070274353,17.61631845184307,113,encoder_output_representation,-0.005354117602109909,-7.294525858014822e-05,-4.001776687800884e-11,0.0196644589304924,0.6928307414054871,0.6928207874298096,True,1.436471939086914e-05,2088960,7.96875,128.0,False
shared_e2e_rep_projected,42,42,7,-0.012836235575377941,0.025493834167718887,0.3016950488090515,11.834039824071166,114,encoder_output_representation,-0.012836235575377941,-0.00019745630561374128,-4.001776687800884e-11,0.025493834167718887,0.603390097618103,0.6033403277397156,True,8.249282836914062e-05,2325504,8.87109375,128.0,False
shared_e2e_rep_projected,42,42,7,-0.009597311727702618,0.01897420547902584,0.3206169307231903,16.897515475818025,115,encoder_output_representation,-0.009597311727702618,-0.00011676955909933895,-1.4551915228366852e-11,0.01897420547902584,0.6412338614463806,0.641204297542572,True,4.6133995056152344e-05,2350080,8.96484375,128.0,False
shared_e2e_rep_projected,42,42,7,0.0033631804399192333,0.015002962201833725,0.23204782605171204,15.466800684424186,116,encoder_output_representation,0.0033631804399192333,2.3417185730068013e-05,2.3417185730068013e-05,0.015002962201833725,0.4640956521034241,0.4640956521034241,False,0.0,2088960,7.96875,128.0,False
shared_e2e_rep_projected,42,42,7,-0.008731520734727383,0.014339379966259003,0.277645468711853,19.362445891325933,117,encoder_output_representation,-0.008731520734727383,-6.952497642487288e-05,1.8189894035458565e-12,0.014339379966259003,0.555290937423706,0.555269718170166,True,3.820657730102539e-05,2088960,7.96875,128.0,False
shared_e2e_rep_projected,42,42,7,-0.00018351967446506023,0.014499674551188946,0.10749045759439468,7.413301396173797,118,encoder_output_representation,-0.00018351967446506023,-5.720589797419962e-07,-4.547473508864641e-12,0.014499674551188946,0.21498091518878937,0.21498091518878937,True,0.0,3133440,11.953125,128.0,False
shared_e2e_rep_projected,42,42,7,-0.0009219461935572326,0.0344652496278286,0.5606639385223389,16.267514223069394,119,encoder_output_representation,-0.0009219461935572326,-3.563031350495294e-05,-4.3655745685100555e-11,0.0344652496278286,1.1213278770446777,1.1213274002075195,True,4.172325134277344e-07,2350080,8.96484375,128.0,False
shared_e2e_rep_projected,42,42,7,-0.004282546695321798,0.03847857937216759,0.38661426305770874,10.047519148728123,120,encoder_output_representation,-0.004282546695321798,-0.0001274174719583243,-8.731149137020111e-11,0.03847857937216759,0.7732285261154175,0.7732214331626892,True,9.179115295410156e-06,2611200,9.9609375,128.0,False
shared_e2e_rep_projected,42,42,7,0.005154340527951717,0.020258726552128792,0.27423426508903503,13.536599370320166,121,encoder_output_representation,0.005154340527951717,5.727129246224649e-05,5.727129246224649e-05,0.020258726552128792,0.5484685301780701,0.5484685301780701,False,0.0,3096576,11.8125,128.0,False
shared_e2e_rep_projected,42,42,7,-0.00024865230079740286,0.025863612070679665,0.3742259442806244,14.469206515236376,122,encoder_output_representation,-0.00024865230079740286,-4.8133292693819385e-06,2.2737367544323206e-12,0.025863612070679665,0.7484518885612488,0.7484517693519592,True,1.7881393432617188e-07,2325504,8.87109375,128.0,False
shared_e2e_rep_projected,42,42,7,-0.012344801798462868,0.03791072219610214,0.4692876636981964,12.378758211745359,123,encoder_output_representation,-0.012344801798462868,-0.0004392536066006869,-5.820766091346741e-11,0.03791072219610214,0.9385753273963928,0.9385038018226624,True,7.623434066772461e-05,2345472,8.947265625,128.0,False
shared_e2e_rep_projected,42,42,7,0.00016391515964642167,0.028501300141215324,0.347441166639328,12.19036201569269,124,encoder_output_representation,0.00016391515964642167,3.24634788739786e-06,3.24634788739786e-06,0.028501300141215324,0.694882333278656,0.694882333278656,False,0.0,3194880,12.1875,128.0,False
shared_e2e_rep_projected,42,42,7,0.0033879876136779785,0.020901493728160858,0.20367860794067383,9.744691484238514,125,encoder_output_representation,0.0033879876136779785,2.8846596251241863e-05,2.8846596251241863e-05,0.020901493728160858,0.40735721588134766,0.40735721588134766,False,0.0,3041280,11.6015625,128.0,False
shared_e2e_rep_projected,42,42,7,7.835255382815376e-05,0.021080011501908302,0.4207874536514282,19.96144326644868,126,encoder_output_representation,7.835255382815376e-05,1.3900062185712159e-06,1.3900062185712159e-06,0.021080011501908302,0.8415749073028564,0.8415749073028564,False,0.0,2350080,8.96484375,128.0,False
shared_e2e_rep_projected,42,42,7,0.0007814121199771762,0.027835525572299957,0.47728753089904785,17.14670447516221,127,encoder_output_representation,0.0007814121199771762,2.076297823805362e-05,2.076297823805362e-05,0.027835525572299957,0.9545750617980957,0.9545750617980957,False,0.0,2350080,8.96484375,128.0,False
shared_e2e_rep_projected,42,42,7,0.001603227574378252,0.03210229426622391,0.5395464897155762,16.80710061533684,128,encoder_output_representation,0.001603227574378252,5.553798109758645e-05,5.553798109758645e-05,0.03210229426622391,1.0790929794311523,1.0790929794311523,False,0.0,3525120,13.447265625,128.0,False
shared_e2e_rep_projected,42,42,7,0.0027495883405208588,0.01589915156364441,0.22210882604122162,13.969853998316735,129,encoder_output_representation,0.0027495883405208588,1.941947266459465e-05,1.941947266459465e-05,0.01589915156364441,0.44421765208244324,0.44421765208244324,False,0.0,2350080,8.96484375,128.0,False
shared_e2e_rep_projected,42,42,7,-0.00096120749367401,0.02033042348921299,0.4022391438484192,19.785084361958376,130,encoder_output_representation,-0.00096120749367401,-1.5720917872386053e-05,-1.0913936421275139e-11,0.02033042348921299,0.8044782876968384,0.8044779300689697,True,4.172325134277344e-07,2350080,8.96484375,128.0,False
shared_e2e_rep_projected,42,42,7,0.008472380228340626,0.03601440414786339,0.5537678599357605,15.376288266832638,131,encoder_output_representation,0.008472380228340626,0.0003379398549441248,0.0003379398549441248,0.03601440414786339,1.107535719871521,1.107535719871521,False,0.0,2088960,7.96875,128.0,False
shared_e2e_rep_projected,42,42,7,-0.004454715643078089,0.021856188774108887,0.2758635878562927,12.62176085260959,132,encoder_output_representation,-0.004454715643078089,-5.371787119656801e-05,-3.2741809263825417e-11,0.021856188774108887,0.5517271757125854,0.5517217516899109,True,9.834766387939453e-06,2396160,9.140625,128.0,False
shared_e2e_rep_projected,42,42,7,0.001172187621705234,0.020756034180521965,0.2535465359687805,12.215557835548159,133,encoder_output_representation,0.001172187621705234,1.2337557564023882e-05,1.2337557564023882e-05,0.020756034180521965,0.507093071937561,0.507093071937561,False,0.0,2350080,8.96484375,128.0,False
shared_e2e_rep_projected,42,42,7,-0.0032803695648908615,0.03380683809518814,0.6661416888237,19.704347592285316,134,encoder_output_representation,-0.0032803695648908615,-0.00014774878218304366,-7.275957614183426e-12,0.03380683809518814,1.3322833776474,1.3322761058807373,True,5.4836273193359375e-06,2457600,9.375,128.0,False
shared_e2e_rep_projected,42,42,7,-0.00032850532443262637,0.024398040026426315,0.41177132725715637,16.87722976153631,135,encoder_output_representation,-0.00032850532443262637,-6.600600499950815e-06,-2.3646862246096134e-11,0.024398040026426315,0.8235426545143127,0.823542594909668,True,5.960464477539063e-08,2350080,8.96484375,128.0,False
shared_e2e_rep_projected,42,42,7,0.003491573967039585,0.024943532422184944,0.42746904492378235,17.137470254356938,136,encoder_output_representation,0.003491573967039585,7.445843220921233e-05,7.445843220921233e-05,0.024943532422184944,0.8549380898475647,0.8549380898475647,False,0.0,3396096,12.955078125,128.0,False
shared_e2e_rep_projected,42,42,7,-0.005113410297781229,0.029154257848858833,0.5470244288444519,18.7631059476914,137,encoder_output_representation,-0.005113410297781229,-0.00016309825878124684,-7.275957614183426e-12,0.029154257848858833,1.0940488576889038,1.0940345525741577,True,1.3053417205810547e-05,2350080,8.96484375,128.0,False
shared_e2e_rep_projected,42,42,7,0.011477572843432426,0.037073783576488495,0.45141172409057617,12.17603601637393,138,encoder_output_representation,0.011477572843432426,0.0003841667785309255,0.0003841667785309255,0.037073783576488495,0.9028234481811523,0.9028234481811523,False,0.0,2396160,9.140625,128.0,False
shared_e2e_rep_projected,42,42,7,-0.0017037971410900354,0.023915661498904228,0.2762715220451355,11.551908027206094,139,encoder_output_representation,-0.0017037971410900354,-2.2514712327392772e-05,-2.1827872842550278e-11,0.023915661498904228,0.552543044090271,0.5525422096252441,True,1.4901161193847656e-06,2613248,9.96875,128.0,False
shared_e2e_rep_projected,42,42,7,-0.01489323377609253,0.026498742401599884,0.30335280299186707,11.447818858511258,140,encoder_output_representation,-0.01489323377609253,-0.00023943756241351366,-7.275957614183426e-11,0.026498742401599884,0.6067056059837341,0.6066383123397827,True,0.00011092424392700195,2396160,9.140625,128.0,False
shared_e2e_rep_projected,42,42,7,-0.0049813915975391865,0.01973733864724636,0.23957031965255737,12.137924161623525,141,encoder_output_representation,-0.0049813915975391865,-4.710882785730064e-05,-1.2732925824820995e-11,0.01973733864724636,0.47914063930511475,0.4791346788406372,True,1.245737075805664e-05,2088960,7.96875,128.0,False
shared_e2e_rep_projected,42,42,7,-0.01674562133848667,0.0312887541949749,0.5234547853469849,16.729805925959617,142,encoder_output_representation,-0.01674562133848667,-0.0005485278670676053,-5.820766091346741e-11,0.0312887541949749,1.0469095706939697,1.0467628240585327,True,0.00014019012451171875,2088960,7.96875,128.0,False
shared_e2e_rep_projected,42,42,7,-0.007424377836287022,0.015335368923842907,0.28420764207839966,18.5328206637744,143,encoder_output_representation,-0.007424377836287022,-6.471724918810651e-05,-2.7284841053187847e-11,0.015335368923842907,0.5684152841567993,0.5683996081352234,True,2.759695053100586e-05,2088960,7.96875,128.0,False
shared_e2e_rep_projected,42,42,7,-0.0014735911972820759,0.028065981343388557,0.5117051005363464,18.23221836698355,144,encoder_output_representation,-0.0014735911972820759,-4.2325977119617164e-05,-4.001776687800884e-11,0.028065981343388557,1.0234102010726929,1.023409128189087,True,1.0728836059570312e-06,2396160,9.140625,128.0,False
shared_e2e_rep_projected,42,42,7,-0.0004199263930786401,0.028483625501394272,0.3372688889503479,11.840799161393223,145,encoder_output_representation,-0.0004199263930786401,-8.068163879215717e-06,-2.9103830456733704e-11,0.028483625501394272,0.6745377779006958,0.674537718296051,True,5.960464477539063e-08,2350080,8.96484375,128.0,False
shared_e2e_rep_projected,42,42,7,0.00467801233753562,0.017838532105088234,0.22383742034435272,12.547973063350078,146,encoder_output_representation,0.00467801233753562,3.7357960536610335e-05,3.7357960536610335e-05,0.017838532105088234,0.44767484068870544,0.44767484068870544,False,0.0,2350080,8.96484375,128.0,False
shared_e2e_rep_projected,42,42,7,0.002416772535070777,0.03373553231358528,0.4341694116592407,12.86979578752344,147,encoder_output_representation,0.002416772535070777,7.079662464093417e-05,7.079662464093417e-05,0.03373553231358528,0.8683388233184814,0.8683388233184814,False,0.0,2649600,10.107421875,128.0,False
shared_e2e_rep_projected,42,42,7,-0.005031552631407976,0.01570192165672779,0.33408474922180176,21.27667915593355,148,encoder_output_representation,-0.005031552631407976,-5.2788760513067245e-05,-2.2282620193436742e-11,0.01570192165672779,0.6681694984436035,0.6681610345840454,True,1.2695789337158203e-05,2350080,8.96484375,128.0,False
shared_e2e_rep_projected,42,42,7,-0.0004952482995577157,0.03444091975688934,0.6942340135574341,20.157243722231428,149,encoder_output_representation,-0.0004952482995577157,-2.368283094256185e-05,-4.547473508864641e-12,0.03444091975688934,1.3884680271148682,1.3884679079055786,True,5.960464477539063e-08,3194880,12.1875,128.0,False
shared_e2e_rep_projected,42,42,7,0.0006404254818335176,0.031919293105602264,0.4731302261352539,14.822703766337895,150,encoder_output_representation,0.0006404254818335176,1.9343387975823134e-05,1.9343387975823134e-05,0.031919293105602264,0.9462604522705078,0.9462604522705078,False,0.0,2549760,9.7265625,128.0,False
shared_e2e_rep_projected,42,42,7,-0.006849448662251234,0.02669326402246952,0.25995707511901855,9.73867695236503,151,encoder_output_representation,-0.006849448662251234,-9.505805792286992e-05,-3.637978807091713e-11,0.02669326402246952,0.5199141502380371,0.5199019908905029,True,2.3365020751953125e-05,2903040,11.07421875,128.0,False
shared_e2e_rep_projected,42,42,7,0.008548718877136707,0.02124360203742981,0.39811035990715027,18.740247496903134,152,encoder_output_representation,0.008548718877136707,0.00014459813246503472,0.00014459813246503472,0.02124360203742981,0.7962207198143005,0.7962207198143005,False,0.0,2088960,7.96875,128.0,False
shared_e2e_rep_projected,42,42,7,0.004252690821886063,0.03132724016904831,0.5132226943969727,16.382633504500113,153,encoder_output_representation,0.004252690821886063,0.0001367482473142445,0.0001367482473142445,0.03132724016904831,1.0264453887939453,1.0264453887939453,False,0.0,3194880,12.1875,128.0,False
shared_e2e_rep_projected,42,42,7,0.0018815203802660108,0.016728637740015984,0.2856729030609131,17.076877836715003,154,encoder_output_representation,0.0018815203802660108,1.798326411517337e-05,1.798326411517337e-05,0.016728637740015984,0.5713458061218262,0.5713458061218262,False,0.0,2088960,7.96875,128.0,False
shared_e2e_rep_projected,42,42,7,0.004320673644542694,0.025806762278079987,0.38487663865089417,14.91379021140535,155,encoder_output_representation,0.004320673644542694,8.582949521951377e-05,8.582949521951377e-05,0.025806762278079987,0.7697532773017883,0.7697532773017883,False,0.0,2396160,9.140625,128.0,False
shared_e2e_rep_projected,42,42,7,0.023175401613116264,0.019902216270565987,0.2861108183860779,14.375827018281184,156,encoder_output_representation,0.023175401613116264,0.00026393256848677993,0.00026393256848677993,0.019902216270565987,0.5722216367721558,0.5722216367721558,False,0.0,2088960,7.96875,128.0,False
shared_e2e_rep_projected,42,42,7,-0.002538097556680441,0.026337910443544388,0.49553537368774414,18.8145287664308,157,encoder_output_representation,-0.002538097556680441,-6.625128298765048e-05,-8.003553375601768e-11,0.026337910443544388,0.9910707473754883,0.9910675883293152,True,3.159046173095703e-06,2350080,8.96484375,128.0,False
shared_e2e_rep_projected,42,42,7,-0.004516017157584429,0.025132635608315468,0.3335733413696289,13.272517318448754,158,encoder_output_representation,-0.004516017157584429,-7.572075992356986e-05,-1.6370904631912708e-11,0.025132635608315468,0.6671466827392578,0.6671398878097534,True,1.0192394256591797e-05,2088960,7.96875,128.0,False
shared_e2e_rep_projected,42,42,7,8.235958375735208e-05,0.02786226198077202,0.5112937688827515,18.350763094381914,159,encoder_output_representation,8.235958375735208e-05,2.346556357224472e-06,2.346556357224472e-06,0.02786226198077202,1.022587537765503,1.022587537765503,False,0.0,3133440,11.953125,128.0,False
shared_e2e_rep_projected,42,42,7,-0.006322883535176516,0.02875189483165741,0.5722718834877014,19.903797187571747,160,encoder_output_representation,-0.006322883535176516,-0.00020807220425922424,-5.820766091346741e-11,0.02875189483165741,1.1445437669754028,1.144520878791809,True,2.002716064453125e-05,3194880,12.1875,128.0,False
shared_e2e_rep_projected,42,42,7,0.0005460831453092396,0.03328375890851021,0.534669041633606,16.063962099452002,161,encoder_output_representation,0.0005460831453092396,1.9435967260506004e-05,1.9435967260506004e-05,0.03328375890851021,1.069338083267212,1.069338083267212,False,0.0,2350080,8.96484375,128.0,False
shared_e2e_rep_projected,42,42,7,0.005534549243748188,0.017860665917396545,0.32395318150520325,18.137799732857005,162,encoder_output_representation,0.005534549243748188,6.404602027032524e-05,6.404602027032524e-05,0.017860665917396545,0.6479063630104065,0.6479063630104065,False,0.0,2325504,8.87109375,128.0,False
shared_e2e_rep_projected,42,42,7,-0.000715609872713685,0.037467364221811295,0.33972519636154175,9.067229665538461,163,encoder_output_representation,-0.000715609872713685,-1.821743353502825e-05,-3.183231456205249e-11,0.037467364221811295,0.6794503927230835,0.679450273513794,True,1.7881393432617188e-07,3525120,13.447265625,128.0,False
shared_e2e_rep_projected,42,42,7,0.006704704836010933,0.03256194666028023,0.6899096369743347,21.187604174043486,164,encoder_output_representation,0.006704704836010933,0.0003012397210113704,0.0003012397210113704,0.03256194666028023,1.3798192739486694,1.3798192739486694,False,0.0,2350080,8.96484375,128.0,False
shared_e2e_rep_projected,42,42,7,-0.0032021820079535246,0.020990192890167236,0.39612409472465515,18.87186538958476,165,encoder_output_representation,-0.0032021820079535246,-5.325050005922094e-05,-9.094947017729282e-12,0.020990192890167236,0.7922481894493103,0.7922441363334656,True,5.125999450683594e-06,2785280,10.625,128.0,False
shared_e2e_rep_projected,42,42,7,-0.0019684629514813423,0.026644639670848846,0.35198429226875305,13.210322849809419,166,encoder_output_representation,-0.0019684629514813423,-3.692243990371935e-05,-1.4551915228366852e-11,0.026644639670848846,0.7039685845375061,0.7039671540260315,True,2.0265579223632812e-06,2350080,8.96484375,128.0,False
shared_e2e_rep_projected,42,42,7,-0.0019877443555742502,0.03205446898937225,0.4039701223373413,12.602614707836175,167,encoder_output_representation,-0.0019877443555742502,-5.147878982825205e-05,-4.547473508864641e-11,0.03205446898937225,0.8079402446746826,0.8079386949539185,True,1.9073486328125e-06,2350080,8.96484375,128.0,False
shared_e2e_rep_projected,42,42,7,0.017366020008921623,0.022758591920137405,0.4144703149795532,18.21159746762799,168,encoder_output_representation,0.017366020008921623,0.00032761902548372746,0.00032761902548372746,0.022758591920137405,0.8289406299591064,0.8289406299591064,False,0.0,2457600,9.375,128.0,False
shared_e2e_rep_projected,42,42,7,0.004554721526801586,0.024910127744078636,0.4100925028324127,16.46288236839313,169,encoder_output_representation,0.004554721526801586,9.305711864726618e-05,9.305711864726618e-05,0.024910127744078636,0.8201850056648254,0.8201850056648254,False,0.0,2088960,7.96875,128.0,False
shared_e2e_rep_projected,42,42,7,0.012268392369151115,0.03521409258246422,0.5405433773994446,15.350200381668285,170,encoder_output_representation,0.012268392369151115,0.0004670514608733356,0.0004670514608733356,0.03521409258246422,1.0810867547988892,1.0810867547988892,False,0.0,2350080,8.96484375,128.0,False
shared_e2e_rep_projected,42,42,7,0.006543229334056377,0.017786744982004166,0.3336867690086365,18.7604179036831,171,encoder_output_representation,0.006543229334056377,7.767076749587432e-05,7.767076749587432e-05,0.017786744982004166,0.667373538017273,0.667373538017273,False,0.0,2088960,7.96875,128.0,False
shared_e2e_rep_projected,42,42,7,0.0019088821718469262,0.026149973273277283,0.3874747157096863,14.817403890261241,172,encoder_output_representation,0.0019088821718469262,3.868331987177953e-05,3.868331987177953e-05,0.026149973273277283,0.7749494314193726,0.7749494314193726,False,0.0,2088960,7.96875,128.0,False
shared_e2e_rep_projected,42,42,7,-0.0013035254087299109,0.020252687856554985,0.4341094493865967,21.43465857279249,173,encoder_output_representation,-0.0013035254087299109,-2.292088720423635e-05,-1.4551915228366852e-11,0.020252687856554985,0.8682188987731934,0.868218183517456,True,8.344650268554688e-07,2088960,7.96875,128.0,False
shared_e2e_rep_projected,42,42,7,-0.01303255558013916,0.03158501535654068,0.6567161083221436,20.792014849729988,174,encoder_output_representation,-0.01303255558013916,-0.0005406526615843177,-6.548361852765083e-11,0.03158501535654068,1.313432216644287,1.313320517539978,True,8.505582809448242e-05,2088960,7.96875,128.0,False
shared_e2e_rep_projected,42,42,7,0.0035176954697817564,0.01724865473806858,0.3370310068130493,19.53955319594903,175,encoder_output_representation,0.0035176954697817564,4.0899059968069196e-05,4.0899059968069196e-05,0.01724865473806858,0.6740620136260986,0.6740620136260986,False,0.0,2135040,8.14453125,128.0,False
shared_e2e_rep_projected,42,42,7,-0.0031867220532149076,0.03115798532962799,0.3936946392059326,12.635433101368404,176,encoder_output_representation,-0.0031867220532149076,-7.818132871761918e-05,-4.001776687800884e-11,0.03115798532962799,0.7873892784118652,0.7873852849006653,True,5.066394805908203e-06,3133440,11.953125,128.0,False
shared_e2e_rep_projected,42,42,7,-0.00031445748754777014,0.025577886030077934,0.4023485779762268,15.730329609846997,177,encoder_output_representation,-0.00031445748754777014,-6.472306267824024e-06,-2.546585164964199e-11,0.025577886030077934,0.8046971559524536,0.8046970367431641,True,1.1920928955078125e-07,2785280,10.625,128.0,False
shared_e2e_rep_projected,42,42,7,-0.020228933542966843,0.028755081817507744,0.6529032588005066,22.705665139265285,178,encoder_output_representation,-0.020228933542966843,-0.0007595675415359437,5.820766091346741e-11,0.028755081817507744,1.3058065176010132,1.3055393695831299,True,0.00020456314086914062,3594240,13.7109375,128.0,False
shared_e2e_rep_projected,42,42,7,0.003998058382421732,0.01667797937989235,0.14611709117889404,8.76107877642892,179,encoder_output_representation,0.003998058382421732,1.948603858181741e-05,1.948603858181741e-05,0.01667797937989235,0.2922341823577881,0.2922341823577881,False,0.0,3594240,13.7109375,128.0,False
shared_e2e_rep_projected,42,42,7,-0.0075565725564956665,0.016353286802768707,0.26741454005241394,16.352342087410776,180,encoder_output_representation,-0.0075565725564956665,-6.60913938190788e-05,-1.8189894035458565e-11,0.016353286802768707,0.5348290801048279,0.5348138213157654,True,2.855062484741211e-05,2088960,7.96875,128.0,False
shared_e2e_rep_projected,42,42,7,-0.0030813703779131174,0.02206362411379814,0.3704555332660675,16.79033015407438,181,encoder_output_representation,-0.0030813703779131174,-5.037172377342358e-05,-3.092281986027956e-11,0.02206362411379814,0.740911066532135,0.7409075498580933,True,4.76837158203125e-06,2088960,7.96875,128.0,False
shared_e2e_rep_projected,42,42,7,0.007632463239133358,0.021315978839993477,0.5303432941436768,24.880081657269983,182,encoder_output_representation,0.007632463239133358,0.00017256673891097307,0.00017256673891097307,0.021315978839993477,1.0606865882873535,1.0606865882873535,False,0.0,3133440,11.953125,128.0,False
shared_e2e_rep_projected,42,42,7,0.0068122586235404015,0.01855262741446495,0.28171035647392273,15.184391416941908,183,encoder_output_representation,0.0068122586235404015,7.120809459593147e-05,7.120809459593147e-05,0.01855262741446495,0.5634207129478455,0.5634207129478455,False,0.0,2350080,8.96484375,128.0,False
shared_e2e_rep_projected,42,42,7,8.949922630563378e-05,0.029932931065559387,0.5856403112411499,19.565084019285482,184,encoder_output_representation,8.949922630563378e-05,3.137830390187446e-06,3.137830390187446e-06,0.029932931065559387,1.1712806224822998,1.1712806224822998,False,0.0,3194880,12.1875,128.0,False
shared_e2e_rep_projected,42,42,7,0.01515815407037735,0.036513254046440125,0.6881643533706665,18.846974101388245,185,encoder_output_representation,0.01515815407037735,0.0007617615046910942,0.0007617615046910942,0.036513254046440125,1.376328706741333,1.376328706741333,False,0.0,2611200,9.9609375,128.0,False
shared_e2e_rep_projected,42,42,7,0.0003666318953037262,0.022348923608660698,0.33228063583374023,14.867858589170451,186,encoder_output_representation,0.0003666318953037262,5.445301212603226e-06,5.445301212603226e-06,0.022348923608660698,0.6645612716674805,0.6645612716674805,False,0.0,3481600,13.28125,128.0,False
shared_e2e_rep_projected,42,42,7,-0.004620660096406937,0.038119684904813766,0.5539281368255615,14.531288446080815,187,encoder_output_representation,-0.004620660096406937,-0.00019513571169227362,-5.820766091346741e-11,0.038119684904813766,1.107856273651123,1.1078444719314575,True,1.0669231414794922e-05,2396160,9.140625,128.0,False
shared_e2e_rep_projected,42,42,7,-0.006954526528716087,0.02064702846109867,0.33327728509902954,16.141658627872843,188,encoder_output_representation,-0.006954526528716087,-9.57107768044807e-05,-2.1827872842550278e-11,0.02064702846109867,0.6665545701980591,0.666538417339325,True,2.4259090423583984e-05,2088960,7.96875,128.0,False
shared_e2e_rep_projected,42,42,7,0.0012337970547378063,0.025385286659002304,0.24749170243740082,9.749415311393918,189,encoder_output_representation,0.0012337970547378063,1.5503024769714102e-05,1.5503024769714102e-05,0.025385286659002304,0.49498340487480164,0.49498340487480164,False,0.0,2135040,8.14453125,128.0,False
shared_e2e_rep_projected,42,42,7,0.003307581413537264,0.01738414540886879,0.24737824499607086,14.230106754046536,190,encoder_output_representation,0.003307581413537264,2.8448239390854724e-05,2.8448239390854724e-05,0.01738414540886879,0.4947564899921417,0.4947564899921417,False,0.0,2350080,8.96484375,128.0,False
shared_e2e_rep_projected,42,42,7,0.0002861033717636019,0.03031179867684841,0.44575533270835876,14.705670800354662,191,encoder_output_representation,0.0002861033717636019,7.731454388704151e-06,7.731454388704151e-06,0.03031179867684841,0.8915106654167175,0.8915106654167175,False,0.0,2350080,8.96484375,128.0,False
shared_e2e_rep_projected,42,42,7,0.02266443893313408,0.038053009659051895,0.40924516320228577,10.754606977714737,192,encoder_output_representation,0.02266443893313408,0.0007059070630930364,0.0007059070630930364,0.038053009659051895,0.8184903264045715,0.8184903264045715,False,0.0,2548224,9.720703125,128.0,False
shared_e2e_rep_projected,42,42,7,-0.008895592764019966,0.017504479736089706,0.2951453924179077,16.86113479907628,193,encoder_output_representation,-0.008895592764019966,-9.191579010803252e-05,-2.000888343900442e-11,0.017504479736089706,0.5902907848358154,0.5902674198150635,True,3.9577484130859375e-05,2396160,9.140625,128.0,False
shared_e2e_rep_projected,42,42,7,0.004121100530028343,0.019190285354852676,0.23889242112636566,12.448612238376986,194,encoder_output_representation,0.004121100530028343,3.778566315304488e-05,3.778566315304488e-05,0.019190285354852676,0.4777848422527313,0.4777848422527313,False,0.0,2396160,9.140625,128.0,False
shared_e2e_rep_projected,42,42,7,0.001561706536449492,0.022906726226210594,0.4741348624229431,20.698499547282456,195,encoder_output_representation,0.001561706536449492,3.392300641280599e-05,3.392300641280599e-05,0.022906726226210594,0.9482697248458862,0.9482697248458862,False,0.0,2482176,9.46875,128.0,False
shared_e2e_rep_projected,42,42,7,-0.005061717238277197,0.029299315065145493,0.5009470582008362,17.097568905177702,196,encoder_output_representation,-0.005061717238277197,-0.0001485857501393184,-9.458744898438454e-11,0.029299315065145493,1.0018941164016724,1.0018813610076904,True,1.2755393981933594e-05,3133440,11.953125,128.0,False
shared_e2e_rep_projected,42,42,7,0.0027549935039132833,0.027874013409018517,0.30541715025901794,10.957056875067785,197,encoder_output_representation,0.0027549935039132833,4.690763307735324e-05,4.690763307735324e-05,0.027874013409018517,0.6108343005180359,0.6108343005180359,False,0.0,2396160,9.140625,128.0,False
shared_e2e_rep_projected,42,42,7,-0.002250670688226819,0.027225706726312637,0.32417070865631104,11.906787651650271,198,encoder_output_representation,-0.002250670688226819,-3.972783451899886e-05,-3.637978807091713e-12,0.027225706726312637,0.6483414173126221,0.6483397483825684,True,2.562999725341797e-06,2396160,9.140625,128.0,False
shared_e2e_rep_projected,42,42,7,0.024127556011080742,0.023868219926953316,0.3725202679634094,15.607375376273406,199,encoder_output_representation,0.024127556011080742,0.00042905527516268194,0.00042905527516268194,0.023868219926953316,0.7450405359268188,0.7450405359268188,False,0.0,2350080,8.96484375,128.0,False
