experiment,seed,data_seed,epoch,cosine,main_grad_norm,weighted_aux_grad_norm,norm_ratio,step,projection_scope,enc_cls_aux_cosine_raw,enc_cls_aux_dot_raw,enc_cls_aux_dot_projected,enc_cls_grad_norm,enc_aux_grad_norm,enc_aux_grad_norm_projected,projection_applied,projection_removed_ratio
shared_e2e_projected,42,42,1,-0.029789937660098076,431.09014892578125,4.112063407897949,0.009538755218936594,0,transformer_encoder,-0.029789937660098076,-105.61546325683594,-4.76837158203125e-05,431.09014892578125,8.224126815795898,8.220476150512695,True,0.000443875789642334
shared_e2e_projected,42,42,1,0.01051819883286953,390.99749755859375,6.653397083282471,0.0170164697340177,1,transformer_encoder,0.01051819883286953,54.72538375854492,54.72538375854492,390.99749755859375,13.306794166564941,13.306794166564941,False,0.0
shared_e2e_projected,42,42,1,0.01301187090575695,315.8059387207031,9.58062744140625,0.030337071811304028,2,transformer_encoder,0.01301187090575695,78.73793029785156,78.73793029785156,315.8059387207031,19.1612548828125,19.1612548828125,False,0.0
shared_e2e_projected,42,42,1,0.02811172604560852,349.75537109375,10.658171653747559,0.03047321795350126,3,transformer_encoder,0.02811172604560852,209.58712768554688,209.58712768554688,349.75537109375,21.316343307495117,21.316343307495117,False,0.0
shared_e2e_projected,42,42,1,-0.019463593140244484,59.78752517700195,3.6960291862487793,0.06181940422030556,4,transformer_encoder,-0.019463593140244484,-8.601990699768066,2.9802322387695312e-08,59.78752517700195,7.392058372497559,7.390658855438232,True,0.00018930435180664062
shared_e2e_projected,42,42,1,0.011981585063040257,402.4300842285156,5.605522155761719,0.013929182671588446,5,transformer_encoder,0.011981585063040257,54.05685806274414,54.05685806274414,402.4300842285156,11.211044311523438,11.211044311523438,False,0.0
shared_e2e_projected,42,42,1,0.0014587093610316515,128.88121032714844,5.690362453460693,0.044151994220231465,6,transformer_encoder,0.0014587093610316515,2.1395788192749023,2.1395788192749023,128.88121032714844,11.380724906921387,11.380724906921387,False,0.0
shared_e2e_projected,42,42,1,-0.001354116015136242,177.9706573486328,9.85294246673584,0.05536273570892405,7,transformer_encoder,-0.001354116015136242,-4.748978614807129,3.5762786865234375e-06,177.9706573486328,19.70588493347168,19.705867767333984,True,8.940696716308594e-07
shared_e2e_projected,42,42,1,-0.025395255535840988,402.748046875,20.986562728881836,0.05210841589852672,8,transformer_encoder,-0.025395255535840988,-429.2964782714844,3.62396240234375e-05,402.748046875,41.97312545776367,41.9595947265625,True,0.0003223419189453125
shared_e2e_projected,42,42,1,0.03174653649330139,154.7657012939453,7.0129714012146,0.04531347283397706,9,transformer_encoder,0.03174653649330139,68.91331481933594,68.91331481933594,154.7657012939453,14.0259428024292,14.0259428024292,False,0.0
shared_e2e_projected,42,42,1,0.06575141847133636,421.6104431152344,13.364169120788574,0.031697908197060205,10,transformer_encoder,0.06575141847133636,740.94921875,740.94921875,421.6104431152344,26.72833824157715,26.72833824157715,False,0.0
shared_e2e_projected,42,42,1,-0.013625317253172398,180.99612426757812,9.620660781860352,0.05315396017893463,11,transformer_encoder,-0.013625317253172398,-47.451595306396484,-7.152557373046875e-07,180.99612426757812,19.241321563720703,19.239534378051758,True,9.28640365600586e-05
shared_e2e_projected,42,42,1,0.0458969920873642,208.12203979492188,8.43756103515625,0.04054141043144881,12,transformer_encoder,0.0458969920873642,161.19412231445312,161.19412231445312,208.12203979492188,16.8751220703125,16.8751220703125,False,0.0
shared_e2e_projected,42,42,1,0.04391944408416748,112.26417541503906,3.4042582511901855,0.030323638316539458,13,transformer_encoder,0.04391944408416748,33.5699348449707,33.5699348449707,112.26417541503906,6.808516502380371,6.808516502380371,False,0.0
shared_e2e_projected,42,42,1,0.048378754407167435,117.98595428466797,5.550441265106201,0.04704323746633857,14,transformer_encoder,0.048378754407167435,63.36398696899414,63.36398696899414,117.98595428466797,11.100882530212402,11.100882530212402,False,0.0
shared_e2e_projected,42,42,1,-0.12232396751642227,243.62295532226562,4.50426721572876,0.018488681453562097,15,transformer_encoder,-0.12232396751642227,-268.4626770019531,2.002716064453125e-05,243.62295532226562,9.00853443145752,8.940881729125977,True,0.007509827613830566
shared_e2e_projected,42,42,1,-0.09030928462743759,106.50287628173828,6.457076072692871,0.06062818487278776,16,transformer_encoder,-0.09030928462743759,-124.21088409423828,-2.3365020751953125e-05,106.50287628173828,12.914152145385742,12.861381530761719,True,0.00408625602722168
shared_e2e_projected,42,42,1,-0.11108232289552689,113.87033081054688,10.787864685058594,0.09473815179308676,17,transformer_encoder,-0.11108232289552689,-272.9109802246094,2.384185791015625e-05,113.87033081054688,21.575729370117188,21.44219970703125,True,0.006188869476318359
shared_e2e_projected,42,42,1,-0.0721317008137703,78.2588882446289,3.2738375663757324,0.04183342799532325,18,transformer_encoder,-0.0721317008137703,-36.96127700805664,3.337860107421875e-06,78.2588882446289,6.547675132751465,6.530620098114014,True,0.0026047229766845703
shared_e2e_projected,42,42,1,-0.003543239086866379,18.59058952331543,2.5536813735961914,0.1373641954922132,19,transformer_encoder,-0.003543239086866379,-0.33642658591270447,2.384185791015625e-07,18.59058952331543,5.107362747192383,5.107329845428467,True,6.4373016357421875e-06
shared_e2e_projected,42,42,1,-0.11317314207553864,22.182186126708984,2.6602625846862793,0.1199278812958443,20,transformer_encoder,-0.11317314207553864,-13.356794357299805,2.384185791015625e-06,22.182186126708984,5.320525169372559,5.286342144012451,True,0.00642472505569458
shared_e2e_projected,42,42,1,-0.08704902231693268,10.329980850219727,3.0087950229644775,0.2912682091661843,21,transformer_encoder,-0.08704902231693268,-5.411105632781982,6.780028343200684e-07,10.329980850219727,6.017590045928955,5.994747638702393,True,0.003795921802520752
shared_e2e_projected,42,42,1,0.14027608931064606,7.170103073120117,3.0173351764678955,0.4208217295759017,22,transformer_encoder,0.14027608931064606,6.069634914398193,6.069634914398193,7.170103073120117,6.034670352935791,6.034670352935791,False,0.0
shared_e2e_projected,42,42,1,-0.08029675483703613,1.443966031074524,1.3419817686080933,0.9293721179919037,23,transformer_encoder,-0.08029675483703613,-0.3111942708492279,1.30385160446167e-08,1.443966031074524,2.6839635372161865,2.6752967834472656,True,0.003229081630706787
shared_e2e_projected,42,42,1,-0.13987281918525696,6.569180965423584,2.43523907661438,0.37070665116885765,24,transformer_encoder,-0.13987281918525696,-4.47523832321167,2.980232238769531e-07,6.569180965423584,4.87047815322876,4.822598457336426,True,0.009830594062805176
shared_e2e_projected,42,42,1,-0.06044736132025719,4.233038425445557,2.444113254547119,0.577389810556671,25,transformer_encoder,-0.06044736132025719,-1.2507798671722412,-1.341104507446289e-07,4.233038425445557,4.888226509094238,4.879288196563721,True,0.0018285512924194336
shared_e2e_projected,42,42,1,-0.0949491634964943,5.050551414489746,2.8040995597839355,0.5552066160021919,26,transformer_encoder,-0.0949491634964943,-2.689387321472168,1.6391277313232422e-07,5.050551414489746,5.608199119567871,5.58286190032959,True,0.004517912864685059
shared_e2e_projected,42,42,1,-0.1574154943227768,5.133453369140625,2.0924322605133057,0.4076071428040639,27,transformer_encoder,-0.1574154943227768,-3.3817267417907715,3.725290298461914e-07,5.133453369140625,4.184864521026611,4.132689476013184,True,0.012467563152313232
shared_e2e_projected,42,42,1,-0.08811827003955841,2.257462739944458,2.199414014816284,0.9742858546008152,28,transformer_encoder,-0.08811827003955841,-0.8750311732292175,3.725290298461914e-08,2.257462739944458,4.398828029632568,4.381716728210449,True,0.0038899779319763184
shared_e2e_projected,42,42,1,-0.14385128021240234,4.545495510101318,2.833568811416626,0.6233795204768481,29,transformer_encoder,-0.14385128021240234,-3.705601692199707,5.364418029785156e-07,4.545495510101318,5.667137622833252,5.608194828033447,True,0.010400831699371338
shared_e2e_projected,42,42,1,-0.24023133516311646,3.8133676052093506,4.341463088989258,1.1384853332939864,30,transformer_encoder,-0.24023133516311646,-7.954345703125,-5.662441253662109e-07,3.8133676052093506,8.682926177978516,8.428653717041016,True,0.029284179210662842
shared_e2e_projected,42,42,1,-0.2184699922800064,6.78164005279541,6.483360290527344,0.9560165741699731,31,transformer_encoder,-0.2184699922800064,-19.21129608154297,6.556510925292969e-07,6.78164005279541,12.966720581054688,12.653491973876953,True,0.02415633201599121
shared_e2e_projected,42,42,1,-0.049049507826566696,4.297261714935303,7.382028579711914,1.7178447740465475,32,transformer_encoder,-0.049049507826566696,-3.1119470596313477,7.450580596923828e-07,4.297261714935303,14.764057159423828,14.74628734588623,True,0.0012035965919494629
shared_e2e_projected,42,42,1,0.2575882077217102,0.38397160172462463,5.492300510406494,14.303923742635119,33,transformer_encoder,0.2575882077217102,1.0864490270614624,1.0864490270614624,0.38397160172462463,10.984601020812988,10.984601020812988,False,0.0
shared_e2e_projected,42,42,1,0.1698642075061798,2.004406690597534,9.156045913696289,4.567958167694391,34,transformer_encoder,0.1698642075061798,6.234845161437988,6.234845161437988,2.004406690597534,18.312091827392578,18.312091827392578,False,0.0
shared_e2e_projected,42,42,1,-0.0036345103289932013,2.8539063930511475,5.412662506103516,1.8965802519951502,35,transformer_encoder,-0.0036345103289932013,-0.11228624731302261,2.086162567138672e-07,2.8539063930511475,10.825325012207031,10.825254440307617,True,6.496906280517578e-06
shared_e2e_projected,42,42,1,-0.10787466168403625,4.208162784576416,8.904593467712402,2.116028757335422,36,transformer_encoder,-0.10787466168403625,-8.084553718566895,-2.86102294921875e-06,4.208162784576416,17.809186935424805,17.70526123046875,True,0.005835533142089844
shared_e2e_projected,42,42,1,0.1924723982810974,2.639145612716675,4.693913459777832,1.7785731250145107,37,transformer_encoder,0.1924723982810974,4.768665790557861,4.768665790557861,2.639145612716675,9.387826919555664,9.387826919555664,False,0.0
shared_e2e_projected,42,42,1,0.05988573655486107,1.9388227462768555,7.289259910583496,3.7596319336469253,38,transformer_encoder,0.05988573655486107,1.6926802396774292,1.6926802396774292,1.9388227462768555,14.578519821166992,14.578519821166992,False,0.0
shared_e2e_projected,42,42,1,-0.02295345813035965,1.2033255100250244,5.02348518371582,4.174668567951619,39,transformer_encoder,-0.02295345813035965,-0.277502179145813,3.725290298461914e-08,1.2033255100250244,10.04697036743164,10.04432201385498,True,0.00026357173919677734
shared_e2e_projected,42,42,1,-0.01973865181207657,1.6332982778549194,6.515928745269775,3.9894297530438982,40,transformer_encoder,-0.01973865181207657,-0.4201354384422302,-1.3224780559539795e-07,1.6332982778549194,13.03185749053955,13.029318809509277,True,0.00019478797912597656
shared_e2e_projected,42,42,1,-0.08203937113285065,1.8103549480438232,8.121343612670898,4.486050440796931,41,transformer_encoder,-0.08203937113285065,-2.412370204925537,2.9802322387695312e-08,1.8103549480438232,16.242687225341797,16.18793296813965,True,0.003371000289916992
shared_e2e_projected,42,42,1,0.128873810172081,0.9660831093788147,2.979820966720581,3.0844354256815305,42,transformer_encoder,0.128873810172081,0.7419921159744263,0.7419921159744263,0.9660831093788147,5.959641933441162,5.959641933441162,False,0.0
shared_e2e_projected,42,42,1,-0.2592036724090576,0.22384464740753174,3.8695454597473145,17.286745537865897,43,transformer_encoder,-0.2592036724090576,-0.4490325152873993,-6.891787052154541e-08,0.22384464740753174,7.739090919494629,7.474589824676514,True,0.034177303314208984
shared_e2e_projected,42,42,1,-0.10866808891296387,0.7561096549034119,6.610457897186279,8.742723828901143,44,transformer_encoder,-0.10866808891296387,-1.0862964391708374,-6.705522537231445e-08,0.7561096549034119,13.220915794372559,13.142621994018555,True,0.00592195987701416
shared_e2e_projected,42,42,1,-0.36486583948135376,0.46989625692367554,3.982583999633789,8.475453764426716,45,transformer_encoder,-0.36486583948135376,-1.3656208515167236,-1.341104507446289e-07,0.46989625692367554,7.965167999267578,7.416049480438232,True,0.06893998384475708
shared_e2e_projected,42,42,1,0.0007391215185634792,0.9741398096084595,10.208511352539062,10.479513568634689,46,transformer_encoder,0.0007391215185634792,0.01470041275024414,0.01470041275024414,0.9741398096084595,20.417022705078125,20.417022705078125,False,0.0
shared_e2e_projected,42,42,1,-0.11143042147159576,0.23560361564159393,2.6842732429504395,11.393175081972522,47,transformer_encoder,-0.11143042147159576,-0.14094264805316925,9.778887033462524e-09,0.23560361564159393,5.368546485900879,5.335112571716309,True,0.006227731704711914
shared_e2e_projected,42,42,1,-0.1519557535648346,0.8285970091819763,8.552412986755371,10.321559083587148,48,transformer_encoder,-0.1519557535648346,-2.153670072555542,3.3527612686157227e-07,0.8285970091819763,17.104825973510742,16.906192779541016,True,0.01161271333694458
shared_e2e_projected,42,42,1,-0.009672650136053562,0.7921162843704224,6.106929302215576,7.709637363495679,49,transformer_encoder,-0.009672650136053562,-0.09358091652393341,2.60770320892334e-08,0.7921162843704224,12.213858604431152,12.213286399841309,True,4.684925079345703e-05
shared_e2e_projected,42,42,1,0.011431253515183926,0.6990599036216736,3.796307325363159,5.430589432601322,50,transformer_encoder,0.011431253515183926,0.06067357957363129,0.06067357957363129,0.6990599036216736,7.592614650726318,7.592614650726318,False,0.0
shared_e2e_projected,42,42,1,0.06007208302617073,1.2776036262512207,6.774635314941406,5.302611213479196,51,transformer_encoder,0.06007208302617073,1.0398836135864258,1.0398836135864258,1.2776036262512207,13.549270629882812,13.549270629882812,False,0.0
shared_e2e_projected,42,42,1,0.08565232902765274,0.6107896566390991,9.615989685058594,15.743537207180394,52,transformer_encoder,0.08565232902765274,1.006131649017334,1.006131649017334,0.6107896566390991,19.231979370117188,19.231979370117188,False,0.0
shared_e2e_projected,42,42,1,0.07076701521873474,0.42892521619796753,8.044347763061523,18.754662722717402,53,transformer_encoder,0.07076701521873474,0.48835235834121704,0.48835235834121704,0.42892521619796753,16.088695526123047,16.088695526123047,False,0.0
shared_e2e_projected,42,42,1,0.1430916041135788,0.651960015296936,11.816015243530273,18.123834232608043,54,transformer_encoder,0.1430916041135788,2.20463228225708,2.20463228225708,0.651960015296936,23.632030487060547,23.632030487060547,False,0.0
shared_e2e_projected,42,42,1,0.05661219730973244,0.6585778594017029,8.865996360778809,13.462335901837461,55,transformer_encoder,0.05661219730973244,0.6611114144325256,0.6611114144325256,0.6585778594017029,17.731992721557617,17.731992721557617,False,0.0
shared_e2e_projected,42,42,1,-0.09016851335763931,0.1330476701259613,1.960249662399292,14.73343847767833,56,transformer_encoder,-0.09016851335763931,-0.04703309386968613,8.614733815193176e-09,0.1330476701259613,3.920499324798584,3.9045286178588867,True,0.004073619842529297
shared_e2e_projected,42,42,1,-0.006331346929073334,0.3545953333377838,8.652545928955078,24.40118387207525,57,transformer_encoder,-0.006331346929073334,-0.03885107487440109,1.1175870895385742e-08,0.3545953333377838,17.305091857910156,17.304744720458984,True,2.008676528930664e-05
shared_e2e_projected,42,42,1,-0.0015368149615824223,0.7927637100219727,3.026603937149048,3.817788199544554,58,transformer_encoder,-0.0015368149615824223,-0.007374811917543411,-7.450580596923828e-09,0.7927637100219727,6.053207874298096,6.0532002449035645,True,1.2516975402832031e-06
shared_e2e_projected,42,42,1,-0.11749466508626938,0.863837718963623,10.223616600036621,11.835112516622056,59,transformer_encoder,-0.11749466508626938,-2.0753190517425537,4.470348358154297e-08,0.863837718963623,20.447233200073242,20.305604934692383,True,0.006926536560058594
shared_e2e_projected,42,42,1,0.009153459221124649,0.5088179707527161,2.357436180114746,4.633162182985186,60,transformer_encoder,0.009153459221124649,0.021959256380796432,0.021959256380796432,0.5088179707527161,4.714872360229492,4.714872360229492,False,0.0
shared_e2e_projected,42,42,1,0.2389921247959137,0.19059163331985474,3.7329261302948,19.58599160557131,61,transformer_encoder,0.2389921247959137,0.3400688171386719,0.3400688171386719,0.19059163331985474,7.4658522605896,7.4658522605896,False,0.0
shared_e2e_projected,42,42,1,0.06501483917236328,0.7526493668556213,3.993372678756714,5.305754385259121,62,transformer_encoder,0.06501483917236328,0.39081841707229614,0.39081841707229614,0.7526493668556213,7.986745357513428,7.986745357513428,False,0.0
shared_e2e_projected,42,42,1,0.08100840449333191,0.565069317817688,9.631583213806152,17.044958751261827,63,transformer_encoder,0.08100840449333191,0.8817784190177917,0.8817784190177917,0.565069317817688,19.263166427612305,19.263166427612305,False,0.0
shared_e2e_projected,42,42,1,0.14070484042167664,0.22468174993991852,4.808929920196533,21.403295645874554,64,transformer_encoder,0.14070484042167664,0.30405718088150024,0.30405718088150024,0.22468174993991852,9.617859840393066,9.617859840393066,False,0.0
shared_e2e_projected,42,42,1,0.039260901510715485,0.35669487714767456,5.869354248046875,16.45483191399162,65,transformer_encoder,0.039260901510715485,0.16439077258110046,0.16439077258110046,0.35669487714767456,11.73870849609375,11.73870849609375,False,0.0
shared_e2e_projected,42,42,1,-0.0047103725373744965,0.5504559278488159,6.6904377937316895,12.154356879901265,66,transformer_encoder,-0.0047103725373744965,-0.03469463810324669,-5.587935447692871e-09,0.5504559278488159,13.380875587463379,13.380725860595703,True,1.1205673217773438e-05
shared_e2e_projected,42,42,1,0.1520313024520874,0.26365700364112854,4.072286605834961,15.445395152020586,67,transformer_encoder,0.1520313024520874,0.32646802067756653,0.32646802067756653,0.26365700364112854,8.144573211669922,8.144573211669922,False,0.0
shared_e2e_projected,42,42,1,-0.08690638840198517,0.7060918211936951,12.471957206726074,17.66336449789406,68,transformer_encoder,-0.08690638840198517,-1.5306556224822998,-1.862645149230957e-08,0.7060918211936951,24.94391441345215,24.84954261779785,True,0.0037833452224731445
shared_e2e_projected,42,42,1,-0.053448788821697235,0.2810085415840149,7.645038604736328,27.205716102585598,69,transformer_encoder,-0.053448788821697235,-0.2296503335237503,3.306195139884949e-08,0.2810085415840149,15.290077209472656,15.268221855163574,True,0.0014293789863586426
shared_e2e_projected,42,42,1,0.18317216634750366,1.046811819076538,14.885880470275879,14.220206725796904,70,transformer_encoder,0.18317216634750366,5.708639621734619,5.708639621734619,1.046811819076538,29.771760940551758,29.771760940551758,False,0.0
shared_e2e_projected,42,42,1,0.07382594048976898,0.4104181230068207,13.548818588256836,33.01223271768549,71,transformer_encoder,0.07382594048976898,0.8210449814796448,0.8210449814796448,0.4104181230068207,27.097637176513672,27.097637176513672,False,0.0
shared_e2e_projected,42,42,1,0.08046853542327881,0.20488867163658142,6.382724761962891,31.152160395105515,72,transformer_encoder,0.08046853542327881,0.21046511828899384,0.21046511828899384,0.20488867163658142,12.765449523925781,12.765449523925781,False,0.0
shared_e2e_projected,42,42,1,-0.04773314297199249,0.4465157389640808,18.858739852905273,42.23533059922515,73,transformer_encoder,-0.04773314297199249,-0.8038952350616455,-1.4901161193847656e-07,0.4465157389640808,37.71747970581055,37.67448425292969,True,0.0011399388313293457
shared_e2e_projected,42,42,1,0.016840051859617233,0.3666449785232544,10.104964256286621,27.560623622848052,74,transformer_encoder,0.016840051859617233,0.12478257715702057,0.12478257715702057,0.3666449785232544,20.209928512573242,20.209928512573242,False,0.0
shared_e2e_projected,42,42,1,0.03590443357825279,0.33142316341400146,7.919062614440918,23.894113292705253,75,transformer_encoder,0.03590443357825279,0.18846674263477325,0.18846674263477325,0.33142316341400146,15.838125228881836,15.838125228881836,False,0.0
shared_e2e_projected,42,42,1,0.009479837492108345,0.47031837701797485,5.610175609588623,11.928463533914199,76,transformer_encoder,0.009479837492108345,0.05002640187740326,0.05002640187740326,0.47031837701797485,11.220351219177246,11.220351219177246,False,0.0
shared_e2e_projected,42,42,1,0.10822989046573639,0.3327653408050537,17.26465606689453,51.88237460405712,77,transformer_encoder,0.10822989046573639,1.243578553199768,1.243578553199768,0.3327653408050537,34.52931213378906,34.52931213378906,False,0.0
shared_e2e_projected,42,42,1,-0.05248742178082466,0.22285473346710205,5.968109130859375,26.78026640049084,78,transformer_encoder,-0.05248742178082466,-0.13961878418922424,-4.6566128730773926e-09,0.22285473346710205,11.93621826171875,11.919767379760742,True,0.0013782382011413574
shared_e2e_projected,42,42,1,0.053649794310331345,0.6288138628005981,8.771581649780273,13.949408829368972,79,transformer_encoder,0.053649794310331345,0.5918315052986145,0.5918315052986145,0.6288138628005981,17.543163299560547,17.543163299560547,False,0.0
shared_e2e_projected,42,42,1,0.0016913911094889045,0.40531495213508606,17.371660232543945,42.85965800431217,80,transformer_encoder,0.0016913911094889045,0.02381814830005169,0.02381814830005169,0.40531495213508606,34.74332046508789,34.74332046508789,False,0.0
shared_e2e_projected,42,42,1,0.10189951956272125,0.2614035904407501,5.767032146453857,22.061793936074555,81,transformer_encoder,0.10189951956272125,0.30723172426223755,0.30723172426223755,0.2614035904407501,11.534064292907715,11.534064292907715,False,0.0
shared_e2e_projected,42,42,1,0.012077412568032742,0.26583099365234375,15.85343074798584,59.63725497230433,82,transformer_encoder,0.012077412568032742,0.1017964780330658,0.1017964780330658,0.26583099365234375,31.70686149597168,31.70686149597168,False,0.0
shared_e2e_projected,42,42,1,-0.0003753721830435097,0.4732210636138916,18.08013916015625,38.206539290711106,83,transformer_encoder,-0.0003753721830435097,-0.006423295475542545,2.2910535335540771e-07,0.4732210636138916,36.1602783203125,36.16027069091797,True,2.384185791015625e-07
shared_e2e_projected,42,42,1,-0.020006630569696426,0.5483105778694153,4.520475387573242,8.24437019825255,84,transformer_encoder,-0.020006630569696426,-0.09917785227298737,1.6298145055770874e-08,0.5483105778694153,9.040950775146484,9.039141654968262,True,0.00020009279251098633
shared_e2e_projected,42,42,1,-0.12943203747272491,0.28778743743896484,6.417965888977051,22.30106340322169,85,transformer_encoder,-0.12943203747272491,-0.4781244993209839,1.0244548320770264e-07,0.28778743743896484,12.835931777954102,12.727959632873535,True,0.008411705493927002
shared_e2e_projected,42,42,1,0.008791029453277588,0.1782682240009308,7.040399074554443,39.493292279153934,86,transformer_encoder,0.008791029453277588,0.022066880017518997,0.022066880017518997,0.1782682240009308,14.080798149108887,14.080798149108887,False,0.0
shared_e2e_projected,42,42,1,-0.02389545924961567,0.42990365624427795,12.73009967803955,29.611517588038634,87,transformer_encoder,-0.02389545924961567,-0.26154613494873047,-4.470348358154297e-08,0.42990365624427795,25.4601993560791,25.452932357788086,True,0.0002854466438293457
shared_e2e_projected,42,42,1,-0.0028965675737708807,0.2091725915670395,4.066694736480713,19.441814560954768,88,transformer_encoder,-0.0028965675737708807,-0.004927878733724356,-1.2922100722789764e-08,0.2091725915670395,8.133389472961426,8.133354187011719,True,4.351139068603516e-06
shared_e2e_projected,42,42,1,-0.015639055520296097,0.19414153695106506,7.914313316345215,40.76568796475574,89,transformer_encoder,-0.015639055520296097,-0.04805872216820717,-3.026798367500305e-09,0.19414153695106506,15.82862663269043,15.826692581176758,True,0.00012218952178955078
shared_e2e_projected,42,42,1,0.09073004871606827,0.2062494307756424,4.777523994445801,23.163816629597292,90,transformer_encoder,0.09073004871606827,0.17880380153656006,0.17880380153656006,0.2062494307756424,9.555047988891602,9.555047988891602,False,0.0
shared_e2e_projected,42,42,1,0.1674942970275879,0.20243145525455475,6.5998053550720215,32.602667143665286,91,transformer_encoder,0.1674942970275879,0.4475474953651428,0.4475474953651428,0.20243145525455475,13.199610710144043,13.199610710144043,False,0.0
shared_e2e_projected,42,42,1,-0.005829100962728262,0.3679230809211731,4.6904401779174805,12.748426019302658,92,transformer_encoder,-0.005829100962728262,-0.02011880651116371,-5.587935447692871e-09,0.3679230809211731,9.380880355834961,9.380721092224121,True,1.6987323760986328e-05
shared_e2e_projected,42,42,1,0.055648621171712875,0.16166511178016663,4.702662467956543,29.088913595354185,93,transformer_encoder,0.055648621171712875,0.08461444824934006,0.08461444824934006,0.16166511178016663,9.405324935913086,9.405324935913086,False,0.0
shared_e2e_projected,42,42,1,0.027531765401363373,0.395620733499527,9.037446975708008,22.843714220348904,94,transformer_encoder,0.027531765401363373,0.1968742161989212,0.1968742161989212,0.395620733499527,18.074893951416016,18.074893951416016,False,0.0
shared_e2e_projected,42,42,1,0.1345842480659485,0.6420350670814514,14.798652648925781,23.049601817229647,95,transformer_encoder,0.1345842480659485,2.557438373565674,2.557438373565674,0.6420350670814514,29.597305297851562,29.597305297851562,False,0.0
shared_e2e_projected,42,42,1,0.042547017335891724,0.4949985444545746,8.086189270019531,16.335783934333552,96,transformer_encoder,0.042547017335891724,0.34060177206993103,0.34060177206993103,0.4949985444545746,16.172378540039062,16.172378540039062,False,0.0
shared_e2e_projected,42,42,1,-0.052129894495010376,0.4057171940803528,6.050073623657227,14.912046400624082,97,transformer_encoder,-0.052129894495010376,-0.25591805577278137,-2.7939677238464355e-09,0.4057171940803528,12.100147247314453,12.083696365356445,True,0.0013595819473266602
shared_e2e_projected,42,42,1,0.031390611082315445,0.16722580790519714,3.62013578414917,21.648188335866674,98,transformer_encoder,0.031390611082315445,0.0380065031349659,0.0380065031349659,0.16722580790519714,7.24027156829834,7.24027156829834,False,0.0
shared_e2e_projected,42,42,1,0.09253591299057007,0.14683116972446442,2.7628562450408936,18.81655135095309,99,transformer_encoder,0.09253591299057007,0.07507871836423874,0.07507871836423874,0.14683116972446442,5.525712490081787,5.525712490081787,False,0.0
shared_e2e_projected,42,42,1,-0.046244796365499496,0.276321142911911,10.645600318908691,38.526188067709406,100,transformer_encoder,-0.046244796365499496,-0.2720677852630615,-8.940696716308594e-08,0.276321142911911,21.291200637817383,21.26841926574707,True,0.0010699629783630371
shared_e2e_projected,42,42,1,0.10349301248788834,0.1951366513967514,10.57054615020752,54.16996794064847,101,transformer_encoder,0.10349301248788834,0.42695027589797974,0.42695027589797974,0.1951366513967514,21.14109230041504,21.14109230041504,False,0.0
shared_e2e_projected,42,42,1,0.15405166149139404,0.3340967893600464,5.3423895835876465,15.990544518014834,102,transformer_encoder,0.15405166149139404,0.5499259829521179,0.5499259829521179,0.3340967893600464,10.684779167175293,10.684779167175293,False,0.0
shared_e2e_projected,42,42,1,-0.01789027824997902,0.3071778118610382,9.816920280456543,31.95842896653468,103,transformer_encoder,-0.01789027824997902,-0.10789769887924194,7.078051567077637e-08,0.3071778118610382,19.633840560913086,19.630695343017578,True,0.00016021728515625
shared_e2e_projected,42,42,1,-0.062021736055612564,0.18798208236694336,4.132959365844727,21.985921816618344,104,transformer_encoder,-0.062021736055612564,-0.09637213498353958,2.1886080503463745e-08,0.18798208236694336,8.265918731689453,8.250006675720215,True,0.0019249916076660156
shared_e2e_projected,42,42,1,-0.0647663027048111,0.2680535912513733,3.414482355117798,12.738058606779829,105,transformer_encoder,-0.0647663027048111,-0.11855655908584595,3.3527612686157227e-08,0.2680535912513733,6.828964710235596,6.814627170562744,True,0.0020995140075683594
shared_e2e_projected,42,42,1,-0.017063237726688385,0.19038930535316467,2.877969741821289,15.116236368858894,106,transformer_encoder,-0.017063237726688385,-0.018699077889323235,-7.450580596923828e-09,0.19038930535316467,5.755939483642578,5.755101680755615,True,0.0001455545425415039
shared_e2e_projected,42,42,1,0.2324208915233612,0.23172132670879364,5.478170394897461,23.641200715987306,107,transformer_encoder,0.2324208915233612,0.5900743007659912,0.5900743007659912,0.23172132670879364,10.956340789794922,10.956340789794922,False,0.0
shared_e2e_projected,42,42,1,0.12117971479892731,0.7397280335426331,8.410184860229492,11.369293144065743,108,transformer_encoder,0.12117971479892731,1.507778525352478,1.507778525352478,0.7397280335426331,16.820369720458984,16.820369720458984,False,0.0
shared_e2e_projected,42,42,1,0.21519874036312103,0.3175424635410309,5.047621250152588,15.8958937140713,109,transformer_encoder,0.21519874036312103,0.6898557543754578,0.6898557543754578,0.3175424635410309,10.095242500305176,10.095242500305176,False,0.0
shared_e2e_projected,42,42,1,-0.09617424756288528,0.22312551736831665,4.784084320068359,21.44122454703914,110,transformer_encoder,-0.09617424756288528,-0.20532263815402985,-4.237517714500427e-08,0.22312551736831665,9.568168640136719,9.523815155029297,True,0.004635512828826904
shared_e2e_projected,42,42,1,0.03825182095170021,0.1823384016752243,4.954305648803711,27.170939326473704,111,transformer_encoder,0.03825182095170021,0.06911034137010574,0.06911034137010574,0.1823384016752243,9.908611297607422,9.908611297607422,False,0.0
shared_e2e_projected,42,42,1,0.06560824811458588,0.42417776584625244,7.2665605545043945,17.130932216608056,112,transformer_encoder,0.06560824811458588,0.404450386762619,0.404450386762619,0.42417776584625244,14.533121109008789,14.533121109008789,False,0.0
shared_e2e_projected,42,42,1,0.018677307292819023,0.25520408153533936,4.327796936035156,16.95818072343747,113,transformer_encoder,0.018677307292819023,0.0412571057677269,0.0412571057677269,0.25520408153533936,8.655593872070312,8.655593872070312,False,0.0
shared_e2e_projected,42,42,1,-0.03423256799578667,0.501812756061554,8.188621520996094,16.318081639183465,114,transformer_encoder,-0.03423256799578667,-0.2813338339328766,7.916241884231567e-08,0.501812756061554,16.377243041992188,16.367645263671875,True,0.0005860328674316406
shared_e2e_projected,42,42,1,-0.14586621522903442,0.29312849044799805,9.656487464904785,32.94284854449478,115,transformer_encoder,-0.14586621522903442,-0.8257753849029541,-1.4156103134155273e-07,0.29312849044799805,19.31297492980957,19.10641098022461,True,0.010695576667785645
shared_e2e_projected,42,42,1,0.18899112939834595,0.29583603143692017,8.218677520751953,27.781191766373414,116,transformer_encoder,0.18899112939834595,0.9190188646316528,0.9190188646316528,0.29583603143692017,16.437355041503906,16.437355041503906,False,0.0
shared_e2e_projected,42,42,1,0.027605310082435608,0.3893512487411499,4.928840637207031,12.659110900871525,117,transformer_encoder,0.027605310082435608,0.1059519499540329,0.1059519499540329,0.3893512487411499,9.857681274414062,9.857681274414062,False,0.0
shared_e2e_projected,42,42,1,0.06368621438741684,0.6662339568138123,2.184476852416992,3.278843460432433,118,transformer_encoder,0.06368621438741684,0.18537434935569763,0.18537434935569763,0.6662339568138123,4.368953704833984,4.368953704833984,False,0.0
shared_e2e_projected,42,42,1,0.118608757853508,0.5226480960845947,7.218232154846191,13.810883860328582,119,transformer_encoder,0.118608757853508,0.8949257135391235,0.8949257135391235,0.5226480960845947,14.436464309692383,14.436464309692383,False,0.0
shared_e2e_projected,42,42,1,0.02078968659043312,0.5757625102996826,9.753788948059082,16.940646140684404,120,transformer_encoder,0.02078968659043312,0.23350419104099274,0.23350419104099274,0.5757625102996826,19.507577896118164,19.507577896118164,False,0.0
shared_e2e_projected,42,42,1,0.14632655680179596,0.24835403263568878,3.896228313446045,15.68820232994337,121,transformer_encoder,0.14632655680179596,0.2831840515136719,0.2831840515136719,0.24835403263568878,7.79245662689209,7.79245662689209,False,0.0
shared_e2e_projected,42,42,1,0.1399899572134018,0.21922123432159424,3.704591989517212,16.898873874976143,122,transformer_encoder,0.1399899572134018,0.2273787409067154,0.2273787409067154,0.21922123432159424,7.409183979034424,7.409183979034424,False,0.0
shared_e2e_projected,42,42,1,-0.03853617236018181,0.23651662468910217,3.6921942234039307,15.610717547898668,123,transformer_encoder,-0.03853617236018181,-0.06730460375547409,-1.862645149230957e-09,0.23651662468910217,7.384388446807861,7.378904342651367,True,0.0007426738739013672
shared_e2e_projected,42,42,1,0.09371033310890198,0.3650577664375305,3.7602453231811523,10.300411794758006,124,transformer_encoder,0.09371033310890198,0.2572736144065857,0.2572736144065857,0.3650577664375305,7.520490646362305,7.520490646362305,False,0.0
shared_e2e_projected,42,42,1,-0.039666034281253815,0.7328181862831116,7.658202171325684,10.450344048048871,125,transformer_encoder,-0.039666034281253815,-0.4452170729637146,-1.0058283805847168e-07,0.7328181862831116,15.316404342651367,15.304350852966309,True,0.0007869601249694824
shared_e2e_projected,42,42,1,0.008299493230879307,0.2545766234397888,5.706719875335693,22.416511768549785,126,transformer_encoder,0.008299493230879307,0.02411496639251709,0.02411496639251709,0.2545766234397888,11.413439750671387,11.413439750671387,False,0.0
shared_e2e_projected,42,42,1,0.41989195346832275,0.26578205823898315,8.241475105285645,31.00839522386105,127,transformer_encoder,0.41989195346832275,1.8394930362701416,1.8394930362701416,0.26578205823898315,16.48295021057129,16.48295021057129,False,0.0
shared_e2e_projected,42,42,1,0.1477431356906891,0.181355819106102,2.993253707885742,16.504867186723924,128,transformer_encoder,0.1477431356906891,0.16040295362472534,0.16040295362472534,0.181355819106102,5.986507415771484,5.986507415771484,False,0.0
shared_e2e_projected,42,42,1,-0.05087779462337494,0.3307855427265167,5.4441237449646,16.45816712571877,129,transformer_encoder,-0.05087779462337494,-0.18324527144432068,1.1175870895385742e-08,0.3307855427265167,10.8882474899292,10.8741455078125,True,0.0012951493263244629
shared_e2e_projected,42,42,1,0.13467133045196533,0.33784735202789307,3.807617664337158,11.270230894166655,130,transformer_encoder,0.13467133045196533,0.3464806377887726,0.3464806377887726,0.33784735202789307,7.615235328674316,7.615235328674316,False,0.0
shared_e2e_projected,42,42,1,0.0011343136429786682,0.826339840888977,14.77082347869873,17.874998575414526,131,transformer_encoder,0.0011343136429786682,0.027690229937434196,0.027690229937434196,0.826339840888977,29.54164695739746,29.54164695739746,False,0.0
shared_e2e_projected,42,42,1,-0.05035585165023804,0.539311408996582,7.87235164642334,14.597042664219314,132,transformer_encoder,-0.05035585165023804,-0.42758652567863464,1.3550743460655212e-07,0.539311408996582,15.74470329284668,15.724729537963867,True,0.001268625259399414
shared_e2e_projected,42,42,1,0.17627431452274323,0.35087519884109497,7.629227161407471,21.74342098445838,133,transformer_encoder,0.17627431452274323,0.9437397122383118,0.9437397122383118,0.35087519884109497,15.258454322814941,15.258454322814941,False,0.0
shared_e2e_projected,42,42,1,0.06469320505857468,0.3952747881412506,11.960190773010254,30.257914574446133,134,transformer_encoder,0.06469320505857468,0.6116822361946106,0.6116822361946106,0.3952747881412506,23.920381546020508,23.920381546020508,False,0.0
shared_e2e_projected,42,42,1,-0.0795247033238411,0.24208645522594452,2.546184778213501,10.517667235191212,135,transformer_encoder,-0.0795247033238411,-0.09803754836320877,3.3760443329811096e-08,0.24208645522594452,5.092369556427002,5.076241970062256,True,0.0031670331954956055
shared_e2e_projected,42,42,1,-0.33842748403549194,0.32725873589515686,9.038114547729492,27.617641811783482,136,transformer_encoder,-0.33842748403549194,-2.0020029544830322,5.066394805908203e-07,0.32725873589515686,18.076229095458984,17.009597778320312,True,0.05900740623474121
shared_e2e_projected,42,42,1,0.1498906910419464,0.2744743227958679,5.024538040161133,18.30604039379663,137,transformer_encoder,0.1498906910419464,0.41343051195144653,0.41343051195144653,0.2744743227958679,10.049076080322266,10.049076080322266,False,0.0
shared_e2e_projected,42,42,1,0.17202679812908173,0.44575074315071106,6.155832767486572,13.810033661357794,138,transformer_encoder,0.17202679812908173,0.9440717697143555,0.9440717697143555,0.44575074315071106,12.311665534973145,12.311665534973145,False,0.0
shared_e2e_projected,42,42,1,-0.00680584879592061,0.5768080353736877,12.588146209716797,21.8238052137424,139,transformer_encoder,-0.00680584879592061,-0.09883376955986023,-2.1606683731079102e-07,0.5768080353736877,25.176292419433594,25.175708770751953,True,2.3186206817626953e-05
shared_e2e_projected,42,42,1,0.09004248678684235,0.391628623008728,8.497509956359863,21.69787767573486,140,transformer_encoder,0.09004248678684235,0.5992990732192993,0.5992990732192993,0.391628623008728,16.995019912719727,16.995019912719727,False,0.0
shared_e2e_projected,42,42,1,0.02557365968823433,0.8540860414505005,13.135303497314453,15.379367955723374,141,transformer_encoder,0.02557365968823433,0.5738053917884827,0.5738053917884827,0.8540860414505005,26.270606994628906,26.270606994628906,False,0.0
shared_e2e_projected,42,42,1,0.06839148700237274,0.2375258207321167,5.42641544342041,22.845581279099587,142,transformer_encoder,0.06839148700237274,0.17630144953727722,0.17630144953727722,0.2375258207321167,10.85283088684082,10.85283088684082,False,0.0
shared_e2e_projected,42,42,1,0.009943018667399883,0.2819233536720276,6.496405124664307,23.043160632310823,143,transformer_encoder,0.009943018667399883,0.036421045660972595,0.036421045660972595,0.2819233536720276,12.992810249328613,12.992810249328613,False,0.0
shared_e2e_projected,42,42,1,0.05239750072360039,0.3388555645942688,4.414721488952637,13.028328143994436,144,transformer_encoder,0.05239750072360039,0.15676839649677277,0.15676839649677277,0.3388555645942688,8.829442977905273,8.829442977905273,False,0.0
shared_e2e_projected,42,42,1,0.0022197540383785963,0.41772618889808655,5.435051918029785,13.011039437979276,145,transformer_encoder,0.0022197540383785963,0.010079297237098217,0.010079297237098217,0.41772618889808655,10.87010383605957,10.87010383605957,False,0.0
shared_e2e_projected,42,42,1,-0.1300332397222519,0.36224275827407837,12.085358619689941,33.36259550714324,146,transformer_encoder,-0.1300332397222519,-1.1385278701782227,-3.46451997756958e-07,0.36224275827407837,24.170717239379883,23.965499877929688,True,0.008490324020385742
shared_e2e_projected,42,42,1,-0.06044154614210129,0.2940523624420166,7.604525089263916,25.861125638000722,147,transformer_encoder,-0.06044154614210129,-0.2703101336956024,-7.636845111846924e-08,0.2940523624420166,15.209050178527832,15.181244850158691,True,0.0018281936645507812
shared_e2e_projected,42,42,1,0.06802767515182495,0.2194339781999588,2.983558177947998,13.596609797728027,148,transformer_encoder,0.06802767515182495,0.08907462656497955,0.08907462656497955,0.2194339781999588,5.967116355895996,5.967116355895996,False,0.0
shared_e2e_projected,42,42,1,-0.04943183436989784,0.3148694932460785,5.995513916015625,19.0412664440946,149,transformer_encoder,-0.04943183436989784,-0.18663527071475983,5.960464477539063e-08,0.3148694932460785,11.99102783203125,11.976369857788086,True,0.0012224316596984863
shared_e2e_projected,42,42,1,0.0716613382101059,0.5426293015480042,13.57629680633545,25.019468664160243,150,transformer_encoder,0.0716613382101059,1.0558433532714844,1.0558433532714844,0.5426293015480042,27.1525936126709,27.1525936126709,False,0.0
shared_e2e_projected,42,42,1,0.04467665031552315,0.27347254753112793,6.72040319442749,24.574324754343184,151,transformer_encoder,0.04467665031552315,0.16421759128570557,0.16421759128570557,0.27347254753112793,13.44080638885498,13.44080638885498,False,0.0
shared_e2e_projected,42,42,1,-0.0731920599937439,0.20715726912021637,3.733166456222534,18.020929084830346,152,transformer_encoder,-0.0731920599937439,-0.11320653557777405,5.8673322200775146e-08,0.20715726912021637,7.466332912445068,7.446308135986328,True,0.002682030200958252
shared_e2e_projected,42,42,1,-0.07100438326597214,0.29365333914756775,2.5248255729675293,8.59798012274175,153,transformer_encoder,-0.07100438326597214,-0.10528863221406937,2.561137080192566e-08,0.29365333914756775,5.049651145935059,5.036905765533447,True,0.0025240182876586914
shared_e2e_projected,42,42,1,0.32054972648620605,0.24748259782791138,9.135631561279297,36.91423817860445,154,transformer_encoder,0.32054972648620605,1.4494680166244507,1.4494680166244507,0.24748259782791138,18.271263122558594,18.271263122558594,False,0.0
shared_e2e_projected,42,42,1,0.019485481083393097,0.37424421310424805,6.466383457183838,17.27851288212862,155,transformer_encoder,0.019485481083393097,0.0943099856376648,0.0943099856376648,0.37424421310424805,12.932766914367676,12.932766914367676,False,0.0
shared_e2e_projected,42,42,1,-0.07346022129058838,1.1275603771209717,10.135647773742676,8.989006690375446,156,transformer_encoder,-0.07346022129058838,-1.6790883541107178,3.0547380447387695e-07,1.1275603771209717,20.27129554748535,20.216527938842773,True,0.0027017593383789062
shared_e2e_projected,42,42,1,-0.034595243632793427,0.2534456253051758,5.082860946655273,20.055035238958897,157,transformer_encoder,-0.034595243632793427,-0.08913318067789078,-1.83936208486557e-08,0.2534456253051758,10.165721893310547,10.159637451171875,True,0.0005985498428344727
shared_e2e_projected,42,42,1,0.14032207429409027,0.40302231907844543,11.635449409484863,28.87048398731512,158,transformer_encoder,0.14032207429409027,1.3160375356674194,1.3160375356674194,0.40302231907844543,23.270898818969727,23.270898818969727,False,0.0
shared_e2e_projected,42,42,1,0.13846102356910706,0.4809100329875946,13.767742156982422,28.628519291751957,159,transformer_encoder,0.13846102356910706,1.8335133790969849,1.8335133790969849,0.4809100329875946,27.535484313964844,27.535484313964844,False,0.0
shared_e2e_projected,42,42,1,0.27152886986732483,0.29741328954696655,4.214047431945801,14.168995065300644,160,transformer_encoder,0.27152886986732483,0.6806216835975647,0.6806216835975647,0.29741328954696655,8.428094863891602,8.428094863891602,False,0.0
shared_e2e_projected,42,42,1,0.2560073733329773,0.3644848167896271,5.080796718597412,13.939666303109522,161,transformer_encoder,0.2560073733329773,0.948186457157135,0.948186457157135,0.3644848167896271,10.161593437194824,10.161593437194824,False,0.0
shared_e2e_projected,42,42,1,-0.029752464964985847,0.31706702709198,5.622885704040527,17.734060068028924,162,transformer_encoder,-0.029752464964985847,-0.10608727484941483,-2.0489096641540527e-08,0.31706702709198,11.245771408081055,11.240791320800781,True,0.00044286251068115234
shared_e2e_projected,42,42,1,-0.048167429864406586,0.2934069335460663,6.267239570617676,21.36022995391719,163,transformer_encoder,-0.048167429864406586,-0.17714551091194153,6.658956408500671e-08,0.2934069335460663,12.534479141235352,12.519929885864258,True,0.001160740852355957
shared_e2e_projected,42,42,1,0.03718767687678337,0.25981980562210083,4.31373405456543,16.602791477873748,164,transformer_encoder,0.03718767687678337,0.08335942029953003,0.08335942029953003,0.25981980562210083,8.62746810913086,8.62746810913086,False,0.0
shared_e2e_projected,42,42,1,-0.05531281232833862,0.7050408124923706,5.509140491485596,7.81393132691196,165,transformer_encoder,-0.05531281232833862,-0.42968860268592834,3.91155481338501e-08,0.7050408124923706,11.018280982971191,11.001412391662598,True,0.0015309453010559082
shared_e2e_projected,42,42,1,0.05273730680346489,0.39275074005126953,7.830612659454346,19.937868629941068,166,transformer_encoder,0.05273730680346489,0.3243849575519562,0.3243849575519562,0.39275074005126953,15.661225318908691,15.661225318908691,False,0.0
shared_e2e_projected,42,42,1,0.16134630143642426,0.27047789096832275,9.084969520568848,33.58858459020165,167,transformer_encoder,0.16134630143642426,0.7929471731185913,0.7929471731185913,0.27047789096832275,18.169939041137695,18.169939041137695,False,0.0
shared_e2e_projected,42,42,1,0.10782309621572495,0.5804179310798645,9.163453102111816,15.787680930296657,168,transformer_encoder,0.10782309621572495,1.1469428539276123,1.1469428539276123,0.5804179310798645,18.326906204223633,18.326906204223633,False,0.0
shared_e2e_projected,42,42,1,-0.10301908850669861,0.3917066752910614,5.670948505401611,14.477538584676298,169,transformer_encoder,-0.10301908850669861,-0.4576825499534607,1.6391277313232422e-07,0.3917066752910614,11.341897010803223,11.281550407409668,True,0.0053206682205200195
shared_e2e_projected,42,42,1,0.01091639045625925,0.29129937291145325,6.011991024017334,20.638530608319602,170,transformer_encoder,0.01091639045625925,0.03823551535606384,0.03823551535606384,0.29129937291145325,12.023982048034668,12.023982048034668,False,0.0
shared_e2e_projected,42,42,1,0.1531435251235962,0.7547543048858643,13.968786239624023,18.507726486881605,171,transformer_encoder,0.1531435251235962,3.229184627532959,3.229184627532959,0.7547543048858643,27.937572479248047,27.937572479248047,False,0.0
shared_e2e_projected,42,42,1,0.0017439358634874225,0.677482545375824,7.38223123550415,10.896562997662118,172,transformer_encoder,0.0017439358634874225,0.017444007098674774,0.017444007098674774,0.677482545375824,14.7644624710083,14.7644624710083,False,0.0
shared_e2e_projected,42,42,1,-0.054558590054512024,0.27219611406326294,5.497385501861572,20.196414341844307,173,transformer_encoder,-0.054558590054512024,-0.16327933967113495,-3.166496753692627e-08,0.27219611406326294,10.994771003723145,10.978395462036133,True,0.001489400863647461
shared_e2e_projected,42,42,1,-0.09048936516046524,0.2883506715297699,1.6184086799621582,5.612640578834478,174,transformer_encoder,-0.09048936516046524,-0.08445720374584198,9.778887033462524e-09,0.2883506715297699,3.2368173599243164,3.223538398742676,True,0.004102468490600586
shared_e2e_projected,42,42,1,0.10936799645423889,0.3094305992126465,3.839921474456787,12.40963719886643,175,transformer_encoder,0.10936799645423889,0.25989973545074463,0.25989973545074463,0.3094305992126465,7.679842948913574,7.679842948913574,False,0.0
shared_e2e_projected,42,42,1,-0.0588858425617218,0.2545352876186371,2.7135045528411865,10.660622258815259,176,transformer_encoder,-0.0588858425617218,-0.08134286105632782,-1.816079020500183e-08,0.2545352876186371,5.427009105682373,5.4175920486450195,True,0.0017352104187011719
shared_e2e_projected,42,42,1,0.0002488523896317929,0.4269844591617584,6.668044090270996,15.616596686824332,177,transformer_encoder,0.0002488523896317929,0.0014170408248901367,0.0014170408248901367,0.4269844591617584,13.336088180541992,13.336088180541992,False,0.0
shared_e2e_projected,42,42,1,0.04191058874130249,0.5493606328964233,5.764625072479248,10.49333484652169,178,transformer_encoder,0.04191058874130249,0.26544979214668274,0.26544979214668274,0.5493606328964233,11.529250144958496,11.529250144958496,False,0.0
shared_e2e_projected,42,42,1,0.1240210235118866,0.25553032755851746,5.662656784057617,22.16040983534859,179,transformer_encoder,0.1240210235118866,0.35891202092170715,0.35891202092170715,0.25553032755851746,11.325313568115234,11.325313568115234,False,0.0
shared_e2e_projected,42,42,1,0.12121248245239258,0.45216917991638184,8.346260070800781,18.45826836836652,180,transformer_encoder,0.12121248245239258,0.9148927927017212,0.9148927927017212,0.45216917991638184,16.692520141601562,16.692520141601562,False,0.0
shared_e2e_projected,42,42,1,0.061135321855545044,0.36904680728912354,4.6939568519592285,12.719136866239914,181,transformer_encoder,0.061135321855545044,0.2118081897497177,0.2118081897497177,0.36904680728912354,9.387913703918457,9.387913703918457,False,0.0
shared_e2e_projected,42,42,1,-0.04118619114160538,0.24594330787658691,4.058716297149658,16.50264986753086,182,transformer_encoder,-0.04118619114160538,-0.08222527801990509,1.3969838619232178e-08,0.24594330787658691,8.117432594299316,8.11054515838623,True,0.0008484721183776855
shared_e2e_projected,42,42,1,0.14809706807136536,0.34531357884407043,4.191688537597656,12.138788609556684,183,transformer_encoder,0.14809706807136536,0.42872530221939087,0.42872530221939087,0.34531357884407043,8.383377075195312,8.383377075195312,False,0.0
shared_e2e_projected,42,42,1,0.1374441236257553,0.3549712896347046,2.96474027633667,8.352056526564832,184,transformer_encoder,0.1374441236257553,0.28929176926612854,0.28929176926612854,0.3549712896347046,5.92948055267334,5.92948055267334,False,0.0
shared_e2e_projected,42,42,1,-0.03316449373960495,0.29714903235435486,4.865370750427246,16.37350359810432,185,transformer_encoder,-0.03316449373960495,-0.09589448571205139,1.7229467630386353e-08,0.29714903235435486,9.730741500854492,9.72538948059082,True,0.0005500316619873047
shared_e2e_projected,42,42,1,0.19756926596164703,0.39655646681785583,5.953418731689453,15.012789425582474,186,transformer_encoder,0.19756926596164703,0.9328694343566895,0.9328694343566895,0.39655646681785583,11.906837463378906,11.906837463378906,False,0.0
shared_e2e_projected,42,42,1,-0.023076757788658142,1.1034151315689087,11.528596878051758,10.44810475062059,187,transformer_encoder,-0.023076757788658142,-0.5871109366416931,-1.1175870895385742e-07,1.1034151315689087,23.057193756103516,23.051055908203125,True,0.00026619434356689453
shared_e2e_projected,42,42,1,0.006109124049544334,0.2962590157985687,5.512712478637695,18.607745873245854,188,transformer_encoder,0.006109124049544334,0.019954729825258255,0.019954729825258255,0.2962590157985687,11.02542495727539,11.02542495727539,False,0.0
shared_e2e_projected,42,42,1,0.055058494210243225,0.2917691171169281,5.331889629364014,18.274345420962526,189,transformer_encoder,0.055058494210243225,0.17130687832832336,0.17130687832832336,0.2917691171169281,10.663779258728027,10.663779258728027,False,0.0
shared_e2e_projected,42,42,1,0.04129936173558235,0.7619534134864807,6.834959983825684,8.970312177684018,190,transformer_encoder,0.04129936173558235,0.43016761541366577,0.43016761541366577,0.7619534134864807,13.669919967651367,13.669919967651367,False,0.0
shared_e2e_projected,42,42,1,0.01024962030351162,0.34101179242134094,4.508477687835693,13.220884989998215,191,transformer_encoder,0.01024962030351162,0.031516436487436295,0.031516436487436295,0.34101179242134094,9.016955375671387,9.016955375671387,False,0.0
shared_e2e_projected,42,42,1,0.11966355890035629,0.3165549635887146,6.899031162261963,21.794101991164982,192,transformer_encoder,0.11966355890035629,0.5226718783378601,0.5226718783378601,0.3165549635887146,13.798062324523926,13.798062324523926,False,0.0
shared_e2e_projected,42,42,1,-0.014289270155131817,0.2570384442806244,4.025507926940918,15.661112244151415,193,transformer_encoder,-0.014289270155131817,-0.029570508748292923,9.313225746154785e-09,0.2570384442806244,8.051015853881836,8.050193786621094,True,0.00010210275650024414
shared_e2e_projected,42,42,1,0.014508352614939213,0.3613017797470093,3.603731155395508,9.974296716498081,194,transformer_encoder,0.014508352614939213,0.037780750542879105,0.037780750542879105,0.3613017797470093,7.207462310791016,7.207462310791016,False,0.0
shared_e2e_projected,42,42,1,0.14373433589935303,1.1260489225387573,10.296028137207031,9.1434998347975,195,transformer_encoder,0.14373433589935303,3.3328633308410645,3.3328633308410645,1.1260489225387573,20.592056274414062,20.592056274414062,False,0.0
shared_e2e_projected,42,42,1,-0.043829839676618576,0.24244122207164764,5.3299479484558105,21.984495470331662,196,transformer_encoder,-0.043829839676618576,-0.11327376216650009,3.725290298461914e-09,0.24244122207164764,10.659895896911621,10.649651527404785,True,0.000961005687713623
shared_e2e_projected,42,42,1,0.013149861246347427,0.5346795916557312,6.149830341339111,11.50189840292026,197,transformer_encoder,0.013149861246347427,0.08647844940423965,0.08647844940423965,0.5346795916557312,12.299660682678223,12.299660682678223,False,0.0
shared_e2e_projected,42,42,1,0.06017162278294563,0.3774709403514862,4.471582412719727,11.846163332615655,198,transformer_encoder,0.06017162278294563,0.203126460313797,0.203126460313797,0.3774709403514862,8.943164825439453,8.943164825439453,False,0.0
shared_e2e_projected,42,42,1,0.2684208154678345,0.37014809250831604,7.664283752441406,20.705992837905047,199,transformer_encoder,0.2684208154678345,1.5229767560958862,1.5229767560958862,0.37014809250831604,15.328567504882812,15.328567504882812,False,0.0
shared_e2e_projected,42,42,2,-0.03405262902379036,0.30860158801078796,4.301374912261963,13.938278607016104,0,transformer_encoder,-0.03405262902379036,-0.09040368348360062,-1.3154931366443634e-08,0.30860158801078796,8.602749824523926,8.597761154174805,True,0.0005798935890197754
shared_e2e_projected,42,42,2,0.11275766789913177,0.3787861168384552,5.207888603210449,13.748889866075823,1,transformer_encoder,0.11275766789913177,0.44486868381500244,0.44486868381500244,0.3787861168384552,10.415777206420898,10.415777206420898,False,0.0
shared_e2e_projected,42,42,2,0.14120882749557495,0.26925233006477356,3.837271213531494,14.251580339558691,2,transformer_encoder,0.14120882749557495,0.29179227352142334,0.29179227352142334,0.26925233006477356,7.674542427062988,7.674542427062988,False,0.0
shared_e2e_projected,42,42,2,0.33217930793762207,0.41826993227005005,6.968818187713623,16.661054620618305,3,transformer_encoder,0.33217930793762207,1.9365037679672241,1.9365037679672241,0.41826993227005005,13.937636375427246,13.937636375427246,False,0.0
shared_e2e_projected,42,42,2,0.021712176501750946,0.3323071599006653,6.945590496063232,20.901115998040606,4,transformer_encoder,0.021712176501750946,0.10022642463445663,0.10022642463445663,0.3323071599006653,13.891180992126465,13.891180992126465,False,0.0
shared_e2e_projected,42,42,2,0.12285150587558746,0.4111505448818207,16.25597381591797,39.537765468827274,5,transformer_encoder,0.12285150587558746,1.6421935558319092,1.6421935558319092,0.4111505448818207,32.51194763183594,32.51194763183594,False,0.0
shared_e2e_projected,42,42,2,0.10466030240058899,0.32846763730049133,6.975184917449951,21.23553167908855,6,transformer_encoder,0.10466030240058899,0.4795791506767273,0.4795791506767273,0.32846763730049133,13.950369834899902,13.950369834899902,False,0.0
shared_e2e_projected,42,42,2,-0.12306761741638184,0.44226107001304626,2.428931951522827,5.492077228165654,7,transformer_encoder,-0.12306761741638184,-0.26440390944480896,-5.774199962615967e-08,0.44226107001304626,4.857863903045654,4.8209357261657715,True,0.007601737976074219
shared_e2e_projected,42,42,2,0.06000203639268875,0.3118192255496979,10.453329086303711,33.52368369165119,8,transformer_encoder,0.06000203639268875,0.39115914702415466,0.39115914702415466,0.3118192255496979,20.906658172607422,20.906658172607422,False,0.0
shared_e2e_projected,42,42,2,0.01933452859520912,0.3374621868133545,9.64610767364502,28.58426232797497,9,transformer_encoder,0.01933452859520912,0.12587538361549377,0.12587538361549377,0.3374621868133545,19.29221534729004,19.29221534729004,False,0.0
shared_e2e_projected,42,42,2,0.10318104177713394,0.44796833395957947,38.40060043334961,85.72168504395788,10,transformer_encoder,0.10318104177713394,3.5498929023742676,3.5498929023742676,0.44796833395957947,76.80120086669922,76.80120086669922,False,0.0
shared_e2e_projected,42,42,2,0.05066441744565964,0.3850241005420685,3.936645269393921,10.224412611708173,11,transformer_encoder,0.05066441744565964,0.15358445048332214,0.15358445048332214,0.3850241005420685,7.873290538787842,7.873290538787842,False,0.0
shared_e2e_projected,42,42,2,0.06299034506082535,0.4264783263206482,6.970938205718994,16.34535162867312,12,transformer_encoder,0.06299034506082535,0.3745347857475281,0.3745347857475281,0.4264783263206482,13.941876411437988,13.941876411437988,False,0.0
shared_e2e_projected,42,42,2,0.051137302070856094,0.49096518754959106,7.7181525230407715,15.720366166004757,13,transformer_encoder,0.051137302070856094,0.38755369186401367,0.38755369186401367,0.49096518754959106,15.436305046081543,15.436305046081543,False,0.0
shared_e2e_projected,42,42,2,-0.003920914605259895,0.7769261002540588,10.22255802154541,13.157696746450636,14,transformer_encoder,-0.003920914605259895,-0.062281154096126556,-2.8312206268310547e-07,0.7769261002540588,20.44511604309082,20.444961547851562,True,7.569789886474609e-06
shared_e2e_projected,42,42,2,-0.12140441685914993,1.026962161064148,10.858511924743652,10.573429417781039,15,transformer_encoder,-0.12140441685914993,-2.707629442214966,2.3096799850463867e-07,1.026962161064148,21.717023849487305,21.556386947631836,True,0.007396817207336426
shared_e2e_projected,42,42,2,-0.03276056796312332,0.4293155372142792,6.939574241638184,16.1642746187742,16,transformer_encoder,-0.03276056796312332,-0.1952049732208252,-6.612390279769897e-08,0.4293155372142792,13.879148483276367,13.871698379516602,True,0.000536799430847168
shared_e2e_projected,42,42,2,0.004916705656796694,0.4416949152946472,14.264853477478027,32.29571585165789,17,transformer_encoder,0.004916705656796694,0.061957500874996185,0.061957500874996185,0.4416949152946472,28.529706954956055,28.529706954956055,False,0.0
shared_e2e_projected,42,42,2,0.09870930761098862,0.33097729086875916,10.027502059936523,30.296646738560323,18,transformer_encoder,0.09870930761098862,0.6552078127861023,0.6552078127861023,0.33097729086875916,20.055004119873047,20.055004119873047,False,0.0
shared_e2e_projected,42,42,2,0.0334775410592556,0.49529004096984863,7.550589084625244,15.244782773827053,19,transformer_encoder,0.0334775410592556,0.2503940463066101,0.2503940463066101,0.49529004096984863,15.101178169250488,15.101178169250488,False,0.0
shared_e2e_projected,42,42,2,-0.08933332562446594,0.44011208415031433,2.327200174331665,5.28774432273221,20,transformer_encoder,-0.08933332562446594,-0.18299555778503418,1.909211277961731e-08,0.44011208415031433,4.65440034866333,4.635790824890137,True,0.003998279571533203
shared_e2e_projected,42,42,2,0.044914111495018005,0.3537164330482483,9.39176082611084,26.55166667031771,21,transformer_encoder,0.044914111495018005,0.29841116070747375,0.29841116070747375,0.3537164330482483,18.78352165222168,18.78352165222168,False,0.0
shared_e2e_projected,42,42,2,0.08240131288766861,0.37476253509521484,6.841962814331055,18.25679509984299,22,transformer_encoder,0.08240131288766861,0.4225722551345825,0.4225722551345825,0.37476253509521484,13.68392562866211,13.68392562866211,False,0.0
shared_e2e_projected,42,42,2,-0.000144800083944574,0.3407948315143585,3.3460352420806885,9.818327429474856,23,transformer_encoder,-0.000144800083944574,-0.00033023441210389137,-6.51925802230835e-09,0.3407948315143585,6.692070484161377,6.692070007324219,True,5.960464477539063e-08
shared_e2e_projected,42,42,2,-0.09447668492794037,0.6964532732963562,6.490020275115967,9.318672944702092,24,transformer_encoder,-0.09447668492794037,-0.854068398475647,2.0908191800117493e-07,0.6964532732963562,12.980040550231934,12.921984672546387,True,0.0044727325439453125
shared_e2e_projected,42,42,2,-0.08012238889932632,0.45241647958755493,4.310579776763916,9.52790177027515,25,transformer_encoder,-0.08012238889932632,-0.31250572204589844,6.798654794692993e-08,0.45241647958755493,8.621159553527832,8.593442916870117,True,0.0032149553298950195
shared_e2e_projected,42,42,2,0.0811753198504448,0.6207207441329956,6.741807460784912,10.861256892907083,26,transformer_encoder,0.0811753198504448,0.6794016361236572,0.6794016361236572,0.6207207441329956,13.483614921569824,13.483614921569824,False,0.0
shared_e2e_projected,42,42,2,-0.011949390172958374,0.43761271238327026,9.323114395141602,21.30448712142582,27,transformer_encoder,-0.011949390172958374,-0.09750495851039886,-5.587935447692871e-09,0.43761271238327026,18.646228790283203,18.6448974609375,True,7.140636444091797e-05
shared_e2e_projected,42,42,2,0.07102716714143753,0.36458972096443176,5.129176139831543,14.068350929542332,28,transformer_encoder,0.07102716714143753,0.2656479775905609,0.2656479775905609,0.36458972096443176,10.258352279663086,10.258352279663086,False,0.0
shared_e2e_projected,42,42,2,-0.13671444356441498,0.825028657913208,7.840017318725586,9.502721200686274,29,transformer_encoder,-0.13671444356441498,-1.7686033248901367,1.4901161193847656e-08,0.825028657913208,15.680034637451172,15.532809257507324,True,0.009389340877532959
shared_e2e_projected,42,42,2,0.12955257296562195,0.40350377559661865,4.83863639831543,11.9915517299957,30,transformer_encoder,0.12955257296562195,0.5058789849281311,0.5058789849281311,0.40350377559661865,9.67727279663086,9.67727279663086,False,0.0
shared_e2e_projected,42,42,2,0.04194222763180733,0.48402148485183716,3.673490047454834,7.589518569778609,31,transformer_encoder,0.04194222763180733,0.14915059506893158,0.14915059506893158,0.48402148485183716,7.346980094909668,7.346980094909668,False,0.0
shared_e2e_projected,42,42,2,0.04567356035113335,0.7976595759391785,4.738368034362793,5.9403386824307285,32,transformer_encoder,0.04567356035113335,0.3452560007572174,0.3452560007572174,0.7976595759391785,9.476736068725586,9.476736068725586,False,0.0
shared_e2e_projected,42,42,2,0.11273029446601868,0.41018807888031006,10.89549446105957,26.562191887197184,33,transformer_encoder,0.11273029446601868,1.0076289176940918,1.0076289176940918,0.41018807888031006,21.79098892211914,21.79098892211914,False,0.0
shared_e2e_projected,42,42,2,0.1584056317806244,0.3176512122154236,5.275516986846924,16.607891876292264,34,transformer_encoder,0.1584056317806244,0.5309041738510132,0.5309041738510132,0.3176512122154236,10.551033973693848,10.551033973693848,False,0.0
shared_e2e_projected,42,42,2,-0.11310867965221405,0.3819993734359741,4.823911190032959,12.628060477281075,35,transformer_encoder,-0.11310867965221405,-0.4168577492237091,3.166496753692627e-08,0.3819993734359741,9.647822380065918,9.585908889770508,True,0.006417334079742432
shared_e2e_projected,42,42,2,-0.06703415513038635,1.6598292589187622,11.06008529663086,6.663387355778729,36,transformer_encoder,-0.06703415513038635,-2.4612064361572266,-1.4901161193847656e-08,1.6598292589187622,22.12017059326172,22.070419311523438,True,0.00224912166595459
shared_e2e_projected,42,42,2,-0.15428967773914337,0.4027511477470398,5.005629539489746,12.428591619144646,37,transformer_encoder,-0.15428967773914337,-0.6221031546592712,1.0989606380462646e-07,0.4027511477470398,10.011259078979492,9.89138126373291,True,0.0119742751121521
shared_e2e_projected,42,42,2,0.01758454367518425,0.8682562708854675,8.728341102600098,10.052724518417513,38,transformer_encoder,0.01758454367518425,0.2665266990661621,0.2665266990661621,0.8682562708854675,17.456682205200195,17.456682205200195,False,0.0
shared_e2e_projected,42,42,2,-0.05202193930745125,0.8573211431503296,3.904118299484253,4.553857478818382,39,transformer_encoder,-0.05202193930745125,-0.34824350476264954,-1.7695128917694092e-08,0.8573211431503296,7.808236598968506,7.797664642333984,True,0.0013539791107177734
shared_e2e_projected,42,42,2,0.23360860347747803,0.6768356561660767,7.584286689758301,11.205507009957714,40,transformer_encoder,0.23360860347747803,2.3983733654022217,2.3983733654022217,0.6768356561660767,15.168573379516602,15.168573379516602,False,0.0
shared_e2e_projected,42,42,2,0.10839744657278061,1.180010437965393,3.6832709312438965,3.1213884324571697,41,transformer_encoder,0.10839744657278061,0.9422552585601807,0.9422552585601807,1.180010437965393,7.366541862487793,7.366541862487793,False,0.0
shared_e2e_projected,42,42,2,0.07620224356651306,0.3851471245288849,4.166287899017334,10.817393234114292,42,transformer_encoder,0.07620224356651306,0.24455340206623077,0.24455340206623077,0.3851471245288849,8.332575798034668,8.332575798034668,False,0.0
shared_e2e_projected,42,42,2,-0.07427624613046646,0.7608301639556885,7.153586387634277,9.402343290967247,43,transformer_encoder,-0.07427624613046646,-0.8085213303565979,2.086162567138672e-07,0.7608301639556885,14.307172775268555,14.267650604248047,True,0.0027623772621154785
shared_e2e_projected,42,42,2,-0.02161954529583454,0.4575692117214203,6.545196533203125,14.304276523718572,44,transformer_encoder,-0.02161954529583454,-0.12949590384960175,8.195638656616211e-08,0.4575692117214203,13.09039306640625,13.087334632873535,True,0.00023365020751953125
shared_e2e_projected,42,42,2,0.069012351334095,0.8261752724647522,4.918601989746094,5.95346066830624,45,transformer_encoder,0.069012351334095,0.5608809590339661,0.5608809590339661,0.8261752724647522,9.837203979492188,9.837203979492188,False,0.0
shared_e2e_projected,42,42,2,0.16925521194934845,0.23993803560733795,6.8423027992248535,28.51695764660831,46,transformer_encoder,0.16925521194934845,0.5557422637939453,0.5557422637939453,0.23993803560733795,13.684605598449707,13.684605598449707,False,0.0
shared_e2e_projected,42,42,2,-0.015792973339557648,0.5220625996589661,9.406838417053223,18.01860241127822,47,transformer_encoder,-0.015792973339557648,-0.15511727333068848,3.91155481338501e-08,0.5220625996589661,18.813676834106445,18.81133270263672,True,0.0001245737075805664
shared_e2e_projected,42,42,2,0.025308143347501755,0.4249488115310669,6.5445475578308105,15.400790354610406,48,transformer_encoder,0.025308143347501755,0.1407688409090042,0.1407688409090042,0.4249488115310669,13.089095115661621,13.089095115661621,False,0.0
shared_e2e_projected,42,42,2,-0.008978919126093388,0.30240026116371155,6.387508392333984,21.122694695279893,49,transformer_encoder,-0.008978919126093388,-0.03468707576394081,5.005858838558197e-09,0.30240026116371155,12.775016784667969,12.774499893188477,True,4.0471553802490234e-05
shared_e2e_projected,42,42,2,0.052742186933755875,0.36888307332992554,5.147128105163574,13.95327809080584,50,transformer_encoder,0.052742186933755875,0.20028196275234222,0.20028196275234222,0.36888307332992554,10.294256210327148,10.294256210327148,False,0.0
shared_e2e_projected,42,42,2,0.09954796731472015,0.36734968423843384,7.805927753448486,21.249311183242863,51,transformer_encoder,0.09954796731472015,0.5709086060523987,0.5709086060523987,0.36734968423843384,15.611855506896973,15.611855506896973,False,0.0
shared_e2e_projected,42,42,2,0.07769270241260529,0.6034145355224609,8.358392715454102,13.851825276660039,52,transformer_encoder,0.07769270241260529,0.7836980819702148,0.7836980819702148,0.6034145355224609,16.716785430908203,16.716785430908203,False,0.0
shared_e2e_projected,42,42,2,0.004330154974013567,0.2779233455657959,7.384536266326904,26.5704064956957,53,transformer_encoder,0.004330154974013567,0.017773857340216637,0.017773857340216637,0.2779233455657959,14.769072532653809,14.769072532653809,False,0.0
shared_e2e_projected,42,42,2,0.12602795660495758,0.7563768029212952,3.8902218341827393,5.143232604646043,54,transformer_encoder,0.12602795660495758,0.7416678667068481,0.7416678667068481,0.7563768029212952,7.7804436683654785,7.7804436683654785,False,0.0
shared_e2e_projected,42,42,2,-0.10332506895065308,0.25502869486808777,7.5530524253845215,29.616480723046863,55,transformer_encoder,-0.10332506895065308,-0.39805880188941956,4.470348358154297e-08,0.25502869486808777,15.106104850769043,15.025251388549805,True,0.005352377891540527
shared_e2e_projected,42,42,2,0.02384280413389206,1.0206292867660522,9.232290267944336,9.04568425348405,56,transformer_encoder,0.02384280413389206,0.44932934641838074,0.44932934641838074,1.0206292867660522,18.464580535888672,18.464580535888672,False,0.0
shared_e2e_projected,42,42,2,0.12690500915050507,0.5072499513626099,4.620110511779785,9.108153681176164,57,transformer_encoder,0.12690500915050507,0.5948166847229004,0.5948166847229004,0.5072499513626099,9.24022102355957,9.24022102355957,False,0.0
shared_e2e_projected,42,42,2,0.17296843230724335,0.7408857345581055,4.90897274017334,6.625816251005632,58,transformer_encoder,0.17296843230724335,1.2581682205200195,1.2581682205200195,0.7408857345581055,9.81794548034668,9.81794548034668,False,0.0
shared_e2e_projected,42,42,2,0.14556699991226196,0.41538169980049133,2.3197903633117676,5.584719703410062,59,transformer_encoder,0.14556699991226196,0.2805362939834595,0.2805362939834595,0.41538169980049133,4.639580726623535,4.639580726623535,False,0.0
shared_e2e_projected,42,42,2,0.2267942726612091,1.208738923072815,4.575876235961914,3.7856613604609315,60,transformer_encoder,0.2267942726612091,2.5088162422180176,2.5088162422180176,1.208738923072815,9.151752471923828,9.151752471923828,False,0.0
shared_e2e_projected,42,42,2,0.14926692843437195,0.43820032477378845,6.088883876800537,13.895206216343617,61,transformer_encoder,0.14926692843437195,0.7965334057807922,0.7965334057807922,0.43820032477378845,12.177767753601074,12.177767753601074,False,0.0
shared_e2e_projected,42,42,2,0.1988869309425354,0.4139622151851654,3.546412467956543,8.566995580430527,62,transformer_encoder,0.1988869309425354,0.5839641690254211,0.5839641690254211,0.4139622151851654,7.092824935913086,7.092824935913086,False,0.0
shared_e2e_projected,42,42,2,0.10593679547309875,0.4956918954849243,4.7323527336120605,9.546964105560987,63,transformer_encoder,0.10593679547309875,0.497010737657547,0.497010737657547,0.4956918954849243,9.464705467224121,9.464705467224121,False,0.0
shared_e2e_projected,42,42,2,0.15543724596500397,0.5372713804244995,8.907609939575195,16.579349401669727,64,transformer_encoder,0.15543724596500397,1.4877843856811523,1.4877843856811523,0.5372713804244995,17.81521987915039,17.81521987915039,False,0.0
shared_e2e_projected,42,42,2,0.09549635648727417,0.5166069269180298,15.755481719970703,30.498007090157795,65,transformer_encoder,0.09549635648727417,1.554564356803894,1.554564356803894,0.5166069269180298,31.510963439941406,31.510963439941406,False,0.0
shared_e2e_projected,42,42,2,-0.03645670786499977,0.6877211332321167,4.9438910484313965,7.188801986055524,66,transformer_encoder,-0.03645670786499977,-0.24790695309638977,-7.450580596923828e-09,0.6877211332321167,9.887782096862793,9.881209373474121,True,0.0006647109985351562
shared_e2e_projected,42,42,2,0.23197577893733978,1.1623201370239258,11.900402069091797,10.238489113302554,67,transformer_encoder,0.23197577893733978,6.417413711547852,6.417413711547852,1.1623201370239258,23.800804138183594,23.800804138183594,False,0.0
shared_e2e_projected,42,42,2,0.15523795783519745,0.5462843179702759,8.1543607711792,14.92695379116281,68,transformer_encoder,0.15523795783519745,1.3830457925796509,1.3830457925796509,0.5462843179702759,16.3087215423584,16.3087215423584,False,0.0
shared_e2e_projected,42,42,2,0.40017813444137573,0.4878396689891815,8.61573314666748,17.660993343406325,69,transformer_encoder,0.40017813444137573,3.3639745712280273,3.3639745712280273,0.4878396689891815,17.23146629333496,17.23146629333496,False,0.0
shared_e2e_projected,42,42,2,0.007534146308898926,0.3834622800350189,6.285275459289551,16.390857162575575,70,transformer_encoder,0.007534146308898926,0.03631708770990372,0.03631708770990372,0.3834622800350189,12.570550918579102,12.570550918579102,False,0.0
shared_e2e_projected,42,42,2,0.11076429486274719,0.6264744997024536,5.468710899353027,8.729343176698192,71,transformer_encoder,0.11076429486274719,0.7589586973190308,0.7589586973190308,0.6264744997024536,10.937421798706055,10.937421798706055,False,0.0
shared_e2e_projected,42,42,2,-0.06228412315249443,0.3917728066444397,4.3338494300842285,11.062149686201906,72,transformer_encoder,-0.06228412315249443,-0.21150247752666473,5.587935447692871e-08,0.3917728066444397,8.667698860168457,8.650869369506836,True,0.0019416213035583496
shared_e2e_projected,42,42,2,0.12469038367271423,0.29269939661026,7.648584365844727,26.13119280197594,73,transformer_encoder,0.12469038367271423,0.5582976937294006,0.5582976937294006,0.29269939661026,15.297168731689453,15.297168731689453,False,0.0
shared_e2e_projected,42,42,2,0.004059074446558952,0.3888360261917114,8.365273475646973,21.51362762750426,74,transformer_encoder,0.004059074446558952,0.0264060627669096,0.0264060627669096,0.3888360261917114,16.730546951293945,16.730546951293945,False,0.0
shared_e2e_projected,42,42,2,0.0006495767156593502,0.37228381633758545,5.033792972564697,13.521385436749886,75,transformer_encoder,0.0006495767156593502,0.0024346131831407547,0.0024346131831407547,0.37228381633758545,10.067585945129395,10.067585945129395,False,0.0
shared_e2e_projected,42,42,2,0.030880961567163467,0.6156464219093323,4.476625919342041,7.271423596450829,76,transformer_encoder,0.030880961567163467,0.17021700739860535,0.17021700739860535,0.6156464219093323,8.953251838684082,8.953251838684082,False,0.0
shared_e2e_projected,42,42,2,0.09142925590276718,0.38983434438705444,5.744616508483887,14.73604517199807,77,transformer_encoder,0.09142925590276718,0.4095022678375244,0.4095022678375244,0.38983434438705444,11.489233016967773,11.489233016967773,False,0.0
shared_e2e_projected,42,42,2,0.00020402378868311644,0.6522937417030334,8.92329216003418,13.67986781037774,78,transformer_encoder,0.00020402378868311644,0.0023750849068164825,0.0023750849068164825,0.6522937417030334,17.84658432006836,17.84658432006836,False,0.0
shared_e2e_projected,42,42,2,-0.0031464938074350357,0.4479461908340454,7.105464935302734,15.862318020994532,79,transformer_encoder,-0.0031464938074350357,-0.020029734820127487,-8.614733815193176e-09,0.4479461908340454,14.210929870605469,14.210860252380371,True,4.887580871582031e-06
shared_e2e_projected,42,42,2,-0.0700632631778717,0.512837827205658,3.681966781616211,7.179592819192861,80,transformer_encoder,-0.0700632631778717,-0.264594167470932,9.289942681789398e-08,0.512837827205658,7.363933563232422,7.345837116241455,True,0.00245743989944458
shared_e2e_projected,42,42,2,0.03112565353512764,0.45715010166168213,4.942066669464111,10.810599519720833,81,transformer_encoder,0.03112565353512764,0.14064228534698486,0.14064228534698486,0.45715010166168213,9.884133338928223,9.884133338928223,False,0.0
shared_e2e_projected,42,42,2,-0.01240572240203619,0.6858583688735962,12.019471168518066,17.524713139037686,82,transformer_encoder,-0.01240572240203619,-0.20453698933124542,2.8870999813079834e-08,0.6858583688735962,24.038942337036133,24.037094116210938,True,7.68899917602539e-05
shared_e2e_projected,42,42,2,-0.1000090092420578,0.40649130940437317,6.9095354080200195,16.997990481381947,83,transformer_encoder,-0.1000090092420578,-0.5617837905883789,-4.6566128730773926e-09,0.40649130940437317,13.819070816040039,13.749789237976074,True,0.005013465881347656
shared_e2e_projected,42,42,2,0.08757729083299637,0.6283042430877686,5.593175888061523,8.902018328849971,84,transformer_encoder,0.08757729083299637,0.6155310869216919,0.6155310869216919,0.6283042430877686,11.186351776123047,11.186351776123047,False,0.0
shared_e2e_projected,42,42,2,-0.010046574287116528,0.38477399945259094,5.0269904136657715,13.064787175894303,85,transformer_encoder,-0.010046574287116528,-0.03886527940630913,3.0850060284137726e-09,0.38477399945259094,10.053980827331543,10.053473472595215,True,5.048513412475586e-05
shared_e2e_projected,42,42,2,0.20933710038661957,0.32673215866088867,3.6126155853271484,11.056810569652674,86,transformer_encoder,0.20933710038661957,0.49418529868125916,0.49418529868125916,0.32673215866088867,7.225231170654297,7.225231170654297,False,0.0
shared_e2e_projected,42,42,2,0.23029352724552155,0.7695278525352478,5.78120231628418,7.512661558951662,87,transformer_encoder,0.23029352724552155,2.049057960510254,2.049057960510254,0.7695278525352478,11.56240463256836,11.56240463256836,False,0.0
shared_e2e_projected,42,42,2,0.11848272383213043,0.4413372576236725,3.2632696628570557,7.394049803154485,88,transformer_encoder,0.11848272383213043,0.34127822518348694,0.34127822518348694,0.4413372576236725,6.526539325714111,6.526539325714111,False,0.0
shared_e2e_projected,42,42,2,0.3049049973487854,0.4225059747695923,2.4212284088134766,5.730637087756829,89,transformer_encoder,0.3049049973487854,0.6238255500793457,0.6238255500793457,0.4225059747695923,4.842456817626953,4.842456817626953,False,0.0
shared_e2e_projected,42,42,2,0.15406173467636108,0.6420040130615234,8.972124099731445,13.975183826260045,90,transformer_encoder,0.15406173467636108,1.774834156036377,1.774834156036377,0.6420040130615234,17.94424819946289,17.94424819946289,False,0.0
shared_e2e_projected,42,42,2,-0.1029941514134407,0.5552846193313599,3.776866912841797,6.801677520601365,91,transformer_encoder,-0.1029941514134407,-0.4320061206817627,-8.824281394481659e-08,0.5552846193313599,7.553733825683594,7.513563632965088,True,0.0053179264068603516
shared_e2e_projected,42,42,2,0.18139894306659698,0.491193026304245,6.0988450050354,12.416391679913174,92,transformer_encoder,0.18139894306659698,1.0868372917175293,1.0868372917175293,0.491193026304245,12.1976900100708,12.1976900100708,False,0.0
shared_e2e_projected,42,42,2,-0.08320078253746033,0.511629581451416,4.322890758514404,8.449258829505156,93,transformer_encoder,-0.08320078253746033,-0.3680334687232971,-2.0954757928848267e-08,0.511629581451416,8.645781517028809,8.615805625915527,True,0.003467082977294922
shared_e2e_projected,42,42,2,0.10425803065299988,0.38566234707832336,6.402204513549805,16.60054335625768,94,transformer_encoder,0.10425803065299988,0.5148447751998901,0.5148447751998901,0.38566234707832336,12.80440902709961,12.80440902709961,False,0.0
shared_e2e_projected,42,42,2,-0.11300993710756302,0.5317871570587158,4.5467729568481445,8.549986393045074,95,transformer_encoder,-0.11300993710756302,-0.5464969873428345,-1.0710209608078003e-07,0.5317871570587158,9.093545913696289,9.03528881072998,True,0.006406426429748535
shared_e2e_projected,42,42,2,-0.15019741654396057,0.402088463306427,14.677653312683105,36.50354250899617,96,transformer_encoder,-0.15019741654396057,-1.7728447914123535,1.1175870895385742e-08,0.402088463306427,29.35530662536621,29.022300720214844,True,0.011343955993652344
shared_e2e_projected,42,42,2,-0.004615352023392916,0.9751174449920654,5.713709354400635,5.859508907101059,97,transformer_encoder,-0.004615352023392916,-0.05142921581864357,-5.8673322200775146e-08,0.9751174449920654,11.42741870880127,11.427297592163086,True,1.0609626770019531e-05
shared_e2e_projected,42,42,2,0.15181581676006317,0.3189604580402374,11.114371299743652,34.845608662693714,98,transformer_encoder,0.15181581676006317,1.0763877630233765,1.0763877630233765,0.3189604580402374,22.228742599487305,22.228742599487305,False,0.0
shared_e2e_projected,42,42,2,0.0028291104827076197,0.8172492384910583,9.550869941711426,11.686606107270082,99,transformer_encoder,0.0028291104827076197,0.04416491091251373,0.04416491091251373,0.8172492384910583,19.10173988342285,19.10173988342285,False,0.0
shared_e2e_projected,42,42,2,0.05202480033040047,0.7886722087860107,6.269920825958252,7.949970540497973,100,transformer_encoder,0.05202480033040047,0.5145161747932434,0.5145161747932434,0.7886722087860107,12.539841651916504,12.539841651916504,False,0.0
shared_e2e_projected,42,42,2,-0.363724023103714,1.3153349161148071,4.929215431213379,3.747498352566457,101,transformer_encoder,-0.363724023103714,-4.71645975112915,-4.917383193969727e-07,1.3153349161148071,9.858430862426758,9.183195114135742,True,0.06849324703216553
shared_e2e_projected,42,42,2,0.10329073667526245,0.5317220687866211,3.5273921489715576,6.633902100435655,102,transformer_encoder,0.10329073667526245,0.3874626159667969,0.3874626159667969,0.5317220687866211,7.054784297943115,7.054784297943115,False,0.0
shared_e2e_projected,42,42,2,0.06842561811208725,0.3958544433116913,8.306461334228516,20.98362535667713,103,transformer_encoder,0.06842561811208725,0.4499873220920563,0.4499873220920563,0.3958544433116913,16.61292266845703,16.61292266845703,False,0.0
shared_e2e_projected,42,42,2,-0.07651828974485397,0.8298834562301636,8.03601360321045,9.68330377341768,104,transformer_encoder,-0.07651828974485397,-1.0205940008163452,3.520399332046509e-07,0.8298834562301636,16.0720272064209,16.024906158447266,True,0.0029318928718566895
shared_e2e_projected,42,42,2,0.04084175080060959,0.6093423366546631,5.662877559661865,9.293425417888251,105,transformer_encoder,0.04084175080060959,0.2818596363067627,0.2818596363067627,0.6093423366546631,11.32575511932373,11.32575511932373,False,0.0
shared_e2e_projected,42,42,2,0.14944006502628326,1.0075560808181763,6.753747940063477,6.703098783919958,106,transformer_encoder,0.14944006502628326,2.0338134765625,2.0338134765625,1.0075560808181763,13.507495880126953,13.507495880126953,False,0.0
shared_e2e_projected,42,42,2,0.22353151440620422,0.5959447026252747,3.5138533115386963,5.896274093987843,107,transformer_encoder,0.22353151440620422,0.9361778497695923,0.9361778497695923,0.5959447026252747,7.027706623077393,7.027706623077393,False,0.0
shared_e2e_projected,42,42,2,-0.042102012783288956,0.8429253697395325,6.4416704177856445,7.6420412162658575,108,transformer_encoder,-0.042102012783288956,-0.45721498131752014,-4.423782229423523e-08,0.8429253697395325,12.883340835571289,12.871918678283691,True,0.0008865594863891602
shared_e2e_projected,42,42,2,0.025751624256372452,0.9037576913833618,4.7164411544799805,5.218700985283598,109,transformer_encoder,0.025751624256372452,0.21953362226486206,0.21953362226486206,0.9037576913833618,9.432882308959961,9.432882308959961,False,0.0
shared_e2e_projected,42,42,2,0.00263714836910367,0.8708691000938416,3.408719539642334,3.9141583267508553,110,transformer_encoder,0.00263714836910367,0.015657005831599236,0.015657005831599236,0.8708691000938416,6.817439079284668,6.817439079284668,False,0.0
shared_e2e_projected,42,42,2,0.027398714795708656,0.514369785785675,8.384713172912598,16.300944193495642,111,transformer_encoder,0.027398714795708656,0.2363327294588089,0.2363327294588089,0.514369785785675,16.769426345825195,16.769426345825195,False,0.0
shared_e2e_projected,42,42,2,-0.0057045998983085155,0.9577950835227966,6.894728183746338,7.1985420497120725,112,transformer_encoder,-0.0057045998983085155,-0.07534335553646088,9.96515154838562e-08,0.9577950835227966,13.789456367492676,13.789230346679688,True,1.6391277313232422e-05
shared_e2e_projected,42,42,2,-0.025454018265008926,2.279282808303833,5.151174545288086,2.259997981172604,113,transformer_encoder,-0.025454018265008926,-0.5977104306221008,1.564621925354004e-07,2.279282808303833,10.302349090576172,10.29901123046875,True,0.00032401084899902344
shared_e2e_projected,42,42,2,0.27412310242652893,0.8888238072395325,6.56551456451416,7.38674471929935,114,transformer_encoder,0.27412310242652893,3.1993374824523926,3.1993374824523926,0.8888238072395325,13.13102912902832,13.13102912902832,False,0.0
shared_e2e_projected,42,42,2,0.127384752035141,0.6836676001548767,6.982374668121338,10.213113311994842,115,transformer_encoder,0.127384752035141,1.2161736488342285,1.2161736488342285,0.6836676001548767,13.964749336242676,13.964749336242676,False,0.0
shared_e2e_projected,42,42,2,-0.11659041792154312,0.48862290382385254,4.096442699432373,8.383648550599117,116,transformer_encoder,-0.11659041792154312,-0.46673843264579773,-9.709037840366364e-08,0.48862290382385254,8.192885398864746,8.13701057434082,True,0.00681990385055542
shared_e2e_projected,42,42,2,-0.0003662342787720263,0.4907859265804291,3.7459616661071777,7.632577592856662,117,transformer_encoder,-0.0003662342787720263,-0.0013466179370880127,-2.0954757928848267e-09,0.4907859265804291,7.4919233322143555,7.4919233322143555,True,0.0
shared_e2e_projected,42,42,2,-0.009706706739962101,0.5540987849235535,3.498706102371216,6.314228071902227,118,transformer_encoder,-0.009706706739962101,-0.037635400891304016,1.30385160446167e-08,0.5540987849235535,6.997412204742432,6.997082710266113,True,4.7087669372558594e-05
shared_e2e_projected,42,42,2,-0.0955517366528511,0.5929434895515442,3.1078779697418213,5.241440414654651,119,transformer_encoder,-0.0955517366528511,-0.35216471552848816,5.145557224750519e-08,0.5929434895515442,6.215755939483643,6.187315464019775,True,0.004575550556182861
shared_e2e_projected,42,42,2,0.13876430690288544,0.5836376547813416,5.622947692871094,9.634312739772964,120,transformer_encoder,0.13876430690288544,0.9107834100723267,0.9107834100723267,0.5836376547813416,11.245895385742188,11.245895385742188,False,0.0
shared_e2e_projected,42,42,2,0.1123669221997261,1.2546749114990234,8.70909595489502,6.9413167307934955,121,transformer_encoder,0.1123669221997261,2.455685615539551,2.455685615539551,1.2546749114990234,17.41819190979004,17.41819190979004,False,0.0
shared_e2e_projected,42,42,2,0.04335816204547882,2.1438915729522705,4.656954288482666,2.1721967413070957,122,transformer_encoder,0.04335816204547882,0.8657762408256531,0.8657762408256531,2.1438915729522705,9.313908576965332,9.313908576965332,False,0.0
shared_e2e_projected,42,42,2,0.14277398586273193,0.7749226093292236,5.264402389526367,6.7934556640220585,123,transformer_encoder,0.14277398586273193,1.1648942232131958,1.1648942232131958,0.7749226093292236,10.528804779052734,10.528804779052734,False,0.0
shared_e2e_projected,42,42,2,-0.015116970986127853,1.0932841300964355,5.304492473602295,4.851888294705605,124,transformer_encoder,-0.015116970986127853,-0.17533622682094574,3.771856427192688e-08,1.0932841300964355,10.60898494720459,10.607771873474121,True,0.00011432170867919922
shared_e2e_projected,42,42,2,0.12461979687213898,0.6931896209716797,13.976456642150879,20.16253016391007,125,transformer_encoder,0.12461979687213898,2.4147164821624756,2.4147164821624756,0.6931896209716797,27.952913284301758,27.952913284301758,False,0.0
shared_e2e_projected,42,42,2,0.037623800337314606,0.515304684638977,5.431092262268066,10.539574787823042,126,transformer_encoder,0.037623800337314606,0.21059298515319824,0.21059298515319824,0.515304684638977,10.862184524536133,10.862184524536133,False,0.0
shared_e2e_projected,42,42,2,0.07958760112524033,1.2702009677886963,4.5901198387146,3.613695749819478,127,transformer_encoder,0.07958760112524033,0.9280510544776917,0.9280510544776917,1.2702009677886963,9.1802396774292,9.1802396774292,False,0.0
shared_e2e_projected,42,42,2,-0.14098556339740753,1.03313148021698,8.295625686645508,8.029593372668547,128,transformer_encoder,-0.14098556339740753,-2.416625499725342,-1.2665987014770508e-07,1.03313148021698,16.591251373291016,16.425535202026367,True,0.009988188743591309
shared_e2e_projected,42,42,2,0.2754548192024231,0.7789019346237183,5.87348747253418,7.540727800825938,129,transformer_encoder,0.2754548192024231,2.5203402042388916,2.5203402042388916,0.7789019346237183,11.74697494506836,11.74697494506836,False,0.0
shared_e2e_projected,42,42,2,0.0680188238620758,0.4732341468334198,6.137640953063965,12.969564842548095,130,transformer_encoder,0.0680188238620758,0.39512693881988525,0.39512693881988525,0.4732341468334198,12.27528190612793,12.27528190612793,False,0.0
shared_e2e_projected,42,42,2,0.1625610888004303,0.444391667842865,5.829937934875488,13.118918190286434,131,transformer_encoder,0.1625610888004303,0.8423186540603638,0.8423186540603638,0.444391667842865,11.659875869750977,11.659875869750977,False,0.0
shared_e2e_projected,42,42,2,0.1605295091867447,0.7940722703933716,8.270674705505371,10.415518856247433,132,transformer_encoder,0.1605295091867447,2.1085593700408936,2.1085593700408936,0.7940722703933716,16.541349411010742,16.541349411010742,False,0.0
shared_e2e_projected,42,42,2,-0.013505744747817516,0.5266281962394714,5.811617374420166,11.035522624727585,133,transformer_encoder,-0.013505744747817516,-0.08267033100128174,3.4458935260772705e-08,0.5266281962394714,11.623234748840332,11.622176170349121,True,9.107589721679688e-05
shared_e2e_projected,42,42,2,0.11610406637191772,0.830743670463562,4.157917022705078,5.005054110595781,134,transformer_encoder,0.11610406637191772,0.8020848035812378,0.8020848035812378,0.830743670463562,8.315834045410156,8.315834045410156,False,0.0
shared_e2e_projected,42,42,2,0.04769435524940491,0.7833903431892395,4.78364372253418,6.106334810127497,135,transformer_encoder,0.04769435524940491,0.3574654161930084,0.3574654161930084,0.7833903431892395,9.56728744506836,9.56728744506836,False,0.0
shared_e2e_projected,42,42,2,-0.005878355819731951,0.4645867943763733,3.425405263900757,7.373014699005308,136,transformer_encoder,-0.005878355819731951,-0.018709607422351837,2.293381839990616e-08,0.4645867943763733,6.850810527801514,6.850691795349121,True,1.7344951629638672e-05
shared_e2e_projected,42,42,2,-0.13435477018356323,0.5695050358772278,5.019904613494873,8.81450434544893,137,transformer_encoder,-0.13435477018356323,-0.7682032585144043,4.7730281949043274e-08,0.5695050358772278,10.039809226989746,9.948779106140137,True,0.009066939353942871
shared_e2e_projected,42,42,2,0.018283400684595108,0.5143504738807678,4.203145980834961,8.171754852527457,138,transformer_encoder,0.018283400684595108,0.07905340194702148,0.07905340194702148,0.5143504738807678,8.406291961669922,8.406291961669922,False,0.0
shared_e2e_projected,42,42,2,-0.08656398206949234,0.4216233193874359,5.994604110717773,14.217914036223512,139,transformer_encoder,-0.08656398206949234,-0.4375748336315155,7.078051567077637e-08,0.4216233193874359,11.989208221435547,11.94420337677002,True,0.0037537813186645508
shared_e2e_projected,42,42,2,-0.008392744697630405,0.4912194013595581,3.4419314861297607,7.006912749381347,140,transformer_encoder,-0.008392744697630405,-0.028379958122968674,2.9802322387695312e-08,0.4912194013595581,6.8838629722595215,6.883621692657471,True,3.504753112792969e-05
shared_e2e_projected,42,42,2,0.10746370255947113,0.4720616936683655,8.363205909729004,17.716340939971193,141,transformer_encoder,0.10746370255947113,0.8485224843025208,0.8485224843025208,0.4720616936683655,16.726411819458008,16.726411819458008,False,0.0
shared_e2e_projected,42,42,2,0.030676336959004402,0.5534859895706177,2.6390891075134277,4.768122693694154,142,transformer_encoder,0.030676336959004402,0.0896177813410759,0.0896177813410759,0.5534859895706177,5.2781782150268555,5.2781782150268555,False,0.0
shared_e2e_projected,42,42,2,-0.019027551636099815,0.7494260668754578,7.277581691741943,9.710873444906952,143,transformer_encoder,-0.019027551636099815,-0.20755289494991302,-1.578591763973236e-07,0.7494260668754578,14.555163383483887,14.55252742767334,True,0.00018107891082763672
shared_e2e_projected,42,42,2,-0.057343799620866776,0.49503764510154724,5.51055383682251,11.13158542860337,144,transformer_encoder,-0.057343799620866776,-0.3128599226474762,5.960464477539063e-08,0.49503764510154724,11.02110767364502,11.002972602844238,True,0.001645505428314209
shared_e2e_projected,42,42,2,0.14638200402259827,2.1514978408813477,14.514470100402832,6.746216437966338,145,transformer_encoder,0.14638200402259827,9.142391204833984,9.142391204833984,2.1514978408813477,29.028940200805664,29.028940200805664,False,0.0
shared_e2e_projected,42,42,2,0.02905922941863537,0.5775381326675415,7.398169040679932,12.809836480422792,146,transformer_encoder,0.02905922941863537,0.2483241707086563,0.2483241707086563,0.5775381326675415,14.796338081359863,14.796338081359863,False,0.0
shared_e2e_projected,42,42,2,0.03748614713549614,0.8853368759155273,9.870673179626465,11.149059130084462,147,transformer_encoder,0.03748614713549614,0.6551731824874878,0.6551731824874878,0.8853368759155273,19.74134635925293,19.74134635925293,False,0.0
shared_e2e_projected,42,42,2,0.14206139743328094,0.5285215973854065,4.610390663146973,8.723183094039204,148,transformer_encoder,0.14206139743328094,0.6923194527626038,0.6923194527626038,0.5285215973854065,9.220781326293945,9.220781326293945,False,0.0
shared_e2e_projected,42,42,2,0.026469631120562553,0.652481198310852,3.000836133956909,4.599115103585352,149,transformer_encoder,0.026469631120562553,0.10365450382232666,0.10365450382232666,0.652481198310852,6.001672267913818,6.001672267913818,False,0.0
shared_e2e_projected,42,42,2,0.0484464056789875,0.6160217523574829,3.772557497024536,6.124065396371405,150,transformer_encoder,0.0484464056789875,0.22517670691013336,0.22517670691013336,0.6160217523574829,7.545114994049072,7.545114994049072,False,0.0
shared_e2e_projected,42,42,2,-0.012276395224034786,0.4028588533401489,4.424908638000488,10.983769132322806,151,transformer_encoder,-0.012276395224034786,-0.04376813769340515,1.3969838619232178e-08,0.4028588533401489,8.849817276000977,8.849150657653809,True,7.534027099609375e-05
shared_e2e_projected,42,42,2,0.1223750188946724,0.5026000738143921,5.356694221496582,10.657965449234663,152,transformer_encoder,0.1223750188946724,0.6589343547821045,0.6589343547821045,0.5026000738143921,10.713388442993164,10.713388442993164,False,0.0
shared_e2e_projected,42,42,2,-0.08392057567834854,0.7843419909477234,6.611001014709473,8.428722535588557,153,transformer_encoder,-0.08392057567834854,-0.87030428647995,4.563480615615845e-08,0.7843419909477234,13.222002029418945,13.175361633300781,True,0.0035274624824523926
shared_e2e_projected,42,42,2,0.15891744196414948,0.5760958194732666,4.770392894744873,8.280554611742398,154,transformer_encoder,0.15891744196414948,0.8734749555587769,0.8734749555587769,0.5760958194732666,9.540785789489746,9.540785789489746,False,0.0
shared_e2e_projected,42,42,2,0.12521402537822723,0.6898723840713501,2.621694326400757,3.800259855204768,155,transformer_encoder,0.12521402537822723,0.45293283462524414,0.45293283462524414,0.6898723840713501,5.243388652801514,5.243388652801514,False,0.0
shared_e2e_projected,42,42,2,0.010064061731100082,0.4050484895706177,7.114997386932373,17.56579167712689,156,transformer_encoder,0.010064061731100082,0.0580076202750206,0.0580076202750206,0.4050484895706177,14.229994773864746,14.229994773864746,False,0.0
shared_e2e_projected,42,42,2,0.0050119757652282715,0.4144279956817627,8.255696296691895,19.920701262255953,157,transformer_encoder,0.0050119757652282715,0.03429586440324783,0.03429586440324783,0.4144279956817627,16.51139259338379,16.51139259338379,False,0.0
shared_e2e_projected,42,42,2,-0.06680680811405182,0.5770096182823181,5.709780693054199,9.895468831267435,158,transformer_encoder,-0.06680680811405182,-0.4402032196521759,1.4901161193847656e-08,0.5770096182823181,11.419561386108398,11.394050598144531,True,0.0022339820861816406
shared_e2e_projected,42,42,2,0.1246897429227829,0.6603533029556274,6.693657875061035,10.13647973759104,159,transformer_encoder,0.1246897429227829,1.1023019552230835,1.1023019552230835,0.6603533029556274,13.38731575012207,13.38731575012207,False,0.0
shared_e2e_projected,42,42,2,0.14122751355171204,1.1337569952011108,5.574732780456543,4.917043779269183,160,transformer_encoder,0.14122751355171204,1.785226583480835,1.785226583480835,1.1337569952011108,11.149465560913086,11.149465560913086,False,0.0
shared_e2e_projected,42,42,2,0.1910642385482788,0.889543890953064,6.072532653808594,6.826568891729937,161,transformer_encoder,0.1910642385482788,2.064175605773926,2.064175605773926,0.889543890953064,12.145065307617188,12.145065307617188,False,0.0
shared_e2e_projected,42,42,2,-0.1028471291065216,0.4121650457382202,3.123094081878662,7.57729000596097,162,transformer_encoder,-0.1028471291065216,-0.2647758722305298,7.264316082000732e-08,0.4121650457382202,6.246188163757324,6.213066101074219,True,0.005302786827087402
shared_e2e_projected,42,42,2,-0.008370677940547466,0.41511070728302,2.7508623600006104,6.62681620044334,163,transformer_encoder,-0.008370677940547466,-0.019117163494229317,-2.2118911147117615e-09,0.41511070728302,5.501724720001221,5.501531600952148,True,3.510713577270508e-05
shared_e2e_projected,42,42,2,-0.13175992667675018,2.218520402908325,15.065620422363281,6.790841500764792,164,transformer_encoder,-0.13175992667675018,-8.80772590637207,1.1473894119262695e-06,2.218520402908325,30.131240844726562,29.868541717529297,True,0.008718490600585938
shared_e2e_projected,42,42,2,-0.06537123024463654,0.6392956972122192,6.9408793449401855,10.857071892095194,165,transformer_encoder,-0.06537123024463654,-0.5801401734352112,4.470348358154297e-08,0.6392956972122192,13.881758689880371,13.852065086364746,True,0.0021390318870544434
shared_e2e_projected,42,42,2,-0.04275146499276161,0.5630120635032654,9.888078689575195,17.562818508804202,166,transformer_encoder,-0.04275146499276161,-0.476004034280777,-7.497146725654602e-08,0.5630120635032654,19.77615737915039,19.758071899414062,True,0.0009145140647888184
shared_e2e_projected,42,42,2,0.0251274686306715,0.46976831555366516,10.174028396606445,21.65754492108608,167,transformer_encoder,0.0251274686306715,0.2401902675628662,0.2401902675628662,0.46976831555366516,20.34805679321289,20.34805679321289,False,0.0
shared_e2e_projected,42,42,2,-0.23669882118701935,1.2482532262802124,5.590250015258789,4.478458294810664,168,transformer_encoder,-0.23669882118701935,-3.303391456604004,-7.82310962677002e-07,1.2482532262802124,11.180500030517578,10.862785339355469,True,0.028416872024536133
shared_e2e_projected,42,42,2,-0.046619802713394165,0.649115264415741,3.227632522583008,4.972356528217145,169,transformer_encoder,-0.046619802713394165,-0.19534681737422943,2.3283064365386963e-10,0.649115264415741,6.455265045166016,6.448246479034424,True,0.0010872483253479004
shared_e2e_projected,42,42,2,0.029730921611189842,0.5507451295852661,4.898857593536377,8.894963078884455,170,transformer_encoder,0.029730921611189842,0.16042935848236084,0.16042935848236084,0.5507451295852661,9.797715187072754,9.797715187072754,False,0.0
shared_e2e_projected,42,42,2,0.010291686281561852,0.8690655827522278,6.444579124450684,7.415526805286046,171,transformer_encoder,0.010291686281561852,0.1152825728058815,0.1152825728058815,0.8690655827522278,12.889158248901367,12.889158248901367,False,0.0
shared_e2e_projected,42,42,2,0.023011157289147377,1.1031835079193115,4.604284286499023,4.173634081226482,172,transformer_encoder,0.023011157289147377,0.2337643802165985,0.2337643802165985,1.1031835079193115,9.208568572998047,9.208568572998047,False,0.0
shared_e2e_projected,42,42,2,0.045455124229192734,0.7813175320625305,17.789779663085938,22.768949797048947,173,transformer_encoder,0.045455124229192734,1.263603925704956,1.263603925704956,0.7813175320625305,35.579559326171875,35.579559326171875,False,0.0
shared_e2e_projected,42,42,2,0.09319759160280228,1.0419209003448486,11.736257553100586,11.26405809617236,174,transformer_encoder,0.09319759160280228,2.279287338256836,2.279287338256836,1.0419209003448486,23.472515106201172,23.472515106201172,False,0.0
shared_e2e_projected,42,42,2,0.0013208752498030663,0.49370694160461426,4.375333309173584,8.862207395652893,175,transformer_encoder,0.0013208752498030663,0.005706530995666981,0.005706530995666981,0.49370694160461426,8.750666618347168,8.750666618347168,False,0.0
shared_e2e_projected,42,42,2,0.10259652882814407,0.7103941440582275,4.760484218597412,6.7011873034347795,176,transformer_encoder,0.10259652882814407,0.6939260363578796,0.6939260363578796,0.7103941440582275,9.520968437194824,9.520968437194824,False,0.0
shared_e2e_projected,42,42,2,0.12112554907798767,0.8074032664299011,5.74768590927124,7.118730067424436,177,transformer_encoder,0.12112554907798767,1.124214768409729,1.124214768409729,0.8074032664299011,11.49537181854248,11.49537181854248,False,0.0
shared_e2e_projected,42,42,2,0.18556484580039978,1.0753406286239624,31.42766761779785,29.22577905199548,178,transformer_encoder,0.18556484580039978,12.54249382019043,12.54249382019043,1.0753406286239624,62.8553352355957,62.8553352355957,False,0.0
shared_e2e_projected,42,42,2,0.00034918179153464735,0.9294533133506775,30.429819107055664,32.73948101530374,179,transformer_encoder,0.00034918179153464735,0.019751884043216705,0.019751884043216705,0.9294533133506775,60.85963821411133,60.85963821411133,False,0.0
shared_e2e_projected,42,42,2,0.6043614745140076,0.7298265099525452,14.21919059753418,19.482973561016223,180,transformer_encoder,0.6043614745140076,12.543574333190918,12.543574333190918,0.7298265099525452,28.43838119506836,28.43838119506836,False,0.0
shared_e2e_projected,42,42,2,0.12326934933662415,2.8047475814819336,3.714562177658081,1.3243837706405766,181,transformer_encoder,0.12326934933662415,2.5685410499572754,2.5685410499572754,2.8047475814819336,7.429124355316162,7.429124355316162,False,0.0
shared_e2e_projected,42,42,2,0.08218400925397873,0.804977536201477,3.357558012008667,4.170995911081309,182,transformer_encoder,0.08218400925397873,0.44424712657928467,0.44424712657928467,0.804977536201477,6.715116024017334,6.715116024017334,False,0.0
shared_e2e_projected,42,42,2,-0.022647226229310036,0.6101599931716919,5.018368721008301,8.224676768665478,183,transformer_encoder,-0.022647226229310036,-0.1386919766664505,-5.3085386753082275e-08,0.6101599931716919,10.036737442016602,10.034163475036621,True,0.00025647878646850586
shared_e2e_projected,42,42,2,-0.001116469968110323,0.31760191917419434,5.361671447753906,16.881735040187852,184,transformer_encoder,-0.001116469968110323,-0.003802422434091568,-4.0046870708465576e-08,0.31760191917419434,10.723342895507812,10.723337173461914,True,5.364418029785156e-07
shared_e2e_projected,42,42,2,0.07896476238965988,0.554298460483551,15.75813102722168,28.42896408818243,185,transformer_encoder,0.07896476238965988,1.379468321800232,1.379468321800232,0.554298460483551,31.51626205444336,31.51626205444336,False,0.0
shared_e2e_projected,42,42,2,0.07788918912410736,0.4609958529472351,4.745510101318359,10.29404076192747,186,transformer_encoder,0.07788918912410736,0.34079018235206604,0.34079018235206604,0.4609958529472351,9.491020202636719,9.491020202636719,False,0.0
shared_e2e_projected,42,42,2,0.006409423891454935,0.49687308073043823,3.916226625442505,7.881744407818144,187,transformer_encoder,0.006409423891454935,0.024943780153989792,0.024943780153989792,0.49687308073043823,7.83245325088501,7.83245325088501,False,0.0
shared_e2e_projected,42,42,2,0.107767753303051,0.365142822265625,4.069264888763428,11.144310227747598,188,transformer_encoder,0.107767753303051,0.32025620341300964,0.32025620341300964,0.365142822265625,8.138529777526855,8.138529777526855,False,0.0
shared_e2e_projected,42,42,2,0.028396151959896088,0.6860460638999939,5.432923316955566,7.919181528527118,189,transformer_encoder,0.028396151959896088,0.21167829632759094,0.21167829632759094,0.6860460638999939,10.865846633911133,10.865846633911133,False,0.0
shared_e2e_projected,42,42,2,0.07979689538478851,0.8028194308280945,8.397830963134766,10.46042315452249,190,transformer_encoder,0.07979689538478851,1.075972080230713,1.075972080230713,0.8028194308280945,16.79566192626953,16.79566192626953,False,0.0
shared_e2e_projected,42,42,2,0.1751399040222168,0.4362594485282898,4.936692714691162,11.315955978363265,191,transformer_encoder,0.1751399040222168,0.7543902397155762,0.7543902397155762,0.4362594485282898,9.873385429382324,9.873385429382324,False,0.0
shared_e2e_projected,42,42,2,-0.06681786477565765,0.5509634613990784,4.27964448928833,7.767564982296463,192,transformer_encoder,-0.06681786477565765,-0.3151034116744995,7.171183824539185e-08,0.5509634613990784,8.55928897857666,8.5401611328125,True,0.0022347569465637207
shared_e2e_projected,42,42,2,0.08225610107183456,0.9001702666282654,10.10161304473877,11.221891479015419,193,transformer_encoder,0.08225610107183456,1.4959378242492676,1.4959378242492676,0.9001702666282654,20.20322608947754,20.20322608947754,False,0.0
shared_e2e_projected,42,42,2,0.05101685971021652,1.1192024946212769,17.003950119018555,15.192916564015043,194,transformer_encoder,0.05101685971021652,1.9417897462844849,1.9417897462844849,1.1192024946212769,34.00790023803711,34.00790023803711,False,0.0
shared_e2e_projected,42,42,2,0.27220943570137024,0.6967784762382507,10.26053524017334,14.725677658081011,195,transformer_encoder,0.27220943570137024,3.8922247886657715,3.8922247886657715,0.6967784762382507,20.52107048034668,20.52107048034668,False,0.0
shared_e2e_projected,42,42,2,0.0426698699593544,0.8645666241645813,4.748716354370117,5.492597356460221,196,transformer_encoder,0.0426698699593544,0.35036927461624146,0.35036927461624146,0.8645666241645813,9.497432708740234,9.497432708740234,False,0.0
shared_e2e_projected,42,42,2,0.24965237081050873,0.7064396142959595,6.606932163238525,9.35243724946402,197,transformer_encoder,0.24965237081050873,2.330454111099243,2.330454111099243,0.7064396142959595,13.21386432647705,13.21386432647705,False,0.0
shared_e2e_projected,42,42,2,0.08965450525283813,0.5298609733581543,7.132802486419678,13.461649083557491,198,transformer_encoder,0.08965450525283813,0.6776793599128723,0.6776793599128723,0.5298609733581543,14.265604972839355,14.265604972839355,False,0.0
shared_e2e_projected,42,42,2,-0.10605654865503311,0.6336405873298645,3.2525434494018555,5.133104656549765,199,transformer_encoder,-0.10605654865503311,-0.4371531307697296,1.8550781533122063e-07,0.6336405873298645,6.505086898803711,6.468400955200195,True,0.005639553070068359
shared_e2e_projected,42,42,3,0.025033053010702133,0.5509406924247742,2.8201661109924316,5.118819774557674,0,transformer_encoder,0.025033053010702133,0.07778992503881454,0.07778992503881454,0.5509406924247742,5.640332221984863,5.640332221984863,False,0.0
shared_e2e_projected,42,42,3,-0.1291552633047104,0.4965001046657562,10.232330322265625,20.608918761767487,1,transformer_encoder,-0.1291552633047104,-1.312308669090271,-2.5331974029541016e-07,0.4965001046657562,20.46466064453125,20.293256759643555,True,0.008375585079193115
shared_e2e_projected,42,42,3,0.053548794239759445,0.6790235042572021,7.658498764038086,11.278694649039986,2,transformer_encoder,0.053548794239759445,0.5569396615028381,0.5569396615028381,0.6790235042572021,15.316997528076172,15.316997528076172,False,0.0
shared_e2e_projected,42,42,3,0.14401064813137054,0.5501000285148621,5.820466995239258,10.580742944066229,3,transformer_encoder,0.14401064813137054,0.9221978187561035,0.9221978187561035,0.5501000285148621,11.640933990478516,11.640933990478516,False,0.0
shared_e2e_projected,42,42,3,0.027814701199531555,0.6943795680999756,3.7947006225585938,5.464879436101494,4,transformer_encoder,0.027814701199531555,0.14658139646053314,0.14658139646053314,0.6943795680999756,7.5894012451171875,7.5894012451171875,False,0.0
shared_e2e_projected,42,42,3,0.16243958473205566,0.6552853584289551,2.7821362018585205,4.2456865029438235,5,transformer_encoder,0.16243958473205566,0.5922849774360657,0.5922849774360657,0.6552853584289551,5.564272403717041,5.564272403717041,False,0.0
shared_e2e_projected,42,42,3,0.0762331560254097,0.7978996634483337,6.826234817504883,8.555254664481884,6,transformer_encoder,0.0762331560254097,0.8304307460784912,0.8304307460784912,0.7978996634483337,13.652469635009766,13.652469635009766,False,0.0
shared_e2e_projected,42,42,3,-0.03731612488627434,1.3609848022460938,13.216512680053711,9.71099211265395,7,transformer_encoder,-0.03731612488627434,-1.3424454927444458,-1.6763806343078613e-07,1.3609848022460938,26.433025360107422,26.41461944580078,True,0.0006963014602661133
shared_e2e_projected,42,42,3,-0.005842151585966349,1.8678467273712158,7.409605979919434,3.966923983290439,8,transformer_encoder,-0.005842151585966349,-0.16171085834503174,2.9802322387695312e-08,1.8678467273712158,14.819211959838867,14.818960189819336,True,1.6987323760986328e-05
shared_e2e_projected,42,42,3,0.06388933956623077,1.6386456489562988,4.899382591247559,2.989897537864955,9,transformer_encoder,0.06388933956623077,1.0258522033691406,1.0258522033691406,1.6386456489562988,9.798765182495117,9.798765182495117,False,0.0
shared_e2e_projected,42,42,3,0.05300013720989227,0.7369951605796814,2.5379650592803955,3.4436658407419753,10,transformer_encoder,0.05300013720989227,0.19827012717723846,0.19827012717723846,0.7369951605796814,5.075930118560791,5.075930118560791,False,0.0
shared_e2e_projected,42,42,3,0.1330486536026001,1.1124107837677002,3.7803750038146973,3.3983624205895295,11,transformer_encoder,0.1330486536026001,1.119027018547058,1.119027018547058,1.1124107837677002,7.5607500076293945,7.5607500076293945,False,0.0
shared_e2e_projected,42,42,3,-0.23052255809307098,1.1936450004577637,14.376564979553223,12.044255179755957,12,transformer_encoder,-0.23052255809307098,-7.911771774291992,5.476176738739014e-07,1.1936450004577637,28.753129959106445,27.97872543334961,True,0.026932895183563232
shared_e2e_projected,42,42,3,0.1911502480506897,0.9112448692321777,7.060244560241699,7.747911454569525,13,transformer_encoder,0.1911502480506897,2.4595727920532227,2.4595727920532227,0.9112448692321777,14.120489120483398,14.120489120483398,False,0.0
shared_e2e_projected,42,42,3,0.1431836187839508,0.6122797727584839,9.125083923339844,14.903454808296058,14,transformer_encoder,0.1431836187839508,1.599963665008545,1.599963665008545,0.6122797727584839,18.250167846679688,18.250167846679688,False,0.0
shared_e2e_projected,42,42,3,0.0926891416311264,0.8230200409889221,7.199001789093018,8.747055272728062,15,transformer_encoder,0.0926891416311264,1.098352074623108,1.098352074623108,0.8230200409889221,14.398003578186035,14.398003578186035,False,0.0
shared_e2e_projected,42,42,3,-0.04461647942662239,0.8262794613838196,10.72892951965332,12.984625687881605,16,transformer_encoder,-0.04461647942662239,-0.7910585999488831,-1.3416865840554237e-07,0.8262794613838196,21.45785903930664,21.436494827270508,True,0.000995635986328125
shared_e2e_projected,42,42,3,-0.027170725166797638,0.6240278482437134,4.7003173828125,7.532223755784687,17,transformer_encoder,-0.027170725166797638,-0.15939047932624817,-4.842877388000488e-08,0.6240278482437134,9.400634765625,9.397163391113281,True,0.0003692507743835449
shared_e2e_projected,42,42,3,0.16947855055332184,0.5426822304725647,41.387516021728516,76.26473412569358,18,transformer_encoder,0.16947855055332184,7.613068103790283,7.613068103790283,0.5426822304725647,82.77503204345703,82.77503204345703,False,0.0
shared_e2e_projected,42,42,3,0.005129494238644838,0.3688974678516388,1.7996193170547485,4.878372647920993,19,transformer_encoder,0.005129494238644838,0.006810686085373163,0.006810686085373163,0.3688974678516388,3.599238634109497,3.599238634109497,False,0.0
shared_e2e_projected,42,42,3,-0.04028242826461792,0.5400223731994629,2.4523510932922363,4.54120276306855,20,transformer_encoder,-0.04028242826461792,-0.10669401288032532,-9.010545909404755e-08,0.5400223731994629,4.904702186584473,4.900722026824951,True,0.0008115172386169434
shared_e2e_projected,42,42,3,-0.002476833527907729,0.7347968816757202,2.571354627609253,3.4994087369358766,21,transformer_encoder,-0.002476833527907729,-0.009359573945403099,-5.3551048040390015e-09,0.7347968816757202,5.142709255218506,5.142693042755127,True,3.159046173095703e-06
shared_e2e_projected,42,42,3,0.08258260786533356,0.9980867505073547,10.792646408081055,10.813335015813864,22,transformer_encoder,0.08258260786533356,1.7791593074798584,1.7791593074798584,0.9980867505073547,21.58529281616211,21.58529281616211,False,0.0
shared_e2e_projected,42,42,3,-0.0014665008056908846,0.5159050226211548,7.075595378875732,13.71491857731256,23,transformer_encoder,-0.0014665008056908846,-0.01070643961429596,3.189779818058014e-08,0.5159050226211548,14.151190757751465,14.151176452636719,True,1.0132789611816406e-06
shared_e2e_projected,42,42,3,-0.04812370613217354,0.6355744004249573,4.41404390335083,6.94496804842913,24,transformer_encoder,-0.04812370613217354,-0.2700176239013672,-1.7695128917694092e-08,0.6355744004249573,8.82808780670166,8.81786060333252,True,0.0011584758758544922
shared_e2e_projected,42,42,3,0.24011856317520142,0.6913385987281799,3.3613717555999756,4.862120763665906,25,transformer_encoder,0.24011856317520142,1.1159971952438354,1.1159971952438354,0.6913385987281799,6.722743511199951,6.722743511199951,False,0.0
shared_e2e_projected,42,42,3,0.13857504725456238,0.7034709453582764,6.149013996124268,8.74096369821299,26,transformer_encoder,0.13857504725456238,1.1988550424575806,1.1988550424575806,0.7034709453582764,12.298027992248535,12.298027992248535,False,0.0
shared_e2e_projected,42,42,3,0.11546368151903152,0.4569225311279297,6.007317543029785,13.147343660643099,27,transformer_encoder,0.11546368151903152,0.633867621421814,0.633867621421814,0.4569225311279297,12.01463508605957,12.01463508605957,False,0.0
shared_e2e_projected,42,42,3,0.0076509458012878895,1.3031753301620483,2.6411967277526855,2.0267393547300006,28,transformer_encoder,0.0076509458012878895,0.05266822874546051,0.05266822874546051,1.3031753301620483,5.282393455505371,5.282393455505371,False,0.0
shared_e2e_projected,42,42,3,0.18475623428821564,0.7075493335723877,4.780616760253906,6.756584358742545,29,transformer_encoder,0.18475623428821564,1.2498841285705566,1.2498841285705566,0.7075493335723877,9.561233520507812,9.561233520507812,False,0.0
shared_e2e_projected,42,42,3,0.026562273502349854,1.065284252166748,13.585070610046387,12.752531150643469,30,transformer_encoder,0.026562273502349854,0.7688164114952087,0.7688164114952087,1.065284252166748,27.170141220092773,27.170141220092773,False,0.0
shared_e2e_projected,42,42,3,0.07617038488388062,2.478700637817383,2.95607590675354,1.1925909331901046,31,transformer_encoder,0.07617038488388062,1.116235375404358,1.116235375404358,2.478700637817383,5.91215181350708,5.91215181350708,False,0.0
shared_e2e_projected,42,42,3,0.02988644316792488,3.4265494346618652,4.012427806854248,1.170982028236869,32,transformer_encoder,0.02988644316792488,0.821804404258728,0.821804404258728,3.4265494346618652,8.024855613708496,8.024855613708496,False,0.0
shared_e2e_projected,42,42,3,0.10954359918832779,0.9171026945114136,5.767828464508057,6.2891849506350725,33,transformer_encoder,0.10954359918832779,1.1589035987854004,1.1589035987854004,0.9171026945114136,11.535656929016113,11.535656929016113,False,0.0
shared_e2e_projected,42,42,3,0.09597323089838028,0.9685129523277283,3.111325740814209,3.212477162371897,34,transformer_encoder,0.09597323089838028,0.578403651714325,0.578403651714325,0.9685129523277283,6.222651481628418,6.222651481628418,False,0.0
shared_e2e_projected,42,42,3,0.09076420962810516,0.6326895952224731,5.918185234069824,9.354010685111406,35,transformer_encoder,0.09076420962810516,0.679710328578949,0.679710328578949,0.6326895952224731,11.836370468139648,11.836370468139648,False,0.0
shared_e2e_projected,42,42,3,0.06867529451847076,0.5812722444534302,3.286430835723877,5.653858182776481,36,transformer_encoder,0.06867529451847076,0.2623823285102844,0.2623823285102844,0.5812722444534302,6.572861671447754,6.572861671447754,False,0.0
shared_e2e_projected,42,42,3,0.113824762403965,0.7438030242919922,6.895265102386475,9.270283767600848,37,transformer_encoder,0.113824762403965,1.1675504446029663,1.1675504446029663,0.7438030242919922,13.79053020477295,13.79053020477295,False,0.0
shared_e2e_projected,42,42,3,-0.09039688855409622,0.6228891611099243,3.8791608810424805,6.227690451588876,38,transformer_encoder,-0.09039688855409622,-0.4368496835231781,-8.149072527885437e-10,0.6228891611099243,7.758321762084961,7.726559162139893,True,0.0040940046310424805
shared_e2e_projected,42,42,3,0.14632648229599,0.9584448933601379,7.03353214263916,7.338483611698157,39,transformer_encoder,0.14632648229599,1.9728477001190186,1.9728477001190186,0.9584448933601379,14.06706428527832,14.06706428527832,False,0.0
shared_e2e_projected,42,42,3,-0.03851105645298958,0.5414136648178101,1.9909937381744385,3.6773983878748675,40,transformer_encoder,-0.03851105645298958,-0.08302608132362366,-9.022187441587448e-09,0.5414136648178101,3.981987476348877,3.979033946990967,True,0.0007417201995849609
shared_e2e_projected,42,42,3,-0.10128162801265717,0.7739511728286743,9.534189224243164,12.318851058002982,41,transformer_encoder,-0.10128162801265717,-1.4947136640548706,5.252659320831299e-07,0.7739511728286743,19.068378448486328,18.97032356262207,True,0.005142271518707275
shared_e2e_projected,42,42,3,0.09212623536586761,0.47631269693374634,6.905839443206787,14.49854158342407,42,transformer_encoder,0.09212623536586761,0.6060688495635986,0.6060688495635986,0.47631269693374634,13.811678886413574,13.811678886413574,False,0.0
shared_e2e_projected,42,42,3,0.06376557797193527,0.6703023314476013,14.781978607177734,22.0527035543114,43,transformer_encoder,0.06376557797193527,1.2636290788650513,1.2636290788650513,0.6703023314476013,29.56395721435547,29.56395721435547,False,0.0
shared_e2e_projected,42,42,3,-0.03217024356126785,0.558525025844574,5.821719169616699,10.423381048706606,44,transformer_encoder,-0.03217024356126785,-0.20920798182487488,-8.614733815193176e-09,0.558525025844574,11.643438339233398,11.637410163879395,True,0.000517725944519043
shared_e2e_projected,42,42,3,-0.07258659601211548,0.5099767446517944,9.896294593811035,19.40538406426375,45,transformer_encoder,-0.07258659601211548,-0.7326716780662537,-8.754432201385498e-08,0.5099767446517944,19.79258918762207,19.740381240844727,True,0.0026377439498901367
shared_e2e_projected,42,42,3,0.21499964594841003,0.8200297355651855,5.2118754386901855,6.35571518037456,46,transformer_encoder,0.21499964594841003,1.837770938873291,1.837770938873291,0.8200297355651855,10.423750877380371,10.423750877380371,False,0.0
shared_e2e_projected,42,42,3,0.08041954040527344,0.5330824851989746,4.306636810302734,8.078743777701249,47,transformer_encoder,0.08041954040527344,0.36925315856933594,0.36925315856933594,0.5330824851989746,8.613273620605469,8.613273620605469,False,0.0
shared_e2e_projected,42,42,3,0.25662434101104736,0.4921937584877014,9.441601753234863,19.182692974906512,48,transformer_encoder,0.25662434101104736,2.3851168155670166,2.3851168155670166,0.4921937584877014,18.883203506469727,18.883203506469727,False,0.0
shared_e2e_projected,42,42,3,0.024960622191429138,0.747491717338562,7.722772121429443,10.33158219990224,49,transformer_encoder,0.024960622191429138,0.28818079829216003,0.28818079829216003,0.747491717338562,15.445544242858887,15.445544242858887,False,0.0
shared_e2e_projected,42,42,3,0.05389287322759628,0.6430172324180603,3.9773824214935303,6.1854989586151845,50,transformer_encoder,0.05389287322759628,0.2756647765636444,0.2756647765636444,0.6430172324180603,7.9547648429870605,7.9547648429870605,False,0.0
shared_e2e_projected,42,42,3,0.1554151177406311,0.7690649628639221,3.797585964202881,4.937926114929284,51,transformer_encoder,0.1554151177406311,0.9078078269958496,0.9078078269958496,0.7690649628639221,7.595171928405762,7.595171928405762,False,0.0
shared_e2e_projected,42,42,3,0.1549663245677948,0.9172655344009399,14.84964656829834,16.18903797360766,52,transformer_encoder,0.1549663245677948,4.221613883972168,4.221613883972168,0.9172655344009399,29.69929313659668,29.69929313659668,False,0.0
shared_e2e_projected,42,42,3,-0.07915490865707397,1.0029335021972656,4.410091400146484,4.397192227086527,53,transformer_encoder,-0.07915490865707397,-0.700208842754364,1.862645149230957e-07,1.0029335021972656,8.820182800292969,8.792508125305176,True,0.003137648105621338
shared_e2e_projected,42,42,3,-0.1371876299381256,0.5202552676200867,6.541842460632324,12.574293558925511,54,transformer_encoder,-0.1371876299381256,-0.9338164925575256,1.1827796697616577e-07,0.5202552676200867,13.083684921264648,12.959980010986328,True,0.009454905986785889
shared_e2e_projected,42,42,3,0.1601409912109375,0.8972204327583313,6.145247459411621,6.8492058752153495,55,transformer_encoder,0.1601409912109375,1.7659199237823486,1.7659199237823486,0.8972204327583313,12.290494918823242,12.290494918823242,False,0.0
shared_e2e_projected,42,42,3,0.09653792530298233,0.5545787215232849,4.4942755699157715,8.103945202894106,56,transformer_encoder,0.09653792530298233,0.48122793436050415,0.48122793436050415,0.5545787215232849,8.988551139831543,8.988551139831543,False,0.0
shared_e2e_projected,42,42,3,0.1006431132555008,0.5930356979370117,6.449254512786865,10.874985325878075,57,transformer_encoder,0.1006431132555008,0.7698469758033752,0.7698469758033752,0.5930356979370117,12.89850902557373,12.89850902557373,False,0.0
shared_e2e_projected,42,42,3,0.09957777708768845,0.51336669921875,7.10769510269165,13.845259370170016,58,transformer_encoder,0.09957777708768845,0.7266895174980164,0.7266895174980164,0.51336669921875,14.2153902053833,14.2153902053833,False,0.0
shared_e2e_projected,42,42,3,0.012896087020635605,0.659458339214325,8.483829498291016,12.864845273468834,59,transformer_encoder,0.012896087020635605,0.14430031180381775,0.14430031180381775,0.659458339214325,16.96765899658203,16.96765899658203,False,0.0
shared_e2e_projected,42,42,3,0.06174863502383232,0.5623680949211121,3.3313543796539307,5.923796904092233,60,transformer_encoder,0.06174863502383232,0.2313656359910965,0.2313656359910965,0.5623680949211121,6.662708759307861,6.662708759307861,False,0.0
shared_e2e_projected,42,42,3,0.026999708265066147,0.8036379218101501,3.386545181274414,4.2140186387003835,61,transformer_encoder,0.026999708265066147,0.14696244895458221,0.14696244895458221,0.8036379218101501,6.773090362548828,6.773090362548828,False,0.0
shared_e2e_projected,42,42,3,0.2661418914794922,0.7328164577484131,6.897771835327148,9.412686850020577,62,transformer_encoder,0.2661418914794922,2.6905884742736816,2.6905884742736816,0.7328164577484131,13.795543670654297,13.795543670654297,False,0.0
shared_e2e_projected,42,42,3,0.14208193123340607,0.863678514957428,11.322178840637207,13.10925146863853,63,transformer_encoder,0.14208193123340607,2.778759717941284,2.778759717941284,0.863678514957428,22.644357681274414,22.644357681274414,False,0.0
shared_e2e_projected,42,42,3,0.1486034244298935,1.098534345626831,4.106919288635254,3.738544274910056,64,transformer_encoder,0.1486034244298935,1.3408759832382202,1.3408759832382202,1.098534345626831,8.213838577270508,8.213838577270508,False,0.0
shared_e2e_projected,42,42,3,-0.11520139873027802,0.59983229637146,6.574478626251221,10.960527910920995,65,transformer_encoder,-0.11520139873027802,-0.9086129665374756,-3.958120942115784e-08,0.59983229637146,13.148957252502441,13.061413764953613,True,0.006657838821411133
shared_e2e_projected,42,42,3,0.03872383385896683,1.2461761236190796,8.808385848999023,7.068331419653724,66,transformer_encoder,0.03872383385896683,0.8501275777816772,0.8501275777816772,1.2461761236190796,17.616771697998047,17.616771697998047,False,0.0
shared_e2e_projected,42,42,3,0.03131209686398506,0.7174986004829407,5.953010082244873,8.296894346885088,67,transformer_encoder,0.03131209686398506,0.26748526096343994,0.26748526096343994,0.7174986004829407,11.906020164489746,11.906020164489746,False,0.0
shared_e2e_projected,42,42,3,0.030751356855034828,1.165143609046936,8.430099487304688,7.235245013445457,68,transformer_encoder,0.030751356855034828,0.6040966510772705,0.6040966510772705,1.165143609046936,16.860198974609375,16.860198974609375,False,0.0
shared_e2e_projected,42,42,3,0.32959774136543274,0.9246347546577454,5.110259056091309,5.526786691013877,69,transformer_encoder,0.32959774136543274,3.1147797107696533,3.1147797107696533,0.9246347546577454,10.220518112182617,10.220518112182617,False,0.0
shared_e2e_projected,42,42,3,0.0238343458622694,0.4817001223564148,4.9233832359313965,10.220846969784525,70,transformer_encoder,0.0238343458622694,0.11305078864097595,0.11305078864097595,0.4817001223564148,9.846766471862793,9.846766471862793,False,0.0
shared_e2e_projected,42,42,3,0.30074235796928406,0.8979924321174622,8.090556144714355,9.009603929107577,71,transformer_encoder,0.30074235796928406,4.369941711425781,4.369941711425781,0.8979924321174622,16.18111228942871,16.18111228942871,False,0.0
shared_e2e_projected,42,42,3,0.07213331013917923,1.2151988744735718,12.807496070861816,10.539423908214255,72,transformer_encoder,0.07213331013917923,2.2453157901763916,2.2453157901763916,1.2151988744735718,25.614992141723633,25.614992141723633,False,0.0
shared_e2e_projected,42,42,3,0.12715554237365723,0.4866528809070587,4.46000862121582,9.164660882933509,73,transformer_encoder,0.12715554237365723,0.5519760847091675,0.5519760847091675,0.4866528809070587,8.92001724243164,8.92001724243164,False,0.0
shared_e2e_projected,42,42,3,0.09403259307146072,0.766951858997345,8.974377632141113,11.701357167154583,74,transformer_encoder,0.09403259307146072,1.2944368124008179,1.2944368124008179,0.766951858997345,17.948755264282227,17.948755264282227,False,0.0
shared_e2e_projected,42,42,3,-0.22165831923484802,0.9125186800956726,15.860036849975586,17.38050649912476,75,transformer_encoder,-0.22165831923484802,-6.415935516357422,1.0486692190170288e-06,0.9125186800956726,31.720073699951172,30.931020736694336,True,0.024875521659851074
shared_e2e_projected,42,42,3,0.14368824660778046,0.7185844779014587,6.110434532165527,8.503432400892281,76,transformer_encoder,0.14368824660778046,1.2618309259414673,1.2618309259414673,0.7185844779014587,12.220869064331055,12.220869064331055,False,0.0
shared_e2e_projected,42,42,3,0.010725331492722034,0.709119975566864,4.174605369567871,5.887022666694349,77,transformer_encoder,0.010725331492722034,0.063500314950943,0.063500314950943,0.709119975566864,8.349210739135742,8.349210739135742,False,0.0
shared_e2e_projected,42,42,3,0.07794909179210663,0.8314904570579529,4.818887233734131,5.795481106042647,78,transformer_encoder,0.07794909179210663,0.6246620416641235,0.6246620416641235,0.8314904570579529,9.637774467468262,9.637774467468262,False,0.0
shared_e2e_projected,42,42,3,0.07553024590015411,0.4599238634109497,3.7645201683044434,8.185094246655302,79,transformer_encoder,0.07553024590015411,0.2615450322628021,0.2615450322628021,0.4599238634109497,7.529040336608887,7.529040336608887,False,0.0
shared_e2e_projected,42,42,3,-0.23908698558807373,3.098633289337158,9.407520294189453,3.036022470474993,80,transformer_encoder,-0.23908698558807373,-13.93898868560791,-1.9334256649017334e-06,3.098633289337158,18.815040588378906,18.269372940063477,True,0.02900165319442749
shared_e2e_projected,42,42,3,0.043555233627557755,1.1147242784500122,5.835323810577393,5.234768743613641,81,transformer_encoder,0.043555233627557755,0.5666341781616211,0.5666341781616211,1.1147242784500122,11.670647621154785,11.670647621154785,False,0.0
shared_e2e_projected,42,42,3,0.048100877553224564,0.4929569959640503,7.179780960083008,14.564720693418469,82,transformer_encoder,0.048100877553224564,0.34048911929130554,0.34048911929130554,0.4929569959640503,14.359561920166016,14.359561920166016,False,0.0
shared_e2e_projected,42,42,3,0.3022453188896179,0.4915878474712372,11.232906341552734,22.850252298415437,83,transformer_encoder,0.3022453188896179,3.3379733562469482,3.3379733562469482,0.4915878474712372,22.46581268310547,22.46581268310547,False,0.0
shared_e2e_projected,42,42,3,-0.021448178216814995,0.846387505531311,2.387495279312134,2.8208063844390145,84,transformer_encoder,-0.021448178216814995,-0.08668264746665955,-4.7031790018081665e-08,0.846387505531311,4.774990558624268,4.773891925811768,True,0.0002300739288330078
shared_e2e_projected,42,42,3,0.11741730570793152,0.6951965093612671,6.670269012451172,9.5947964678069,85,transformer_encoder,0.11741730570793152,1.0889627933502197,1.0889627933502197,0.6951965093612671,13.340538024902344,13.340538024902344,False,0.0
shared_e2e_projected,42,42,3,-0.040525950491428375,0.7760719060897827,8.026487350463867,10.342453176671613,86,transformer_encoder,-0.040525950491428375,-0.5048829317092896,-1.7508864402770996e-07,0.7760719060897827,16.052974700927734,16.039785385131836,True,0.0008215904235839844
shared_e2e_projected,42,42,3,0.15321467816829681,0.3731721043586731,2.1016721725463867,5.63191124952462,87,transformer_encoder,0.15321467816829681,0.24032807350158691,0.24032807350158691,0.3731721043586731,4.203344345092773,4.203344345092773,False,0.0
shared_e2e_projected,42,42,3,0.18983153998851776,0.5423092842102051,3.3884599208831787,6.2482056264590415,88,transformer_encoder,0.18983153998851776,0.697666347026825,0.697666347026825,0.5423092842102051,6.776919841766357,6.776919841766357,False,0.0
shared_e2e_projected,42,42,3,0.157521590590477,0.5344008803367615,2.8870675563812256,5.4024378750309925,89,transformer_encoder,0.157521590590477,0.4860648214817047,0.4860648214817047,0.5344008803367615,5.774135112762451,5.774135112762451,False,0.0
shared_e2e_projected,42,42,3,0.0768221989274025,0.6739124655723572,8.112923622131348,12.038542149893312,90,transformer_encoder,0.0768221989274025,0.8400354981422424,0.8400354981422424,0.6739124655723572,16.225847244262695,16.225847244262695,False,0.0
shared_e2e_projected,42,42,3,0.0756910890340805,0.9070088863372803,10.331302642822266,11.390519760553335,91,transformer_encoder,0.0756910890340805,1.41853928565979,1.41853928565979,0.9070088863372803,20.66260528564453,20.66260528564453,False,0.0
shared_e2e_projected,42,42,3,-0.10643745958805084,0.6611599326133728,4.846699237823486,7.3306003566578735,92,transformer_encoder,-0.10643745958805084,-0.6821456551551819,-1.1455267667770386e-07,0.6611599326133728,9.693398475646973,9.638335227966309,True,0.005680501461029053
shared_e2e_projected,42,42,3,-0.0013716730754822493,0.9327908754348755,5.134064197540283,5.50398201005851,93,transformer_encoder,-0.0013716730754822493,-0.013137906789779663,3.3527612686157227e-08,0.9327908754348755,10.268128395080566,10.268119812011719,True,8.344650268554688e-07
shared_e2e_projected,42,42,3,0.08632203936576843,0.9074675440788269,8.50411319732666,9.371258788058599,94,transformer_encoder,0.08632203936576843,1.3323301076889038,1.3323301076889038,0.9074675440788269,17.00822639465332,17.00822639465332,False,0.0
shared_e2e_projected,42,42,3,-0.09243603050708771,0.9905979633331299,3.2342875003814697,3.2649850091543198,95,transformer_encoder,-0.09243603050708771,-0.5923076272010803,-2.1047890186309814e-07,0.9905979633331299,6.4685750007629395,6.44088077545166,True,0.004281342029571533
shared_e2e_projected,42,42,3,0.032122526317834854,0.9458377361297607,4.8270649909973145,5.1034810799038395,96,transformer_encoder,0.032122526317834854,0.2933185398578644,0.2933185398578644,0.9458377361297607,9.654129981994629,9.654129981994629,False,0.0
shared_e2e_projected,42,42,3,0.0215973611921072,0.6937330365180969,11.59461498260498,16.71336720649676,97,transformer_encoder,0.0215973611921072,0.3474396765232086,0.3474396765232086,0.6937330365180969,23.18922996520996,23.18922996520996,False,0.0
shared_e2e_projected,42,42,3,-0.17088747024536133,0.7535520792007446,8.427031517028809,11.183077785369452,98,transformer_encoder,-0.17088747024536133,-2.170341730117798,-3.725290298461914e-09,0.7535520792007446,16.854063034057617,16.606149673461914,True,0.014709413051605225
shared_e2e_projected,42,42,3,0.08245003968477249,0.5856563448905945,3.7142386436462402,6.3420104230922165,99,transformer_encoder,0.08245003968477249,0.35870176553726196,0.35870176553726196,0.5856563448905945,7.4284772872924805,7.4284772872924805,False,0.0
shared_e2e_projected,42,42,3,0.01643597148358822,1.077768325805664,5.675665855407715,5.266127904774883,100,transformer_encoder,0.01643597148358822,0.20107942819595337,0.20107942819595337,1.077768325805664,11.35133171081543,11.35133171081543,False,0.0
shared_e2e_projected,42,42,3,0.13869765400886536,0.4970463514328003,8.961100578308105,18.028702056612175,101,transformer_encoder,0.13869765400886536,1.235541582107544,1.235541582107544,0.4970463514328003,17.92220115661621,17.92220115661621,False,0.0
shared_e2e_projected,42,42,3,0.004400498233735561,0.6441608667373657,6.210529804229736,9.641271497422188,102,transformer_encoder,0.004400498233735561,0.03520909324288368,0.03520909324288368,0.6441608667373657,12.421059608459473,12.421059608459473,False,0.0
shared_e2e_projected,42,42,3,0.04425875470042229,0.7678383588790894,4.510279655456543,5.873996269267881,103,transformer_encoder,0.04425875470042229,0.3065508008003235,0.3065508008003235,0.7678383588790894,9.020559310913086,9.020559310913086,False,0.0
shared_e2e_projected,42,42,3,0.21920077502727509,0.6808289885520935,7.878338813781738,11.571685322237023,104,transformer_encoder,0.21920077502727509,2.35149884223938,2.35149884223938,0.6808289885520935,15.756677627563477,15.756677627563477,False,0.0
shared_e2e_projected,42,42,3,0.06707790493965149,0.5402003526687622,4.0063252449035645,7.416369176937851,105,transformer_encoder,0.06707790493965149,0.2903424799442291,0.2903424799442291,0.5402003526687622,8.012650489807129,8.012650489807129,False,0.0
shared_e2e_projected,42,42,3,0.002820736262947321,0.6481159329414368,4.830428123474121,7.453030974800298,106,transformer_encoder,0.002820736262947321,0.017661631107330322,0.017661631107330322,0.6481159329414368,9.660856246948242,9.660856246948242,False,0.0
shared_e2e_projected,42,42,3,-0.014696642756462097,0.6988459825515747,11.878665924072266,16.997544839138605,107,transformer_encoder,-0.014696642756462097,-0.24400418996810913,2.2817403078079224e-08,0.6988459825515747,23.75733184814453,23.7547607421875,True,0.00010824203491210938
shared_e2e_projected,42,42,3,0.017975609749555588,0.7930490374565125,4.119958400726318,5.195086566071572,108,transformer_encoder,0.017975609749555588,0.11746446043252945,0.11746446043252945,0.7930490374565125,8.239916801452637,8.239916801452637,False,0.0
shared_e2e_projected,42,42,3,0.12059460580348969,1.0238549709320068,5.877633571624756,5.740689588364643,109,transformer_encoder,0.12059460580348969,1.4514391422271729,1.4514391422271729,1.0238549709320068,11.755267143249512,11.755267143249512,False,0.0
shared_e2e_projected,42,42,3,0.1960625946521759,0.535370409488678,3.3025259971618652,6.168674881221105,110,transformer_encoder,0.1960625946521759,0.6933066248893738,0.6933066248893738,0.535370409488678,6.6050519943237305,6.6050519943237305,False,0.0
shared_e2e_projected,42,42,3,0.18572849035263062,1.2425748109817505,9.021169662475586,7.260061593674201,111,transformer_encoder,0.18572849035263062,4.163838863372803,4.163838863372803,1.2425748109817505,18.042339324951172,18.042339324951172,False,0.0
shared_e2e_projected,42,42,3,0.12908238172531128,0.7890783548355103,7.194818019866943,9.118002002940203,112,transformer_encoder,0.12908238172531128,1.4656723737716675,1.4656723737716675,0.7890783548355103,14.389636039733887,14.389636039733887,False,0.0
shared_e2e_projected,42,42,3,0.026598546653985977,1.5098129510879517,6.273958206176758,4.155453959813912,113,transformer_encoder,0.026598546653985977,0.5039096474647522,0.5039096474647522,1.5098129510879517,12.547916412353516,12.547916412353516,False,0.0
shared_e2e_projected,42,42,3,-0.03429899737238884,0.7376168966293335,34.57538986206055,46.87445477463803,114,transformer_encoder,-0.03429899737238884,-1.749481439590454,-8.940696716308594e-08,0.7376168966293335,69.1507797241211,69.1100845336914,True,0.0005884766578674316
shared_e2e_projected,42,42,3,-0.09940870851278305,0.7616767883300781,12.050458908081055,15.820961190770726,115,transformer_encoder,-0.09940870851278305,-1.8248565196990967,-7.315538823604584e-07,0.7616767883300781,24.10091781616211,23.981542587280273,True,0.004953145980834961
shared_e2e_projected,42,42,3,0.03089861012995243,0.7151049971580505,17.05134391784668,23.844531901764963,116,transformer_encoder,0.03089861012995243,0.7535244822502136,0.7535244822502136,0.7151049971580505,34.10268783569336,34.10268783569336,False,0.0
shared_e2e_projected,42,42,3,0.028816429898142815,1.3372384309768677,8.293695449829102,6.202106713139005,117,transformer_encoder,0.028816429898142815,0.6391857862472534,0.6391857862472534,1.3372384309768677,16.587390899658203,16.587390899658203,False,0.0
shared_e2e_projected,42,42,3,0.16058582067489624,0.9345740079879761,5.585236549377441,5.976237838458374,118,transformer_encoder,0.16058582067489624,1.6764570474624634,1.6764570474624634,0.9345740079879761,11.170473098754883,11.170473098754883,False,0.0
shared_e2e_projected,42,42,3,0.06437235325574875,0.8114565014839172,4.627230644226074,5.702376696427004,119,transformer_encoder,0.06437235325574875,0.48341017961502075,0.48341017961502075,0.8114565014839172,9.254461288452148,9.254461288452148,False,0.0
shared_e2e_projected,42,42,3,0.2675730884075165,0.8314311504364014,6.084631443023682,7.318262540235571,120,transformer_encoder,0.2675730884075165,2.7072789669036865,2.7072789669036865,0.8314311504364014,12.169262886047363,12.169262886047363,False,0.0
shared_e2e_projected,42,42,3,-0.044754818081855774,0.7805953621864319,8.229538917541504,10.54264387952643,121,transformer_encoder,-0.044754818081855774,-0.575004518032074,1.471489667892456e-07,0.7805953621864319,16.459077835083008,16.442588806152344,True,0.0010018348693847656
shared_e2e_projected,42,42,3,0.00917954370379448,0.59072345495224,5.614908695220947,9.50513924603673,122,transformer_encoder,0.00917954370379448,0.06089448928833008,0.06089448928833008,0.59072345495224,11.229817390441895,11.229817390441895,False,0.0
shared_e2e_projected,42,42,3,0.0787687823176384,0.6281349658966064,6.306124687194824,10.03944220521683,123,transformer_encoder,0.0787687823176384,0.6240216493606567,0.6240216493606567,0.6281349658966064,12.612249374389648,12.612249374389648,False,0.0
shared_e2e_projected,42,42,3,-0.026984430849552155,0.925192654132843,2.6055917739868164,2.816269414102692,124,transformer_encoder,-0.026984430849552155,-0.13010135293006897,-2.3283064365386963e-09,0.925192654132843,5.211183547973633,5.209285736083984,True,0.0003641843795776367
shared_e2e_projected,42,42,3,-0.03828752413392067,0.789311408996582,5.413498401641846,6.858507732105122,125,transformer_encoder,-0.03828752413392067,-0.3272002637386322,-1.30385160446167e-07,0.789311408996582,10.826996803283691,10.819058418273926,True,0.0007331967353820801
shared_e2e_projected,42,42,3,0.0058164712972939014,0.38720136880874634,6.270090579986572,16.193358508202,126,transformer_encoder,0.0058164712972939014,0.028242312371730804,0.028242312371730804,0.38720136880874634,12.540181159973145,12.540181159973145,False,0.0
shared_e2e_projected,42,42,3,0.24658524990081787,0.7327600717544556,8.65185546875,11.807214669918855,127,transformer_encoder,0.24658524990081787,3.1265697479248047,3.1265697479248047,0.7327600717544556,17.3037109375,17.3037109375,False,0.0
shared_e2e_projected,42,42,3,-0.08774275332689285,0.6582750678062439,3.354822874069214,5.096384533063722,128,transformer_encoder,-0.08774275332689285,-0.3875415325164795,-6.612390279769897e-08,0.6582750678062439,6.709645748138428,6.683767795562744,True,0.003856837749481201
shared_e2e_projected,42,42,3,0.1142340898513794,0.591461718082428,4.837344169616699,8.178625973122662,129,transformer_encoder,0.1142340898513794,0.6536712050437927,0.6536712050437927,0.591461718082428,9.674688339233398,9.674688339233398,False,0.0
shared_e2e_projected,42,42,3,-0.08217617869377136,0.6019562482833862,6.470685005187988,10.749427427060693,130,transformer_encoder,-0.08217617869377136,-0.6401638388633728,3.3527612686157227e-08,0.6019562482833862,12.941370010375977,12.897600173950195,True,0.0033821463584899902
shared_e2e_projected,42,42,3,0.024631395936012268,0.5509658455848694,5.26989221572876,9.56482558394266,131,transformer_encoder,0.024631395936012268,0.14303602278232574,0.14303602278232574,0.5509658455848694,10.53978443145752,10.53978443145752,False,0.0
shared_e2e_projected,42,42,3,-0.08505969494581223,0.9938321113586426,7.822367191314697,7.870914113069801,132,transformer_encoder,-0.08505969494581223,-1.3225284814834595,-4.7637149691581726e-07,0.9938321113586426,15.644734382629395,15.588035583496094,True,0.003624141216278076
shared_e2e_projected,42,42,3,-0.04057034105062485,0.6129412651062012,7.355040073394775,11.999583797185535,133,transformer_encoder,-0.04057034105062485,-0.36579903960227966,-6.984919309616089e-08,0.6129412651062012,14.71008014678955,14.697969436645508,True,0.0008233189582824707
shared_e2e_projected,42,42,3,0.08580706268548965,1.3356157541275024,8.258563995361328,6.183338261651665,134,transformer_encoder,0.08580706268548965,1.8929498195648193,1.8929498195648193,1.3356157541275024,16.517127990722656,16.517127990722656,False,0.0
shared_e2e_projected,42,42,3,-0.2485402673482895,0.5531665086746216,8.019524574279785,14.497487553059642,135,transformer_encoder,-0.2485402673482895,-2.2051150798797607,6.239861249923706e-07,0.5531665086746216,16.03904914855957,15.5357666015625,True,0.03137856721878052
shared_e2e_projected,42,42,3,-0.032108452171087265,1.26959228515625,5.280252456665039,4.159014290178357,136,transformer_encoder,-0.032108452171087265,-0.4304952025413513,2.514570951461792e-08,1.26959228515625,10.560504913330078,10.555059432983398,True,0.0005156397819519043
shared_e2e_projected,42,42,3,-0.09101014584302902,0.7475239634513855,8.644570350646973,11.564271880642076,137,transformer_encoder,-0.09101014584302902,-1.1762193441390991,-3.282912075519562e-07,0.7475239634513855,17.289140701293945,17.217391967773438,True,0.004149913787841797
shared_e2e_projected,42,42,3,0.10933775454759598,0.7361845374107361,4.179495811462402,5.677239332086861,138,transformer_encoder,0.10933775454759598,0.6728383302688599,0.6728383302688599,0.7361845374107361,8.358991622924805,8.358991622924805,False,0.0
shared_e2e_projected,42,42,3,0.003961712121963501,0.742560625076294,2.380380153656006,3.205637456755043,139,transformer_encoder,0.003961712121963501,0.014005258679389954,0.014005258679389954,0.742560625076294,4.760760307312012,4.760760307312012,False,0.0
shared_e2e_projected,42,42,3,0.04867738485336304,0.709061324596405,3.6838769912719727,5.19542790374136,140,transformer_encoder,0.04867738485336304,0.2542998790740967,0.2542998790740967,0.709061324596405,7.367753982543945,7.367753982543945,False,0.0
shared_e2e_projected,42,42,3,-0.002537335967645049,1.157422661781311,7.090131759643555,6.125793103732401,141,transformer_encoder,-0.002537335967645049,-0.04164417088031769,9.685754776000977e-08,1.157422661781311,14.18026351928711,14.180216789245605,True,3.2782554626464844e-06
shared_e2e_projected,42,42,3,0.28884032368659973,0.6106632351875305,4.638720989227295,7.59620150999065,142,transformer_encoder,0.28884032368659973,1.6363939046859741,1.6363939046859741,0.6106632351875305,9.27744197845459,9.27744197845459,False,0.0
shared_e2e_projected,42,42,3,0.22190535068511963,0.7153325080871582,4.647692680358887,6.497247962052073,143,transformer_encoder,0.22190535068511963,1.4755133390426636,1.4755133390426636,0.7153325080871582,9.295385360717773,9.295385360717773,False,0.0
shared_e2e_projected,42,42,3,-0.01519750151783228,0.8005131483078003,7.873381614685059,9.835418233077808,144,transformer_encoder,-0.01519750151783228,-0.19157196581363678,-1.280568540096283e-08,0.8005131483078003,15.746763229370117,15.744943618774414,True,0.00011557340621948242
shared_e2e_projected,42,42,3,-0.014649721793830395,0.6780118346214294,5.278414726257324,7.785136566538765,145,transformer_encoder,-0.014649721793830395,-0.1048576608300209,1.5832483768463135e-08,0.6780118346214294,10.556829452514648,10.555695533752441,True,0.0001074075698852539
shared_e2e_projected,42,42,3,-0.08945891261100769,0.8653047680854797,3.3345210552215576,3.853579892549667,146,transformer_encoder,-0.08945891261100769,-0.5162453651428223,4.842877388000488e-08,0.8653047680854797,6.669042110443115,6.642303466796875,True,0.004009366035461426
shared_e2e_projected,42,42,3,-0.001976140309125185,0.6303790211677551,4.67039155960083,7.408862609274485,147,transformer_encoder,-0.001976140309125185,-0.011635975912213326,1.4901161193847656e-08,0.6303790211677551,9.34078311920166,9.340766906738281,True,1.7285346984863281e-06
shared_e2e_projected,42,42,3,-0.11029274761676788,1.3245099782943726,26.753032684326172,20.198438005561258,148,transformer_encoder,-0.11029274761676788,-7.816371440887451,-1.1920928955078125e-06,1.3245099782943726,53.506065368652344,53.17963409423828,True,0.006100833415985107
shared_e2e_projected,42,42,3,-0.1546323150396347,1.6494646072387695,8.13011360168457,4.92894092180281,149,transformer_encoder,-0.1546323150396347,-4.147342205047607,-3.390014171600342e-07,1.6494646072387695,16.26022720336914,16.064651489257812,True,0.012027859687805176
shared_e2e_projected,42,42,3,0.05947185680270195,0.998481810092926,6.298802375793457,6.308379694175144,150,transformer_encoder,0.05947185680270195,0.7480654716491699,0.7480654716491699,0.998481810092926,12.597604751586914,12.597604751586914,False,0.0
shared_e2e_projected,42,42,3,0.014517190866172314,0.6852627396583557,9.241525650024414,13.486105569714567,151,transformer_encoder,0.014517190866172314,0.1838710606098175,0.1838710606098175,0.6852627396583557,18.483051300048828,18.483051300048828,False,0.0
shared_e2e_projected,42,42,3,-0.04214419797062874,1.1442337036132812,6.666056156158447,5.825782036578942,152,transformer_encoder,-0.04214419797062874,-0.642911970615387,-2.3096799850463867e-07,1.1442337036132812,13.332112312316895,13.320267677307129,True,0.0008884072303771973
shared_e2e_projected,42,42,3,0.02201930060982704,0.7377703785896301,7.0053324699401855,9.49527478093121,153,transformer_encoder,0.02201930060982704,0.2276058942079544,0.2276058942079544,0.7377703785896301,14.010664939880371,14.010664939880371,False,0.0
shared_e2e_projected,42,42,3,0.1401442140340805,0.8466010689735413,6.401676177978516,7.56162071203171,154,transformer_encoder,0.1401442140340805,1.5190695524215698,1.5190695524215698,0.8466010689735413,12.803352355957031,12.803352355957031,False,0.0
shared_e2e_projected,42,42,3,0.05555135756731033,0.8763744831085205,6.597756862640381,7.528467555602469,155,transformer_encoder,0.05555135756731033,0.6424076557159424,0.6424076557159424,0.8763744831085205,13.195513725280762,13.195513725280762,False,0.0
shared_e2e_projected,42,42,3,0.058684613555669785,0.9754557013511658,7.145753860473633,7.3255544568303765,156,transformer_encoder,0.058684613555669785,0.8181065320968628,0.8181065320968628,0.9754557013511658,14.291507720947266,14.291507720947266,False,0.0
shared_e2e_projected,42,42,3,0.061192020773887634,0.6919035315513611,5.677364349365234,8.205427621731678,157,transformer_encoder,0.061192020773887634,0.4807475805282593,0.4807475805282593,0.6919035315513611,11.354728698730469,11.354728698730469,False,0.0
shared_e2e_projected,42,42,3,0.014247400686144829,0.8403829336166382,10.333051681518555,12.295646744097539,158,transformer_encoder,0.014247400686144829,0.2474408894777298,0.2474408894777298,0.8403829336166382,20.66610336303711,20.66610336303711,False,0.0
shared_e2e_projected,42,42,3,0.6610825061798096,2.7126026153564453,32.02055740356445,11.804367223673433,159,transformer_encoder,0.6610825061798096,114.84199523925781,114.84199523925781,2.7126026153564453,64.0411148071289,64.0411148071289,False,0.0
shared_e2e_projected,42,42,3,0.1181328147649765,0.48292896151542664,6.286481857299805,13.01740495656521,160,transformer_encoder,0.1181328147649765,0.7172845602035522,0.7172845602035522,0.48292896151542664,12.57296371459961,12.57296371459961,False,0.0
shared_e2e_projected,42,42,3,-0.09230489283800125,1.386085867881775,6.65150260925293,4.798766630106256,161,transformer_encoder,-0.09230489283800125,-1.7020198106765747,1.9138678908348083e-07,1.386085867881775,13.30300521850586,13.246212005615234,True,0.0042691826820373535
shared_e2e_projected,42,42,3,0.019908148795366287,0.596706211566925,5.990452289581299,10.039198810836286,162,transformer_encoder,0.019908148795366287,0.14232495427131653,0.14232495427131653,0.596706211566925,11.980904579162598,11.980904579162598,False,0.0
shared_e2e_projected,42,42,3,0.04689125716686249,0.47461777925491333,4.970056056976318,10.471702229062393,163,transformer_encoder,0.04689125716686249,0.22122140228748322,0.22122140228748322,0.47461777925491333,9.940112113952637,9.940112113952637,False,0.0
shared_e2e_projected,42,42,3,0.01828230544924736,0.7555209398269653,5.183064937591553,6.860253190042111,164,transformer_encoder,0.01828230544924736,0.1431838721036911,0.1431838721036911,0.7555209398269653,10.366129875183105,10.366129875183105,False,0.0
shared_e2e_projected,42,42,3,0.1964910626411438,1.1036014556884766,7.285898208618164,6.6019287769722,165,transformer_encoder,0.1964910626411438,3.1598622798919678,3.1598622798919678,1.1036014556884766,14.571796417236328,14.571796417236328,False,0.0
shared_e2e_projected,42,42,3,-0.37634652853012085,1.1056571006774902,13.04102611541748,11.794819666446863,166,transformer_encoder,-0.37634652853012085,-10.853008270263672,-6.16908073425293e-06,1.1056571006774902,26.08205223083496,24.16446876525879,True,0.0735211968421936
shared_e2e_projected,42,42,3,0.008981110528111458,0.6899838447570801,5.625373363494873,8.15290590676855,167,transformer_encoder,0.008981110528111458,0.0697188675403595,0.0697188675403595,0.6899838447570801,11.250746726989746,11.250746726989746,False,0.0
shared_e2e_projected,42,42,3,0.1290225088596344,0.8277108073234558,3.5950236320495605,4.34333296151428,168,transformer_encoder,0.1290225088596344,0.7678490281105042,0.7678490281105042,0.8277108073234558,7.190047264099121,7.190047264099121,False,0.0
shared_e2e_projected,42,42,3,0.009483573026955128,0.43617209792137146,3.8131470680236816,8.742299395572699,169,transformer_encoder,0.009483573026955128,0.031545937061309814,0.031545937061309814,0.43617209792137146,7.626294136047363,7.626294136047363,False,0.0
shared_e2e_projected,42,42,3,-0.10816743969917297,0.7583682537078857,9.425873756408691,12.429151286756557,170,transformer_encoder,-0.10816743969917297,-1.546423077583313,-9.080395102500916e-09,0.7583682537078857,18.851747512817383,18.74114227294922,True,0.005867123603820801
shared_e2e_projected,42,42,3,0.009193801321089268,0.32660648226737976,3.0042147636413574,9.198270477626117,171,transformer_encoder,0.009193801321089268,0.018041841685771942,0.018041841685771942,0.32660648226737976,6.008429527282715,6.008429527282715,False,0.0
shared_e2e_projected,42,42,3,0.007152245379984379,0.6108012795448303,8.87757396697998,14.534308070859899,172,transformer_encoder,0.007152245379984379,0.07756514847278595,0.07756514847278595,0.6108012795448303,17.75514793395996,17.75514793395996,False,0.0
shared_e2e_projected,42,42,3,0.15953420102596283,0.5030443668365479,3.465609073638916,6.889271209680363,173,transformer_encoder,0.15953420102596283,0.5562495589256287,0.5562495589256287,0.5030443668365479,6.931218147277832,6.931218147277832,False,0.0
shared_e2e_projected,42,42,3,-0.061638928949832916,0.5569444298744202,4.1022562980651855,7.365647411161222,174,transformer_encoder,-0.061638928949832916,-0.2816564738750458,-4.6566128730773926e-09,0.5569444298744202,8.204512596130371,8.188912391662598,True,0.001901388168334961
shared_e2e_projected,42,42,3,-0.012550967745482922,1.1191685199737549,14.92382526397705,13.334743604410015,175,transformer_encoder,-0.012550967745482922,-0.4192594587802887,-7.450580596923828e-09,1.1191685199737549,29.8476505279541,29.845298767089844,True,7.87973403930664e-05
shared_e2e_projected,42,42,3,-0.06129169836640358,0.554459810256958,5.906372547149658,10.652480915456104,176,transformer_encoder,-0.06129169836640358,-0.4014417827129364,-2.7939677238464355e-09,0.554459810256958,11.812745094299316,11.790533065795898,True,0.001880347728729248
shared_e2e_projected,42,42,3,0.013132387772202492,0.7257974147796631,3.555478811264038,4.89872068825625,177,transformer_encoder,0.013132387772202492,0.06777776032686234,0.06777776032686234,0.7257974147796631,7.110957622528076,7.110957622528076,False,0.0
shared_e2e_projected,42,42,3,0.22437125444412231,0.9017559885978699,14.535856246948242,16.11950065288713,178,transformer_encoder,0.22437125444412231,5.882025241851807,5.882025241851807,0.9017559885978699,29.071712493896484,29.071712493896484,False,0.0
shared_e2e_projected,42,42,3,-0.03189390152692795,0.6325617432594299,8.931076049804688,14.118900083626812,179,transformer_encoder,-0.03189390152692795,-0.36036646366119385,-6.100162863731384e-08,0.6325617432594299,17.862152099609375,17.853065490722656,True,0.000508725643157959
shared_e2e_projected,42,42,3,0.05638958886265755,0.7905884981155396,10.677511215209961,13.505776065122452,180,transformer_encoder,0.05638958886265755,0.952027440071106,0.952027440071106,0.7905884981155396,21.355022430419922,21.355022430419922,False,0.0
shared_e2e_projected,42,42,3,-0.04316223785281181,0.5105260014533997,5.005340576171875,9.804281391980695,181,transformer_encoder,-0.04316223785281181,-0.22058981657028198,9.546056389808655e-09,0.5105260014533997,10.01068115234375,10.001352310180664,True,0.0009319186210632324
shared_e2e_projected,42,42,3,0.06884212791919708,0.6019631624221802,3.327120542526245,5.527116525101923,182,transformer_encoder,0.06884212791919708,0.27575457096099854,0.27575457096099854,0.6019631624221802,6.65424108505249,6.65424108505249,False,0.0
shared_e2e_projected,42,42,3,-0.09633804112672806,0.754158616065979,4.155791759490967,5.5105009356909465,183,transformer_encoder,-0.09633804112672806,-0.6038711667060852,0.0,0.754158616065979,8.311583518981934,8.272924423217773,True,0.004651248455047607
shared_e2e_projected,42,42,3,0.3012683391571045,0.4788583219051361,5.379924774169922,11.234898774998648,184,transformer_encoder,0.3012683391571045,1.5522680282592773,1.5522680282592773,0.4788583219051361,10.759849548339844,10.759849548339844,False,0.0
shared_e2e_projected,42,42,3,0.005826645065099001,1.0093750953674316,5.349195957183838,5.299512521890219,185,transformer_encoder,0.005826645065099001,0.06292013823986053,0.06292013823986053,1.0093750953674316,10.698391914367676,10.698391914367676,False,0.0
shared_e2e_projected,42,42,3,0.073390431702137,1.4924211502075195,7.2900519371032715,4.884714972103952,186,transformer_encoder,0.073390431702137,1.5969505310058594,1.5969505310058594,1.4924211502075195,14.580103874206543,14.580103874206543,False,0.0
shared_e2e_projected,42,42,3,0.10692872852087021,1.0807394981384277,8.51491928100586,7.878789750603912,187,transformer_encoder,0.10692872852087021,1.9680039882659912,1.9680039882659912,1.0807394981384277,17.02983856201172,17.02983856201172,False,0.0
shared_e2e_projected,42,42,3,0.019260473549365997,1.0030449628829956,10.728178024291992,10.695610287954185,188,transformer_encoder,0.019260473549365997,0.41451793909072876,0.41451793909072876,1.0030449628829956,21.456356048583984,21.456356048583984,False,0.0
shared_e2e_projected,42,42,3,-0.0023116052616387606,0.6142094135284424,2.470144748687744,4.021665403168488,189,transformer_encoder,-0.0023116052616387606,-0.00701427087187767,1.0244548320770264e-08,0.6142094135284424,4.940289497375488,4.940276145935059,True,2.682209014892578e-06
shared_e2e_projected,42,42,3,0.25429555773735046,0.9101893305778503,35.185550689697266,38.65739743110269,190,transformer_encoder,0.25429555773735046,16.287891387939453,16.287891387939453,0.9101893305778503,70.37110137939453,70.37110137939453,False,0.0
shared_e2e_projected,42,42,3,0.018829813227057457,1.037983775138855,8.395550727844238,8.088325587479567,191,transformer_encoder,0.018829813227057457,0.32818275690078735,0.32818275690078735,1.037983775138855,16.791101455688477,16.791101455688477,False,0.0
shared_e2e_projected,42,42,3,0.04960969462990761,0.6855255365371704,4.770341396331787,6.958663305860862,192,transformer_encoder,0.04960969462990761,0.324466347694397,0.324466347694397,0.6855255365371704,9.540682792663574,9.540682792663574,False,0.0
shared_e2e_projected,42,42,3,-0.15851335227489471,0.8587765693664551,4.124462127685547,4.80271851236962,193,transformer_encoder,-0.15851335227489471,-1.1229058504104614,-2.8219074010849e-07,0.8587765693664551,8.248924255371094,8.144632339477539,True,0.012643098831176758
shared_e2e_projected,42,42,3,0.21644708514213562,1.9624593257904053,9.047601699829102,4.610338456918115,194,transformer_encoder,0.21644708514213562,7.68627405166626,7.68627405166626,1.9624593257904053,18.095203399658203,18.095203399658203,False,0.0
shared_e2e_projected,42,42,3,0.15996922552585602,0.8921758532524109,6.41802453994751,7.193676579063105,195,transformer_encoder,0.15996922552585602,1.8319697380065918,1.8319697380065918,0.8921758532524109,12.83604907989502,12.83604907989502,False,0.0
shared_e2e_projected,42,42,3,0.11858086287975311,0.6908243894577026,5.706329822540283,8.260174234757047,196,transformer_encoder,0.11858086287975311,0.9349085688591003,0.9349085688591003,0.6908243894577026,11.412659645080566,11.412659645080566,False,0.0
shared_e2e_projected,42,42,3,0.06947686523199081,0.5762585401535034,4.07957649230957,7.079420447674155,197,transformer_encoder,0.06947686523199081,0.3266650438308716,0.3266650438308716,0.5762585401535034,8.15915298461914,8.15915298461914,False,0.0
shared_e2e_projected,42,42,3,-0.2630455791950226,0.931642472743988,10.20900821685791,10.95807513668745,198,transformer_encoder,-0.2630455791950226,-5.003729820251465,1.4081597328186035e-06,0.931642472743988,20.41801643371582,19.698965072631836,True,0.03521651029586792
shared_e2e_projected,42,42,3,0.1275222897529602,0.7526131868362427,3.3291139602661133,4.423406363979215,199,transformer_encoder,0.1275222897529602,0.6390231251716614,0.6390231251716614,0.7526131868362427,6.658227920532227,6.658227920532227,False,0.0
shared_e2e_projected,42,42,4,0.28689420223236084,1.413852572441101,20.561832427978516,14.54312339827432,0,transformer_encoder,0.28689420223236084,16.680831909179688,16.680831909179688,1.413852572441101,41.12366485595703,41.12366485595703,False,0.0
shared_e2e_projected,42,42,4,-0.12228913605213165,0.4324601888656616,2.8727152347564697,6.642727605265979,1,transformer_encoder,-0.12228913605213165,-0.30384814739227295,2.270098775625229e-09,0.4324601888656616,5.7454304695129395,5.7023091316223145,True,0.007505357265472412
shared_e2e_projected,42,42,4,0.04504471272230148,0.6992312073707581,2.1266422271728516,3.04140061935941,2,transformer_encoder,0.04504471272230148,0.13396430015563965,0.13396430015563965,0.6992312073707581,4.253284454345703,4.253284454345703,False,0.0
shared_e2e_projected,42,42,4,0.016769753769040108,1.1094032526016235,10.85200309753418,9.781838183803337,3,transformer_encoder,0.016769753769040108,0.4037904441356659,0.4037904441356659,1.1094032526016235,21.70400619506836,21.70400619506836,False,0.0
shared_e2e_projected,42,42,4,0.02909686788916588,1.048250675201416,2.563340663909912,2.4453508350160416,4,transformer_encoder,0.02909686788916588,0.1563679426908493,0.1563679426908493,1.048250675201416,5.126681327819824,5.126681327819824,False,0.0
shared_e2e_projected,42,42,4,-0.14254698157310486,0.594293475151062,6.942574501037598,11.682064150667111,5,transformer_encoder,-0.14254698157310486,-1.176276683807373,-3.4924596548080444e-08,0.594293475151062,13.885149002075195,13.743354797363281,True,0.010211944580078125
shared_e2e_projected,42,42,4,0.0206435639411211,0.6761146187782288,7.924248695373535,11.720274159569318,6,transformer_encoder,0.0206435639411211,0.22120405733585358,0.22120405733585358,0.6761146187782288,15.84849739074707,15.84849739074707,False,0.0
shared_e2e_projected,42,42,4,-0.021486593410372734,0.9977133274078369,7.808385848999023,7.826281993532173,7,transformer_encoder,-0.021486593410372734,-0.3347839415073395,-9.313225746154785e-09,0.9977133274078369,15.616771697998047,15.613167762756348,True,0.0002307891845703125
shared_e2e_projected,42,42,4,0.016181999817490578,0.8912843465805054,6.138859748840332,6.887655743526333,8,transformer_encoder,0.016181999817490578,0.17707863450050354,0.17707863450050354,0.8912843465805054,12.277719497680664,12.277719497680664,False,0.0
shared_e2e_projected,42,42,4,0.04835515096783638,1.7005287408828735,7.765108108520508,4.566290425934849,9,transformer_encoder,0.04835515096783638,1.2770391702651978,1.2770391702651978,1.7005287408828735,15.530216217041016,15.530216217041016,False,0.0
shared_e2e_projected,42,42,4,0.02624732255935669,0.7560011744499207,3.117225170135498,4.123307311531155,10,transformer_encoder,0.02624732255935669,0.12371023744344711,0.12371023744344711,0.7560011744499207,6.234450340270996,6.234450340270996,False,0.0
shared_e2e_projected,42,42,4,0.197670117020607,0.8763561844825745,4.825199604034424,5.505979976490219,11,transformer_encoder,0.197670117020607,1.6717331409454346,1.6717331409454346,0.8763561844825745,9.650399208068848,9.650399208068848,False,0.0
shared_e2e_projected,42,42,4,0.026423940435051918,0.8065299391746521,4.799108028411865,5.950316033305529,12,transformer_encoder,0.026423940435051918,0.20455428957939148,0.20455428957939148,0.8065299391746521,9.59821605682373,9.59821605682373,False,0.0
shared_e2e_projected,42,42,4,-0.02810949645936489,0.698013961315155,4.923781394958496,7.053986979975887,13,transformer_encoder,-0.02810949645936489,-0.19321726262569427,-1.3085082173347473e-07,0.698013961315155,9.847562789916992,9.843670845031738,True,0.00039523839950561523
shared_e2e_projected,42,42,4,0.17177844047546387,0.8334822058677673,3.978961229324341,4.773900631965748,14,transformer_encoder,0.17177844047546387,1.1393697261810303,1.1393697261810303,0.8334822058677673,7.957922458648682,7.957922458648682,False,0.0
shared_e2e_projected,42,42,4,0.03327333182096481,0.9153477549552917,2.495272636413574,2.7260378614633196,15,transformer_encoder,0.03327333182096481,0.15199537575244904,0.15199537575244904,0.9153477549552917,4.990545272827148,4.990545272827148,False,0.0
shared_e2e_projected,42,42,4,-0.17769497632980347,1.6604846715927124,7.30851411819458,4.401434257856991,16,transformer_encoder,-0.17769497632980347,-4.312897205352783,-1.0766088962554932e-06,1.6604846715927124,14.61702823638916,14.384408950805664,True,0.01591426134109497
shared_e2e_projected,42,42,4,0.02387646585702896,0.5786511301994324,4.567420959472656,7.8932204934923265,17,transformer_encoder,0.02387646585702896,0.12620829045772552,0.12620829045772552,0.5786511301994324,9.134841918945312,9.134841918945312,False,0.0
shared_e2e_projected,42,42,4,-0.19690600037574768,0.8883218765258789,4.199132919311523,4.72703986052199,18,transformer_encoder,-0.19690600037574768,-1.4689903259277344,-1.2665987014770508e-07,0.8883218765258789,8.398265838623047,8.233846664428711,True,0.019577741622924805
shared_e2e_projected,42,42,4,-0.01128829549998045,0.6966540217399597,6.563501834869385,9.421465505182063,19,transformer_encoder,-0.01128829549998045,-0.10323122888803482,-3.2223761081695557e-07,0.6966540217399597,13.12700366973877,13.126167297363281,True,6.371736526489258e-05
shared_e2e_projected,42,42,4,-0.05027274787425995,0.7053788900375366,7.262453556060791,10.295819252082127,20,transformer_encoder,-0.05027274787425995,-0.5150725841522217,-6.798654794692993e-08,0.7053788900375366,14.524907112121582,14.506540298461914,True,0.0012645125389099121
shared_e2e_projected,42,42,4,-0.015147161670029163,0.8861698508262634,5.30441427230835,5.98577605338584,21,transformer_encoder,-0.015147161670029163,-0.14240185916423798,-3.236345946788788e-08,0.8861698508262634,10.6088285446167,10.607610702514648,True,0.00011479854583740234
shared_e2e_projected,42,42,4,9.26361171877943e-05,1.0862905979156494,3.4667630195617676,3.1913771749601043,22,transformer_encoder,9.26361171877943e-05,0.000697718933224678,0.000697718933224678,1.0862905979156494,6.933526039123535,6.933526039123535,False,0.0
shared_e2e_projected,42,42,4,-0.07166626304388046,0.567154049873352,6.661776065826416,11.74597283985545,23,transformer_encoder,-0.07166626304388046,-0.5415465831756592,5.029141902923584e-08,0.567154049873352,13.323552131652832,13.289292335510254,True,0.0025713443756103516
shared_e2e_projected,42,42,4,-0.1817648857831955,0.6090635061264038,8.119272232055664,13.330748190272637,24,transformer_encoder,-0.1817648857831955,-1.7977100610733032,-1.4528632164001465e-07,0.6090635061264038,16.238544464111328,15.968043327331543,True,0.01665794849395752
shared_e2e_projected,42,42,4,-0.17724822461605072,0.7010650038719177,5.294179439544678,7.551624186495418,25,transformer_encoder,-0.17724822461605072,-1.315736174583435,-9.872019290924072e-08,0.7010650038719177,10.588358879089355,10.42070484161377,True,0.015833795070648193
shared_e2e_projected,42,42,4,-0.19804790616035461,0.6055493354797363,5.8342719078063965,9.634676426792364,26,transformer_encoder,-0.19804790616035461,-1.399382472038269,2.0675361156463623e-07,0.6055493354797363,11.668543815612793,11.437417030334473,True,0.01980769634246826
shared_e2e_projected,42,42,4,0.1798778623342514,0.8906826376914978,5.031796455383301,5.649370766252821,27,transformer_encoder,0.1798778623342514,1.612329363822937,1.612329363822937,0.8906826376914978,10.063592910766602,10.063592910766602,False,0.0
shared_e2e_projected,42,42,4,0.04549668729305267,1.0349682569503784,2.772524118423462,2.6788494234527915,28,transformer_encoder,0.04549668729305267,0.26110315322875977,0.26110315322875977,1.0349682569503784,5.545048236846924,5.545048236846924,False,0.0
shared_e2e_projected,42,42,4,-0.08234042674303055,0.8744881749153137,5.133320331573486,5.870085472648732,29,transformer_encoder,-0.08234042674303055,-0.7392569780349731,-1.6763806343078613e-08,0.8744881749153137,10.266640663146973,10.231776237487793,True,0.0033959150314331055
shared_e2e_projected,42,42,4,-0.2924208641052246,0.9987127780914307,8.295660018920898,8.306352137372416,30,transformer_encoder,-0.2924208641052246,-4.84540319442749,2.7194619178771973e-07,0.9987127780914307,16.591320037841797,15.86611270904541,True,0.04371005296707153
shared_e2e_projected,42,42,4,0.10651999711990356,0.8019995093345642,5.496339321136475,6.853295116971958,31,transformer_encoder,0.10651999711990356,0.9390934109687805,0.9390934109687805,0.8019995093345642,10.99267864227295,10.99267864227295,False,0.0
shared_e2e_projected,42,42,4,0.1494946926832199,0.5414984822273254,2.900146722793579,5.355779966112766,32,transformer_encoder,0.1494946926832199,0.46954041719436646,0.46954041719436646,0.5414984822273254,5.800293445587158,5.800293445587158,False,0.0
shared_e2e_projected,42,42,4,0.019668199121952057,1.080054521560669,6.739828109741211,6.240266556175535,33,transformer_encoder,0.019668199121952057,0.28634464740753174,0.28634464740753174,1.080054521560669,13.479656219482422,13.479656219482422,False,0.0
shared_e2e_projected,42,42,4,0.020894356071949005,0.7952094674110413,4.168006420135498,5.241394363305623,34,transformer_encoder,0.020894356071949005,0.13850609958171844,0.13850609958171844,0.7952094674110413,8.336012840270996,8.336012840270996,False,0.0
shared_e2e_projected,42,42,4,0.23003466427326202,0.7956711053848267,4.629047870635986,5.817790591248309,35,transformer_encoder,0.23003466427326202,1.6945271492004395,1.6945271492004395,0.7956711053848267,9.258095741271973,9.258095741271973,False,0.0
shared_e2e_projected,42,42,4,-0.09276538342237473,1.0262634754180908,4.367574214935303,4.255802062093256,36,transformer_encoder,-0.09276538342237473,-0.8316011428833008,-1.2293457984924316e-07,1.0262634754180908,8.735148429870605,8.697482109069824,True,0.004312038421630859
shared_e2e_projected,42,42,4,0.10650139302015305,1.4925497770309448,16.526884078979492,11.07291986727277,37,transformer_encoder,0.10650139302015305,5.254181385040283,5.254181385040283,1.4925497770309448,33.053768157958984,33.053768157958984,False,0.0
shared_e2e_projected,42,42,4,0.37139004468917847,0.7892487049102783,4.575863838195801,5.79774640075714,38,transformer_encoder,0.37139004468917847,2.6825461387634277,2.6825461387634277,0.7892487049102783,9.151727676391602,9.151727676391602,False,0.0
shared_e2e_projected,42,42,4,-0.0031644825357943773,0.8049045205116272,2.8183746337890625,3.501501807938163,39,transformer_encoder,-0.0031644825357943773,-0.014357399195432663,1.3504177331924438e-08,0.8049045205116272,5.636749267578125,5.636720180511475,True,5.185604095458984e-06
shared_e2e_projected,42,42,4,0.020988350734114647,0.6964597702026367,4.891603469848633,7.0235262381708115,40,transformer_encoder,0.020988350734114647,0.14300644397735596,0.14300644397735596,0.6964597702026367,9.783206939697266,9.783206939697266,False,0.0
shared_e2e_projected,42,42,4,0.19829876720905304,0.8764619827270508,6.444525718688965,7.3528867716968955,41,transformer_encoder,0.19829876720905304,2.2401342391967773,2.2401342391967773,0.8764619827270508,12.88905143737793,12.88905143737793,False,0.0
shared_e2e_projected,42,42,4,0.017267955467104912,0.6822510361671448,5.4848833084106445,8.039391686708854,42,transformer_encoder,0.017267955467104912,0.12923569977283478,0.12923569977283478,0.6822510361671448,10.969766616821289,10.969766616821289,False,0.0
shared_e2e_projected,42,42,4,-0.027787460014224052,0.6185690760612488,5.746018886566162,9.289211357208567,43,transformer_encoder,-0.027787460014224052,-0.19753047823905945,7.404014468193054e-08,0.6185690760612488,11.492037773132324,11.487602233886719,True,0.0003859400749206543
shared_e2e_projected,42,42,4,0.23031623661518097,0.9334937930107117,15.379084587097168,16.47475827075017,44,transformer_encoder,0.23031623661518097,6.612968921661377,6.612968921661377,0.9334937930107117,30.758169174194336,30.758169174194336,False,0.0
shared_e2e_projected,42,42,4,0.08933089673519135,1.496641993522644,2.8493080139160156,1.903800659240894,45,transformer_encoder,0.08933089673519135,0.7618842720985413,0.7618842720985413,1.496641993522644,5.698616027832031,5.698616027832031,False,0.0
shared_e2e_projected,42,42,4,0.14645898342132568,0.87227463722229,6.188811779022217,7.095026629147608,46,transformer_encoder,0.14645898342132568,1.581271767616272,1.581271767616272,0.87227463722229,12.377623558044434,12.377623558044434,False,0.0
shared_e2e_projected,42,42,4,-0.02604329213500023,0.8673268556594849,13.46851921081543,15.528769947489335,47,transformer_encoder,-0.02604329213500023,-0.6084550619125366,1.7049023881554604e-07,0.8673268556594849,26.93703842163086,26.92790412902832,True,0.00033909082412719727
shared_e2e_projected,42,42,4,0.017620058730244637,0.47562235593795776,2.3033745288848877,4.84286430216781,48,transformer_encoder,0.017620058730244637,0.038606833666563034,0.038606833666563034,0.47562235593795776,4.606749057769775,4.606749057769775,False,0.0
shared_e2e_projected,42,42,4,-0.068092942237854,0.6151421666145325,7.224658489227295,11.744697212009683,49,transformer_encoder,-0.068092942237854,-0.6052362322807312,2.9103830456733704e-08,0.6151421666145325,14.44931697845459,14.415779113769531,True,0.0023210644721984863
shared_e2e_projected,42,42,4,-0.060882676392793655,0.5151943564414978,3.9127113819122314,7.594631682182516,50,transformer_encoder,-0.060882676392793655,-0.24545544385910034,5.2852556109428406e-08,0.5151943564414978,7.825422763824463,7.810906410217285,True,0.001855015754699707
shared_e2e_projected,42,42,4,0.4073406457901001,1.1717201471328735,4.801961421966553,4.098215289475609,51,transformer_encoder,0.4073406457901001,4.58384895324707,4.58384895324707,1.1717201471328735,9.603922843933105,9.603922843933105,False,0.0
shared_e2e_projected,42,42,4,0.1254521608352661,0.746181845664978,4.831581115722656,6.475071919522346,52,transformer_encoder,0.1254521608352661,0.9045698642730713,0.9045698642730713,0.746181845664978,9.663162231445312,9.663162231445312,False,0.0
shared_e2e_projected,42,42,4,0.013581936247646809,0.6460260152816772,4.246896743774414,6.573878827345214,53,transformer_encoder,0.013581936247646809,0.07452695816755295,0.07452695816755295,0.6460260152816772,8.493793487548828,8.493793487548828,False,0.0
shared_e2e_projected,42,42,4,0.08099523186683655,0.8405921459197998,6.268265247344971,7.456963853125295,54,transformer_encoder,0.08099523186683655,0.8535365462303162,0.8535365462303162,0.8405921459197998,12.536530494689941,12.536530494689941,False,0.0
shared_e2e_projected,42,42,4,-0.059798210859298706,0.9992401599884033,7.82722282409668,7.833174783715177,55,transformer_encoder,-0.059798210859298706,-0.9353965520858765,4.284083843231201e-08,0.9992401599884033,15.65444564819336,15.626429557800293,True,0.0017896294593811035
shared_e2e_projected,42,42,4,0.1874866634607315,0.6459171772003174,2.945155143737793,4.559648276429744,56,transformer_encoder,0.1874866634607315,0.7133216261863708,0.7133216261863708,0.6459171772003174,5.890310287475586,5.890310287475586,False,0.0
shared_e2e_projected,42,42,4,0.3287372291088104,0.9068954586982727,4.216028213500977,4.648858005698387,57,transformer_encoder,0.3287372291088104,2.5138514041900635,2.5138514041900635,0.9068954586982727,8.432056427001953,8.432056427001953,False,0.0
shared_e2e_projected,42,42,4,0.06840424239635468,0.7516563534736633,3.989377975463867,5.307449284540169,58,transformer_encoder,0.06840424239635468,0.410239577293396,0.410239577293396,0.7516563534736633,7.978755950927734,7.978755950927734,False,0.0
shared_e2e_projected,42,42,4,0.24666419625282288,0.8355177640914917,5.870800971984863,7.026542372044639,59,transformer_encoder,0.24666419625282288,2.419853925704956,2.419853925704956,0.8355177640914917,11.741601943969727,11.741601943969727,False,0.0
shared_e2e_projected,42,42,4,0.19200846552848816,0.9529452323913574,4.797661304473877,5.034561422207277,60,transformer_encoder,0.19200846552848816,1.7556902170181274,1.7556902170181274,0.9529452323913574,9.595322608947754,9.595322608947754,False,0.0
shared_e2e_projected,42,42,4,0.10351067036390305,0.4794009327888489,4.498841285705566,9.38429814797017,61,transformer_encoder,0.10351067036390305,0.4464930295944214,0.4464930295944214,0.4794009327888489,8.997682571411133,8.997682571411133,False,0.0
shared_e2e_projected,42,42,4,-0.08442623913288116,0.9528173208236694,6.895723342895508,7.2371935230296325,62,transformer_encoder,-0.08442623913288116,-1.1094223260879517,-1.8812716007232666e-07,0.9528173208236694,13.791446685791016,13.742208480834961,True,0.0035701990127563477
shared_e2e_projected,42,42,4,-0.07312554866075516,0.8487101197242737,4.666892051696777,5.4988057090835,63,transformer_encoder,-0.07312554866075516,-0.579276978969574,-1.7601996660232544e-07,0.8487101197242737,9.333784103393555,9.308796882629395,True,0.0026770830154418945
shared_e2e_projected,42,42,4,0.05616520717740059,1.0126488208770752,6.570869445800781,6.488793854625359,64,transformer_encoder,0.05616520717740059,0.7474446892738342,0.7474446892738342,1.0126488208770752,13.141738891601562,13.141738891601562,False,0.0
shared_e2e_projected,42,42,4,0.5600824356079102,1.1008270978927612,9.618611335754395,8.737622242554394,65,transformer_encoder,0.5600824356079102,11.860784530639648,11.860784530639648,1.1008270978927612,19.23722267150879,19.23722267150879,False,0.0
shared_e2e_projected,42,42,4,-0.025253906846046448,0.6961905360221863,2.7906317710876465,4.008431064048125,66,transformer_encoder,-0.025253906846046448,-0.09812715649604797,2.0139850676059723e-08,0.6961905360221863,5.581263542175293,5.579483509063721,True,0.00031894445419311523
shared_e2e_projected,42,42,4,-0.08056224137544632,1.4124476909637451,5.818840980529785,4.119686001652534,67,transformer_encoder,-0.08056224137544632,-1.3242511749267578,8.754432201385498e-08,1.4124476909637451,11.63768196105957,11.599855422973633,True,0.0032503604888916016
shared_e2e_projected,42,42,4,0.015733210369944572,1.5077959299087524,4.165463924407959,2.7626178329450997,68,transformer_encoder,0.015733210369944572,0.19763019680976868,0.19763019680976868,1.5077959299087524,8.330927848815918,8.330927848815918,False,0.0
shared_e2e_projected,42,42,4,-0.11617740243673325,0.926217794418335,3.1580164432525635,3.4095829968758036,69,transformer_encoder,-0.11617740243673325,-0.6796403527259827,1.434236764907837e-07,0.926217794418335,6.316032886505127,6.273262977600098,True,0.0067716240882873535
shared_e2e_projected,42,42,4,0.12967921793460846,1.0904033184051514,4.4238409996032715,4.057068540541202,70,transformer_encoder,0.12967921793460846,1.2510857582092285,1.2510857582092285,1.0904033184051514,8.847681999206543,8.847681999206543,False,0.0
shared_e2e_projected,42,42,4,0.08751083165407181,0.628549337387085,3.958749294281006,6.298231592666616,71,transformer_encoder,0.08751083165407181,0.4355010390281677,0.4355010390281677,0.628549337387085,7.917498588562012,7.917498588562012,False,0.0
shared_e2e_projected,42,42,4,-0.1376923769712448,1.0261080265045166,4.619928359985352,4.502380100975671,72,transformer_encoder,-0.1376923769712448,-1.305474042892456,5.634501576423645e-07,1.0261080265045166,9.239856719970703,9.151846885681152,True,0.009525001049041748
shared_e2e_projected,42,42,4,0.07121902704238892,1.1108304262161255,5.652261734008789,5.088320953957263,73,transformer_encoder,0.07121902704238892,0.894326388835907,0.894326388835907,1.1108304262161255,11.304523468017578,11.304523468017578,False,0.0
shared_e2e_projected,42,42,4,0.011742671020328999,1.0878169536590576,4.507171630859375,4.143318060725875,74,transformer_encoder,0.011742671020328999,0.11514811217784882,0.11514811217784882,1.0878169536590576,9.01434326171875,9.01434326171875,False,0.0
shared_e2e_projected,42,42,4,0.010914596728980541,0.9998627305030823,14.305378913879395,14.307342875638163,75,transformer_encoder,0.010914596728980541,0.31223201751708984,0.31223201751708984,0.9998627305030823,28.61075782775879,28.61075782775879,False,0.0
shared_e2e_projected,42,42,4,-0.15811097621917725,0.8000715970993042,2.882819890975952,3.6032023901707624,76,transformer_encoder,-0.15811097621917725,-0.7293540239334106,-2.3283064365386963e-09,0.8000715970993042,5.765639781951904,5.693115711212158,True,0.01257866621017456
shared_e2e_projected,42,42,4,-0.12482096999883652,1.0995447635650635,5.0139079093933105,4.559985255294813,77,transformer_encoder,-0.12482096999883652,-1.3762800693511963,-5.774199962615967e-08,1.0995447635650635,10.027815818786621,9.94939136505127,True,0.007820665836334229
shared_e2e_projected,42,42,4,-0.011308290995657444,0.6036675572395325,4.144794940948486,6.866022351610078,78,transformer_encoder,-0.011308290995657444,-0.05658845975995064,4.6566128730773926e-09,0.6036675572395325,8.289589881896973,8.289060592651367,True,6.383657455444336e-05
shared_e2e_projected,42,42,4,-0.014818382449448109,0.702991247177124,4.441716194152832,6.318309384346727,79,transformer_encoder,-0.014818382449448109,-0.0925404280424118,-3.888271749019623e-08,0.702991247177124,8.883432388305664,8.882458686828613,True,0.00010961294174194336
shared_e2e_projected,42,42,4,0.07817257940769196,0.6911263465881348,5.432352066040039,7.860143218179698,80,transformer_encoder,0.07817257940769196,0.5869888067245483,0.5869888067245483,0.6911263465881348,10.864704132080078,10.864704132080078,False,0.0
shared_e2e_projected,42,42,4,0.286475270986557,0.9039389491081238,4.323715686798096,4.783194364026589,81,transformer_encoder,0.286475270986557,2.2393054962158203,2.2393054962158203,0.9039389491081238,8.647431373596191,8.647431373596191,False,0.0
shared_e2e_projected,42,42,4,0.021899256855249405,1.0536601543426514,6.183652877807617,5.868735618711351,82,transformer_encoder,0.021899256855249405,0.28536784648895264,0.28536784648895264,1.0536601543426514,12.367305755615234,12.367305755615234,False,0.0
shared_e2e_projected,42,42,4,-0.07610677927732468,1.1641889810562134,7.08388090133667,6.084820434316258,83,transformer_encoder,-0.07610677927732468,-1.255301594734192,-2.980232238769531e-07,1.1641889810562134,14.16776180267334,14.126669883728027,True,0.002900362014770508
shared_e2e_projected,42,42,4,0.022164838388562202,0.7458386421203613,3.6373960971832275,4.876920947461763,84,transformer_encoder,0.022164838388562202,0.12026245146989822,0.12026245146989822,0.7458386421203613,7.274792194366455,7.274792194366455,False,0.0
shared_e2e_projected,42,42,4,0.17142076790332794,0.9217932224273682,1.919020414352417,2.0818339380919286,85,transformer_encoder,0.17142076790332794,0.6064661145210266,0.6064661145210266,0.9217932224273682,3.838040828704834,3.838040828704834,False,0.0
shared_e2e_projected,42,42,4,-0.1245138943195343,1.062658667564392,5.855884552001953,5.51059783422612,86,transformer_encoder,-0.1245138943195343,-1.5496517419815063,-2.384185791015625e-07,1.062658667564392,11.711769104003906,11.620623588562012,True,0.007782399654388428
shared_e2e_projected,42,42,4,-0.12693162262439728,1.2655060291290283,5.8181047439575195,4.597453200568133,87,transformer_encoder,-0.12693162262439728,-1.8691562414169312,-2.300366759300232e-07,1.2655060291290283,11.636209487915039,11.542091369628906,True,0.008088409900665283
shared_e2e_projected,42,42,4,-0.04432189092040062,0.5271959900856018,3.6518638134002686,6.926956733504951,88,transformer_encoder,-0.04432189092040062,-0.17066125571727753,9.837094694375992e-09,0.5271959900856018,7.303727626800537,7.2965497970581055,True,0.0009827613830566406
shared_e2e_projected,42,42,4,0.11298134922981262,1.3483470678329468,4.667416572570801,3.4615839526185477,89,transformer_encoder,0.11298134922981262,1.4220504760742188,1.4220504760742188,1.3483470678329468,9.334833145141602,9.334833145141602,False,0.0
shared_e2e_projected,42,42,4,0.01695554330945015,0.7598673105239868,3.3991899490356445,4.473399371123943,90,transformer_encoder,0.01695554330945015,0.08759007602930069,0.08759007602930069,0.7598673105239868,6.798379898071289,6.798379898071289,False,0.0
shared_e2e_projected,42,42,4,0.07369653135538101,0.49768340587615967,2.887989044189453,5.8028638489668305,91,transformer_encoder,0.07369653135538101,0.2118486762046814,0.2118486762046814,0.49768340587615967,5.775978088378906,5.775978088378906,False,0.0
shared_e2e_projected,42,42,4,-0.04933584854006767,0.6998159885406494,5.020761489868164,7.174402374455794,92,transformer_encoder,-0.04933584854006767,-0.3466937839984894,3.4831464290618896e-07,0.6998159885406494,10.041522979736328,10.029294967651367,True,0.0012177228927612305
shared_e2e_projected,42,42,4,0.08593755960464478,0.7350155711174011,3.794435739517212,5.162388238590311,93,transformer_encoder,0.08593755960464478,0.4793544411659241,0.4793544411659241,0.7350155711174011,7.588871479034424,7.588871479034424,False,0.0
shared_e2e_projected,42,42,4,0.06188685819506645,0.7281981110572815,8.388773918151855,11.519906177691222,94,transformer_encoder,0.06188685819506645,0.7560951709747314,0.7560951709747314,0.7281981110572815,16.77754783630371,16.77754783630371,False,0.0
shared_e2e_projected,42,42,4,-0.05653839930891991,0.6351646780967712,9.807953834533691,15.441592035505774,95,transformer_encoder,-0.05653839930891991,-0.7044306397438049,-7.729977369308472e-08,0.6351646780967712,19.615907669067383,19.584531784057617,True,0.0015994906425476074
shared_e2e_projected,42,42,4,0.07536777853965759,1.0924988985061646,9.538373947143555,8.73078587098432,96,transformer_encoder,0.07536777853965759,1.570764422416687,1.570764422416687,1.0924988985061646,19.07674789428711,19.07674789428711,False,0.0
shared_e2e_projected,42,42,4,-0.043239936232566833,2.065730571746826,9.262866973876953,4.484063459468518,97,transformer_encoder,-0.043239936232566833,-1.654756784439087,-7.450580596923828e-09,2.065730571746826,18.525733947753906,18.508407592773438,True,0.0009352564811706543
shared_e2e_projected,42,42,4,-0.021086735650897026,0.7820219397544861,13.625247955322266,17.42310191399474,98,transformer_encoder,-0.021086735650897026,-0.44936859607696533,-2.2351741790771484e-08,0.7820219397544861,27.25049591064453,27.24443817138672,True,0.00022232532501220703
shared_e2e_projected,42,42,4,0.03915363922715187,0.9892269968986511,5.963442802429199,6.028386630293481,99,transformer_encoder,0.03915363922715187,0.4619501829147339,0.4619501829147339,0.9892269968986511,11.926885604858398,11.926885604858398,False,0.0
shared_e2e_projected,42,42,4,0.05246365815401077,1.229501724243164,3.210888624191284,2.611536495540735,100,transformer_encoder,0.05246365815401077,0.4142313301563263,0.4142313301563263,1.229501724243164,6.421777248382568,6.421777248382568,False,0.0
shared_e2e_projected,42,42,4,0.07715030759572983,1.0829137563705444,9.913984298706055,9.15491583737325,101,transformer_encoder,0.07715030759572983,1.6565698385238647,1.6565698385238647,1.0829137563705444,19.82796859741211,19.82796859741211,False,0.0
shared_e2e_projected,42,42,4,0.05193645507097244,0.34457939863204956,4.814738750457764,13.972799214264871,102,transformer_encoder,0.05193645507097244,0.17233136296272278,0.17233136296272278,0.34457939863204956,9.629477500915527,9.629477500915527,False,0.0
shared_e2e_projected,42,42,4,-0.09252705425024033,0.758132815361023,6.086747169494629,8.02860270148855,103,transformer_encoder,-0.09252705425024033,-0.8539438247680664,2.1653249859809875e-07,0.758132815361023,12.173494338989258,12.121272087097168,True,0.004289805889129639
shared_e2e_projected,42,42,4,0.10560503602027893,0.5745381116867065,4.265310764312744,7.423895260474212,104,transformer_encoder,0.10560503602027893,0.5175879597663879,0.5175879597663879,0.5745381116867065,8.530621528625488,8.530621528625488,False,0.0
shared_e2e_projected,42,42,4,-0.000143772253068164,0.8815003633499146,6.125962734222412,6.949472727319445,105,transformer_encoder,-0.000143772253068164,-0.001552751287817955,8.381903171539307e-08,0.8815003633499146,12.251925468444824,12.251925468444824,True,0.0
shared_e2e_projected,42,42,4,0.38796061277389526,0.93705815076828,14.27038288116455,15.228919218582622,106,transformer_encoder,0.38796061277389526,10.375757217407227,10.375757217407227,0.93705815076828,28.5407657623291,28.5407657623291,False,0.0
shared_e2e_projected,42,42,4,-0.1278398483991623,0.8260870575904846,4.695655345916748,5.684213670666804,107,transformer_encoder,-0.1278398483991623,-0.9917866587638855,9.546056389808655e-08,0.8260870575904846,9.391310691833496,9.314252853393555,True,0.008205235004425049
shared_e2e_projected,42,42,4,0.034646619111299515,0.7234882116317749,8.632932662963867,11.932375018927976,108,transformer_encoder,0.034646619111299515,0.43279343843460083,0.43279343843460083,0.7234882116317749,17.265865325927734,17.265865325927734,False,0.0
shared_e2e_projected,42,42,4,0.39826276898384094,0.8220603466033936,6.194732666015625,7.535617903978891,109,transformer_encoder,0.39826276898384094,4.0562615394592285,4.0562615394592285,0.8220603466033936,12.38946533203125,12.38946533203125,False,0.0
shared_e2e_projected,42,42,4,0.2142513543367386,0.6853705048561096,3.818552017211914,5.571514954547981,110,transformer_encoder,0.2142513543367386,1.1214442253112793,1.1214442253112793,0.6853705048561096,7.637104034423828,7.637104034423828,False,0.0
shared_e2e_projected,42,42,4,0.05824345722794533,0.7743654847145081,4.735055923461914,6.114755909101021,111,transformer_encoder,0.05824345722794533,0.42711836099624634,0.42711836099624634,0.7743654847145081,9.470111846923828,9.470111846923828,False,0.0
shared_e2e_projected,42,42,4,0.06750748306512833,0.8179234266281128,7.8500566482543945,9.597544700017009,112,transformer_encoder,0.06750748306512833,0.8668967485427856,0.8668967485427856,0.8179234266281128,15.700113296508789,15.700113296508789,False,0.0
shared_e2e_projected,42,42,4,-0.1029042974114418,0.9965479969978333,4.788412094116211,4.804998964968691,113,transformer_encoder,-0.1029042974114418,-0.982094407081604,1.0989606380462646e-07,0.9965479969978333,9.576824188232422,9.525982856750488,True,0.005308806896209717
shared_e2e_projected,42,42,4,0.07463819533586502,0.9432365298271179,4.43287467956543,4.699642708258886,114,transformer_encoder,0.07463819533586502,0.6241617798805237,0.6241617798805237,0.9432365298271179,8.86574935913086,8.86574935913086,False,0.0
shared_e2e_projected,42,42,4,0.05375511944293976,0.6517922282218933,3.374988555908203,5.178012884742831,115,transformer_encoder,0.05375511944293976,0.2365000694990158,0.2365000694990158,0.6517922282218933,6.749977111816406,6.749977111816406,False,0.0
shared_e2e_projected,42,42,4,-0.03269164264202118,0.5740950703620911,3.8491337299346924,6.70469740753388,116,transformer_encoder,-0.03269164264202118,-0.14448194205760956,-1.862645149230957e-09,0.5740950703620911,7.698267459869385,7.694150924682617,True,0.0005347132682800293
shared_e2e_projected,42,42,4,-0.01996215246617794,0.9067636728286743,6.1721649169921875,6.806806560454665,117,transformer_encoder,-0.01996215246617794,-0.2234441637992859,4.237517714500427e-08,0.9067636728286743,12.344329833984375,12.34187126159668,True,0.00019913911819458008
shared_e2e_projected,42,42,4,0.02788778953254223,0.6542360782623291,2.1461498737335205,3.280390588415362,118,transformer_encoder,0.02788778953254223,0.07831386476755142,0.07831386476755142,0.6542360782623291,4.292299747467041,4.292299747467041,False,0.0
shared_e2e_projected,42,42,4,0.059730902314186096,0.5377117395401001,7.56204080581665,14.063373085892442,119,transformer_encoder,0.059730902314186096,0.48575538396835327,0.48575538396835327,0.5377117395401001,15.1240816116333,15.1240816116333,False,0.0
shared_e2e_projected,42,42,4,-0.045763175934553146,0.5597732067108154,5.496922969818115,9.81991082087979,120,transformer_encoder,-0.045763175934553146,-0.281629353761673,-3.91155481338501e-08,0.5597732067108154,10.99384593963623,10.982327461242676,True,0.0010477304458618164
shared_e2e_projected,42,42,4,0.0314205065369606,0.6369282603263855,3.3208324909210205,5.213825006319085,121,transformer_encoder,0.0314205065369606,0.13291704654693604,0.13291704654693604,0.6369282603263855,6.641664981842041,6.641664981842041,False,0.0
shared_e2e_projected,42,42,4,0.1935688853263855,1.1099084615707397,11.505095481872559,10.365805722023756,122,transformer_encoder,0.1935688853263855,4.9435954093933105,4.9435954093933105,1.1099084615707397,23.010190963745117,23.010190963745117,False,0.0
shared_e2e_projected,42,42,4,-0.15740971267223358,1.048751711845398,4.92405891418457,4.695161741877044,123,transformer_encoder,-0.15740971267223358,-1.6257638931274414,-6.705522537231445e-07,1.048751711845398,9.84811782836914,9.725346565246582,True,0.012466490268707275
shared_e2e_projected,42,42,4,0.14144687354564667,0.6413682699203491,3.2674715518951416,5.094532587807821,124,transformer_encoder,0.14144687354564667,0.5928469896316528,0.5928469896316528,0.6413682699203491,6.534943103790283,6.534943103790283,False,0.0
shared_e2e_projected,42,42,4,0.04657966271042824,0.7380449175834656,5.197301864624023,7.0419858477465365,125,transformer_encoder,0.04657966271042824,0.35734447836875916,0.35734447836875916,0.7380449175834656,10.394603729248047,10.394603729248047,False,0.0
shared_e2e_projected,42,42,4,0.03549506887793541,1.1259803771972656,5.434863567352295,4.826783554506062,126,transformer_encoder,0.03549506887793541,0.4344276785850525,0.4344276785850525,1.1259803771972656,10.86972713470459,10.86972713470459,False,0.0
shared_e2e_projected,42,42,4,0.0695444643497467,0.9148747324943542,6.029015064239502,6.589989700340431,127,transformer_encoder,0.0695444643497467,0.7671857476234436,0.7671857476234436,0.9148747324943542,12.058030128479004,12.058030128479004,False,0.0
shared_e2e_projected,42,42,4,-0.0685606524348259,1.1581933498382568,7.327437877655029,6.326610214674704,128,transformer_encoder,-0.0685606524348259,-1.1636922359466553,-4.4051557779312134e-07,1.1581933498382568,14.654875755310059,14.620391845703125,True,0.002353072166442871
shared_e2e_projected,42,42,4,0.08473826199769974,0.9426349401473999,7.308999061584473,7.753796035230313,129,transformer_encoder,0.08473826199769974,1.1676454544067383,1.1676454544067383,0.9426349401473999,14.617998123168945,14.617998123168945,False,0.0
shared_e2e_projected,42,42,4,0.038428694009780884,1.0362271070480347,10.194807052612305,9.83839062235584,130,transformer_encoder,0.038428694009780884,0.811931848526001,0.811931848526001,1.0362271070480347,20.38961410522461,20.38961410522461,False,0.0
shared_e2e_projected,42,42,4,0.0014637019485235214,0.9642062783241272,9.654336929321289,10.012729792738282,131,transformer_encoder,0.0014637019485235214,0.027250535786151886,0.027250535786151886,0.9642062783241272,19.308673858642578,19.308673858642578,False,0.0
shared_e2e_projected,42,42,4,0.1551467329263687,0.42987754940986633,1.5921097993850708,3.7036356087232534,132,transformer_encoder,0.1551467329263687,0.2123686522245407,0.2123686522245407,0.42987754940986633,3.1842195987701416,3.1842195987701416,False,0.0
shared_e2e_projected,42,42,4,-0.19430825114250183,0.6842970848083496,4.726134777069092,6.906554012856471,133,transformer_encoder,-0.19430825114250183,-1.2568169832229614,-4.4889748096466064e-07,0.6842970848083496,9.452269554138184,9.272114753723145,True,0.019059419631958008
shared_e2e_projected,42,42,4,-0.023339375853538513,0.7996839284896851,4.154985427856445,5.195784584171545,134,transformer_encoder,-0.023339375853538513,-0.1550983190536499,9.406358003616333e-08,0.7996839284896851,8.30997085571289,8.307707786560059,True,0.00027233362197875977
shared_e2e_projected,42,42,4,0.14474987983703613,1.0077407360076904,5.504784107208252,5.462500334179448,135,transformer_encoder,0.14474987983703613,1.6059695482254028,1.6059695482254028,1.0077407360076904,11.009568214416504,11.009568214416504,False,0.0
shared_e2e_projected,42,42,4,0.0010294063249602914,0.9851453304290771,18.394363403320312,18.671725719197898,136,transformer_encoder,0.0010294063249602914,0.037307992577552795,0.037307992577552795,0.9851453304290771,36.788726806640625,36.788726806640625,False,0.0
shared_e2e_projected,42,42,4,-0.01747826673090458,1.0657240152359009,7.170938491821289,6.728701229683731,137,transformer_encoder,-0.01747826673090458,-0.2671462595462799,-3.3527612686157227e-08,1.0657240152359009,14.341876983642578,14.339685440063477,True,0.00015282630920410156
shared_e2e_projected,42,42,4,-0.030229488387703896,0.8421417474746704,7.126035213470459,8.461800207434548,138,transformer_encoder,-0.030229488387703896,-0.3628222644329071,2.05356627702713e-07,0.8421417474746704,14.252070426940918,14.24555778503418,True,0.0004569888114929199
shared_e2e_projected,42,42,4,-0.22082768380641937,0.9402698874473572,8.132545471191406,8.649160820484877,139,transformer_encoder,-0.22082768380641937,-3.377244710922241,8.959323167800903e-07,0.9402698874473572,16.265090942382812,15.86355209350586,True,0.02468717098236084
shared_e2e_projected,42,42,4,0.22068780660629272,0.9451931715011597,3.674654245376587,3.887728303771478,140,transformer_encoder,0.22068780660629272,1.5330114364624023,1.5330114364624023,0.9451931715011597,7.349308490753174,7.349308490753174,False,0.0
shared_e2e_projected,42,42,4,0.1434963047504425,0.812261164188385,9.375351905822754,11.542287529147904,141,transformer_encoder,0.1434963047504425,2.185515880584717,2.185515880584717,0.812261164188385,18.750703811645508,18.750703811645508,False,0.0
shared_e2e_projected,42,42,4,-0.09028489142656326,0.6429008841514587,3.5825040340423584,5.572404895306333,142,transformer_encoder,-0.09028489142656326,-0.41588741540908813,-1.3783574104309082e-07,0.6429008841514587,7.165008068084717,7.135746479034424,True,0.0040839314460754395
shared_e2e_projected,42,42,4,-0.050790756940841675,0.8823256492614746,5.5301103591918945,6.26765227081488,143,transformer_encoder,-0.050790756940841675,-0.49565258622169495,6.332993507385254e-08,0.8823256492614746,11.060220718383789,11.04594612121582,True,0.0012906193733215332
shared_e2e_projected,42,42,4,0.12513642013072968,0.635744571685791,2.998414993286133,4.716383162085515,144,transformer_encoder,0.12513642013072968,0.47707659006118774,0.47707659006118774,0.635744571685791,5.996829986572266,5.996829986572266,False,0.0
shared_e2e_projected,42,42,4,-0.06972472369670868,0.6355361342430115,4.19840145111084,6.606078277691583,145,transformer_encoder,-0.06972472369670868,-0.37208399176597595,4.7031790018081665e-08,0.6355361342430115,8.39680290222168,8.376367568969727,True,0.0024337172508239746
shared_e2e_projected,42,42,4,0.016544029116630554,0.763624906539917,5.32138729095459,6.968587909300238,146,transformer_encoder,0.016544029116630554,0.13445477187633514,0.13445477187633514,0.763624906539917,10.64277458190918,10.64277458190918,False,0.0
shared_e2e_projected,42,42,4,0.2651199400424957,0.7591277956962585,8.32573413848877,10.967500051625107,147,transformer_encoder,0.2651199400424957,3.35127329826355,3.35127329826355,0.7591277956962585,16.65146827697754,16.65146827697754,False,0.0
shared_e2e_projected,42,42,4,0.024236135184764862,0.8783742785453796,4.946376323699951,5.6312854833264625,148,transformer_encoder,0.024236135184764862,0.2106008678674698,0.2106008678674698,0.8783742785453796,9.892752647399902,9.892752647399902,False,0.0
shared_e2e_projected,42,42,4,0.0014920950634405017,0.6273502707481384,3.352527141571045,5.343947867549387,149,transformer_encoder,0.0014920950634405017,0.0062763746827840805,0.0062763746827840805,0.6273502707481384,6.70505428314209,6.70505428314209,False,0.0
shared_e2e_projected,42,42,4,-0.011618312448263168,0.5629749894142151,2.1816558837890625,3.875227007969061,150,transformer_encoder,-0.011618312448263168,-0.028539633378386497,-3.189779818058014e-08,0.5629749894142151,4.363311767578125,4.3630170822143555,True,6.753206253051758e-05
shared_e2e_projected,42,42,4,0.14841021597385406,0.48919230699539185,4.8658270835876465,9.946654953495583,151,transformer_encoder,0.14841021597385406,0.7065291404724121,0.7065291404724121,0.48919230699539185,9.731654167175293,9.731654167175293,False,0.0
shared_e2e_projected,42,42,4,-0.05178336054086685,1.2694917917251587,7.702043056488037,6.067028638303718,152,transformer_encoder,-0.05178336054086685,-1.01264226436615,1.6111880540847778e-07,1.2694917917251587,15.404086112976074,15.383417129516602,True,0.0013417601585388184
shared_e2e_projected,42,42,4,0.015242848545312881,0.8210557103157043,6.308784484863281,7.683747163073123,153,transformer_encoder,0.015242848545312881,0.1579117476940155,0.1579117476940155,0.8210557103157043,12.617568969726562,12.617568969726562,False,0.0
shared_e2e_projected,42,42,4,-0.04139043390750885,0.9135122299194336,4.969988822937012,5.440527953714791,154,transformer_encoder,-0.04139043390750885,-0.37583717703819275,5.960464477539063e-08,0.9135122299194336,9.939977645874023,9.93145751953125,True,0.0008571743965148926
shared_e2e_projected,42,42,4,0.0024888059124350548,0.7215459942817688,4.339391231536865,6.0140188788052535,155,transformer_encoder,0.0024888059124350548,0.01558525301516056,0.01558525301516056,0.7215459942817688,8.67878246307373,8.67878246307373,False,0.0
shared_e2e_projected,42,42,4,0.19795364141464233,0.992435872554779,6.9966254234313965,7.049952160052746,156,transformer_encoder,0.19795364141464233,2.7490622997283936,2.7490622997283936,0.992435872554779,13.993250846862793,13.993250846862793,False,0.0
shared_e2e_projected,42,42,4,0.042187970131635666,0.6393592357635498,5.135470390319824,8.032214290588653,157,transformer_encoder,0.042187970131635666,0.27704083919525146,0.27704083919525146,0.6393592357635498,10.270940780639648,10.270940780639648,False,0.0
shared_e2e_projected,42,42,4,0.042949605733156204,1.4236043691635132,4.626001834869385,3.249499604716406,158,transformer_encoder,0.042949605733156204,0.5656975507736206,0.5656975507736206,1.4236043691635132,9.25200366973877,9.25200366973877,False,0.0
shared_e2e_projected,42,42,4,-0.015999658033251762,0.9724917411804199,7.82831335067749,8.04974789932448,159,transformer_encoder,-0.015999658033251762,-0.24360981583595276,-1.0244548320770264e-08,0.9724917411804199,15.65662670135498,15.654623031616211,True,0.00012797117233276367
shared_e2e_projected,42,42,4,0.1154836043715477,0.8242003917694092,7.908687114715576,9.595587667383967,160,transformer_encoder,0.1154836043715477,1.505523443222046,1.505523443222046,0.8242003917694092,15.817374229431152,15.817374229431152,False,0.0
shared_e2e_projected,42,42,4,0.02823449671268463,0.9046267867088318,8.121339797973633,8.977558389046036,161,transformer_encoder,0.02823449671268463,0.4148653745651245,0.4148653745651245,0.9046267867088318,16.242679595947266,16.242679595947266,False,0.0
shared_e2e_projected,42,42,4,0.22080370783805847,0.5486650466918945,4.148262023925781,7.560645696198791,162,transformer_encoder,0.22080370783805847,1.0051013231277466,1.0051013231277466,0.5486650466918945,8.296524047851562,8.296524047851562,False,0.0
shared_e2e_projected,42,42,4,0.06769534200429916,1.2995706796646118,3.118764877319336,2.3998424449866897,163,transformer_encoder,0.06769534200429916,0.5487459301948547,0.5487459301948547,1.2995706796646118,6.237529754638672,6.237529754638672,False,0.0
shared_e2e_projected,42,42,4,0.14749935269355774,0.9080207943916321,7.589972019195557,8.35880859345384,164,transformer_encoder,0.14749935269355774,2.0330874919891357,2.0330874919891357,0.9080207943916321,15.179944038391113,15.179944038391113,False,0.0
shared_e2e_projected,42,42,4,0.2118121236562729,0.9642696380615234,7.584036827087402,7.865058203360663,165,transformer_encoder,0.2118121236562729,3.0979881286621094,3.0979881286621094,0.9642696380615234,15.168073654174805,15.168073654174805,False,0.0
shared_e2e_projected,42,42,4,0.17063812911510468,0.8140828609466553,3.080645799636841,3.7841919384649807,166,transformer_encoder,0.17063812911510468,0.8558870553970337,0.8558870553970337,0.8140828609466553,6.161291599273682,6.161291599273682,False,0.0
shared_e2e_projected,42,42,4,0.05200808495283127,0.6564458608627319,3.455677032470703,5.2642224416330246,167,transformer_encoder,0.05200808495283127,0.23595702648162842,0.23595702648162842,0.6564458608627319,6.911354064941406,6.911354064941406,False,0.0
shared_e2e_projected,42,42,4,0.21284642815589905,0.9173692464828491,11.123881340026855,12.125849414153894,168,transformer_encoder,0.21284642815589905,4.3440704345703125,4.3440704345703125,0.9173692464828491,22.24776268005371,22.24776268005371,False,0.0
shared_e2e_projected,42,42,4,-0.0010155654745176435,0.5902107357978821,4.059713840484619,6.8784140888194045,169,transformer_encoder,-0.0010155654745176435,-0.004866765812039375,-1.0244548320770264e-08,0.5902107357978821,8.119427680969238,8.119422912597656,True,5.960464477539062e-07
shared_e2e_projected,42,42,4,0.24098333716392517,0.9678572416305542,13.651135444641113,14.104492746929262,170,transformer_encoder,0.24098333716392517,6.367912292480469,6.367912292480469,0.9678572416305542,27.302270889282227,27.302270889282227,False,0.0
shared_e2e_projected,42,42,4,0.1738143265247345,0.7886344194412231,4.588871002197266,5.818755673190947,171,transformer_encoder,0.1738143265247345,1.2580478191375732,1.2580478191375732,0.7886344194412231,9.177742004394531,9.177742004394531,False,0.0
shared_e2e_projected,42,42,4,0.06683262437582016,0.983098030090332,10.558691024780273,10.740221932710096,172,transformer_encoder,0.06683262437582016,1.3874757289886475,1.3874757289886475,0.983098030090332,21.117382049560547,21.117382049560547,False,0.0
shared_e2e_projected,42,42,4,-0.051991064101457596,0.5878773927688599,4.061452865600586,6.908673331477228,173,transformer_encoder,-0.051991064101457596,-0.24827152490615845,-1.1315569281578064e-07,0.5878773927688599,8.122905731201172,8.111919403076172,True,0.0013524889945983887
shared_e2e_projected,42,42,4,0.1803615242242813,0.7531503438949585,6.779009819030762,9.000871969297311,174,transformer_encoder,0.1803615242242813,1.8417125940322876,1.8417125940322876,0.7531503438949585,13.558019638061523,13.558019638061523,False,0.0
shared_e2e_projected,42,42,4,0.12509490549564362,0.8238345384597778,2.9290060997009277,3.555332973993698,175,transformer_encoder,0.12509490549564362,0.6037120819091797,0.6037120819091797,0.8238345384597778,5.8580121994018555,5.8580121994018555,False,0.0
shared_e2e_projected,42,42,4,0.05803661048412323,1.0719407796859741,6.3342604637146,5.909151497688358,176,transformer_encoder,0.05803661048412323,0.7881316542625427,0.7881316542625427,1.0719407796859741,12.6685209274292,12.6685209274292,False,0.0
shared_e2e_projected,42,42,4,-0.10283693671226501,0.9892663955688477,11.17441177368164,11.29565486479113,177,transformer_encoder,-0.10283693671226501,-2.273615598678589,7.788185030221939e-07,0.9892663955688477,22.34882354736328,22.230337142944336,True,0.005301713943481445
shared_e2e_projected,42,42,4,0.10535402595996857,1.225502848625183,7.3151535987854,5.969103708728074,178,transformer_encoder,0.10535402595996857,1.8889433145523071,1.8889433145523071,1.225502848625183,14.6303071975708,14.6303071975708,False,0.0
shared_e2e_projected,42,42,4,-0.056494757533073425,0.7691448926925659,2.976175546646118,3.869460195240121,179,transformer_encoder,-0.056494757533073425,-0.2586454451084137,-4.7497451305389404e-08,0.7691448926925659,5.952351093292236,5.942844867706299,True,0.0015970468521118164
shared_e2e_projected,42,42,4,0.1453980654478073,0.9018315076828003,3.6464433670043945,4.043375437584459,180,transformer_encoder,0.1453980654478073,0.956276535987854,0.956276535987854,0.9018315076828003,7.292886734008789,7.292886734008789,False,0.0
shared_e2e_projected,42,42,4,0.09647910296916962,0.6202768683433533,3.3366329669952393,5.379263901790791,181,transformer_encoder,0.09647910296916962,0.3993533253669739,0.3993533253669739,0.6202768683433533,6.6732659339904785,6.6732659339904785,False,0.0
shared_e2e_projected,42,42,4,0.14842958748340607,0.6106482744216919,7.744564533233643,12.68252913769068,182,transformer_encoder,0.14842958748340607,1.4039078950881958,1.4039078950881958,0.6106482744216919,15.489129066467285,15.489129066467285,False,0.0
shared_e2e_projected,42,42,4,0.008302925154566765,0.566303014755249,3.0781869888305664,5.435582909903686,183,transformer_encoder,0.008302925154566765,0.028947094455361366,0.028947094455361366,0.566303014755249,6.156373977661133,6.156373977661133,False,0.0
shared_e2e_projected,42,42,4,-0.09364504367113113,0.6398361325263977,2.938920497894287,4.593239344408291,184,transformer_encoder,-0.09364504367113113,-0.3521854281425476,-9.220093488693237e-08,0.6398361325263977,5.877840995788574,5.852011680603027,True,0.004394352436065674
shared_e2e_projected,42,42,4,0.2167884260416031,0.571916401386261,6.925856590270996,12.10991077276941,185,transformer_encoder,0.2167884260416031,1.717402696609497,1.717402696609497,0.571916401386261,13.851713180541992,13.851713180541992,False,0.0
shared_e2e_projected,42,42,4,0.023893987759947777,0.7540788054466248,7.284037113189697,9.659517096327244,186,transformer_encoder,0.023893987759947777,0.2624868154525757,0.2624868154525757,0.7540788054466248,14.568074226379395,14.568074226379395,False,0.0
shared_e2e_projected,42,42,4,-0.24543853104114532,1.8686071634292603,4.953177452087402,2.650732347080031,187,transformer_encoder,-0.24543853104114532,-4.543333530426025,-1.814449205994606e-06,1.8686071634292603,9.906354904174805,9.603341102600098,True,0.03058779239654541
shared_e2e_projected,42,42,4,0.05507168173789978,1.599745512008667,1.8885324001312256,1.1805205177665745,188,transformer_encoder,0.05507168173789978,0.3327619731426239,0.3327619731426239,1.599745512008667,3.777064800262451,3.777064800262451,False,0.0
shared_e2e_projected,42,42,4,0.009991065599024296,0.8530845642089844,4.7636284828186035,5.58400501272185,189,transformer_encoder,0.009991065599024296,0.08120294660329819,0.08120294660329819,0.8530845642089844,9.527256965637207,9.527256965637207,False,0.0
shared_e2e_projected,42,42,4,0.09518590569496155,0.9875851273536682,2.413374900817871,2.4437132900985934,190,transformer_encoder,0.09518590569496155,0.4537346661090851,0.4537346661090851,0.9875851273536682,4.826749801635742,4.826749801635742,False,0.0
shared_e2e_projected,42,42,4,-0.16062547266483307,1.0011361837387085,5.293008804321289,5.287001798850912,191,transformer_encoder,-0.16062547266483307,-1.7023160457611084,7.706694304943085e-08,1.0011361837387085,10.586017608642578,10.448562622070312,True,0.01298457384109497
shared_e2e_projected,42,42,4,0.2245142161846161,0.7784127593040466,4.8610992431640625,6.244886385868356,192,transformer_encoder,0.2245142161846161,1.6990973949432373,1.6990973949432373,0.7784127593040466,9.722198486328125,9.722198486328125,False,0.0
shared_e2e_projected,42,42,4,0.020911630243062973,1.0533206462860107,3.539186716079712,3.360027859093828,193,transformer_encoder,0.020911630243062973,0.1559128612279892,0.1559128612279892,1.0533206462860107,7.078373432159424,7.078373432159424,False,0.0
shared_e2e_projected,42,42,4,-0.06486112624406815,0.580143392086029,4.085577964782715,7.042358872850641,194,transformer_encoder,-0.06486112624406815,-0.307470440864563,-8.754432201385498e-08,0.580143392086029,8.17115592956543,8.153949737548828,True,0.002105712890625
shared_e2e_projected,42,42,4,0.1517603099346161,1.2680995464324951,2.9988741874694824,2.3648570775899427,195,transformer_encoder,0.1517603099346161,1.1542497873306274,1.1542497873306274,1.2680995464324951,5.997748374938965,5.997748374938965,False,0.0
shared_e2e_projected,42,42,4,0.11760608851909637,0.5444288849830627,2.594032049179077,4.764684829791457,196,transformer_encoder,0.11760608851909637,0.3321821689605713,0.3321821689605713,0.5444288849830627,5.188064098358154,5.188064098358154,False,0.0
shared_e2e_projected,42,42,4,-0.03958512097597122,0.41179192066192627,2.3665313720703125,5.746910644255189,197,transformer_encoder,-0.03958512097597122,-0.07715286314487457,-4.656612873077393e-10,0.41179192066192627,4.733062744140625,4.729353427886963,True,0.0007836818695068359
shared_e2e_projected,42,42,4,0.2292083352804184,0.7312126755714417,7.692680358886719,10.520441748188924,198,transformer_encoder,0.2292083352804184,2.578587055206299,2.578587055206299,0.7312126755714417,15.385360717773438,15.385360717773438,False,0.0
shared_e2e_projected,42,42,4,0.04085184261202812,1.0676740407943726,3.94415283203125,3.6941544716182433,199,transformer_encoder,0.04085184261202812,0.34405991435050964,0.34405991435050964,1.0676740407943726,7.8883056640625,7.8883056640625,False,0.0
shared_e2e_projected,42,42,5,0.04357133060693741,0.6547737121582031,4.794826030731201,7.322874974511346,0,transformer_encoder,0.04357133060693741,0.2735866606235504,0.2735866606235504,0.6547737121582031,9.589652061462402,9.589652061462402,False,0.0
shared_e2e_projected,42,42,5,-0.0751052051782608,1.2300403118133545,5.336508274078369,4.3384824243777524,1,transformer_encoder,-0.0751052051782608,-0.9859992265701294,3.0687078833580017e-07,1.2300403118133545,10.673016548156738,10.64287281036377,True,0.0028243064880371094
shared_e2e_projected,42,42,5,0.10177581757307053,0.7389430403709412,4.041574001312256,5.469398560521567,2,transformer_encoder,0.10177581757307053,0.6079055070877075,0.6079055070877075,0.7389430403709412,8.083148002624512,8.083148002624512,False,0.0
shared_e2e_projected,42,42,5,0.05031730607151985,0.7577184438705444,5.478638648986816,7.23044119264284,3,transformer_encoder,0.05031730607151985,0.4177609980106354,0.4177609980106354,0.7577184438705444,10.957277297973633,10.957277297973633,False,0.0
shared_e2e_projected,42,42,5,-0.08827769011259079,0.8663808703422546,4.281252861022949,4.9415366931309155,4,transformer_encoder,-0.08827769011259079,-0.6548784375190735,6.379559636116028e-08,0.8663808703422546,8.562505722045898,8.52907657623291,True,0.003904104232788086
shared_e2e_projected,42,42,5,0.4999449849128723,1.2314780950546265,11.199886322021484,9.094669541421826,5,transformer_encoder,0.4999449849128723,13.790897369384766,13.790897369384766,1.2314780950546265,22.39977264404297,22.39977264404297,False,0.0
shared_e2e_projected,42,42,5,0.12353117018938065,0.8677655458450317,3.371943712234497,3.8857773604630634,6,transformer_encoder,0.12353117018938065,0.7229183912277222,0.7229183912277222,0.8677655458450317,6.743887424468994,6.743887424468994,False,0.0
shared_e2e_projected,42,42,5,0.04425434023141861,0.4754177927970886,4.123959541320801,8.674390407346268,7,transformer_encoder,0.04425434023141861,0.1735304445028305,0.1735304445028305,0.4754177927970886,8.247919082641602,8.247919082641602,False,0.0
shared_e2e_projected,42,42,5,0.13466069102287292,1.1722110509872437,3.692059278488159,3.149654045130084,8,transformer_encoder,0.13466069102287292,1.165588617324829,1.165588617324829,1.1722110509872437,7.384118556976318,7.384118556976318,False,0.0
shared_e2e_projected,42,42,5,0.026391172781586647,0.43440648913383484,2.229990005493164,5.1334178040009295,9,transformer_encoder,0.026391172781586647,0.05113142356276512,0.05113142356276512,0.43440648913383484,4.459980010986328,4.459980010986328,False,0.0
shared_e2e_projected,42,42,5,0.0948428213596344,0.6509531736373901,3.646883726119995,5.602374907770972,10,transformer_encoder,0.0948428213596344,0.4503043293952942,0.4503043293952942,0.6509531736373901,7.29376745223999,7.29376745223999,False,0.0
shared_e2e_projected,42,42,5,0.04558209329843521,0.7546724677085876,5.028073787689209,6.662590730195778,11,transformer_encoder,0.04558209329843521,0.3459269404411316,0.3459269404411316,0.7546724677085876,10.056147575378418,10.056147575378418,False,0.0
shared_e2e_projected,42,42,5,0.019655730575323105,1.0561723709106445,4.813193321228027,4.55720434826186,12,transformer_encoder,0.019655730575323105,0.19984224438667297,0.19984224438667297,1.0561723709106445,9.626386642456055,9.626386642456055,False,0.0
shared_e2e_projected,42,42,5,0.23928391933441162,0.7850047945976257,6.610720157623291,8.421248128824212,13,transformer_encoder,0.23928391933441162,2.4835023880004883,2.4835023880004883,0.7850047945976257,13.221440315246582,13.221440315246582,False,0.0
shared_e2e_projected,42,42,5,0.10053623467683792,0.6781182289123535,6.6663923263549805,9.830722788631315,14,transformer_encoder,0.10053623467683792,0.9089686274528503,0.9089686274528503,0.6781182289123535,13.332784652709961,13.332784652709961,False,0.0
shared_e2e_projected,42,42,5,0.026416467502713203,0.8746756315231323,4.224813938140869,4.830149355806235,15,transformer_encoder,0.026416467502713203,0.19523575901985168,0.19523575901985168,0.8746756315231323,8.449627876281738,8.449627876281738,False,0.0
shared_e2e_projected,42,42,5,-0.08716674894094467,0.6544643640518188,4.602236270904541,7.032065493087944,16,transformer_encoder,-0.08716674894094467,-0.5250924229621887,-6.51925802230835e-08,0.6544643640518188,9.204472541809082,9.169438362121582,True,0.0038062334060668945
shared_e2e_projected,42,42,5,0.008346064016222954,0.621015727519989,2.640803098678589,4.2523932674371565,17,transformer_encoder,0.008346064016222954,0.027374761179089546,0.027374761179089546,0.621015727519989,5.281606197357178,5.281606197357178,False,0.0
shared_e2e_projected,42,42,5,-0.04648073390126228,1.2117961645126343,4.246642112731934,3.5044195031264747,18,transformer_encoder,-0.04648073390126228,-0.4783857464790344,-5.587935447692871e-09,1.2117961645126343,8.493284225463867,8.484105110168457,True,0.0010807514190673828
shared_e2e_projected,42,42,5,0.018766360357403755,1.2768242359161377,4.077486038208008,3.1934591492793523,19,transformer_encoder,0.018766360357403755,0.19540409743785858,0.19540409743785858,1.2768242359161377,8.154972076416016,8.154972076416016,False,0.0
shared_e2e_projected,42,42,5,-0.08375771343708038,1.3299729824066162,8.570369720458984,6.444017911514794,20,transformer_encoder,-0.08375771343708038,-1.9094011783599854,-8.917413651943207e-08,1.3299729824066162,17.14073944091797,17.08051109313965,True,0.0035137534141540527
shared_e2e_projected,42,42,5,0.057348739355802536,0.6469256281852722,5.040983200073242,7.792214406799728,21,transformer_encoder,0.057348739355802536,0.3740446865558624,0.3740446865558624,0.6469256281852722,10.081966400146484,10.081966400146484,False,0.0
shared_e2e_projected,42,42,5,0.015549256466329098,1.3015775680541992,6.2111496925354,4.772016547443111,22,transformer_encoder,0.015549256466329098,0.25140950083732605,0.25140950083732605,1.3015775680541992,12.4222993850708,12.4222993850708,False,0.0
shared_e2e_projected,42,42,5,-0.10845021903514862,0.8413310647010803,7.920899868011475,9.414724120314897,23,transformer_encoder,-0.10845021903514862,-1.4454460144042969,6.407499313354492e-07,0.8413310647010803,15.84179973602295,15.748363494873047,True,0.0058980584144592285
shared_e2e_projected,42,42,5,0.033204372972249985,0.7757253646850586,4.763064861297607,6.140143249320451,24,transformer_encoder,0.033204372972249985,0.24536903202533722,0.24536903202533722,0.7757253646850586,9.526129722595215,9.526129722595215,False,0.0
shared_e2e_projected,42,42,5,0.17090487480163574,0.8765720129013062,6.802653789520264,7.760519032548874,25,transformer_encoder,0.17090487480163574,2.038217067718506,2.038217067718506,0.8765720129013062,13.605307579040527,13.605307579040527,False,0.0
shared_e2e_projected,42,42,5,-0.12263649702072144,1.0553449392318726,39.33085632324219,37.26824743374328,26,transformer_encoder,-0.12263649702072144,-10.18069839477539,3.516674041748047e-06,1.0553449392318726,78.66171264648438,78.06793975830078,True,0.0075484514236450195
shared_e2e_projected,42,42,5,0.23161277174949646,0.6269028782844543,12.439779281616211,19.843232042032064,27,transformer_encoder,0.23161277174949646,3.6124799251556396,3.6124799251556396,0.6269028782844543,24.879558563232422,24.879558563232422,False,0.0
shared_e2e_projected,42,42,5,0.15913768112659454,0.9114450216293335,2.6674017906188965,2.926563563702996,28,transformer_encoder,0.15913768112659454,0.7737879157066345,0.7737879157066345,0.9114450216293335,5.334803581237793,5.334803581237793,False,0.0
shared_e2e_projected,42,42,5,-0.06296615302562714,0.6057955622673035,4.590456485748291,7.577567040220049,29,transformer_encoder,-0.06296615302562714,-0.35020238161087036,1.816079020500183e-08,0.6057955622673035,9.180912971496582,9.162694931030273,True,0.0019843578338623047
shared_e2e_projected,42,42,5,-0.020711541175842285,0.8536033630371094,5.707363128662109,6.686200378071834,30,transformer_encoder,-0.020711541175842285,-0.201805979013443,-7.078051567077637e-08,0.8536033630371094,11.414726257324219,11.412276268005371,True,0.00021463632583618164
shared_e2e_projected,42,42,5,0.11186733841896057,1.2408722639083862,4.4372453689575195,3.5759082526202084,31,transformer_encoder,0.11186733841896057,1.2318954467773438,1.2318954467773438,1.2408722639083862,8.874490737915039,8.874490737915039,False,0.0
shared_e2e_projected,42,42,5,0.4200912117958069,0.8382989764213562,11.705739974975586,13.963681579269759,32,transformer_encoder,0.4200912117958069,8.244634628295898,8.244634628295898,0.8382989764213562,23.411479949951172,23.411479949951172,False,0.0
shared_e2e_projected,42,42,5,-0.05087624117732048,0.8085898160934448,2.5089900493621826,3.1029206643782796,33,transformer_encoder,-0.05087624117732048,-0.20642970502376556,-6.332993507385254e-08,0.8085898160934448,5.017980098724365,5.011481285095215,True,0.0012950897216796875
shared_e2e_projected,42,42,5,0.3869703412055969,1.284721851348877,11.930207252502441,9.286218055664326,34,transformer_encoder,0.3869703412055969,11.862187385559082,11.862187385559082,1.284721851348877,23.860414505004883,23.860414505004883,False,0.0
shared_e2e_projected,42,42,5,0.11439231038093567,0.9375562071800232,5.444575309753418,5.807198830382217,35,transformer_encoder,0.11439231038093567,1.1678528785705566,1.1678528785705566,0.9375562071800232,10.889150619506836,10.889150619506836,False,0.0
shared_e2e_projected,42,42,5,-0.11331066489219666,1.0374506711959839,4.664913654327393,4.496516108037823,36,transformer_encoder,-0.11331066489219666,-1.096760630607605,7.962808012962341e-08,1.0374506711959839,9.329827308654785,9.269740104675293,True,0.006440341472625732
shared_e2e_projected,42,42,5,0.06735561788082123,0.48308634757995605,3.847078800201416,7.963542789966099,37,transformer_encoder,0.06735561788082123,0.2503569722175598,0.2503569722175598,0.48308634757995605,7.694157600402832,7.694157600402832,False,0.0
shared_e2e_projected,42,42,5,-0.08250635117292404,0.8987903594970703,5.640620708465576,6.2757912886625284,38,transformer_encoder,-0.08250635117292404,-0.8365707397460938,1.4761462807655334e-07,0.8987903594970703,11.281241416931152,11.242779731750488,True,0.0034093260765075684
shared_e2e_projected,42,42,5,-0.01986483857035637,0.7258583307266235,3.004415988922119,4.139121729049435,39,transformer_encoder,-0.01986483857035637,-0.08664169907569885,3.725290298461914e-08,0.7258583307266235,6.008831977844238,6.007646083831787,True,0.00019735097885131836
shared_e2e_projected,42,42,5,0.2184334397315979,0.5440187454223633,4.553677082061768,8.370441497427446,40,transformer_encoder,0.2184334397315979,1.0822440385818481,1.0822440385818481,0.5440187454223633,9.107354164123535,9.107354164123535,False,0.0
shared_e2e_projected,42,42,5,0.029788833111524582,2.8968563079833984,8.486991882324219,2.9297248396253064,41,transformer_encoder,0.029788833111524582,1.464752435684204,1.464752435684204,2.8968563079833984,16.973983764648438,16.973983764648438,False,0.0
shared_e2e_projected,42,42,5,0.00630082655698061,0.9516623020172119,6.4644060134887695,6.792752008550038,42,transformer_encoder,0.00630082655698061,0.07752450555562973,0.07752450555562973,0.9516623020172119,12.928812026977539,12.928812026977539,False,0.0
shared_e2e_projected,42,42,5,-0.0012481852900236845,0.9276590347290039,3.1309773921966553,3.375138143414196,43,transformer_encoder,-0.0012481852900236845,-0.007250657305121422,-1.1175870895385742e-08,0.9276590347290039,6.2619547843933105,6.2619500160217285,True,7.748603820800781e-07
shared_e2e_projected,42,42,5,0.09587213397026062,1.083564043045044,6.389762878417969,5.896986818113108,44,transformer_encoder,0.09587213397026062,1.3275831937789917,1.3275831937789917,1.083564043045044,12.779525756835938,12.779525756835938,False,0.0
shared_e2e_projected,42,42,5,-0.07330046594142914,0.7853797674179077,4.529005527496338,5.76664400508603,45,transformer_encoder,-0.07330046594142914,-0.5214579105377197,1.2479722499847412e-07,0.7853797674179077,9.058011054992676,9.033644676208496,True,0.0026900172233581543
shared_e2e_projected,42,42,5,-0.10661238431930542,0.8733553290367126,2.207106828689575,2.5271579107715008,46,transformer_encoder,-0.10661238431930542,-0.41100960969924927,1.0011717677116394e-08,0.8733553290367126,4.41421365737915,4.3890557289123535,True,0.005699276924133301
shared_e2e_projected,42,42,5,0.06511041522026062,0.6550788283348083,3.012356758117676,4.598464532543359,47,transformer_encoder,0.06511041522026062,0.25696882605552673,0.25696882605552673,0.6550788283348083,6.024713516235352,6.024713516235352,False,0.0
shared_e2e_projected,42,42,5,0.08148171007633209,1.4652408361434937,5.364059925079346,3.6608725287765824,48,transformer_encoder,0.08148171007633209,1.2808337211608887,1.2808337211608887,1.4652408361434937,10.728119850158691,10.728119850158691,False,0.0
shared_e2e_projected,42,42,5,0.15003326535224915,0.6956781148910522,5.339095592498779,7.674663724810312,49,transformer_encoder,0.15003326535224915,1.1145347356796265,1.1145347356796265,0.6956781148910522,10.678191184997559,10.678191184997559,False,0.0
shared_e2e_projected,42,42,5,-0.003845579456537962,0.9054484963417053,3.4185075759887695,3.7754853973479525,50,transformer_encoder,-0.003845579456537962,-0.023806309327483177,-1.1175870895385742e-08,0.9054484963417053,6.837015151977539,6.8369646072387695,True,7.3909759521484375e-06
shared_e2e_projected,42,42,5,0.23975777626037598,0.5998923182487488,3.0164685249328613,5.02834997744056,51,transformer_encoder,0.23975777626037598,0.8677103519439697,0.8677103519439697,0.5998923182487488,6.032937049865723,6.032937049865723,False,0.0
shared_e2e_projected,42,42,5,0.006129029672592878,0.6474127769470215,4.2588911056518555,6.578324150065956,52,transformer_encoder,0.006129029672592878,0.033798664808273315,0.033798664808273315,0.6474127769470215,8.517782211303711,8.517782211303711,False,0.0
shared_e2e_projected,42,42,5,0.06836383044719696,0.6351314783096313,4.145971298217773,6.527737074616512,53,transformer_encoder,0.06836383044719696,0.36003631353378296,0.36003631353378296,0.6351314783096313,8.291942596435547,8.291942596435547,False,0.0
shared_e2e_projected,42,42,5,0.03382338955998421,0.7563890814781189,4.694652557373047,6.206663570815777,54,transformer_encoder,0.03382338955998421,0.24021263420581818,0.24021263420581818,0.7563890814781189,9.389305114746094,9.389305114746094,False,0.0
shared_e2e_projected,42,42,5,0.045781731605529785,0.39616864919662476,2.633002758026123,6.64616638233613,55,transformer_encoder,0.045781731605529785,0.0955110490322113,0.0955110490322113,0.39616864919662476,5.266005516052246,5.266005516052246,False,0.0
shared_e2e_projected,42,42,5,0.0864376351237297,0.7638283371925354,6.470029354095459,8.470528048064002,56,transformer_encoder,0.0864376351237297,0.8543481826782227,0.8543481826782227,0.7638283371925354,12.940058708190918,12.940058708190918,False,0.0
shared_e2e_projected,42,42,5,-0.08960457891225815,1.1054329872131348,3.3905935287475586,3.067208567111296,57,transformer_encoder,-0.08960457891225815,-0.6716891527175903,4.284083843231201e-08,1.1054329872131348,6.781187057495117,6.753909587860107,True,0.004022538661956787
shared_e2e_projected,42,42,5,-0.04193449392914772,0.7431970238685608,5.372890949249268,7.229430119730267,58,transformer_encoder,-0.04193449392914772,-0.3348986506462097,-3.166496753692627e-08,0.7431970238685608,10.745781898498535,10.73633098602295,True,0.0008795261383056641
shared_e2e_projected,42,42,5,-0.2705088257789612,0.9291080832481384,8.860992431640625,9.53709540515762,59,transformer_encoder,-0.2705088257789612,-4.454100608825684,-4.116445779800415e-07,0.9291080832481384,17.72198486328125,17.061267852783203,True,0.037282347679138184
shared_e2e_projected,42,42,5,0.24516303837299347,0.7385831475257874,3.867000102996826,5.235700429871792,60,transformer_encoder,0.24516303837299347,1.4004207849502563,1.4004207849502563,0.7385831475257874,7.734000205993652,7.734000205993652,False,0.0
shared_e2e_projected,42,42,5,0.08116279542446136,0.6813939213752747,3.029569625854492,4.446135386326657,61,transformer_encoder,0.08116279542446136,0.3350936472415924,0.3350936472415924,0.6813939213752747,6.059139251708984,6.059139251708984,False,0.0
shared_e2e_projected,42,42,5,0.03420073539018631,0.8066138029098511,5.39526891708374,6.688788237469236,62,transformer_encoder,0.03420073539018631,0.2976762354373932,0.2976762354373932,0.8066138029098511,10.79053783416748,10.79053783416748,False,0.0
shared_e2e_projected,42,42,5,-0.04929320141673088,1.34220552444458,2.653421640396118,1.9769115773041794,63,transformer_encoder,-0.04929320141673088,-0.35110926628112793,4.563480615615845e-08,1.34220552444458,5.306843280792236,5.300391674041748,True,0.0012156963348388672
shared_e2e_projected,42,42,5,0.08757451921701431,0.8535460233688354,11.832420349121094,13.86266238160195,64,transformer_encoder,0.08757451921701431,1.7689203023910522,1.7689203023910522,0.8535460233688354,23.664840698242188,23.664840698242188,False,0.0
shared_e2e_projected,42,42,5,0.1215767040848732,0.6836861968040466,5.056359767913818,7.395731830699862,65,transformer_encoder,0.1215767040848732,0.8405724167823792,0.8405724167823792,0.6836861968040466,10.112719535827637,10.112719535827637,False,0.0
shared_e2e_projected,42,42,5,0.12200950086116791,0.8424526453018188,4.6156392097473145,5.47881146256441,66,transformer_encoder,0.12200950086116791,0.9488575458526611,0.9488575458526611,0.8424526453018188,9.231278419494629,9.231278419494629,False,0.0
shared_e2e_projected,42,42,5,-0.053406357765197754,0.4459995925426483,1.6632663011550903,3.7293000463807418,67,transformer_encoder,-0.053406357765197754,-0.07923538982868195,-4.540197551250458e-09,0.4459995925426483,3.3265326023101807,3.3217854499816895,True,0.0014270544052124023
shared_e2e_projected,42,42,5,-0.024983245879411697,0.6842125058174133,4.946515083312988,7.229501129043962,68,transformer_encoder,-0.024983245879411697,-0.16910995543003082,-2.7008354663848877e-08,0.6842125058174133,9.893030166625977,9.889942169189453,True,0.0003121495246887207
shared_e2e_projected,42,42,5,0.15066495537757874,0.6786261796951294,11.667939186096191,17.193470477867468,69,transformer_encoder,0.15066495537757874,2.3859810829162598,2.3859810829162598,0.6786261796951294,23.335878372192383,23.335878372192383,False,0.0
shared_e2e_projected,42,42,5,0.16118521988391876,1.353939175605774,6.225999355316162,4.598433568871771,70,transformer_encoder,0.16118521988391876,2.7174618244171143,2.7174618244171143,1.353939175605774,12.451998710632324,12.451998710632324,False,0.0
shared_e2e_projected,42,42,5,-0.07818613946437836,0.8857143521308899,4.38277530670166,4.948294330059562,71,transformer_encoder,-0.07818613946437836,-0.6070194840431213,6.239861249923706e-08,0.8857143521308899,8.76555061340332,8.738717079162598,True,0.003061234951019287
shared_e2e_projected,42,42,5,0.1254151314496994,0.8403425812721252,6.4016337394714355,7.617885707731876,72,transformer_encoder,0.1254151314496994,1.3493577241897583,1.3493577241897583,0.8403425812721252,12.803267478942871,12.803267478942871,False,0.0
shared_e2e_projected,42,42,5,0.04045503959059715,0.7686510682106018,5.8366780281066895,7.593403911731122,73,transformer_encoder,0.04045503959059715,0.36299243569374084,0.36299243569374084,0.7686510682106018,11.673356056213379,11.673356056213379,False,0.0
shared_e2e_projected,42,42,5,0.1762564778327942,0.7259037494659424,2.741046905517578,3.776047316926252,74,transformer_encoder,0.1762564778327942,0.701407790184021,0.701407790184021,0.7259037494659424,5.482093811035156,5.482093811035156,False,0.0
shared_e2e_projected,42,42,5,-0.0374385342001915,0.9696882963180542,8.860321044921875,9.137287805333811,75,transformer_encoder,-0.0374385342001915,-0.6433249711990356,1.695007085800171e-07,0.9696882963180542,17.72064208984375,17.708219528198242,True,0.0007010102272033691
shared_e2e_projected,42,42,5,0.04889523237943649,1.0710155963897705,5.753880500793457,5.37235920764264,76,transformer_encoder,0.04889523237943649,0.6026332974433899,0.6026332974433899,1.0710155963897705,11.507761001586914,11.507761001586914,False,0.0
shared_e2e_projected,42,42,5,-0.02857287786900997,0.9669532775878906,4.55117654800415,4.70671815639042,77,transformer_encoder,-0.02857287786900997,-0.2514856159687042,1.0244548320770264e-07,0.9669532775878906,9.1023530960083,9.098637580871582,True,0.000408172607421875
shared_e2e_projected,42,42,5,0.034446168690919876,1.0109329223632812,5.09721565246582,5.0420908644956794,78,transformer_encoder,0.034446168690919876,0.35499829053878784,0.35499829053878784,1.0109329223632812,10.19443130493164,10.19443130493164,False,0.0
shared_e2e_projected,42,42,5,-0.18772919476032257,0.93809974193573,4.336338996887207,4.622471154228601,79,transformer_encoder,-0.18772919476032257,-1.5273340940475464,-8.963979780673981e-08,0.93809974193573,8.672677993774414,8.518486022949219,True,0.017779052257537842
shared_e2e_projected,42,42,5,-0.06480702012777328,0.4969026446342468,3.9502992630004883,7.949845519353533,80,transformer_encoder,-0.06480702012777328,-0.2544212341308594,-1.1175870895385742e-08,0.4969026446342468,7.900598526000977,7.8839898109436035,True,0.002102196216583252
shared_e2e_projected,42,42,5,0.0829058364033699,0.5419559478759766,2.1626672744750977,3.9904853576217443,81,transformer_encoder,0.0829058364033699,0.1943429559469223,0.1943429559469223,0.5419559478759766,4.325334548950195,4.325334548950195,False,0.0
shared_e2e_projected,42,42,5,-0.13481386005878448,0.7975812554359436,3.2470147609710693,4.071077070631894,82,transformer_encoder,-0.13481386005878448,-0.6982705593109131,7.729977369308472e-08,0.7975812554359436,6.494029521942139,6.4347453117370605,True,0.009129047393798828
shared_e2e_projected,42,42,5,0.17214682698249817,1.1092517375946045,7.062533855438232,6.366935129399238,83,transformer_encoder,0.17214682698249817,2.6972405910491943,2.6972405910491943,1.1092517375946045,14.125067710876465,14.125067710876465,False,0.0
shared_e2e_projected,42,42,5,0.18753208220005035,0.983781099319458,2.8660738468170166,2.913324771943328,84,transformer_encoder,0.18753208220005035,1.05752694606781,1.05752694606781,0.983781099319458,5.732147693634033,5.732147693634033,False,0.0
shared_e2e_projected,42,42,5,-0.04166078940033913,0.5199728608131409,2.8352270126342773,5.452644217239548,85,transformer_encoder,-0.04166078940033913,-0.12283609807491302,-8.381903171539307e-09,0.5199728608131409,5.670454025268555,5.665530681610107,True,0.0008682608604431152
shared_e2e_projected,42,42,5,-0.031496837735176086,0.7701558470726013,3.5062944889068604,4.5527077438085435,86,transformer_encoder,-0.031496837735176086,-0.17010769248008728,2.7939677238464355e-08,0.7701558470726013,7.012588977813721,7.009109973907471,True,0.0004960894584655762
shared_e2e_projected,42,42,5,0.04172370210289955,1.0085242986679077,7.318228244781494,7.256372756162298,87,transformer_encoder,0.04172370210289955,0.6158928275108337,0.6158928275108337,1.0085242986679077,14.636456489562988,14.636456489562988,False,0.0
shared_e2e_projected,42,42,5,0.04177212342619896,0.5539340376853943,4.01539421081543,7.24886708098621,88,transformer_encoder,0.04177212342619896,0.1858244091272354,0.1858244091272354,0.5539340376853943,8.03078842163086,8.03078842163086,False,0.0
shared_e2e_projected,42,42,5,0.11078674346208572,0.7733588814735413,8.182512283325195,10.580485308107425,89,transformer_encoder,0.11078674346208572,1.4021211862564087,1.4021211862564087,0.7733588814735413,16.36502456665039,16.36502456665039,False,0.0
shared_e2e_projected,42,42,5,0.2545865476131439,0.8943544626235962,10.626108169555664,11.881316204744916,90,transformer_encoder,0.2545865476131439,4.838930130004883,4.838930130004883,0.8943544626235962,21.252216339111328,21.252216339111328,False,0.0
shared_e2e_projected,42,42,5,0.25491175055503845,0.695891261100769,4.445265769958496,6.387874109709212,91,transformer_encoder,0.25491175055503845,1.577099084854126,1.577099084854126,0.695891261100769,8.890531539916992,8.890531539916992,False,0.0
shared_e2e_projected,42,42,5,-0.21407939493656158,0.8109147548675537,8.320321083068848,10.260413974620306,92,transformer_encoder,-0.21407939493656158,-2.88881778717041,4.880130290985107e-07,0.8109147548675537,16.640642166137695,16.25484848022461,True,0.023183822631835938
shared_e2e_projected,42,42,5,0.2576085329055786,1.1498202085494995,9.52827262878418,8.286750013555697,93,transformer_encoder,0.2576085329055786,5.644615173339844,5.644615173339844,1.1498202085494995,19.05654525756836,19.05654525756836,False,0.0
shared_e2e_projected,42,42,5,0.06934219598770142,0.6687278151512146,3.0765585899353027,4.600614061850594,94,transformer_encoder,0.06934219598770142,0.2853265106678009,0.2853265106678009,0.6687278151512146,6.1531171798706055,6.1531171798706055,False,0.0
shared_e2e_projected,42,42,5,-0.004600952845066786,0.7550802826881409,2.654463052749634,3.5154712864432796,95,transformer_encoder,-0.004600952845066786,-0.018443681299686432,-4.441244527697563e-08,0.7550802826881409,5.308926105499268,5.308869361877441,True,1.0669231414794922e-05
shared_e2e_projected,42,42,5,0.06447049230337143,1.6450996398925781,5.365429878234863,3.261461949250208,96,transformer_encoder,0.06447049230337143,1.138119101524353,1.138119101524353,1.6450996398925781,10.730859756469727,10.730859756469727,False,0.0
shared_e2e_projected,42,42,5,0.08818689733743668,1.1686773300170898,2.872063636779785,2.457533455139227,97,transformer_encoder,0.08818689733743668,0.5920013785362244,0.5920013785362244,1.1686773300170898,5.74412727355957,5.74412727355957,False,0.0
shared_e2e_projected,42,42,5,-0.0642748698592186,0.9681553244590759,4.99566650390625,5.159984537292515,98,transformer_encoder,-0.0642748698592186,-0.6217412352561951,9.12696123123169e-08,0.9681553244590759,9.9913330078125,9.970673561096191,True,0.002067744731903076
shared_e2e_projected,42,42,5,0.056520119309425354,1.4388303756713867,2.915778398513794,2.0264921062381895,99,transformer_encoder,0.056520119309425354,0.47423890233039856,0.47423890233039856,1.4388303756713867,5.831556797027588,5.831556797027588,False,0.0
shared_e2e_projected,42,42,5,0.18657414615154266,1.1879546642303467,3.58467698097229,3.0175200189939355,100,transformer_encoder,0.18657414615154266,1.5890272855758667,1.5890272855758667,1.1879546642303467,7.16935396194458,7.16935396194458,False,0.0
shared_e2e_projected,42,42,5,0.011057643219828606,1.211398959159851,7.855892181396484,6.484975178486887,101,transformer_encoder,0.011057643219828606,0.2104627639055252,0.2104627639055252,1.211398959159851,15.711784362792969,15.711784362792969,False,0.0
shared_e2e_projected,42,42,5,-0.04124325141310692,0.6841793656349182,5.445387363433838,7.959005542911281,102,transformer_encoder,-0.04124325141310692,-0.3073135018348694,3.5390257835388184e-08,0.6841793656349182,10.890774726867676,10.88150691986084,True,0.000850975513458252
shared_e2e_projected,42,42,5,-0.002858244813978672,0.6837536692619324,25.577375411987305,37.40729529041712,103,transformer_encoder,-0.002858244813978672,-0.09997353702783585,4.912726581096649e-08,0.6837536692619324,51.15475082397461,51.154537200927734,True,4.172325134277344e-06
shared_e2e_projected,42,42,5,-0.05092630907893181,0.7777590751647949,6.412389755249023,8.24469936771916,104,transformer_encoder,-0.05092630907893181,-0.5079689621925354,7.916241884231567e-08,0.7777590751647949,12.824779510498047,12.808138847351074,True,0.0012975335121154785
shared_e2e_projected,42,42,5,0.1396781951189041,2.332087755203247,4.193990707397461,1.798384601111181,105,transformer_encoder,0.1396781951189041,2.732316255569458,2.732316255569458,2.332087755203247,8.387981414794922,8.387981414794922,False,0.0
shared_e2e_projected,42,42,5,0.16581785678863525,0.8522294759750366,7.5303521156311035,8.836061563131949,106,transformer_encoder,0.16581785678863525,2.1283013820648193,2.1283013820648193,0.8522294759750366,15.060704231262207,15.060704231262207,False,0.0
shared_e2e_projected,42,42,5,-0.010335016995668411,0.484194815158844,2.891810894012451,5.972411937256638,107,transformer_encoder,-0.010335016995668411,-0.028942178934812546,2.9103830456733704e-08,0.484194815158844,5.783621788024902,5.783313751220703,True,5.328655242919922e-05
shared_e2e_projected,42,42,5,-0.017027903348207474,0.8773891925811768,5.247302055358887,5.980586608232471,108,transformer_encoder,-0.017027903348207474,-0.15679042041301727,-1.6763806343078613e-08,0.8773891925811768,10.494604110717773,10.493083953857422,True,0.00014483928680419922
shared_e2e_projected,42,42,5,0.10314122587442398,0.6794273257255554,3.155940055847168,4.645000188176069,109,transformer_encoder,0.10314122587442398,0.442317396402359,0.442317396402359,0.6794273257255554,6.311880111694336,6.311880111694336,False,0.0
shared_e2e_projected,42,42,5,0.2211214303970337,2.984114408493042,6.837470531463623,2.2912896744185156,110,transformer_encoder,0.2211214303970337,9.023432731628418,9.023432731628418,2.984114408493042,13.674941062927246,13.674941062927246,False,0.0
shared_e2e_projected,42,42,5,0.7208365797996521,1.723158836364746,9.617713928222656,5.581443640165303,111,transformer_encoder,0.7208365797996521,23.89263153076172,23.89263153076172,1.723158836364746,19.235427856445312,19.235427856445312,False,0.0
shared_e2e_projected,42,42,5,-0.03313949331641197,1.5511257648468018,3.812068462371826,2.4576140431451914,112,transformer_encoder,-0.03313949331641197,-0.3919074833393097,2.7194619178771973e-07,1.5511257648468018,7.624136924743652,7.619949817657471,True,0.0005491971969604492
shared_e2e_projected,42,42,5,-0.013448955491185188,0.6799905300140381,3.5542166233062744,5.226861943552213,113,transformer_encoder,-0.013448955491185188,-0.0650077760219574,-2.3283064365386963e-09,0.6799905300140381,7.108433246612549,7.107791423797607,True,9.03010368347168e-05
shared_e2e_projected,42,42,5,0.06268667429685593,1.0202826261520386,3.1108248233795166,3.0489834322788454,114,transformer_encoder,0.06268667429685593,0.3979250490665436,0.3979250490665436,1.0202826261520386,6.221649646759033,6.221649646759033,False,0.0
shared_e2e_projected,42,42,5,0.028870556503534317,0.6294401288032532,3.093912363052368,4.915340191186707,115,transformer_encoder,0.028870556503534317,0.11244692653417587,0.11244692653417587,0.6294401288032532,6.187824726104736,6.187824726104736,False,0.0
shared_e2e_projected,42,42,5,-0.012943657115101814,0.7529932260513306,2.905791997909546,3.8589882317367112,116,transformer_encoder,-0.012943657115101814,-0.05664252117276192,-8.614733815193176e-09,0.7529932260513306,5.811583995819092,5.811097145080566,True,8.374452590942383e-05
shared_e2e_projected,42,42,5,-0.026881907135248184,1.2906970977783203,4.792393207550049,3.7130270268672687,117,transformer_encoder,-0.026881907135248184,-0.3325575590133667,9.313225746154785e-09,1.2906970977783203,9.584786415100098,9.581320762634277,True,0.00036156177520751953
shared_e2e_projected,42,42,5,-0.024379707872867584,0.7580438852310181,7.210831642150879,9.512419772310858,118,transformer_encoder,-0.024379707872867584,-0.26652514934539795,2.477318048477173e-07,0.7580438852310181,14.421663284301758,14.417378425598145,True,0.00029712915420532227
shared_e2e_projected,42,42,5,-0.09462404251098633,0.7076772451400757,7.4876275062561035,10.580568412615872,119,transformer_encoder,-0.09462404251098633,-1.002792239189148,-4.819594323635101e-08,0.7076772451400757,14.975255012512207,14.908061027526855,True,0.004486978054046631
shared_e2e_projected,42,42,5,0.1172226071357727,0.8597564697265625,4.618061542510986,5.371360036382997,120,transformer_encoder,0.1172226071357727,0.93084317445755,0.93084317445755,0.8597564697265625,9.236123085021973,9.236123085021973,False,0.0
shared_e2e_projected,42,42,5,0.058226581662893295,0.6178193688392639,1.511489987373352,2.4464917476010557,121,transformer_encoder,0.058226581662893295,0.1087472066283226,0.1087472066283226,0.6178193688392639,3.022979974746704,3.022979974746704,False,0.0
shared_e2e_projected,42,42,5,0.22344954311847687,0.7114549279212952,6.289806365966797,8.840765759180472,122,transformer_encoder,0.22344954311847687,1.9998347759246826,1.9998347759246826,0.7114549279212952,12.579612731933594,12.579612731933594,False,0.0
shared_e2e_projected,42,42,5,-0.009723094291985035,1.006909966468811,4.045594215393066,4.017831136959333,123,transformer_encoder,-0.009723094291985035,-0.07921500504016876,-2.2351741790771484e-08,1.006909966468811,8.091188430786133,8.090806007385254,True,4.7266483306884766e-05
shared_e2e_projected,42,42,5,0.08220654726028442,0.5276381969451904,3.375688076019287,6.397732566677587,124,transformer_encoder,0.08220654726028442,0.2928430736064911,0.2928430736064911,0.5276381969451904,6.751376152038574,6.751376152038574,False,0.0
shared_e2e_projected,42,42,5,-0.005987886339426041,0.9761510491371155,2.784670114517212,2.852704114776874,125,transformer_encoder,-0.005987886339426041,-0.03255324810743332,3.259629011154175e-09,0.9761510491371155,5.569340229034424,5.569240570068359,True,1.7881393432617188e-05
shared_e2e_projected,42,42,5,0.0809144377708435,0.6591609716415405,2.595404624938965,3.937436736394606,126,transformer_encoder,0.0809144377708435,0.27685514092445374,0.27685514092445374,0.6591609716415405,5.19080924987793,5.19080924987793,False,0.0
shared_e2e_projected,42,42,5,0.04163220897316933,1.3799850940704346,3.414846181869507,2.47455294737786,127,transformer_encoder,0.04163220897316933,0.3923783004283905,0.3923783004283905,1.3799850940704346,6.829692363739014,6.829692363739014,False,0.0
shared_e2e_projected,42,42,5,0.12424464523792267,0.7090238332748413,4.619577407836914,6.515404970944343,128,transformer_encoder,0.12424464523792267,0.8138994574546814,0.8138994574546814,0.7090238332748413,9.239154815673828,9.239154815673828,False,0.0
shared_e2e_projected,42,42,5,-0.01573486067354679,0.8048238158226013,4.3956146240234375,5.461586172783331,129,transformer_encoder,-0.01573486067354679,-0.11133028566837311,2.9336661100387573e-08,0.8048238158226013,8.791229248046875,8.790140151977539,True,0.00012385845184326172
shared_e2e_projected,42,42,5,0.23812349140644073,0.5999554395675659,5.164015769958496,8.607332194005275,130,transformer_encoder,0.23812349140644073,1.4754985570907593,1.4754985570907593,0.5999554395675659,10.328031539916992,10.328031539916992,False,0.0
shared_e2e_projected,42,42,5,0.1804138869047165,0.6580677032470703,6.347908020019531,9.646284096145987,131,transformer_encoder,0.1804138869047165,1.5073051452636719,1.5073051452636719,0.6580677032470703,12.695816040039062,12.695816040039062,False,0.0
shared_e2e_projected,42,42,5,-0.048381004482507706,0.6120533347129822,2.5541045665740967,4.173009804401809,132,transformer_encoder,-0.048381004482507706,-0.1512630432844162,2.514570951461792e-08,0.6120533347129822,5.108209133148193,5.102226734161377,True,0.001171112060546875
shared_e2e_projected,42,42,5,-0.08885829895734787,1.241308331489563,3.439242362976074,2.770659211518385,133,transformer_encoder,-0.08885829895734787,-0.7587006688117981,-6.612390279769897e-08,1.241308331489563,6.878484725952148,6.851275444030762,True,0.003955721855163574
shared_e2e_projected,42,42,5,0.06780918687582016,0.6876876354217529,3.4467670917510986,5.01211147941787,134,transformer_encoder,0.06780918687582016,0.32145610451698303,0.32145610451698303,0.6876876354217529,6.893534183502197,6.893534183502197,False,0.0
shared_e2e_projected,42,42,5,0.1383236050605774,0.5865400433540344,4.477503299713135,7.6337555303287665,135,transformer_encoder,0.1383236050605774,0.7265405654907227,0.7265405654907227,0.5865400433540344,8.95500659942627,8.95500659942627,False,0.0
shared_e2e_projected,42,42,5,-0.00888934638351202,0.7892662286758423,2.703382730484009,3.425184851782514,136,transformer_encoder,-0.00888934638351202,-0.03793419525027275,6.51925802230835e-09,0.7892662286758423,5.406765460968018,5.406551361083984,True,3.9577484130859375e-05
shared_e2e_projected,42,42,5,-0.19340036809444427,0.97749924659729,6.294795513153076,6.439693467862492,137,transformer_encoder,-0.19340036809444427,-2.3800458908081055,2.5704503059387207e-07,0.97749924659729,12.589591026306152,12.351899147033691,True,0.018880009651184082
shared_e2e_projected,42,42,5,-0.021972397342324257,1.486918330192566,7.546297073364258,5.07512545923552,138,transformer_encoder,-0.021972397342324257,-0.49309253692626953,-2.384185791015625e-07,1.486918330192566,15.092594146728516,15.088950157165527,True,0.00024145841598510742
shared_e2e_projected,42,42,5,0.06788098067045212,0.9198583960533142,5.123037815093994,5.569376587825445,139,transformer_encoder,0.06788098067045212,0.6397740840911865,0.6397740840911865,0.9198583960533142,10.246075630187988,10.246075630187988,False,0.0
shared_e2e_projected,42,42,5,0.06030447408556938,0.8586527705192566,5.916533946990967,6.890484896954373,140,transformer_encoder,0.06030447408556938,0.6127234101295471,0.6127234101295471,0.8586527705192566,11.833067893981934,11.833067893981934,False,0.0
shared_e2e_projected,42,42,5,-0.04266545921564102,0.6963171362876892,2.9214589595794678,4.195586762598993,141,transformer_encoder,-0.04266545921564102,-0.173585444688797,-9.313225746154785e-10,0.6963171362876892,5.8429179191589355,5.837597370147705,True,0.0009105801582336426
shared_e2e_projected,42,42,5,-0.04480694606900215,1.194942593574524,3.4954323768615723,2.925188536802773,142,transformer_encoder,-0.04480694606900215,-0.37430301308631897,-1.778826117515564e-07,1.194942593574524,6.9908647537231445,6.983842849731445,True,0.0010044574737548828
shared_e2e_projected,42,42,5,-0.17756864428520203,0.8868460655212402,5.379202365875244,6.065542347209535,143,transformer_encoder,-0.17756864428520203,-1.6941910982131958,-1.1455267667770386e-07,0.8868460655212402,10.758404731750488,10.587435722351074,True,0.015891671180725098
shared_e2e_projected,42,42,5,-0.13068605959415436,0.9857248067855835,7.561174392700195,7.670674756940468,144,transformer_encoder,-0.13068605959415436,-1.948068380355835,1.7695128917694092e-07,0.9857248067855835,15.12234878540039,14.992657661437988,True,0.00857609510421753
shared_e2e_projected,42,42,5,0.13226979970932007,0.8924291729927063,3.1039297580718994,3.478068458545637,145,transformer_encoder,0.13226979970932007,0.7327845692634583,0.7327845692634583,0.8924291729927063,6.207859516143799,6.207859516143799,False,0.0
shared_e2e_projected,42,42,5,-0.050648901611566544,1.069087266921997,6.1894121170043945,5.789435819233256,146,transformer_encoder,-0.050648901611566544,-0.6702897548675537,-9.103678166866302e-08,1.069087266921997,12.378824234008789,12.362936019897461,True,0.0012835264205932617
shared_e2e_projected,42,42,5,-0.04301949217915535,0.7181775569915771,4.473345756530762,6.2287462382832794,147,transformer_encoder,-0.04301949217915535,-0.2764137089252472,6.51925802230835e-09,0.7181775569915771,8.946691513061523,8.938408851623535,True,0.0009257793426513672
shared_e2e_projected,42,42,5,-0.014960874803364277,1.6225416660308838,3.951378107070923,2.435301471633032,148,transformer_encoder,-0.014960874803364277,-0.19183658063411713,7.543712854385376e-08,1.6225416660308838,7.902756214141846,7.901871681213379,True,0.0001119375228881836
shared_e2e_projected,42,42,5,-0.13944955170154572,0.9287518858909607,3.0415432453155518,3.274871676193443,149,transformer_encoder,-0.13944955170154572,-0.7878451347351074,-1.0710209608078003e-07,0.9287518858909607,6.0830864906311035,6.023649215698242,True,0.00977092981338501
shared_e2e_projected,42,42,5,0.0033548392821103334,0.7952436208724976,6.293486595153809,7.913910190501046,150,transformer_encoder,0.0033548392821103334,0.0335809700191021,0.0335809700191021,0.7952436208724976,12.586973190307617,12.586973190307617,False,0.0
shared_e2e_projected,42,42,5,0.11010704189538956,0.5500481724739075,2.6976304054260254,4.904353001107357,151,transformer_encoder,0.11010704189538956,0.3267595171928406,0.3267595171928406,0.5500481724739075,5.395260810852051,5.395260810852051,False,0.0
shared_e2e_projected,42,42,5,0.13617269694805145,0.892789900302887,3.980191230773926,4.458149929141907,152,transformer_encoder,0.13617269694805145,0.967772364616394,0.967772364616394,0.892789900302887,7.960382461547852,7.960382461547852,False,0.0
shared_e2e_projected,42,42,5,0.027451835572719574,0.8473566174507141,4.569629192352295,5.392805223024158,153,transformer_encoder,0.027451835572719574,0.21259281039237976,0.21259281039237976,0.8473566174507141,9.13925838470459,9.13925838470459,False,0.0
shared_e2e_projected,42,42,5,0.03056696243584156,0.7033767104148865,3.574728488922119,5.082238914071476,154,transformer_encoder,0.03056696243584156,0.15371395647525787,0.15371395647525787,0.7033767104148865,7.149456977844238,7.149456977844238,False,0.0
shared_e2e_projected,42,42,5,-0.03464122116565704,1.198885440826416,3.2771363258361816,2.733485797923432,155,transformer_encoder,-0.03464122116565704,-0.27220454812049866,9.96515154838562e-08,1.198885440826416,6.554272651672363,6.550339698791504,True,0.0006000399589538574
shared_e2e_projected,42,42,5,0.08785790205001831,0.800059974193573,3.406550645828247,4.25786910445296,156,transformer_encoder,0.08785790205001831,0.47890374064445496,0.47890374064445496,0.800059974193573,6.813101291656494,6.813101291656494,False,0.0
shared_e2e_projected,42,42,5,0.015982307493686676,1.234250783920288,9.043052673339844,7.326754652419061,157,transformer_encoder,0.015982307493686676,0.3567696809768677,0.3567696809768677,1.234250783920288,18.086105346679688,18.086105346679688,False,0.0
shared_e2e_projected,42,42,5,0.13941094279289246,0.8877584338188171,3.7950997352600098,4.27492388772344,158,transformer_encoder,0.13941094279289246,0.9393876791000366,0.9393876791000366,0.8877584338188171,7.5901994705200195,7.5901994705200195,False,0.0
shared_e2e_projected,42,42,5,0.03914278745651245,0.9889835715293884,9.015251159667969,9.115673322789947,159,transformer_encoder,0.03914278745651245,0.6979891657829285,0.6979891657829285,0.9889835715293884,18.030502319335938,18.030502319335938,False,0.0
shared_e2e_projected,42,42,5,0.04967332258820534,0.9566594362258911,7.377954483032227,7.7122058317209845,160,transformer_encoder,0.04967332258820534,0.7012074589729309,0.7012074589729309,0.9566594362258911,14.755908966064453,14.755908966064453,False,0.0
shared_e2e_projected,42,42,5,-0.0033286463003605604,0.6083469390869141,4.184233665466309,6.878038495182615,161,transformer_encoder,-0.0033286463003605604,-0.016945909708738327,1.955777406692505e-08,0.6083469390869141,8.368467330932617,8.36842155456543,True,5.4836273193359375e-06
shared_e2e_projected,42,42,5,-0.04506131634116173,0.9442601203918457,6.568808078765869,6.956566243674432,162,transformer_encoder,-0.04506131634116173,-0.5590003728866577,3.91155481338501e-08,0.9442601203918457,13.137616157531738,13.124272346496582,True,0.0010157227516174316
shared_e2e_projected,42,42,5,-0.018672887235879898,1.10081148147583,3.7910101413726807,3.443832304774083,163,transformer_encoder,-0.018672887235879898,-0.15585091710090637,-8.809729479253292e-08,1.10081148147583,7.582020282745361,7.580698490142822,True,0.00017434358596801758
shared_e2e_projected,42,42,5,-0.03802546486258507,1.1345828771591187,6.429130554199219,5.666514702123052,164,transformer_encoder,-0.03802546486258507,-0.5547444820404053,-2.551823854446411e-07,1.1345828771591187,12.858261108398438,12.84896183013916,True,0.0007232427597045898
shared_e2e_projected,42,42,5,0.08531920611858368,0.9548682570457458,8.623071670532227,9.030640202881006,165,transformer_encoder,0.08531920611858368,1.4050191640853882,1.4050191640853882,0.9548682570457458,17.246143341064453,17.246143341064453,False,0.0
shared_e2e_projected,42,42,5,-0.11404840648174286,0.6585773229598999,4.907956123352051,7.4523612524248595,166,transformer_encoder,-0.11404840648174286,-0.737270176410675,3.282912075519562e-07,0.6585773229598999,9.815912246704102,9.75186538696289,True,0.006524801254272461
shared_e2e_projected,42,42,5,-0.11107276380062103,0.8476048707962036,8.000731468200684,9.439223090689817,167,transformer_encoder,-0.11107276380062103,-1.506470799446106,-2.998858690261841e-07,0.8476048707962036,16.001462936401367,15.902454376220703,True,0.006187498569488525
shared_e2e_projected,42,42,5,-0.0050985985435545444,0.3846513330936432,2.7956275939941406,7.267952437626276,168,transformer_encoder,-0.0050985985435545444,-0.01096547394990921,-1.3969838619232178e-09,0.3846513330936432,5.591255187988281,5.591182708740234,True,1.2934207916259766e-05
shared_e2e_projected,42,42,5,0.03284753859043121,1.4336955547332764,7.747169494628906,5.403636405966386,169,transformer_encoder,0.03284753859043121,0.729680597782135,0.729680597782135,1.4336955547332764,15.494338989257812,15.494338989257812,False,0.0
shared_e2e_projected,42,42,5,-0.07387594878673553,1.006705641746521,5.198582172393799,5.1639545432315686,170,transformer_encoder,-0.07387594878673553,-0.7732509970664978,2.7474015951156616e-08,1.006705641746521,10.397164344787598,10.368754386901855,True,0.0027324557304382324
shared_e2e_projected,42,42,5,0.16746513545513153,0.9598592519760132,4.155542373657227,4.329324705786211,171,transformer_encoder,0.16746513545513153,1.3359483480453491,1.3359483480453491,0.9598592519760132,8.311084747314453,8.311084747314453,False,0.0
shared_e2e_projected,42,42,5,0.12825866043567657,0.9816504120826721,8.032170295715332,8.182312355652414,172,transformer_encoder,0.12825866043567657,2.022583484649658,2.022583484649658,0.9816504120826721,16.064340591430664,16.064340591430664,False,0.0
shared_e2e_projected,42,42,5,-0.007951149716973305,0.7313246726989746,9.411792755126953,12.86951350949567,173,transformer_encoder,-0.007951149716973305,-0.10945674031972885,7.171183824539185e-08,0.7313246726989746,18.823585510253906,18.82299041748047,True,3.159046173095703e-05
shared_e2e_projected,42,42,5,-0.050733912736177444,1.1638963222503662,7.192484378814697,6.179660714889276,174,transformer_encoder,-0.050733912736177444,-0.8494182825088501,5.587935447692871e-09,1.1638963222503662,14.384968757629395,14.366445541381836,True,0.001287698745727539
shared_e2e_projected,42,42,5,0.14602789282798767,0.9037582278251648,3.57281756401062,3.9532891142893076,175,transformer_encoder,0.14602789282798767,0.9430373907089233,0.9430373907089233,0.9037582278251648,7.14563512802124,7.14563512802124,False,0.0
shared_e2e_projected,42,42,5,-0.0026210625655949116,0.8865001201629639,4.379482269287109,4.94019365556548,176,transformer_encoder,-0.0026210625655949116,-0.020352086052298546,2.2351741790771484e-08,0.8865001201629639,8.758964538574219,8.758934020996094,True,3.4570693969726562e-06
shared_e2e_projected,42,42,5,-0.051542993634939194,0.4617321491241455,2.0922932624816895,4.53140043735429,177,transformer_encoder,-0.051542993634939194,-0.09958921372890472,1.0826624929904938e-08,0.4617321491241455,4.184586524963379,4.1790242195129395,True,0.0013292431831359863
shared_e2e_projected,42,42,5,0.07955900579690933,0.7222328782081604,3.1063857078552246,4.301085981521751,178,transformer_encoder,0.07955900579690933,0.3569866418838501,0.3569866418838501,0.7222328782081604,6.212771415710449,6.212771415710449,False,0.0
shared_e2e_projected,42,42,5,0.16753648221492767,0.5060573816299438,2.736456871032715,5.407404318891564,179,transformer_encoder,0.16753648221492767,0.46401044726371765,0.46401044726371765,0.5060573816299438,5.47291374206543,5.47291374206543,False,0.0
shared_e2e_projected,42,42,5,-0.2225235551595688,0.6762762069702148,5.555311679840088,8.214560297379736,180,transformer_encoder,-0.2225235551595688,-1.6720086336135864,9.499490261077881e-08,0.6762762069702148,11.110623359680176,10.832051277160645,True,0.025072574615478516
shared_e2e_projected,42,42,5,0.10671964287757874,0.7111226320266724,2.7199690341949463,3.824894486121386,181,transformer_encoder,0.10671964287757874,0.41284099221229553,0.41284099221229553,0.7111226320266724,5.439938068389893,5.439938068389893,False,0.0
shared_e2e_projected,42,42,5,-0.024516550824046135,1.480414628982544,7.848998069763184,5.301891724183802,182,transformer_encoder,-0.024516550824046135,-0.5697534680366516,-1.0710209608078003e-08,1.480414628982544,15.697996139526367,15.693276405334473,True,0.0003006458282470703
shared_e2e_projected,42,42,5,0.24197731912136078,1.0354349613189697,8.987072944641113,8.67951467776701,183,transformer_encoder,0.24197731912136078,4.503454208374023,4.503454208374023,1.0354349613189697,17.974145889282227,17.974145889282227,False,0.0
shared_e2e_projected,42,42,5,0.10618054866790771,1.6745903491973877,3.206961154937744,1.9150720392451828,184,transformer_encoder,0.10618054866790771,1.1404526233673096,1.1404526233673096,1.6745903491973877,6.413922309875488,6.413922309875488,False,0.0
shared_e2e_projected,42,42,5,0.1797875016927719,0.7581605911254883,8.799610137939453,11.606525373307052,185,transformer_encoder,0.1797875016927719,2.3989109992980957,2.3989109992980957,0.7581605911254883,17.599220275878906,17.599220275878906,False,0.0
shared_e2e_projected,42,42,5,0.03940252214670181,0.5770436525344849,5.454802513122559,9.45301536402668,186,transformer_encoder,0.03940252214670181,0.24805140495300293,0.24805140495300293,0.5770436525344849,10.909605026245117,10.909605026245117,False,0.0
shared_e2e_projected,42,42,5,0.004528864752501249,0.8076192140579224,2.973916530609131,3.682325133978105,187,transformer_encoder,0.004528864752501249,0.021754782646894455,0.021754782646894455,0.8076192140579224,5.947833061218262,5.947833061218262,False,0.0
shared_e2e_projected,42,42,5,0.19574233889579773,1.099180817604065,4.94683837890625,4.500477355208128,188,transformer_encoder,0.19574233889579773,2.1286861896514893,2.1286861896514893,1.099180817604065,9.8936767578125,9.8936767578125,False,0.0
shared_e2e_projected,42,42,5,0.16800038516521454,1.2272508144378662,5.096599102020264,4.152858602383349,189,transformer_encoder,0.16800038516521454,2.1016194820404053,2.1016194820404053,1.2272508144378662,10.193198204040527,10.193198204040527,False,0.0
shared_e2e_projected,42,42,5,0.12437509000301361,0.9003177285194397,3.2163469791412354,3.572457674948237,190,transformer_encoder,0.12437509000301361,0.7203144431114197,0.7203144431114197,0.9003177285194397,6.432693958282471,6.432693958282471,False,0.0
shared_e2e_projected,42,42,5,-0.5873111486434937,1.8898465633392334,8.919853210449219,4.7198822293215335,191,transformer_encoder,-0.5873111486434937,-19.800790786743164,1.6093254089355469e-06,1.8898465633392334,17.839706420898438,14.438767433166504,True,0.1906387209892273
shared_e2e_projected,42,42,5,0.12338339537382126,0.7209832072257996,8.64788818359375,11.994576429691211,192,transformer_encoder,0.12338339537382126,1.5385864973068237,1.5385864973068237,0.7209832072257996,17.2957763671875,17.2957763671875,False,0.0
shared_e2e_projected,42,42,5,-0.05398356541991234,1.1023057699203491,4.8614182472229,4.410226617587404,193,transformer_encoder,-0.05398356541991234,-0.5785709619522095,-2.2351741790771484e-08,1.1023057699203491,9.7228364944458,9.708659172058105,True,0.0014581680297851562
shared_e2e_projected,42,42,5,0.046823058277368546,1.6166225671768188,4.965898513793945,3.071773594294257,194,transformer_encoder,0.046823058277368546,0.7517895102500916,0.7517895102500916,1.6166225671768188,9.93179702758789,9.93179702758789,False,0.0
shared_e2e_projected,42,42,5,-0.02826298028230667,0.8599404096603394,2.728245973587036,3.1725988718969993,195,transformer_encoder,-0.02826298028230667,-0.13261719048023224,4.6100467443466187e-08,0.8599404096603394,5.456491947174072,5.454311847686768,True,0.00039952993392944336
shared_e2e_projected,42,42,5,0.039551496505737305,0.7795467972755432,2.4708251953125,3.1695662196905254,196,transformer_encoder,0.039551496505737305,0.1523621678352356,0.1523621678352356,0.7795467972755432,4.941650390625,4.941650390625,False,0.0
shared_e2e_projected,42,42,5,0.007118980400264263,0.5295189023017883,3.5425446033477783,6.690119253436544,197,transformer_encoder,0.007118980400264263,0.026708198711276054,0.026708198711276054,0.5295189023017883,7.085089206695557,7.085089206695557,False,0.0
shared_e2e_projected,42,42,5,0.12374918162822723,0.4858028292655945,2.9826579093933105,6.139647053728158,198,transformer_encoder,0.12374918162822723,0.35862109065055847,0.35862109065055847,0.4858028292655945,5.965315818786621,5.965315818786621,False,0.0
shared_e2e_projected,42,42,5,0.00922414381057024,0.5173081755638123,3.7533814907073975,7.255600564627847,199,transformer_encoder,0.00922414381057024,0.03582020848989487,0.03582020848989487,0.5173081755638123,7.506762981414795,7.506762981414795,False,0.0
