experiment,seed,image_id,large_gt_count,matched_tp_score_mean,matched_tp_score_min,matched_iou_mean,matched_class_accuracy,fp_query_count,fp_score_mean,fp_score_q95,fp_score_q99,fp_score_top10_mean,fp_score_max,tp_minus_top_fp,tp_above_top_fp,duplicate_like_fp50_count,duplicate_like_fp50_rate,high_confidence_fp50_count,checkpoint_epoch,fingerprint
baseline,42,6381,7,0.20635132491588593,0.03723548725247383,0.8156647086143494,0.8571429252624512,283,0.11116340011358261,0.2714504599571228,0.3271486759185791,0.3128889501094818,0.33224648237228394,-0.125895157456398,0,46,0.16254417598247528,0,7,c16286f63961237b
baseline,42,4537,5,0.07713250070810318,0.044341281056404114,0.7889800667762756,0.20000000298023224,293,0.048478417098522186,0.09718924760818481,0.14086386561393738,0.14802482724189758,0.2255471646785736,-0.14841467142105103,0,0,0.0,0,7,c16286f63961237b
baseline,42,9896,1,0.04995908588171005,0.04995908588171005,0.9192644357681274,0.0,299,0.028546039015054703,0.06365244090557098,0.1071862205862999,0.1017303466796875,0.12839478254318237,-0.07843569666147232,0,1,0.0033444815780967474,0,7,c16286f63961237b
baseline,42,7223,1,0.07988285273313522,0.07988285273313522,0.9691590070724487,1.0,299,0.03446485474705696,0.07636918872594833,0.09921464323997498,0.09646046906709671,0.11139040440320969,-0.03150755167007446,0,27,0.09030099958181381,0,7,c16286f63961237b
baseline,42,1977,1,0.11970358341932297,0.11970358341932297,0.9221895337104797,1.0,299,0.035449109971523285,0.08363782614469528,0.12644025683403015,0.11645571887493134,0.13221293687820435,-0.012509353458881378,0,30,0.10033445060253143,0,7,c16286f63961237b
baseline,42,5606,3,0.07884993404150009,0.04370924457907677,0.8204538822174072,0.6666666865348816,295,0.08342254906892776,0.1969204694032669,0.23504331707954407,0.22946827113628387,0.26010480523109436,-0.18125486373901367,0,60,0.20338982343673706,0,7,c16286f63961237b
baseline,42,8368,2,0.08581850677728653,0.03698515519499779,0.909119725227356,0.5,298,0.04102650657296181,0.0944739431142807,0.17832918465137482,0.1635185182094574,0.20267754793167114,-0.11685904115438461,0,34,0.11409395933151245,0,7,c16286f63961237b
baseline,42,6852,2,0.17268581688404083,0.10561788827180862,0.7901299595832825,0.5,297,0.055213287472724915,0.1466849148273468,0.20636877417564392,0.19455672800540924,0.26838043332099915,-0.09569461643695831,0,13,0.04377104341983795,0,7,c16286f63961237b
baseline,42,5879,1,0.05269378051161766,0.05269378051161766,0.7990489602088928,0.0,299,0.03520273417234421,0.07380163669586182,0.0858571007847786,0.0855904370546341,0.09362577646970749,-0.04093199595808983,0,7,0.023411370813846588,0,7,c16286f63961237b
baseline,42,3369,1,0.04827644303441048,0.04827644303441048,0.672979474067688,0.0,296,0.05443461984395981,0.1453022062778473,0.2526185214519501,0.24248822033405304,0.2929169833660126,-0.2446405440568924,0,0,0.0,0,7,c16286f63961237b
baseline,42,6062,1,0.18309402465820312,0.18309402465820312,0.8646200895309448,1.0,297,0.05528106540441513,0.14525623619556427,0.30232471227645874,0.27042466402053833,0.41961514949798584,-0.23652112483978271,0,37,0.12457912415266037,0,7,c16286f63961237b
baseline,42,740,2,0.058315690606832504,0.055476244539022446,0.8833320736885071,0.0,298,0.0305721927434206,0.06698126345872879,0.11137481778860092,0.10373760759830475,0.13143518567085266,-0.07311949133872986,0,0,0.0,0,7,c16286f63961237b
baseline,42,4031,2,0.054212626069784164,0.03492843359708786,0.7774003148078918,0.0,297,0.03800427168607712,0.06707672029733658,0.11905276775360107,0.11064747720956802,0.1442026048898697,-0.08998997509479523,0,1,0.003367003286257386,0,7,c16286f63961237b
baseline,42,9724,1,0.08417266607284546,0.08417266607284546,0.9104899168014526,1.0,299,0.03982415422797203,0.07968342304229736,0.09624537825584412,0.094166100025177,0.10558556765317917,-0.02141290158033371,0,11,0.03678929805755615,0,7,c16286f63961237b
baseline,42,7062,1,0.055504098534584045,0.055504098534584045,0.9471753835678101,0.0,299,0.03606100380420685,0.0763116404414177,0.09723088145256042,0.09442989528179169,0.10843374580144882,-0.05292964726686478,0,0,0.0,0,7,c16286f63961237b
baseline,42,9755,2,0.1746562123298645,0.062003761529922485,0.903706431388855,0.5,298,0.037379879504442215,0.08197952806949615,0.16521529853343964,0.15947189927101135,0.2523792088031769,-0.07772299647331238,0,7,0.02348993346095085,0,7,c16286f63961237b
baseline,42,3808,1,0.031664617359638214,0.031664617359638214,0.9622612595558167,0.0,299,0.03779381513595581,0.07388434559106827,0.12008507549762726,0.11508037894964218,0.16862326860427856,-0.13695865869522095,0,0,0.0,0,7,c16286f63961237b
baseline,42,5478,4,0.09469564259052277,0.037801794707775116,0.8269956111907959,0.75,296,0.05971783399581909,0.15104849636554718,0.1845325231552124,0.18425093591213226,0.20771272480487823,-0.11301708221435547,0,55,0.18581081926822662,0,7,c16286f63961237b
baseline,42,7905,1,0.07953161001205444,0.07953161001205444,0.9063704609870911,1.0,299,0.03444366529583931,0.09146817773580551,0.12166512757539749,0.12047144025564194,0.13384005427360535,-0.0543084442615509,0,43,0.14381270110607147,0,7,c16286f63961237b
baseline,42,8633,3,0.09593361616134644,0.08940251916646957,0.7675198316574097,0.0,296,0.041619040071964264,0.10312671959400177,0.14506155252456665,0.14104023575782776,0.1670621633529663,-0.07112854719161987,0,8,0.027027027681469917,0,7,c16286f63961237b
baseline,42,1918,2,0.15664435923099518,0.11178991943597794,0.8841995000839233,1.0,298,0.04546864330768585,0.1587119996547699,0.24709118902683258,0.22643247246742249,0.2781364917755127,-0.12149213254451752,0,14,0.0469798669219017,0,7,c16286f63961237b
baseline,42,4405,4,0.08015060424804688,0.03485666215419769,0.7780048847198486,0.5,296,0.05665798485279083,0.1180000901222229,0.1365915834903717,0.13532648980617523,0.1676727682352066,-0.08752216398715973,0,28,0.09459459781646729,0,7,c16286f63961237b
baseline,42,8443,1,0.05529477074742317,0.05529477074742317,0.6397627592086792,1.0,299,0.03142808377742767,0.05735793709754944,0.0868646502494812,0.08296448737382889,0.1103859469294548,-0.05509117618203163,0,1,0.0033444815780967474,0,7,c16286f63961237b
baseline,42,6654,3,0.1164422258734703,0.08412777632474899,0.8618248701095581,1.0,297,0.048992324620485306,0.1172449141740799,0.19962850213050842,0.18222780525684357,0.23950918018817902,-0.12306695431470871,0,59,0.1986531913280487,0,7,c16286f63961237b
baseline,42,1938,1,0.12186814099550247,0.12186814099550247,0.9695116877555847,1.0,299,0.04470435529947281,0.10253028571605682,0.12325362861156464,0.12018978595733643,0.12670952081680298,-0.004841379821300507,0,42,0.14046822488307953,0,7,c16286f63961237b
baseline,42,6190,1,0.03903890773653984,0.03903890773653984,0.8185514807701111,0.0,299,0.04107019677758217,0.07811971008777618,0.08895494043827057,0.08964172750711441,0.10217474400997162,-0.06313583254814148,0,0,0.0,0,7,c16286f63961237b
baseline,42,5214,1,0.07958653569221497,0.07958653569221497,0.937063455581665,0.0,299,0.036444149911403656,0.09378340095281601,0.10205572098493576,0.10076971352100372,0.10472667217254639,-0.02514013648033142,0,0,0.0,0,7,c16286f63961237b
baseline,42,6020,1,0.06714792549610138,0.06714792549610138,0.9787201285362244,0.0,298,0.040264327079057693,0.07645191997289658,0.08526032418012619,0.08523617684841156,0.09797555953264236,-0.030827634036540985,0,1,0.003355704713612795,0,7,c16286f63961237b
baseline,42,9192,1,0.0589621476829052,0.0589621476829052,0.8995680212974548,0.0,299,0.039612047374248505,0.07925210893154144,0.09563961625099182,0.09580586850643158,0.1322663128376007,-0.07330416142940521,0,0,0.0,0,7,c16286f63961237b
baseline,42,849,1,0.026407627388834953,0.026407627388834953,0.8325435519218445,0.0,299,0.03518345206975937,0.07283695787191391,0.08821873366832733,0.08897115290164948,0.10205206274986267,-0.07564443349838257,0,0,0.0,0,7,c16286f63961237b
baseline,42,3003,3,0.05005216225981712,0.044482871890068054,0.6626386642456055,1.0,296,0.0677766501903534,0.19400142133235931,0.2672164738178253,0.25863391160964966,0.28720277547836304,-0.23715060949325562,0,5,0.01689189299941063,0,7,c16286f63961237b
baseline,42,7900,2,0.06015627086162567,0.049736667424440384,0.8834593892097473,0.0,298,0.0414002351462841,0.08201128244400024,0.09271891415119171,0.09339363873004913,0.11712182313203812,-0.056965552270412445,0,0,0.0,0,7,c16286f63961237b
baseline,42,8095,1,0.08400055766105652,0.08400055766105652,0.9235674738883972,0.0,298,0.038053710013628006,0.10315016657114029,0.12684878706932068,0.12255946546792984,0.14276139438152313,-0.058760836720466614,0,0,0.0,0,7,c16286f63961237b
baseline,42,3781,2,0.17150074243545532,0.1561618149280548,0.9316232204437256,1.0,297,0.06624910235404968,0.15829084813594818,0.1943577378988266,0.18776126205921173,0.2138611525297165,-0.04236041009426117,0,73,0.2457912415266037,0,7,c16286f63961237b
baseline,42,5588,1,0.23697853088378906,0.23697853088378906,0.9307087659835815,1.0,299,0.032346438616514206,0.06853532046079636,0.1293707937002182,0.12337912619113922,0.23745207488536835,-0.00047354400157928467,0,11,0.03678929805755615,0,7,c16286f63961237b
baseline,42,8628,3,0.10303688049316406,0.04131827503442764,0.844448983669281,0.6666666865348816,296,0.06059062108397484,0.12954337894916534,0.16616232693195343,0.16129955649375916,0.21044375002384186,-0.1074068695306778,0,32,0.10810811072587967,0,7,c16286f63961237b
baseline,42,5314,1,0.05819910764694214,0.05819910764694214,0.8736725449562073,0.0,299,0.041866954416036606,0.08844362944364548,0.09936919063329697,0.09994091838598251,0.11049430072307587,-0.05229519307613373,0,0,0.0,0,7,c16286f63961237b
baseline,42,8338,1,0.06793463975191116,0.06793463975191116,0.8924488425254822,0.0,299,0.05617205426096916,0.12926682829856873,0.14108118414878845,0.14200380444526672,0.15454833209514618,-0.08661369234323502,0,0,0.0,0,7,c16286f63961237b
baseline,42,6949,1,0.03981589153409004,0.03981589153409004,0.8457099795341492,0.0,299,0.038879889994859695,0.08614134788513184,0.09647297114133835,0.09523014724254608,0.10614609718322754,-0.0663302093744278,0,29,0.09698996692895889,0,7,c16286f63961237b
baseline,42,7154,1,0.10343632102012634,0.10343632102012634,0.8225990533828735,1.0,299,0.043923839926719666,0.12814415991306305,0.17355799674987793,0.16838207840919495,0.2012123316526413,-0.09777601063251495,0,37,0.12374582141637802,0,7,c16286f63961237b
baseline,42,5940,6,0.24887873232364655,0.20305629074573517,0.8227466344833374,1.0,294,0.08680852502584457,0.22935079038143158,0.2865806519985199,0.27793365716934204,0.33298614621162415,-0.0841074138879776,0,76,0.25850340723991394,0,7,c16286f63961237b
baseline,42,851,2,0.1323433518409729,0.08854977786540985,0.8252274394035339,0.5,298,0.045318908989429474,0.12479156255722046,0.1973288357257843,0.19118045270442963,0.22024384140968323,-0.08790048956871033,0,12,0.04026845842599869,0,7,c16286f63961237b
baseline,42,7536,2,0.06469637900590897,0.05992131307721138,0.8480899333953857,0.0,298,0.04690007120370865,0.08945028483867645,0.10899253189563751,0.10306717455387115,0.11659391969442368,-0.05189754068851471,0,11,0.03691275045275688,0,7,c16286f63961237b
baseline,42,8252,1,0.06973252445459366,0.06973252445459366,0.8788213729858398,0.0,299,0.04409618303179741,0.09632037580013275,0.1206851378083229,0.11764383316040039,0.12350349128246307,-0.053770966827869415,0,0,0.0,0,7,c16286f63961237b
baseline,42,1206,2,0.08945149928331375,0.05542833358049393,0.7981849908828735,0.5,298,0.04023374617099762,0.11047416180372238,0.2070700079202652,0.18097206950187683,0.21550427377223969,-0.12605276703834534,0,18,0.06040268391370773,0,7,c16286f63961237b
baseline,42,4121,2,0.18573805689811707,0.13782253861427307,0.8356736898422241,1.0,297,0.04761243239045143,0.1318083107471466,0.19355811178684235,0.1969645917415619,0.27777814865112305,-0.09204009175300598,0,24,0.08080808073282242,0,7,c16286f63961237b
baseline,42,4857,6,0.1410498172044754,0.02066522277891636,0.8533167839050293,0.8333333730697632,285,0.09368107467889786,0.2296626716852188,0.271101176738739,0.2645694613456726,0.31670886278152466,-0.17565904557704926,0,50,0.17543859779834747,0,7,c16286f63961237b
baseline,42,3759,3,0.2059261053800583,0.1838437020778656,0.9031540751457214,1.0,296,0.060573138296604156,0.19370198249816895,0.2769758999347687,0.26848316192626953,0.3010146915912628,-0.09508858621120453,0,58,0.19594594836235046,0,7,c16286f63961237b
baseline,42,5057,2,0.16654318571090698,0.11095031350851059,0.8868899345397949,0.5,297,0.041719548404216766,0.09737374633550644,0.14325419068336487,0.1528845727443695,0.2281567007303238,-0.06161351501941681,0,25,0.08417508006095886,0,7,c16286f63961237b
baseline,42,6296,3,0.15577256679534912,0.11167683452367783,0.7361904978752136,1.0,297,0.0627988949418068,0.167547807097435,0.20280833542346954,0.2002331018447876,0.20943915843963623,-0.05366659164428711,0,71,0.23905722796916962,0,7,c16286f63961237b
baseline,42,3351,1,0.08186397701501846,0.08186397701501846,0.936939537525177,1.0,299,0.0314774289727211,0.06363649666309357,0.079046331346035,0.07592169940471649,0.08735605329275131,-0.005492076277732849,0,21,0.07023411244153976,0,7,c16286f63961237b
baseline,42,3673,2,0.05297743156552315,0.049040134996175766,0.9451799392700195,0.0,298,0.04735780134797096,0.09924759715795517,0.17199501395225525,0.1437542736530304,0.19338008761405945,-0.1404026597738266,0,0,0.0,0,7,c16286f63961237b
baseline,42,3330,1,0.08608762174844742,0.08608762174844742,0.8155086636543274,0.0,298,0.03691892325878143,0.09064992517232895,0.13532714545726776,0.1374666541814804,0.170711949467659,-0.08462432771921158,0,4,0.01342281885445118,0,7,c16286f63961237b
baseline,42,3838,4,0.1506323516368866,0.12004972249269485,0.8750931620597839,1.0,294,0.0924023762345314,0.21926693618297577,0.2511257827281952,0.25323253870010376,0.3064405024051666,-0.15580815076828003,0,92,0.31292515993118286,0,7,c16286f63961237b
baseline,42,6759,1,0.04229242354631424,0.04229242354631424,0.9457300305366516,0.0,299,0.034985192120075226,0.06857958436012268,0.12297029793262482,0.11365704238414764,0.15869681537151337,-0.11640439182519913,0,0,0.0,0,7,c16286f63961237b
baseline,42,3886,1,0.09226980060338974,0.09226980060338974,0.8698477745056152,0.0,299,0.032432567328214645,0.06557074189186096,0.09630526602268219,0.09313962608575821,0.10566039383411407,-0.013390593230724335,0,1,0.0033444815780967474,0,7,c16286f63961237b
baseline,42,3335,4,0.06883696466684341,0.05761990323662758,0.7151307463645935,0.75,293,0.07664122432470322,0.18084824085235596,0.24411047995090485,0.23810863494873047,0.2856680750846863,-0.21683111786842346,0,40,0.13651876151561737,0,7,c16286f63961237b
baseline,42,5065,1,0.07426809519529343,0.07426809519529343,0.9288023710250854,1.0,299,0.03585175424814224,0.08436058461666107,0.11243334412574768,0.10730957984924316,0.12462501972913742,-0.050356924533843994,0,39,0.1304347813129425,0,7,c16286f63961237b
baseline,42,5253,1,0.08066243678331375,0.08066243678331375,0.9174821376800537,0.0,299,0.029098013415932655,0.06144246831536293,0.08593191206455231,0.0860767513513565,0.10777763277292252,-0.027115195989608765,0,4,0.01337792631238699,0,7,c16286f63961237b
baseline,42,4281,1,0.024574480950832367,0.024574480950832367,0.7117215991020203,0.0,298,0.03629409521818161,0.07957932353019714,0.15056705474853516,0.13868188858032227,0.18852205574512482,-0.16394758224487305,0,0,0.0,0,7,c16286f63961237b
baseline,42,1758,2,0.05961787700653076,0.02121918275952339,0.5817323923110962,0.5,298,0.05951898172497749,0.12071347236633301,0.1295042634010315,0.12962082028388977,0.13656304776668549,-0.07694517076015472,0,30,0.10067114233970642,0,7,c16286f63961237b
baseline,42,756,1,0.05635988339781761,0.05635988339781761,0.899154007434845,0.0,299,0.03874793276190758,0.08671384304761887,0.1039600744843483,0.10198602825403214,0.11688011139631271,-0.0605202279984951,0,0,0.0,0,7,c16286f63961237b
baseline,42,6295,3,0.046259839087724686,0.037185221910476685,0.7310298681259155,0.0,297,0.03723878413438797,0.08844985067844391,0.14473822712898254,0.1366540491580963,0.17692071199417114,-0.13066087663173676,0,0,0.0,0,7,c16286f63961237b
baseline,42,9072,1,0.050276994705200195,0.050276994705200195,0.7638172507286072,1.0,299,0.034307997673749924,0.07075794786214828,0.08921781927347183,0.08574418723583221,0.09982827305793762,-0.04955127835273743,0,11,0.03678929805755615,0,7,c16286f63961237b
baseline,42,9032,2,0.08111133426427841,0.07829264551401138,0.8405613303184509,0.0,297,0.03979053720831871,0.0867699608206749,0.12539301812648773,0.11824703216552734,0.1483951061964035,-0.06728377193212509,0,0,0.0,0,7,c16286f63961237b
baseline,42,4168,2,0.0631222352385521,0.03014521487057209,0.7836000919342041,0.5,298,0.04369080811738968,0.11803516000509262,0.19619254767894745,0.19150251150131226,0.28199711441993713,-0.21887487173080444,0,5,0.016778523102402687,0,7,c16286f63961237b
baseline,42,7691,1,0.15123482048511505,0.15123482048511505,0.9397308826446533,1.0,299,0.030026163905858994,0.06691573560237885,0.10905362665653229,0.10442753881216049,0.1384495049715042,0.01278531551361084,1,16,0.05351170524954796,0,7,c16286f63961237b
baseline,42,140,2,0.03081110119819641,0.02758052386343479,0.7008057832717896,0.0,298,0.03723064064979553,0.07916088402271271,0.09168358892202377,0.09111981093883514,0.10303731262683868,-0.07222621142864227,0,0,0.0,0,7,c16286f63961237b
baseline,42,6855,1,0.05368668958544731,0.05368668958544731,0.8351598978042603,0.0,297,0.041737161576747894,0.08191169053316116,0.16029924154281616,0.13316380977630615,0.20419712364673615,-0.15051043033599854,0,5,0.016835017129778862,0,7,c16286f63961237b
baseline,42,2063,4,0.091637521982193,0.03862965479493141,0.8179795742034912,0.75,293,0.062474168837070465,0.1420728713274002,0.22533679008483887,0.20647510886192322,0.25558650493621826,-0.16394898295402527,0,37,0.12627986073493958,0,7,c16286f63961237b
baseline,42,9776,3,0.08645784854888916,0.03711074963212013,0.7742509841918945,0.6666666865348816,297,0.05051795393228531,0.13169726729393005,0.20308640599250793,0.19390788674354553,0.2430770993232727,-0.15661925077438354,0,14,0.047138046473264694,0,7,c16286f63961237b
baseline,42,2129,4,0.08740494400262833,0.07990763336420059,0.7594997882843018,0.0,296,0.040779054164886475,0.1021895706653595,0.12083664536476135,0.11727366596460342,0.12453210353851318,-0.03712715953588486,0,0,0.0,0,7,c16286f63961237b
baseline,42,6348,1,0.07884916663169861,0.07884916663169861,0.9395384788513184,1.0,298,0.04338446259498596,0.08261743187904358,0.10576748847961426,0.10310468822717667,0.1352350264787674,-0.05638585984706879,0,10,0.033557046204805374,0,7,c16286f63961237b
baseline,42,2940,2,0.1101360097527504,0.03899555280804634,0.894417405128479,0.5,293,0.043859925121068954,0.08486714959144592,0.1508476585149765,0.15091471374034882,0.2406192570924759,-0.1304832398891449,0,28,0.0955631360411644,0,7,c16286f63961237b
baseline,42,4100,1,0.028698382899165154,0.028698382899165154,0.6324803233146667,0.0,299,0.030038384720683098,0.05008714273571968,0.0834718868136406,0.07595349848270416,0.08771738409996033,-0.059018999338150024,0,0,0.0,0,7,c16286f63961237b
baseline,42,2953,4,0.062427639961242676,0.05526713281869888,0.7969461679458618,0.0,295,0.05775528773665428,0.14432524144649506,0.20236662030220032,0.19604775309562683,0.22048136591911316,-0.15805372595787048,0,0,0.0,0,7,c16286f63961237b
baseline,42,8933,1,0.05516558513045311,0.05516558513045311,0.5691993832588196,0.0,297,0.04181474447250366,0.08382583409547806,0.1017356738448143,0.1035497784614563,0.1358877569437027,-0.08072216808795929,0,0,0.0,0,7,c16286f63961237b
baseline,42,763,1,0.06628147512674332,0.06628147512674332,0.8880228996276855,0.0,299,0.04099423438310623,0.09837152063846588,0.13033677637577057,0.12575730681419373,0.14702685177326202,-0.08074537664651871,0,0,0.0,0,7,c16286f63961237b
baseline,42,9942,3,0.16739153861999512,0.15572568774223328,0.8880245089530945,1.0,297,0.07319184392690659,0.15964502096176147,0.18594306707382202,0.1805664747953415,0.19402700662612915,-0.026635468006134033,0,94,0.3164983093738556,0,7,c16286f63961237b
baseline,42,2567,1,0.04514843970537186,0.04514843970537186,0.9624783396720886,0.0,299,0.03201702982187271,0.0715547427535057,0.11376284807920456,0.10330931097269058,0.12672699987888336,-0.0815785601735115,0,0,0.0,0,7,c16286f63961237b
baseline,42,9869,1,0.10333109647035599,0.10333109647035599,0.9441798329353333,1.0,299,0.04365325719118118,0.10400481522083282,0.1451556533575058,0.141448974609375,0.16483499109745026,-0.06150389462709427,0,46,0.1538461595773697,0,7,c16286f63961237b
baseline,42,5579,2,0.07713013887405396,0.07070152461528778,0.6308313608169556,0.0,298,0.04273892566561699,0.09475152939558029,0.11840280145406723,0.11660490185022354,0.1342126578092575,-0.05708251893520355,0,0,0.0,0,7,c16286f63961237b
baseline,42,4464,2,0.13926108181476593,0.0794505774974823,0.9210292100906372,0.5,297,0.04114289954304695,0.10839062929153442,0.16367796063423157,0.16168905794620514,0.222193643450737,-0.08293256163597107,0,17,0.05723905563354492,0,7,c16286f63961237b
baseline,42,4020,2,0.14858867228031158,0.056061603128910065,0.747145414352417,0.5,297,0.052336204797029495,0.12247984111309052,0.16496020555496216,0.16077418625354767,0.2073289304971695,-0.05874025821685791,0,4,0.013468013145029545,0,7,c16286f63961237b
baseline,42,3116,1,0.051797572523355484,0.051797572523355484,0.7874017953872681,1.0,299,0.0340917594730854,0.06946004927158356,0.08730261772871017,0.08497139811515808,0.10205840319395065,-0.05026083067059517,0,3,0.010033444501459599,0,7,c16286f63961237b
baseline,42,865,4,0.167281374335289,0.052266888320446014,0.8595352172851562,0.75,291,0.08479540050029755,0.18826910853385925,0.2727392017841339,0.25764209032058716,0.3015138506889343,-0.13423247635364532,0,43,0.1477663218975067,0,7,c16286f63961237b
baseline,42,2845,1,0.031451571732759476,0.031451571732759476,0.8266499042510986,0.0,294,0.04080156236886978,0.11557148396968842,0.15079592168331146,0.15132436156272888,0.19495905935764313,-0.16350749135017395,0,0,0.0,0,7,c16286f63961237b
baseline,42,9537,1,0.058865565806627274,0.058865565806627274,0.9222345352172852,0.0,298,0.042771756649017334,0.11408207565546036,0.23158173263072968,0.20663388073444366,0.31583622097969055,-0.2569706439971924,0,0,0.0,0,7,c16286f63961237b
baseline,42,5146,10,0.16931632161140442,0.08130036294460297,0.8413764834403992,0.5,290,0.09228835999965668,0.21841472387313843,0.28193914890289307,0.2703021168708801,0.31574419140815735,-0.14642786979675293,0,60,0.20689654350280762,0,7,c16286f63961237b
baseline,42,5239,1,0.11174801737070084,0.11174801737070084,0.777836263179779,1.0,296,0.06430991739034653,0.14660146832466125,0.21750707924365997,0.2173902988433838,0.25589048862457275,-0.14414247870445251,0,16,0.054054055362939835,0,7,c16286f63961237b
baseline,42,3145,2,0.074612557888031,0.06506700068712234,0.9185404777526855,1.0,298,0.05254685878753662,0.1386151760816574,0.1596294790506363,0.16126659512519836,0.19228701293468475,-0.11767445504665375,0,65,0.21812081336975098,0,7,c16286f63961237b
baseline,42,7256,3,0.13955779373645782,0.05893729254603386,0.7945603132247925,0.6666666865348816,297,0.04710204899311066,0.14930956065654755,0.23630528151988983,0.21616187691688538,0.3138093650341034,-0.17425157129764557,0,15,0.05050504952669144,0,7,c16286f63961237b
shared_e2e,42,6381,7,0.2337387055158615,0.055453941226005554,0.8216148614883423,0.8571429252624512,283,0.09854749590158463,0.22797369956970215,0.29570046067237854,0.2837500274181366,0.3387446999549866,-0.10500599443912506,0,41,0.14487633109092712,0,7,c16286f63961237b
shared_e2e,42,4537,5,0.1061353087425232,0.0577160008251667,0.8028947710990906,0.20000000298023224,293,0.06069023162126541,0.13364148139953613,0.18107740581035614,0.17675378918647766,0.21510332822799683,-0.10896801948547363,0,1,0.0034129691775888205,0,7,c16286f63961237b
shared_e2e,42,9896,1,0.08639904111623764,0.08639904111623764,0.8960079550743103,0.0,299,0.027950892224907875,0.07722087949514389,0.1327085793018341,0.11731407791376114,0.14087249338626862,-0.054473452270030975,0,5,0.016722407191991806,0,7,c16286f63961237b
shared_e2e,42,7223,1,0.14104725420475006,0.14104725420475006,0.9576292634010315,1.0,299,0.031184805557131767,0.06829627603292465,0.12961171567440033,0.12260951846837997,0.13955622911453247,0.0014910250902175903,1,50,0.16722407937049866,0,7,c16286f63961237b
shared_e2e,42,1977,1,0.11001096665859222,0.11001096665859222,0.8624507784843445,0.0,299,0.030819909647107124,0.07919453829526901,0.1123972088098526,0.10726930946111679,0.11882567405700684,-0.008814707398414612,0,26,0.08695652335882187,0,7,c16286f63961237b
shared_e2e,42,5606,3,0.11211147904396057,0.06610346585512161,0.848857581615448,0.6666666865348816,295,0.07728954404592514,0.20450636744499207,0.2613043487071991,0.2519291043281555,0.27429497241973877,-0.1621834933757782,0,45,0.1525423675775528,0,7,c16286f63961237b
shared_e2e,42,8368,2,0.0970628410577774,0.0547027662396431,0.7290512323379517,0.5,298,0.040398962795734406,0.1327192336320877,0.18188926577568054,0.1738108992576599,0.21019794046878815,-0.11313509941101074,0,37,0.12416107207536697,0,7,c16286f63961237b
shared_e2e,42,6852,2,0.15891686081886292,0.12502729892730713,0.8652327060699463,0.5,297,0.04139876365661621,0.11950569599866867,0.18509739637374878,0.17548325657844543,0.22303351759910583,-0.06411665678024292,0,12,0.04040404036641121,0,7,c16286f63961237b
shared_e2e,42,5879,1,0.0647740289568901,0.0647740289568901,0.9697631597518921,0.0,299,0.03588559851050377,0.08803030848503113,0.12187112122774124,0.11928053200244904,0.12890495359897614,-0.06413092464208603,0,18,0.06020066887140274,0,7,c16286f63961237b
shared_e2e,42,3369,1,0.0383542962372303,0.0383542962372303,0.872873067855835,0.0,296,0.05619087815284729,0.1725107729434967,0.2670985162258148,0.25563138723373413,0.30820608139038086,-0.26985177397727966,0,2,0.006756756920367479,0,7,c16286f63961237b
shared_e2e,42,6062,1,0.15454185009002686,0.15454185009002686,0.9182494282722473,1.0,297,0.042576175183057785,0.13502030074596405,0.18711970746517181,0.20640847086906433,0.2982177734375,-0.14367592334747314,0,25,0.08417508006095886,0,7,c16286f63961237b
shared_e2e,42,740,2,0.03976467251777649,0.03723730891942978,0.9058210849761963,0.0,298,0.02667250484228134,0.052885930985212326,0.06566333025693893,0.06625543534755707,0.07696611434221268,-0.03720144182443619,0,0,0.0,0,7,c16286f63961237b
shared_e2e,42,4031,2,0.08811024576425552,0.07104842364788055,0.899019718170166,0.0,297,0.04154696688055992,0.0852871984243393,0.10438884049654007,0.10401026904582977,0.12204143404960632,-0.0339311882853508,0,3,0.010101010091602802,0,7,c16286f63961237b
shared_e2e,42,9724,1,0.10603541880846024,0.10603541880846024,0.9646579623222351,1.0,299,0.033222001045942307,0.08209546655416489,0.11077723652124405,0.10935169458389282,0.12499454617500305,-0.018959127366542816,0,46,0.1538461595773697,0,7,c16286f63961237b
shared_e2e,42,7062,1,0.06997041404247284,0.06997041404247284,0.9702785611152649,0.0,299,0.028117774054408073,0.06518755853176117,0.09083972126245499,0.08824004977941513,0.09578382223844528,-0.025813408195972443,0,0,0.0,0,7,c16286f63961237b
shared_e2e,42,9755,2,0.15928064286708832,0.09381647408008575,0.8989604711532593,0.5,298,0.03334427997469902,0.08304194360971451,0.1944185197353363,0.1618160754442215,0.27209556102752686,-0.11281491816043854,0,10,0.033557046204805374,0,7,c16286f63961237b
shared_e2e,42,3808,1,0.0384545624256134,0.0384545624256134,0.9622575044631958,0.0,299,0.03501349315047264,0.08098611980676651,0.11278503388166428,0.10933568328619003,0.12906263768672943,-0.09060807526111603,0,0,0.0,0,7,c16286f63961237b
shared_e2e,42,5478,4,0.0962759330868721,0.02764923870563507,0.8548619747161865,0.5,296,0.046133071184158325,0.11390189826488495,0.17698927223682404,0.17699669301509857,0.20676597952842712,-0.11049004644155502,0,33,0.11148648709058762,0,7,c16286f63961237b
shared_e2e,42,7905,1,0.07750747352838516,0.07750747352838516,0.8925884962081909,1.0,299,0.028232427313923836,0.07520883530378342,0.10412275046110153,0.10155950486660004,0.12711209058761597,-0.049604617059230804,0,23,0.07692307978868484,0,7,c16286f63961237b
shared_e2e,42,8633,3,0.12331384420394897,0.07939230650663376,0.7971479296684265,0.0,296,0.043505094945430756,0.11391237378120422,0.15805557370185852,0.1531645506620407,0.173143208026886,-0.04982936382293701,0,13,0.0439189188182354,0,7,c16286f63961237b
shared_e2e,42,1918,2,0.21507573127746582,0.11946193128824234,0.8683861494064331,1.0,298,0.04456073418259621,0.15296180546283722,0.26445937156677246,0.23184600472450256,0.2738305330276489,-0.058754801750183105,0,13,0.043624162673950195,0,7,c16286f63961237b
shared_e2e,42,4405,4,0.07353327423334122,0.03555464744567871,0.753298282623291,0.5,296,0.047494951635599136,0.09881778806447983,0.11664091795682907,0.11428868770599365,0.13165245950222015,-0.05811918526887894,0,12,0.04054054245352745,0,7,c16286f63961237b
shared_e2e,42,8443,1,0.05852733179926872,0.05852733179926872,0.7358559966087341,1.0,299,0.027346638962626457,0.07534279674291611,0.10506322234869003,0.09998580813407898,0.11395040899515152,-0.0554230771958828,0,9,0.03010033443570137,0,7,c16286f63961237b
shared_e2e,42,6654,3,0.11049589514732361,0.08456398546695709,0.8593906760215759,1.0,297,0.045875027775764465,0.11639760434627533,0.17714305222034454,0.1622094064950943,0.19904537498950958,-0.08854947984218597,0,27,0.09090908616781235,0,7,c16286f63961237b
shared_e2e,42,1938,1,0.09569151699542999,0.09569151699542999,0.9545590281486511,1.0,299,0.03816640377044678,0.08359818905591965,0.12182644009590149,0.11673291027545929,0.1487734019756317,-0.05308188498020172,0,49,0.1638796031475067,0,7,c16286f63961237b
shared_e2e,42,6190,1,0.06403176486492157,0.06403176486492157,0.877349317073822,0.0,299,0.03943910449743271,0.08577141165733337,0.09775137901306152,0.09598776698112488,0.09901135414838791,-0.03497958928346634,0,0,0.0,0,7,c16286f63961237b
shared_e2e,42,5214,1,0.05563200265169144,0.05563200265169144,0.916373610496521,0.0,299,0.03464489057660103,0.08648407459259033,0.10733083635568619,0.10299720615148544,0.11332036554813385,-0.05768836289644241,0,0,0.0,0,7,c16286f63961237b
shared_e2e,42,6020,1,0.083048015832901,0.083048015832901,0.9589959383010864,0.0,298,0.03584746643900871,0.08459322154521942,0.10692897439002991,0.10879875719547272,0.1451360285282135,-0.0620880126953125,0,3,0.010067114606499672,0,7,c16286f63961237b
shared_e2e,42,9192,1,0.05251198261976242,0.05251198261976242,0.9006170630455017,0.0,299,0.03549380600452423,0.08547351509332657,0.10590938478708267,0.10739435255527496,0.12473808228969574,-0.07222609966993332,0,0,0.0,0,7,c16286f63961237b
shared_e2e,42,849,1,0.04245790094137192,0.04245790094137192,0.7453262805938721,0.0,299,0.02975022979080677,0.06862172484397888,0.0819060206413269,0.08104746788740158,0.086942657828331,-0.044484756886959076,0,0,0.0,0,7,c16286f63961237b
shared_e2e,42,3003,3,0.07386774569749832,0.051037926226854324,0.6408989429473877,1.0,296,0.060583554208278656,0.19561807811260223,0.23923037946224213,0.24030371010303497,0.3057875633239746,-0.23191982507705688,0,11,0.037162162363529205,0,7,c16286f63961237b
shared_e2e,42,7900,2,0.061333201825618744,0.0469689704477787,0.8533889651298523,0.0,298,0.03935534507036209,0.0794333890080452,0.10042466968297958,0.09770873934030533,0.12051820755004883,-0.059185005724430084,0,0,0.0,0,7,c16286f63961237b
shared_e2e,42,8095,1,0.0495353601872921,0.0495353601872921,0.9693504571914673,0.0,298,0.035335246473550797,0.09801363199949265,0.12847787141799927,0.12601882219314575,0.1443110704421997,-0.09477570652961731,0,0,0.0,0,7,c16286f63961237b
shared_e2e,42,3781,2,0.11920765787363052,0.10935507714748383,0.9169168472290039,1.0,297,0.06006176769733429,0.1482151448726654,0.18012499809265137,0.18340955674648285,0.2295810878276825,-0.11037342995405197,0,51,0.17171716690063477,0,7,c16286f63961237b
shared_e2e,42,5588,1,0.2263166606426239,0.2263166606426239,0.9023841023445129,1.0,299,0.03180249407887459,0.0895836353302002,0.1526738852262497,0.1434239149093628,0.2094467729330063,0.016869887709617615,1,7,0.023411370813846588,0,7,c16286f63961237b
shared_e2e,42,8628,3,0.08548939228057861,0.0486900731921196,0.8733269572257996,0.6666666865348816,296,0.05435608699917793,0.12193506956100464,0.1919003129005432,0.16864070296287537,0.20434007048606873,-0.11885067820549011,0,34,0.11486487090587616,0,7,c16286f63961237b
shared_e2e,42,5314,1,0.028279636055231094,0.028279636055231094,0.8361235857009888,0.0,299,0.03456750512123108,0.06905858218669891,0.07762856781482697,0.07623865455389023,0.08378461003303528,-0.055504973977804184,0,0,0.0,0,7,c16286f63961237b
shared_e2e,42,8338,1,0.042967237532138824,0.042967237532138824,0.7746499180793762,0.0,299,0.03722642362117767,0.0778227299451828,0.10607137531042099,0.10525216907262802,0.11478684842586517,-0.07181961089372635,0,0,0.0,0,7,c16286f63961237b
shared_e2e,42,6949,1,0.06495735794305801,0.06495735794305801,0.8446224927902222,1.0,299,0.0337439589202404,0.07552553713321686,0.11077946424484253,0.1088816300034523,0.12686586380004883,-0.061908505856990814,0,46,0.1538461595773697,0,7,c16286f63961237b
shared_e2e,42,7154,1,0.15015119314193726,0.15015119314193726,0.9018813967704773,1.0,299,0.038637977093458176,0.12078092992305756,0.21031557023525238,0.19418618083000183,0.22496289014816284,-0.07481169700622559,0,33,0.11036789417266846,0,7,c16286f63961237b
shared_e2e,42,5940,6,0.24905788898468018,0.15698398649692535,0.8681793212890625,1.0,294,0.0822799801826477,0.21254943311214447,0.2637293040752411,0.25405654311180115,0.29495954513549805,-0.04590165615081787,0,77,0.2619047462940216,0,7,c16286f63961237b
shared_e2e,42,851,2,0.19158796966075897,0.11856303364038467,0.7643393278121948,0.5,298,0.038013678044080734,0.10734085738658905,0.17758189141750336,0.1792943775653839,0.26016879081726074,-0.06858082115650177,0,9,0.030201341956853867,0,7,c16286f63961237b
shared_e2e,42,7536,2,0.06428104639053345,0.06331129372119904,0.8069107532501221,0.0,298,0.04005714878439903,0.08466927707195282,0.1100190207362175,0.10956962406635284,0.12550261616706848,-0.061221569776535034,0,7,0.02348993346095085,0,7,c16286f63961237b
shared_e2e,42,8252,1,0.0727047473192215,0.0727047473192215,0.8584031462669373,0.0,299,0.033537592738866806,0.08071400970220566,0.12277290970087051,0.10807160288095474,0.13511307537555695,-0.06240832805633545,0,0,0.0,0,7,c16286f63961237b
shared_e2e,42,1206,2,0.12801875174045563,0.06277476996183395,0.8786579370498657,0.5,298,0.04205828532576561,0.12568658590316772,0.20578302443027496,0.19409769773483276,0.2667352259159088,-0.13871647417545319,0,20,0.06711409240961075,0,7,c16286f63961237b
shared_e2e,42,4121,2,0.20067115128040314,0.13919669389724731,0.831574559211731,0.5,297,0.04467253386974335,0.1253008246421814,0.21648891270160675,0.2086370438337326,0.2629028558731079,-0.06223170459270477,0,26,0.0875420868396759,0,7,c16286f63961237b
shared_e2e,42,4857,6,0.19581861793994904,0.036532483994960785,0.8572962284088135,0.8333333730697632,285,0.08946577459573746,0.2112070471048355,0.28574085235595703,0.2779969573020935,0.3325960040092468,-0.1367773860692978,0,34,0.11929824948310852,0,7,c16286f63961237b
shared_e2e,42,3759,3,0.24431653320789337,0.23709529638290405,0.9008487462997437,1.0,296,0.052738986909389496,0.15842515230178833,0.23696640133857727,0.21954958140850067,0.2795504629611969,-0.03523392975330353,0,34,0.11486487090587616,0,7,c16286f63961237b
shared_e2e,42,5057,2,0.15146256983280182,0.10484349727630615,0.8833233118057251,0.5,297,0.044622473418712616,0.1372671127319336,0.2230844348669052,0.2035253793001175,0.27589669823646545,-0.12443412840366364,0,22,0.07407407462596893,0,7,c16286f63961237b
shared_e2e,42,6296,3,0.18078242242336273,0.12890899181365967,0.9024645686149597,1.0,297,0.06369604170322418,0.18994465470314026,0.23535825312137604,0.23438569903373718,0.27274981141090393,-0.0919673889875412,0,72,0.24242423474788666,0,7,c16286f63961237b
shared_e2e,42,3351,1,0.11793769150972366,0.11793769150972366,0.9274012446403503,1.0,299,0.02831311710178852,0.07360029965639114,0.11268989741802216,0.1066884770989418,0.11879751086235046,-0.0008598193526268005,0,36,0.12040133774280548,0,7,c16286f63961237b
shared_e2e,42,3673,2,0.07057878375053406,0.06264381855726242,0.9412984848022461,0.0,298,0.04444350674748421,0.1109808161854744,0.12803378701210022,0.1272796094417572,0.1531917005777359,-0.08261291682720184,0,0,0.0,0,7,c16286f63961237b
shared_e2e,42,3330,1,0.09808345884084702,0.09808345884084702,0.9146672487258911,1.0,298,0.03290989622473717,0.10082057118415833,0.14173045754432678,0.12708386778831482,0.1639883667230606,-0.06590490788221359,0,14,0.0469798669219017,0,7,c16286f63961237b
shared_e2e,42,3838,4,0.20243242383003235,0.10238036513328552,0.8778340220451355,1.0,294,0.0855034664273262,0.23016543686389923,0.2705468237400055,0.25928640365600586,0.2766556143760681,-0.07422319054603577,0,83,0.28231292963027954,0,7,c16286f63961237b
shared_e2e,42,6759,1,0.05525212734937668,0.05525212734937668,0.9303022027015686,0.0,299,0.026831770315766335,0.049643624573946,0.09138640761375427,0.08527360111474991,0.1069847121834755,-0.051732584834098816,0,0,0.0,0,7,c16286f63961237b
shared_e2e,42,3886,1,0.07468102127313614,0.07468102127313614,0.9561634063720703,0.0,299,0.027434689924120903,0.062209248542785645,0.10083761066198349,0.09276609867811203,0.11994453519582748,-0.045263513922691345,0,1,0.0033444815780967474,0,7,c16286f63961237b
shared_e2e,42,3335,4,0.08008985966444016,0.054978303611278534,0.7913976907730103,0.75,293,0.05942739173769951,0.14769601821899414,0.24392111599445343,0.21576574444770813,0.2722490727901459,-0.19215920567512512,0,44,0.15017063915729523,0,7,c16286f63961237b
shared_e2e,42,5065,1,0.0822242721915245,0.0822242721915245,0.9300257563591003,1.0,299,0.03246961161494255,0.08303740620613098,0.10307320952415466,0.09990833699703217,0.10522782057523727,-0.02300354838371277,0,32,0.10702341049909592,0,7,c16286f63961237b
shared_e2e,42,5253,1,0.11422646790742874,0.11422646790742874,0.9632498025894165,0.0,299,0.029077574610710144,0.07806143164634705,0.13242948055267334,0.11637122929096222,0.13965412974357605,-0.02542766183614731,0,11,0.03678929805755615,0,7,c16286f63961237b
shared_e2e,42,4281,1,0.025798959657549858,0.025798959657549858,0.8205518126487732,0.0,298,0.03239374980330467,0.07511737942695618,0.16118748486042023,0.15486875176429749,0.19729094207286835,-0.17149198055267334,0,1,0.003355704713612795,0,7,c16286f63961237b
shared_e2e,42,1758,2,0.04540402069687843,0.028562167659401894,0.4786930978298187,0.5,298,0.04496288672089577,0.0985422283411026,0.12833315134048462,0.12657277286052704,0.1354638785123825,-0.09005986154079437,0,31,0.10402684658765793,0,7,c16286f63961237b
shared_e2e,42,756,1,0.059728752821683884,0.059728752821683884,0.9358442425727844,0.0,299,0.03437986969947815,0.08961138874292374,0.11692927032709122,0.11379258334636688,0.12924310564994812,-0.06951434910297394,0,0,0.0,0,7,c16286f63961237b
shared_e2e,42,6295,3,0.05047304555773735,0.04458228126168251,0.807614803314209,0.0,297,0.043009787797927856,0.15572349727153778,0.17924146354198456,0.177158921957016,0.19770680367946625,-0.1472337543964386,0,0,0.0,0,7,c16286f63961237b
shared_e2e,42,9072,1,0.09335892647504807,0.09335892647504807,0.5948925614356995,1.0,299,0.033809393644332886,0.07329823076725006,0.11917972564697266,0.11899664252996445,0.1520548313856125,-0.05869590491056442,0,8,0.02675585262477398,0,7,c16286f63961237b
shared_e2e,42,9032,2,0.08483902364969254,0.0839817002415657,0.8732388019561768,0.0,297,0.039708081632852554,0.11175603419542313,0.13930809497833252,0.13603296875953674,0.1621823012828827,-0.07734327763319016,0,0,0.0,0,7,c16286f63961237b
shared_e2e,42,4168,2,0.06458191573619843,0.05501739680767059,0.6988931894302368,0.5,298,0.044980280101299286,0.13499848544597626,0.20189641416072845,0.20013709366321564,0.2938114106655121,-0.22922949492931366,0,2,0.00671140942722559,0,7,c16286f63961237b
shared_e2e,42,7691,1,0.14967191219329834,0.14967191219329834,0.94204181432724,1.0,299,0.02502506412565708,0.05920804291963577,0.11104007810354233,0.10554848611354828,0.1355307251214981,0.014141187071800232,1,12,0.040133778005838394,0,7,c16286f63961237b
shared_e2e,42,140,2,0.03598133474588394,0.02863774262368679,0.6925958395004272,0.0,298,0.03312787413597107,0.07378789037466049,0.08772322535514832,0.08516699075698853,0.0916266217827797,-0.05564528703689575,0,0,0.0,0,7,c16286f63961237b
shared_e2e,42,6855,1,0.06361975520849228,0.06361975520849228,0.9527328014373779,0.0,297,0.043048564344644547,0.08787283301353455,0.19594202935695648,0.18131500482559204,0.30515947937965393,-0.24153971672058105,0,4,0.013468013145029545,0,7,c16286f63961237b
shared_e2e,42,2063,4,0.06160060316324234,0.04039902240037918,0.8345621228218079,0.75,293,0.05662483721971512,0.15991786122322083,0.22232744097709656,0.21436505019664764,0.24432751536369324,-0.1827269196510315,0,27,0.09215016663074493,0,7,c16286f63961237b
shared_e2e,42,9776,3,0.10684293508529663,0.04840218648314476,0.7045285105705261,0.6666666865348816,297,0.047244876623153687,0.15558871626853943,0.2818169593811035,0.2521405518054962,0.31808823347091675,-0.21124529838562012,0,17,0.05723905563354492,0,7,c16286f63961237b
shared_e2e,42,2129,4,0.0839494988322258,0.07472813129425049,0.7339304089546204,0.0,296,0.04004697874188423,0.10974058508872986,0.140893816947937,0.1355874240398407,0.16286107897758484,-0.07891158014535904,0,1,0.0033783784601837397,0,7,c16286f63961237b
shared_e2e,42,6348,1,0.11859367787837982,0.11859367787837982,0.9336978197097778,0.0,298,0.042524926364421844,0.10593921691179276,0.14572836458683014,0.13741326332092285,0.1542847603559494,-0.03569108247756958,0,7,0.02348993346095085,0,7,c16286f63961237b
shared_e2e,42,2940,2,0.13790421187877655,0.05550568550825119,0.9530342817306519,0.5,293,0.04925840348005295,0.12480075657367706,0.22792558372020721,0.1966433972120285,0.2679561674594879,-0.13005195558071136,0,32,0.10921501368284225,0,7,c16286f63961237b
shared_e2e,42,4100,1,0.04699026793241501,0.04699026793241501,0.7437759637832642,0.0,299,0.03473735973238945,0.07496193796396255,0.0870739296078682,0.08552301675081253,0.09589028358459473,-0.04890001565217972,0,0,0.0,0,7,c16286f63961237b
shared_e2e,42,2953,4,0.0769231766462326,0.05826161429286003,0.7927433848381042,0.0,295,0.052651550620794296,0.14084197580814362,0.17673276364803314,0.17245596647262573,0.18265239894390106,-0.10572922229766846,0,0,0.0,0,7,c16286f63961237b
shared_e2e,42,8933,1,0.06693462282419205,0.06693462282419205,0.6645172238349915,0.0,297,0.03341487795114517,0.07261533290147781,0.09270128607749939,0.08935736119747162,0.10676360875368118,-0.039828985929489136,0,0,0.0,0,7,c16286f63961237b
shared_e2e,42,763,1,0.05192416533827782,0.05192416533827782,0.9257688522338867,0.0,299,0.03164761886000633,0.07335186004638672,0.11422392725944519,0.10916359722614288,0.12733741104602814,-0.07541324198246002,0,0,0.0,0,7,c16286f63961237b
shared_e2e,42,9942,3,0.1815626621246338,0.12462709844112396,0.8901735544204712,1.0,297,0.07753109186887741,0.1710512489080429,0.2402186095714569,0.21668307483196259,0.24592344462871552,-0.06436078250408173,0,92,0.3097642958164215,0,7,c16286f63961237b
shared_e2e,42,2567,1,0.06369648873806,0.06369648873806,0.9404175281524658,0.0,299,0.028441889211535454,0.08114974200725555,0.12216174602508545,0.1152268648147583,0.12659814953804016,-0.06290166079998016,0,0,0.0,0,7,c16286f63961237b
shared_e2e,42,9869,1,0.14788588881492615,0.14788588881492615,0.8629324436187744,1.0,299,0.04551873356103897,0.1149362325668335,0.17957590520381927,0.17122800648212433,0.19801035523414612,-0.05012446641921997,0,62,0.20735785365104675,0,7,c16286f63961237b
shared_e2e,42,5579,2,0.06576414406299591,0.0586031898856163,0.6556880474090576,0.0,298,0.036143600940704346,0.0844816043972969,0.12003672122955322,0.1145782470703125,0.13847748935222626,-0.07271334528923035,0,0,0.0,0,7,c16286f63961237b
shared_e2e,42,4464,2,0.1520370990037918,0.07550273835659027,0.9098174571990967,0.5,297,0.04263780638575554,0.11948148906230927,0.1577407866716385,0.16075339913368225,0.2200641632080078,-0.068027064204216,0,11,0.03703703731298447,0,7,c16286f63961237b
shared_e2e,42,4020,2,0.1219346672296524,0.0676707923412323,0.9070969820022583,0.5,297,0.055856671184301376,0.12926775217056274,0.15791982412338257,0.16095063090324402,0.20566929876804352,-0.08373463153839111,0,11,0.03703703731298447,0,7,c16286f63961237b
shared_e2e,42,3116,1,0.04137759655714035,0.04137759655714035,0.9075375199317932,0.0,299,0.029924536123871803,0.07569445669651031,0.0981653705239296,0.09634250402450562,0.1088704764842987,-0.06749287992715836,0,12,0.040133778005838394,0,7,c16286f63961237b
shared_e2e,42,865,4,0.1745862513780594,0.07138731330633163,0.8814006447792053,0.75,291,0.080424003303051,0.1971217840909958,0.2979256212711334,0.28180742263793945,0.3268808126449585,-0.1522945612668991,0,37,0.12714776396751404,0,7,c16286f63961237b
shared_e2e,42,2845,1,0.05805964395403862,0.05805964395403862,0.6980708837509155,0.0,294,0.046016477048397064,0.14831022918224335,0.1926155835390091,0.18153859674930573,0.20336918532848358,-0.14530953764915466,0,0,0.0,0,7,c16286f63961237b
shared_e2e,42,9537,1,0.07029622793197632,0.07029622793197632,0.8543819189071655,0.0,298,0.03436293825507164,0.09595514088869095,0.11924856156110764,0.13195745646953583,0.2262994349002838,-0.1560032069683075,0,5,0.016778523102402687,0,7,c16286f63961237b
shared_e2e,42,5146,10,0.18391859531402588,0.08350817859172821,0.8197090029716492,0.6000000238418579,290,0.08703053742647171,0.23940728604793549,0.30913418531417847,0.29590320587158203,0.3381493091583252,-0.15423071384429932,0,55,0.18965516984462738,0,7,c16286f63961237b
shared_e2e,42,5239,1,0.16223067045211792,0.16223067045211792,0.8392326831817627,1.0,296,0.056409720331430435,0.14423829317092896,0.19638732075691223,0.19435951113700867,0.23788823187351227,-0.07565756142139435,0,19,0.06418918818235397,0,7,c16286f63961237b
shared_e2e,42,3145,2,0.09018182754516602,0.08102656155824661,0.9007165431976318,1.0,298,0.04893544688820839,0.14211584627628326,0.19956743717193604,0.18518370389938354,0.2112189531326294,-0.12103712558746338,0,63,0.21140938997268677,0,7,c16286f63961237b
shared_e2e,42,7256,3,0.1543920487165451,0.077574223279953,0.8458694219589233,0.6666666865348816,297,0.0411316342651844,0.15025825798511505,0.24522574245929718,0.2169777899980545,0.27111709117889404,-0.11672504246234894,0,15,0.05050504952669144,0,7,c16286f63961237b
baseline,43,6381,7,0.24205507338047028,0.14224687218666077,0.8226318955421448,0.8571429252624512,283,0.09938231110572815,0.24012872576713562,0.3165305256843567,0.2938190996646881,0.3321502208709717,-0.0900951474905014,0,33,0.11660777777433395,0,7,d1b7a9f86e187c5e
baseline,43,4537,5,0.0965583324432373,0.0592658706009388,0.7966728210449219,0.20000000298023224,293,0.05745241418480873,0.13497111201286316,0.18157920241355896,0.18606218695640564,0.2528573274612427,-0.15629899501800537,0,0,0.0,0,7,d1b7a9f86e187c5e
baseline,43,9896,1,0.08069635182619095,0.08069635182619095,0.7971885800361633,0.0,299,0.025075098499655724,0.05561240389943123,0.0794232189655304,0.07483305037021637,0.10170064866542816,-0.021004296839237213,0,1,0.0033444815780967474,0,7,d1b7a9f86e187c5e
baseline,43,7223,1,0.1324872225522995,0.1324872225522995,0.954409122467041,1.0,299,0.028361713513731956,0.0787409245967865,0.09366324543952942,0.10104328393936157,0.16570499539375305,-0.03321777284145355,0,25,0.08361203968524933,0,7,d1b7a9f86e187c5e
baseline,43,1977,1,0.0782245397567749,0.0782245397567749,0.9487780332565308,0.0,299,0.030437979847192764,0.06643317639827728,0.09954532980918884,0.09906719624996185,0.1535232663154602,-0.0752987265586853,0,12,0.040133778005838394,0,7,d1b7a9f86e187c5e
baseline,43,5606,3,0.1310323029756546,0.04396955296397209,0.7832280397415161,0.6666666865348816,295,0.07094027101993561,0.17958277463912964,0.24700702726840973,0.22959592938423157,0.2621345520019531,-0.13110224902629852,0,33,0.11186440289020538,0,7,d1b7a9f86e187c5e
baseline,43,8368,2,0.12368809431791306,0.0853530615568161,0.84747314453125,0.5,298,0.04238222911953926,0.11230397969484329,0.16494973003864288,0.1731317788362503,0.2512507438659668,-0.12756264209747314,0,23,0.07718120515346527,0,7,d1b7a9f86e187c5e
baseline,43,6852,2,0.15271040797233582,0.12533347308635712,0.8056546449661255,0.5,297,0.03808211162686348,0.08322599530220032,0.13656234741210938,0.1349143236875534,0.19986890256404877,-0.04715849459171295,0,6,0.020202020183205605,0,7,d1b7a9f86e187c5e
baseline,43,5879,1,0.0602404847741127,0.0602404847741127,0.8934335708618164,1.0,299,0.03216773644089699,0.06896920502185822,0.08830802142620087,0.08946399390697479,0.13829296827316284,-0.07805248349905014,0,9,0.03010033443570137,0,7,d1b7a9f86e187c5e
baseline,43,3369,1,0.07036587595939636,0.07036587595939636,0.8095764517784119,0.0,296,0.052033938467502594,0.1271173059940338,0.250518798828125,0.23144960403442383,0.3145061433315277,-0.24414026737213135,0,0,0.0,0,7,d1b7a9f86e187c5e
baseline,43,6062,1,0.27096545696258545,0.27096545696258545,0.9585594534873962,1.0,297,0.04653076454997063,0.10782624036073685,0.2105684131383896,0.19536979496479034,0.28222107887268066,-0.011255621910095215,0,17,0.05723905563354492,0,7,d1b7a9f86e187c5e
baseline,43,740,2,0.04205291345715523,0.041046034544706345,0.8689851760864258,0.0,298,0.028726859018206596,0.06213231012225151,0.09716154634952545,0.09399669617414474,0.11407680809497833,-0.0720238983631134,0,0,0.0,0,7,d1b7a9f86e187c5e
baseline,43,4031,2,0.07918980717658997,0.056928448379039764,0.848580002784729,0.0,297,0.04025080427527428,0.07135586440563202,0.08604814857244492,0.08978122472763062,0.12442092597484589,-0.04523111879825592,0,0,0.0,0,7,d1b7a9f86e187c5e
baseline,43,9724,1,0.15063712000846863,0.15063712000846863,0.9300758838653564,1.0,299,0.0338614396750927,0.06528045982122421,0.09039171040058136,0.08810685575008392,0.12080217152833939,0.029834948480129242,1,26,0.08695652335882187,0,7,d1b7a9f86e187c5e
baseline,43,7062,1,0.11410781741142273,0.11410781741142273,0.9484121799468994,0.0,299,0.03012544848024845,0.05848902463912964,0.09867497533559799,0.09441845864057541,0.1350439339876175,-0.020936116576194763,0,0,0.0,0,7,d1b7a9f86e187c5e
baseline,43,9755,2,0.1643722653388977,0.08957041054964066,0.8463795185089111,0.5,298,0.03347451984882355,0.0702199712395668,0.15763776004314423,0.1445518434047699,0.2385188788175583,-0.07414661347866058,0,6,0.020134229212999344,0,7,d1b7a9f86e187c5e
baseline,43,3808,1,0.06325214356184006,0.06325214356184006,0.9133419990539551,0.0,299,0.03377421200275421,0.07406201958656311,0.1058114692568779,0.1069723591208458,0.16800260543823242,-0.10475046187639236,0,0,0.0,0,7,d1b7a9f86e187c5e
baseline,43,5478,4,0.10210248082876205,0.04866161197423935,0.7654671669006348,0.75,296,0.05145599693059921,0.12385158240795135,0.166778564453125,0.17498719692230225,0.26387137174606323,-0.16176888346672058,0,28,0.09459459781646729,0,7,d1b7a9f86e187c5e
baseline,43,7905,1,0.13049282133579254,0.13049282133579254,0.8361490964889526,1.0,299,0.028914084658026695,0.05572662502527237,0.10658230632543564,0.10536269843578339,0.19548937678337097,-0.06499655544757843,0,13,0.043478261679410934,0,7,d1b7a9f86e187c5e
baseline,43,8633,3,0.11177826672792435,0.10070093721151352,0.8108706474304199,0.0,296,0.040985725820064545,0.10306937247514725,0.1590966433286667,0.15317302942276,0.18391560018062592,-0.07213733345270157,0,6,0.020270271226763725,0,7,d1b7a9f86e187c5e
baseline,43,1918,2,0.15835851430892944,0.0855247750878334,0.8063874244689941,1.0,298,0.042626265436410904,0.10266270488500595,0.2078557163476944,0.19653168320655823,0.25484123826026917,-0.09648272395133972,0,8,0.02684563770890236,0,7,d1b7a9f86e187c5e
baseline,43,4405,4,0.06087706610560417,0.04306640475988388,0.7487494945526123,0.5,296,0.045900166034698486,0.08836790919303894,0.11062201857566833,0.1092379242181778,0.13145925104618073,-0.07058218121528625,0,4,0.013513513840734959,0,7,d1b7a9f86e187c5e
baseline,43,8443,1,0.04820704087615013,0.04820704087615013,0.8261988759040833,0.0,299,0.030439868569374084,0.06813488900661469,0.10442689061164856,0.09640481323003769,0.10803646594285965,-0.05982942506670952,0,6,0.020066889002919197,0,7,d1b7a9f86e187c5e
baseline,43,6654,3,0.18818660080432892,0.11137745529413223,0.8740988969802856,1.0,297,0.04096032679080963,0.08938658982515335,0.14756733179092407,0.14178967475891113,0.20262658596038818,-0.014439985156059265,0,22,0.07407407462596893,0,7,d1b7a9f86e187c5e
baseline,43,1938,1,0.09285690635442734,0.09285690635442734,0.9607685804367065,1.0,299,0.03521399945020676,0.08890355378389359,0.12246318906545639,0.12304409593343735,0.1985166221857071,-0.10565971583127975,0,27,0.09030099958181381,0,7,d1b7a9f86e187c5e
baseline,43,6190,1,0.09173105657100677,0.09173105657100677,0.7847655415534973,0.0,299,0.0359383150935173,0.07050216943025589,0.09529723972082138,0.09190426021814346,0.10893618315458298,-0.017205126583576202,0,0,0.0,0,7,d1b7a9f86e187c5e
baseline,43,5214,1,0.08261355012655258,0.08261355012655258,0.9031761288642883,1.0,299,0.03463539108633995,0.07484588027000427,0.1263195127248764,0.10953708738088608,0.13828399777412415,-0.055670447647571564,0,0,0.0,0,7,d1b7a9f86e187c5e
baseline,43,6020,1,0.12704192101955414,0.12704192101955414,0.9637314081192017,0.0,298,0.03976770117878914,0.082555390894413,0.11774484068155289,0.11763999611139297,0.16022300720214844,-0.0331810861825943,0,2,0.00671140942722559,0,7,d1b7a9f86e187c5e
baseline,43,9192,1,0.07936743646860123,0.07936743646860123,0.8838224411010742,0.0,299,0.03672438859939575,0.07754553854465485,0.1042017787694931,0.10376030206680298,0.1396012008190155,-0.060233764350414276,0,0,0.0,0,7,d1b7a9f86e187c5e
baseline,43,849,1,0.03945125639438629,0.03945125639438629,0.922569751739502,0.0,299,0.033068928867578506,0.09079956263303757,0.12432419508695602,0.12226585298776627,0.15600824356079102,-0.11655698716640472,0,0,0.0,0,7,d1b7a9f86e187c5e
baseline,43,3003,3,0.09551620483398438,0.0871972143650055,0.5323634147644043,1.0,296,0.06330769509077072,0.16835758090019226,0.2608725428581238,0.24095411598682404,0.2793997526168823,-0.18388354778289795,0,15,0.05067567527294159,0,7,d1b7a9f86e187c5e
baseline,43,7900,2,0.07957781106233597,0.0433540903031826,0.9005123972892761,0.0,298,0.03776088356971741,0.07516743242740631,0.09674620628356934,0.10078011453151703,0.1511927992105484,-0.07161498814821243,0,0,0.0,0,7,d1b7a9f86e187c5e
baseline,43,8095,1,0.10175953805446625,0.10175953805446625,0.9057778120040894,0.0,298,0.03635547310113907,0.10198130458593369,0.17750290036201477,0.1580309420824051,0.2031756341457367,-0.10141609609127045,0,0,0.0,0,7,d1b7a9f86e187c5e
baseline,43,3781,2,0.25492167472839355,0.23519912362098694,0.8569079637527466,1.0,297,0.06125466153025627,0.14930224418640137,0.1853952705860138,0.18633398413658142,0.21298901736736298,0.04193265736103058,1,41,0.13804712891578674,0,7,d1b7a9f86e187c5e
baseline,43,5588,1,0.2656284272670746,0.2656284272670746,0.8579197525978088,1.0,299,0.031316857784986496,0.05979200080037117,0.1577826887369156,0.14658679068088531,0.2505538761615753,0.015074551105499268,1,9,0.03010033443570137,0,7,d1b7a9f86e187c5e
baseline,43,8628,3,0.11135721951723099,0.042376816272735596,0.8318933844566345,0.3333333432674408,296,0.047869931906461716,0.11235782504081726,0.1332186460494995,0.1404472291469574,0.24352861940860748,-0.1321713924407959,0,30,0.10135135054588318,0,7,d1b7a9f86e187c5e
baseline,43,5314,1,0.07930704206228256,0.07930704206228256,0.8442744016647339,0.0,299,0.03531046211719513,0.07039864361286163,0.09885531663894653,0.09633110463619232,0.1301269680261612,-0.05081992596387863,0,0,0.0,0,7,d1b7a9f86e187c5e
baseline,43,8338,1,0.030094606801867485,0.030094606801867485,0.8234843015670776,0.0,299,0.032763466238975525,0.05479798465967178,0.12072960287332535,0.11640635877847672,0.1926359236240387,-0.16254131495952606,0,0,0.0,0,7,d1b7a9f86e187c5e
baseline,43,6949,1,0.07973805069923401,0.07973805069923401,0.9323088526725769,1.0,299,0.031338829547166824,0.06800572574138641,0.11263684183359146,0.10963428020477295,0.1631011962890625,-0.08336314558982849,0,21,0.07023411244153976,0,7,d1b7a9f86e187c5e
baseline,43,7154,1,0.11641482263803482,0.11641482263803482,0.8523308634757996,1.0,299,0.03519652783870697,0.1063564270734787,0.13845454156398773,0.14652614295482635,0.24380816519260406,-0.12739333510398865,0,37,0.12374582141637802,0,7,d1b7a9f86e187c5e
baseline,43,5940,6,0.2689169943332672,0.23473525047302246,0.8742071986198425,1.0,294,0.08436650782823563,0.2105756402015686,0.2542310059070587,0.24853496253490448,0.2903323471546173,-0.021415352821350098,0,56,0.1904761791229248,0,7,d1b7a9f86e187c5e
baseline,43,851,2,0.17266589403152466,0.1571315973997116,0.7844325304031372,0.5,298,0.04572691023349762,0.12387692928314209,0.1800827533006668,0.1866249442100525,0.2669219970703125,-0.09425610303878784,0,9,0.030201341956853867,0,7,d1b7a9f86e187c5e
baseline,43,7536,2,0.06403504312038422,0.03936532512307167,0.8498867750167847,0.0,298,0.04043029248714447,0.08459275960922241,0.10010386258363724,0.10195819288492203,0.11751091480255127,-0.05347587168216705,0,0,0.0,0,7,d1b7a9f86e187c5e
baseline,43,8252,1,0.1187656819820404,0.1187656819820404,0.9067561626434326,0.0,299,0.03285681828856468,0.07276828587055206,0.11022854596376419,0.10860556364059448,0.16157425940036774,-0.04280857741832733,0,0,0.0,0,7,d1b7a9f86e187c5e
baseline,43,1206,2,0.11491748690605164,0.04956519603729248,0.8737657070159912,0.5,298,0.0424511581659317,0.12941153347492218,0.18297581374645233,0.1773451268672943,0.2319497913122177,-0.11703230440616608,0,23,0.07718120515346527,0,7,d1b7a9f86e187c5e
baseline,43,4121,2,0.16756995022296906,0.13055025041103363,0.8624864816665649,1.0,297,0.045222628861665726,0.10967186093330383,0.17089338600635529,0.165518119931221,0.2176017016172409,-0.05003175139427185,0,18,0.060606058686971664,0,7,d1b7a9f86e187c5e
baseline,43,4857,6,0.1757994145154953,0.08038819581270218,0.8625375628471375,0.6666666865348816,285,0.0884915292263031,0.20243573188781738,0.2614108622074127,0.2609700560569763,0.32150739431381226,-0.14570797979831696,0,35,0.12280701845884323,0,7,d1b7a9f86e187c5e
baseline,43,3759,3,0.20336715877056122,0.1598895639181137,0.8896620273590088,1.0,296,0.05208389088511467,0.15041670203208923,0.20725655555725098,0.19722650945186615,0.24823713302612305,-0.04486997425556183,0,35,0.1182432472705841,0,7,d1b7a9f86e187c5e
baseline,43,5057,2,0.14915990829467773,0.1252927929162979,0.8974151611328125,0.5,297,0.04484901204705238,0.11421801149845123,0.18726836144924164,0.1868552267551422,0.261195570230484,-0.11203566193580627,0,25,0.08417508006095886,0,7,d1b7a9f86e187c5e
baseline,43,6296,3,0.16940142214298248,0.1553511917591095,0.8773301839828491,1.0,297,0.062045563012361526,0.16574665904045105,0.23750314116477966,0.22495055198669434,0.28100189566612244,-0.11160047352313995,0,63,0.21212120354175568,0,7,d1b7a9f86e187c5e
baseline,43,3351,1,0.14318300783634186,0.14318300783634186,0.9380190968513489,1.0,299,0.029100297018885612,0.06780383735895157,0.0998467281460762,0.09560481458902359,0.1256422996520996,0.01754070818424225,1,19,0.06354515254497528,0,7,d1b7a9f86e187c5e
baseline,43,3673,2,0.06137686222791672,0.06020425260066986,0.8936520218849182,0.0,298,0.04468771070241928,0.11157897114753723,0.17358359694480896,0.15561744570732117,0.19618944823741913,-0.134812593460083,0,0,0.0,0,7,d1b7a9f86e187c5e
baseline,43,3330,1,0.05511154606938362,0.05511154606938362,0.7669539451599121,0.0,298,0.033930473029613495,0.10859918594360352,0.15309938788414001,0.1493998020887375,0.18021148443222046,-0.12509994208812714,0,2,0.00671140942722559,0,7,d1b7a9f86e187c5e
baseline,43,3838,4,0.19176426529884338,0.12239493429660797,0.8624762296676636,1.0,294,0.08573924005031586,0.19844938814640045,0.26402658224105835,0.2503173053264618,0.2970452904701233,-0.10528102517127991,0,73,0.24829931557178497,0,7,d1b7a9f86e187c5e
baseline,43,6759,1,0.08587722480297089,0.08587722480297089,0.9159609079360962,0.0,299,0.03268606588244438,0.06601183861494064,0.12176065891981125,0.11125828325748444,0.1673782765865326,-0.0815010517835617,0,0,0.0,0,7,d1b7a9f86e187c5e
baseline,43,3886,1,0.12774156033992767,0.12774156033992767,0.8878352642059326,0.0,299,0.028139956295490265,0.059707801789045334,0.07839185744524002,0.08495966345071793,0.14645856618881226,-0.018717005848884583,0,0,0.0,0,7,d1b7a9f86e187c5e
baseline,43,3335,4,0.09042856842279434,0.06066441908478737,0.6663918495178223,1.0,293,0.06527524441480637,0.16367268562316895,0.20748218894004822,0.2032589614391327,0.2799758017063141,-0.18954724073410034,0,44,0.15017063915729523,0,7,d1b7a9f86e187c5e
baseline,43,5065,1,0.18659678101539612,0.18659678101539612,0.8624251484870911,1.0,299,0.027993211522698402,0.059976376593112946,0.08332756906747818,0.08376548439264297,0.12651289999485016,0.06008388102054596,1,12,0.040133778005838394,0,7,d1b7a9f86e187c5e
baseline,43,5253,1,0.08115440607070923,0.08115440607070923,0.9261598587036133,0.0,299,0.027912860736250877,0.07604958117008209,0.0973576083779335,0.09882205724716187,0.13555726408958435,-0.05440285801887512,0,0,0.0,0,7,d1b7a9f86e187c5e
baseline,43,4281,1,0.037200335413217545,0.037200335413217545,0.9134936332702637,0.0,298,0.03568936139345169,0.08990635722875595,0.12624835968017578,0.13214796781539917,0.20699168741703033,-0.1697913557291031,0,1,0.003355704713612795,0,7,d1b7a9f86e187c5e
baseline,43,1758,2,0.056464750319719315,0.03447743505239487,0.7655659317970276,0.5,298,0.05264534056186676,0.10365810245275497,0.133161261677742,0.13165545463562012,0.1537381112575531,-0.09727336466312408,0,19,0.06375838816165924,0,7,d1b7a9f86e187c5e
baseline,43,756,1,0.05530586093664169,0.05530586093664169,0.9266698956489563,0.0,299,0.033646728843450546,0.07609490305185318,0.10864781588315964,0.104198157787323,0.12800104916095734,-0.07269518822431564,0,0,0.0,0,7,d1b7a9f86e187c5e
baseline,43,6295,3,0.03772759810090065,0.034345291554927826,0.7254666090011597,0.0,297,0.04321420565247536,0.12150374054908752,0.17739374935626984,0.17299646139144897,0.18299219012260437,-0.14526459574699402,0,0,0.0,0,7,d1b7a9f86e187c5e
baseline,43,9072,1,0.05501295626163483,0.05501295626163483,0.660555899143219,1.0,299,0.03307167440652847,0.06496461480855942,0.09425883740186691,0.09048624336719513,0.11437861621379852,-0.059365659952163696,0,4,0.01337792631238699,0,7,d1b7a9f86e187c5e
baseline,43,9032,2,0.07819688320159912,0.06628575176000595,0.8337976932525635,0.0,297,0.03676198050379753,0.08952038735151291,0.14149105548858643,0.13306280970573425,0.14943106472492218,-0.07123418152332306,0,0,0.0,0,7,d1b7a9f86e187c5e
baseline,43,4168,2,0.08886788040399551,0.060744110494852066,0.5921801328659058,0.5,298,0.03602165728807449,0.09889724105596542,0.1338091641664505,0.14059066772460938,0.23216204345226288,-0.14329415559768677,0,1,0.003355704713612795,0,7,d1b7a9f86e187c5e
baseline,43,7691,1,0.1583988219499588,0.1583988219499588,0.8933375477790833,1.0,299,0.02497696876525879,0.05389724299311638,0.0816393494606018,0.08511485159397125,0.12400032579898834,0.03439849615097046,1,12,0.040133778005838394,0,7,d1b7a9f86e187c5e
baseline,43,140,2,0.04347468912601471,0.037643857300281525,0.7479491233825684,0.0,298,0.03600377216935158,0.07788122445344925,0.1008298322558403,0.10145940631628036,0.14393660426139832,-0.1004619151353836,0,0,0.0,0,7,d1b7a9f86e187c5e
baseline,43,6855,1,0.03469790518283844,0.03469790518283844,0.8288058042526245,0.0,297,0.03519311174750328,0.08066072314977646,0.11566244065761566,0.1143980398774147,0.1833832710981369,-0.14868536591529846,0,8,0.02693602629005909,0,7,d1b7a9f86e187c5e
baseline,43,2063,4,0.06577587127685547,0.04970506578683853,0.792648434638977,0.75,293,0.05429593846201897,0.12784038484096527,0.1619490534067154,0.1610034704208374,0.19171205163002014,-0.12593618035316467,0,13,0.044368598610162735,0,7,d1b7a9f86e187c5e
baseline,43,9776,3,0.06836766749620438,0.042475953698158264,0.8602730631828308,0.6666666865348816,297,0.0467071607708931,0.12678369879722595,0.19127045571804047,0.20092101395130157,0.26258087158203125,-0.19421321153640747,0,25,0.08417508006095886,0,7,d1b7a9f86e187c5e
baseline,43,2129,4,0.08889483660459518,0.06290455162525177,0.8279757499694824,0.0,296,0.0406135655939579,0.10618968307971954,0.18957732617855072,0.17949716746807098,0.24632993340492249,-0.1574350893497467,0,0,0.0,0,7,d1b7a9f86e187c5e
baseline,43,6348,1,0.0932566225528717,0.0932566225528717,0.9519219398498535,0.0,298,0.04294094070792198,0.08727990835905075,0.09975525736808777,0.0987795889377594,0.10460733622312546,-0.011350713670253754,0,4,0.01342281885445118,0,7,d1b7a9f86e187c5e
baseline,43,2940,2,0.1186923235654831,0.06761731952428818,0.8382955193519592,0.5,293,0.058165162801742554,0.13825255632400513,0.17662501335144043,0.17754867672920227,0.28190240263938904,-0.16321007907390594,0,23,0.07849828898906708,0,7,d1b7a9f86e187c5e
baseline,43,4100,1,0.03525722771883011,0.03525722771883011,0.6695044040679932,0.0,299,0.030641894787549973,0.05515230447053909,0.06717324256896973,0.06575416028499603,0.07493844628334045,-0.039681218564510345,0,0,0.0,0,7,d1b7a9f86e187c5e
baseline,43,2953,4,0.06487373262643814,0.027075285091996193,0.8241645097732544,0.0,295,0.054378703236579895,0.12967655062675476,0.1676849126815796,0.16703876852989197,0.18447117507457733,-0.11959744244813919,0,1,0.003389830468222499,0,7,d1b7a9f86e187c5e
baseline,43,8933,1,0.0391961894929409,0.0391961894929409,0.9095758199691772,0.0,297,0.036915455013513565,0.07278444617986679,0.08424798399209976,0.08431507647037506,0.11470489948987961,-0.075508713722229,0,0,0.0,0,7,d1b7a9f86e187c5e
baseline,43,763,1,0.05419238656759262,0.05419238656759262,0.8599759936332703,0.0,299,0.032455384731292725,0.06452027708292007,0.12228476256132126,0.11221655458211899,0.18916507065296173,-0.1349726915359497,0,0,0.0,0,7,d1b7a9f86e187c5e
baseline,43,9942,3,0.26856914162635803,0.2572892904281616,0.877345085144043,1.0,297,0.07782769948244095,0.16519321501255035,0.2037576138973236,0.2028055191040039,0.30136072635650635,-0.032791584730148315,0,60,0.20202019810676575,0,7,d1b7a9f86e187c5e
baseline,43,2567,1,0.06065918505191803,0.06065918505191803,0.9596338868141174,0.0,299,0.0317651741206646,0.07616887986660004,0.14535869657993317,0.13066893815994263,0.17343907058238983,-0.1127798855304718,0,2,0.006688963156193495,0,7,d1b7a9f86e187c5e
baseline,43,9869,1,0.2121034413576126,0.2121034413576126,0.9257959723472595,1.0,299,0.03309890255331993,0.08090324699878693,0.11921244859695435,0.12110000848770142,0.20226874947547913,0.009834691882133484,1,33,0.11036789417266846,0,7,d1b7a9f86e187c5e
baseline,43,5579,2,0.08463793992996216,0.08024170994758606,0.8141266107559204,0.0,298,0.03833172842860222,0.09010579437017441,0.12441736459732056,0.12094034999608994,0.15384477376937866,-0.0692068338394165,0,0,0.0,0,7,d1b7a9f86e187c5e
baseline,43,4464,2,0.17482855916023254,0.08761460334062576,0.9343563318252563,0.5,297,0.043273743242025375,0.118812695145607,0.16098570823669434,0.16161949932575226,0.2267986238002777,-0.051970064640045166,0,13,0.04377104341983795,0,7,d1b7a9f86e187c5e
baseline,43,4020,2,0.14280016720294952,0.10052868723869324,0.8360769748687744,0.5,297,0.04470182582736015,0.0921269953250885,0.15108072757720947,0.12797683477401733,0.16544713079929352,-0.022646963596343994,0,7,0.023569023236632347,0,7,d1b7a9f86e187c5e
baseline,43,3116,1,0.03279280290007591,0.03279280290007591,0.7772822976112366,0.0,299,0.02764342725276947,0.06341144442558289,0.08643539994955063,0.08236481994390488,0.09374780207872391,-0.060954999178647995,0,5,0.016722407191991806,0,7,d1b7a9f86e187c5e
baseline,43,865,4,0.18659061193466187,0.10716276615858078,0.838161826133728,0.75,291,0.0724688246846199,0.17007145285606384,0.20237568020820618,0.21053986251354218,0.296469122171402,-0.10987851023674011,0,31,0.10652921348810196,0,7,d1b7a9f86e187c5e
baseline,43,2845,1,0.029791461303830147,0.029791461303830147,0.8209100961685181,0.0,294,0.046492841094732285,0.14040575921535492,0.23277495801448822,0.20895075798034668,0.2711622416973114,-0.2413707822561264,0,0,0.0,0,7,d1b7a9f86e187c5e
baseline,43,9537,1,0.059684012085199356,0.059684012085199356,0.8346226811408997,0.0,298,0.031166838482022285,0.05781697854399681,0.11611142009496689,0.10912784188985825,0.15506912767887115,-0.0953851193189621,0,0,0.0,0,7,d1b7a9f86e187c5e
baseline,43,5146,10,0.1877603828907013,0.02993469312787056,0.8109243512153625,0.5,290,0.0918339416384697,0.2404712736606598,0.3153437376022339,0.30064868927001953,0.3548635244369507,-0.1671031415462494,0,54,0.1862068921327591,0,7,d1b7a9f86e187c5e
baseline,43,5239,1,0.15554988384246826,0.15554988384246826,0.7800494432449341,1.0,296,0.06288512796163559,0.14160127937793732,0.18878506124019623,0.18231436610221863,0.24422183632850647,-0.08867195248603821,0,7,0.02364864945411682,0,7,d1b7a9f86e187c5e
baseline,43,3145,2,0.09748764336109161,0.09396978467702866,0.9040919542312622,1.0,298,0.04884621873497963,0.1347581297159195,0.16010324656963348,0.17407642304897308,0.24807210266590118,-0.15058445930480957,0,51,0.17114093899726868,0,7,d1b7a9f86e187c5e
baseline,43,7256,3,0.1507798135280609,0.0363040491938591,0.8789152503013611,0.6666666865348816,297,0.04303596913814545,0.14484372735023499,0.2097279280424118,0.20685429871082306,0.292770117521286,-0.1419903039932251,0,13,0.04377104341983795,0,7,d1b7a9f86e187c5e
shared_e2e,43,6381,7,0.21091599762439728,0.061044130474328995,0.8105379939079285,0.8571429252624512,283,0.11180407553911209,0.2417861968278885,0.3260287940502167,0.29899364709854126,0.3745139539241791,-0.1635979562997818,0,50,0.17667844891548157,0,7,d1b7a9f86e187c5e
shared_e2e,43,4537,5,0.09661395847797394,0.06003822386264801,0.856297492980957,0.20000000298023224,293,0.06401000171899796,0.1551828682422638,0.1970551609992981,0.18871892988681793,0.21331533789634705,-0.11670137941837311,0,4,0.013651876710355282,0,7,d1b7a9f86e187c5e
shared_e2e,43,9896,1,0.08665116131305695,0.08665116131305695,0.8820604085922241,0.0,299,0.026494251564145088,0.054765187203884125,0.11078757047653198,0.10204118490219116,0.14642144739627838,-0.059770286083221436,0,0,0.0,0,7,d1b7a9f86e187c5e
shared_e2e,43,7223,1,0.1684800237417221,0.1684800237417221,0.9730721116065979,1.0,299,0.031771570444107056,0.09107100963592529,0.12880408763885498,0.1260189414024353,0.16970841586589813,-0.0012283921241760254,0,42,0.14046822488307953,0,7,d1b7a9f86e187c5e
shared_e2e,43,1977,1,0.10245782136917114,0.10245782136917114,0.9474604725837708,0.0,299,0.030225826427340508,0.08519499748945236,0.11537228524684906,0.1115863099694252,0.12990321218967438,-0.027445390820503235,0,20,0.06688962876796722,0,7,d1b7a9f86e187c5e
shared_e2e,43,5606,3,0.1043146476149559,0.07331623882055283,0.8388320803642273,0.6666666865348816,295,0.07475722581148148,0.1995447278022766,0.24939142167568207,0.243403822183609,0.2705036699771881,-0.1661890149116516,0,51,0.1728813499212265,0,7,d1b7a9f86e187c5e
shared_e2e,43,8368,2,0.13913196325302124,0.03857201710343361,0.9103031754493713,0.5,298,0.03511805087327957,0.08103018999099731,0.14778046309947968,0.14231276512145996,0.22063308954238892,-0.08150112628936768,0,36,0.12080536782741547,0,7,d1b7a9f86e187c5e
shared_e2e,43,6852,2,0.11158554255962372,0.07587433606386185,0.8638092279434204,0.5,297,0.03869033604860306,0.09245006740093231,0.14320185780525208,0.14249464869499207,0.18296396732330322,-0.0713784247636795,0,13,0.04377104341983795,0,7,d1b7a9f86e187c5e
shared_e2e,43,5879,1,0.058810748159885406,0.058810748159885406,0.9395115971565247,0.0,299,0.034349165856838226,0.07751111686229706,0.10651155561208725,0.10372525453567505,0.1229848861694336,-0.06417413800954819,0,7,0.023411370813846588,0,7,d1b7a9f86e187c5e
shared_e2e,43,3369,1,0.03208285942673683,0.03208285942673683,0.8753541111946106,0.0,296,0.0501490943133831,0.15189221501350403,0.25557032227516174,0.23207226395606995,0.26893818378448486,-0.23685532808303833,0,5,0.01689189299941063,0,7,d1b7a9f86e187c5e
shared_e2e,43,6062,1,0.22151222825050354,0.22151222825050354,0.9241332411766052,1.0,297,0.04460115730762482,0.13860920071601868,0.22254826128482819,0.2111724317073822,0.28744420409202576,-0.06593197584152222,0,36,0.12121211737394333,0,7,d1b7a9f86e187c5e
shared_e2e,43,740,2,0.03662550821900368,0.026821089908480644,0.8589603900909424,0.0,298,0.03267981857061386,0.1042056530714035,0.13794605433940887,0.13117988407611847,0.14156711101531982,-0.10494160652160645,0,0,0.0,0,7,d1b7a9f86e187c5e
shared_e2e,43,4031,2,0.06978479772806168,0.0558970607817173,0.892501950263977,0.0,297,0.043241582810878754,0.08622436970472336,0.10706058889627457,0.10482998937368393,0.11537298560142517,-0.045588187873363495,0,5,0.016835017129778862,0,7,d1b7a9f86e187c5e
shared_e2e,43,9724,1,0.13343428075313568,0.13343428075313568,0.946453332901001,1.0,299,0.03370727226138115,0.07729266583919525,0.12077274918556213,0.11336840689182281,0.14254626631736755,-0.009111985564231873,0,33,0.11036789417266846,0,7,d1b7a9f86e187c5e
shared_e2e,43,7062,1,0.07189378142356873,0.07189378142356873,0.9649641513824463,0.0,299,0.030861956998705864,0.07523398846387863,0.10927262157201767,0.1108822450041771,0.1512148529291153,-0.07932107150554657,0,1,0.0033444815780967474,0,7,d1b7a9f86e187c5e
shared_e2e,43,9755,2,0.1686481535434723,0.0885399803519249,0.8806064128875732,0.5,298,0.032519951462745667,0.07648061960935593,0.16800080239772797,0.15244698524475098,0.24031619727611542,-0.07166804373264313,0,6,0.020134229212999344,0,7,d1b7a9f86e187c5e
shared_e2e,43,3808,1,0.0500577911734581,0.0500577911734581,0.9430633187294006,0.0,299,0.030750364065170288,0.06072643771767616,0.0871681496500969,0.08654874563217163,0.11651168018579483,-0.06645388901233673,0,0,0.0,0,7,d1b7a9f86e187c5e
shared_e2e,43,5478,4,0.10882686078548431,0.02610383741557598,0.8963457345962524,0.5,296,0.05496152490377426,0.14457279443740845,0.17747443914413452,0.17979590594768524,0.2542652487754822,-0.14543838798999786,0,42,0.14189189672470093,0,7,d1b7a9f86e187c5e
shared_e2e,43,7905,1,0.09631157666444778,0.09631157666444778,0.8941889405250549,1.0,299,0.029261330142617226,0.07421984523534775,0.1281711459159851,0.12151976674795151,0.1607886105775833,-0.06447703391313553,0,28,0.09364548325538635,0,7,d1b7a9f86e187c5e
shared_e2e,43,8633,3,0.10950727015733719,0.08606254309415817,0.8412947654724121,0.3333333432674408,296,0.04486408829689026,0.11238996684551239,0.14761985838413239,0.14544056355953217,0.16573236882686615,-0.05622509866952896,0,16,0.054054055362939835,0,7,d1b7a9f86e187c5e
shared_e2e,43,1918,2,0.1851428896188736,0.10466241836547852,0.7636219263076782,1.0,298,0.03968261554837227,0.13002516329288483,0.19717544317245483,0.19281770288944244,0.2237619012594223,-0.038619011640548706,0,11,0.03691275045275688,0,7,d1b7a9f86e187c5e
shared_e2e,43,4405,4,0.06553912162780762,0.04656866192817688,0.778674840927124,0.75,296,0.05486996844410896,0.10676811635494232,0.13684037327766418,0.13056954741477966,0.1517949253320694,-0.08625580370426178,0,26,0.0878378376364708,0,7,d1b7a9f86e187c5e
shared_e2e,43,8443,1,0.05507068336009979,0.05507068336009979,0.829336404800415,1.0,299,0.02816794067621231,0.06774172931909561,0.11837227642536163,0.1090039610862732,0.12882845103740692,-0.07375776767730713,0,13,0.043478261679410934,0,7,d1b7a9f86e187c5e
shared_e2e,43,6654,3,0.15672922134399414,0.09754964709281921,0.9125796556472778,1.0,297,0.05112335458397865,0.1344919055700302,0.19535568356513977,0.1837712526321411,0.2377234399318695,-0.08099421858787537,0,50,0.16835016012191772,0,7,d1b7a9f86e187c5e
shared_e2e,43,1938,1,0.09746108949184418,0.09746108949184418,0.9612505435943604,1.0,299,0.0335255041718483,0.07766768336296082,0.11161483824253082,0.10658129304647446,0.14352385699748993,-0.04606276750564575,0,28,0.09364548325538635,0,7,d1b7a9f86e187c5e
shared_e2e,43,6190,1,0.06967663764953613,0.06967663764953613,0.6881207227706909,0.0,299,0.035148750990629196,0.07658015191555023,0.10374914854764938,0.09954279661178589,0.11357942223548889,-0.04390278458595276,0,0,0.0,0,7,d1b7a9f86e187c5e
shared_e2e,43,5214,1,0.07939313352108002,0.07939313352108002,0.9062514305114746,0.0,299,0.032248154282569885,0.07730367034673691,0.10456981509923935,0.10007263720035553,0.1161397397518158,-0.03674660623073578,0,18,0.06020066887140274,0,7,d1b7a9f86e187c5e
shared_e2e,43,6020,1,0.08775626868009567,0.08775626868009567,0.9372957944869995,0.0,298,0.035795602947473526,0.07613842189311981,0.09491249918937683,0.09660395234823227,0.12530244886875153,-0.03754618018865585,0,0,0.0,0,7,d1b7a9f86e187c5e
shared_e2e,43,9192,1,0.039076294749975204,0.039076294749975204,0.8635233640670776,0.0,299,0.03530151769518852,0.07297062128782272,0.10207585245370865,0.10055138170719147,0.1201251745223999,-0.0810488760471344,0,0,0.0,0,7,d1b7a9f86e187c5e
shared_e2e,43,849,1,0.04842563346028328,0.04842563346028328,0.6694215536117554,0.0,299,0.034094635397195816,0.09380293637514114,0.1439274251461029,0.13986855745315552,0.1688641458749771,-0.12043851613998413,0,0,0.0,0,7,d1b7a9f86e187c5e
shared_e2e,43,3003,3,0.053493525832891464,0.0449887253344059,0.6918723583221436,1.0,296,0.06277582049369812,0.19116488099098206,0.24792221188545227,0.23908691108226776,0.26484590768814087,-0.2113523781299591,0,13,0.0439189188182354,0,7,d1b7a9f86e187c5e
shared_e2e,43,7900,2,0.07945622503757477,0.0707775354385376,0.911426842212677,0.0,298,0.03821947053074837,0.08337757736444473,0.12184123694896698,0.12364168465137482,0.148039773106575,-0.06858354806900024,0,0,0.0,0,7,d1b7a9f86e187c5e
shared_e2e,43,8095,1,0.13663721084594727,0.13663721084594727,0.9736193418502808,0.0,298,0.04180126637220383,0.12369603663682938,0.15320685505867004,0.1546373814344406,0.19147922098636627,-0.054842010140419006,0,0,0.0,0,7,d1b7a9f86e187c5e
shared_e2e,43,3781,2,0.19847771525382996,0.18554481863975525,0.9154340624809265,1.0,297,0.07181396335363388,0.17425714433193207,0.21519359946250916,0.2150542438030243,0.2575545012950897,-0.059076786041259766,0,66,0.2222222238779068,0,7,d1b7a9f86e187c5e
shared_e2e,43,5588,1,0.30676108598709106,0.30676108598709106,0.8273121118545532,1.0,299,0.031609173864126205,0.07384712249040604,0.22176499664783478,0.1710233837366104,0.23620955646038055,0.07055152952671051,1,8,0.02675585262477398,0,7,d1b7a9f86e187c5e
shared_e2e,43,8628,3,0.11822404712438583,0.043984752148389816,0.8471044301986694,0.6666666865348816,296,0.048530030995607376,0.11525735259056091,0.1638503074645996,0.16122975945472717,0.22222526371479034,-0.10400121659040451,0,43,0.14527027308940887,0,7,d1b7a9f86e187c5e
shared_e2e,43,5314,1,0.05060003697872162,0.05060003697872162,0.8025872111320496,0.0,299,0.032674338668584824,0.06647131592035294,0.08104260265827179,0.08394879102706909,0.10336854308843613,-0.05276850610971451,0,0,0.0,0,7,d1b7a9f86e187c5e
shared_e2e,43,8338,1,0.04067816212773323,0.04067816212773323,0.7641581296920776,0.0,299,0.027493704110383987,0.06470980495214462,0.10071800649166107,0.09567561000585556,0.11258790642023087,-0.07190974056720734,0,0,0.0,0,7,d1b7a9f86e187c5e
shared_e2e,43,6949,1,0.08452092111110687,0.08452092111110687,0.880677342414856,1.0,299,0.032452866435050964,0.0829271748661995,0.1463303565979004,0.12931512296199799,0.16453373432159424,-0.08001281321048737,0,33,0.11036789417266846,0,7,d1b7a9f86e187c5e
shared_e2e,43,7154,1,0.15464138984680176,0.15464138984680176,0.8948530554771423,1.0,299,0.03682183846831322,0.1069987565279007,0.18508578836917877,0.16940107941627502,0.2224394977092743,-0.06779810786247253,0,32,0.10702341049909592,0,7,d1b7a9f86e187c5e
shared_e2e,43,5940,6,0.23179411888122559,0.10532887279987335,0.8526557683944702,1.0,294,0.0816321074962616,0.20591002702713013,0.2622780501842499,0.2559652626514435,0.28839677572250366,-0.056602656841278076,0,75,0.2551020383834839,0,7,d1b7a9f86e187c5e
shared_e2e,43,851,2,0.17697180807590485,0.11326225101947784,0.8731290102005005,1.0,298,0.0375528559088707,0.10274042189121246,0.16781651973724365,0.16387222707271576,0.21553193032741547,-0.03856012225151062,0,16,0.05369127541780472,0,7,d1b7a9f86e187c5e
shared_e2e,43,7536,2,0.05829133465886116,0.051746904850006104,0.9303461313247681,0.0,298,0.03806517645716667,0.07275385409593582,0.09792356938123703,0.09119637310504913,0.10746418684720993,-0.04917285218834877,0,6,0.020134229212999344,0,7,d1b7a9f86e187c5e
shared_e2e,43,8252,1,0.1148534044623375,0.1148534044623375,0.9147660732269287,0.0,299,0.0289157684892416,0.06260044127702713,0.09779183566570282,0.09342487156391144,0.13600358366966248,-0.02115017920732498,0,2,0.006688963156193495,0,7,d1b7a9f86e187c5e
shared_e2e,43,1206,2,0.13580042123794556,0.06565386056900024,0.8681288957595825,0.5,298,0.04163428768515587,0.1312907636165619,0.19228936731815338,0.18474051356315613,0.22814403474330902,-0.09234361350536346,0,18,0.06040268391370773,0,7,d1b7a9f86e187c5e
shared_e2e,43,4121,2,0.18020296096801758,0.12643472850322723,0.7831032276153564,1.0,297,0.038526419550180435,0.10182377696037292,0.15446186065673828,0.13995817303657532,0.1980680227279663,-0.01786506175994873,0,28,0.09427609294652939,0,7,d1b7a9f86e187c5e
shared_e2e,43,4857,6,0.15123017132282257,0.042070746421813965,0.8120654821395874,0.8333333730697632,285,0.09510823339223862,0.1954764425754547,0.2945680320262909,0.27368980646133423,0.34831157326698303,-0.19708140194416046,0,51,0.17894737422466278,0,7,d1b7a9f86e187c5e
shared_e2e,43,3759,3,0.22297127544879913,0.20284421741962433,0.8807727694511414,1.0,296,0.05008884519338608,0.1472080498933792,0.2100001722574234,0.20535793900489807,0.23885071277618408,-0.01587943732738495,0,51,0.17229729890823364,0,7,d1b7a9f86e187c5e
shared_e2e,43,5057,2,0.1948816180229187,0.1380825787782669,0.9039351344108582,0.5,297,0.03988874331116676,0.10708218812942505,0.1741832196712494,0.16715487837791443,0.22798123955726624,-0.033099621534347534,0,32,0.10774410516023636,0,7,d1b7a9f86e187c5e
shared_e2e,43,6296,3,0.19936919212341309,0.16043613851070404,0.8330334424972534,1.0,297,0.06291262060403824,0.1778547167778015,0.2424657642841339,0.23202085494995117,0.25935375690460205,-0.059984564781188965,0,76,0.25589224696159363,0,7,d1b7a9f86e187c5e
shared_e2e,43,3351,1,0.1242164894938469,0.1242164894938469,0.9638881683349609,1.0,299,0.027853472158312798,0.06260886788368225,0.10849462449550629,0.10904498398303986,0.14640411734580994,-0.022187627851963043,0,26,0.08695652335882187,0,7,d1b7a9f86e187c5e
shared_e2e,43,3673,2,0.0646766871213913,0.06289305537939072,0.9203331470489502,0.0,298,0.0400574654340744,0.10336805880069733,0.13517369329929352,0.1294967085123062,0.15317998826503754,-0.08850330114364624,0,0,0.0,0,7,d1b7a9f86e187c5e
shared_e2e,43,3330,1,0.0713176280260086,0.0713176280260086,0.909763753414154,0.0,298,0.03567579761147499,0.09692034125328064,0.1630878895521164,0.14935225248336792,0.1998274326324463,-0.12850980460643768,0,15,0.05033557116985321,0,7,d1b7a9f86e187c5e
shared_e2e,43,3838,4,0.2215309888124466,0.19374655187129974,0.8907449245452881,1.0,294,0.08017449080944061,0.1993151605129242,0.23764336109161377,0.23926177620887756,0.26344144344329834,-0.041910454630851746,0,79,0.2687074840068817,0,7,d1b7a9f86e187c5e
shared_e2e,43,6759,1,0.03855140507221222,0.03855140507221222,0.944744884967804,0.0,299,0.030500439926981926,0.08268813043832779,0.11964190751314163,0.10785064846277237,0.1276565045118332,-0.08910509943962097,0,0,0.0,0,7,d1b7a9f86e187c5e
shared_e2e,43,3886,1,0.059001561254262924,0.059001561254262924,0.9594621062278748,0.0,299,0.028234433382749557,0.07802681624889374,0.140727698802948,0.12671564519405365,0.16409076750278473,-0.1050892025232315,0,0,0.0,0,7,d1b7a9f86e187c5e
shared_e2e,43,3335,4,0.07703335583209991,0.035131145268678665,0.6975957155227661,0.75,293,0.053410448133945465,0.15375292301177979,0.1920689344406128,0.19533416628837585,0.25691303610801697,-0.17987968027591705,0,47,0.16040955483913422,0,7,d1b7a9f86e187c5e
shared_e2e,43,5065,1,0.09368005394935608,0.09368005394935608,0.9627670645713806,1.0,299,0.031135907396674156,0.0720069482922554,0.13269655406475067,0.12601208686828613,0.1664985716342926,-0.07281851768493652,0,32,0.10702341049909592,0,7,d1b7a9f86e187c5e
shared_e2e,43,5253,1,0.0679786279797554,0.0679786279797554,0.9567294120788574,0.0,299,0.027624046429991722,0.07183127850294113,0.13205714523792267,0.11963514983654022,0.16008500754833221,-0.09210637956857681,0,0,0.0,0,7,d1b7a9f86e187c5e
shared_e2e,43,4281,1,0.05130108445882797,0.05130108445882797,0.8672835826873779,0.0,298,0.03649917244911194,0.10641192644834518,0.16314806044101715,0.1546114981174469,0.19155855476856232,-0.14025747776031494,0,4,0.01342281885445118,0,7,d1b7a9f86e187c5e
shared_e2e,43,1758,2,0.07068830728530884,0.040348492562770844,0.5704504251480103,0.5,298,0.053344130516052246,0.115766741335392,0.13563024997711182,0.13553549349308014,0.16910938918590546,-0.09842108190059662,0,31,0.10402684658765793,0,7,d1b7a9f86e187c5e
shared_e2e,43,756,1,0.06094289943575859,0.06094289943575859,0.9645258188247681,0.0,299,0.03263339400291443,0.0842953696846962,0.11062808334827423,0.1055612713098526,0.13129399716854095,-0.07035109400749207,0,0,0.0,0,7,d1b7a9f86e187c5e
shared_e2e,43,6295,3,0.0740497037768364,0.07143951952457428,0.7663010954856873,0.0,297,0.0502140149474144,0.14736469089984894,0.18271738290786743,0.1779123842716217,0.19838333129882812,-0.12433362752199173,0,0,0.0,0,7,d1b7a9f86e187c5e
shared_e2e,43,9072,1,0.0495312437415123,0.0495312437415123,0.6551214456558228,1.0,299,0.033638399094343185,0.07572440803050995,0.09679751098155975,0.09651917219161987,0.12210331112146378,-0.07257206737995148,0,12,0.040133778005838394,0,7,d1b7a9f86e187c5e
shared_e2e,43,9032,2,0.07281878590583801,0.0676119327545166,0.8936859965324402,0.0,297,0.04507455602288246,0.12358839809894562,0.16838200390338898,0.1608888804912567,0.20246340334415436,-0.12964461743831635,0,1,0.003367003286257386,0,7,d1b7a9f86e187c5e
shared_e2e,43,4168,2,0.14724092185497284,0.08413777500391006,0.4324909746646881,0.5,298,0.03932168334722519,0.11935853213071823,0.17945720255374908,0.1714259833097458,0.22612446546554565,-0.07888354361057281,0,0,0.0,0,7,d1b7a9f86e187c5e
shared_e2e,43,7691,1,0.17057916522026062,0.17057916522026062,0.9065995812416077,1.0,299,0.026454657316207886,0.07120158523321152,0.12246347963809967,0.11572430282831192,0.15621976554393768,0.014359399676322937,1,18,0.06020066887140274,0,7,d1b7a9f86e187c5e
shared_e2e,43,140,2,0.036790527403354645,0.0336148776113987,0.6597345471382141,0.0,298,0.03172813728451729,0.0684211403131485,0.10166594386100769,0.09822728484869003,0.1163848340511322,-0.07959430664777756,0,0,0.0,0,7,d1b7a9f86e187c5e
shared_e2e,43,6855,1,0.053219690918922424,0.053219690918922424,0.9344404935836792,0.0,297,0.039387691766023636,0.08214469254016876,0.22131381928920746,0.1933709979057312,0.2638973295688629,-0.2106776386499405,0,8,0.02693602629005909,0,7,d1b7a9f86e187c5e
shared_e2e,43,2063,4,0.06994744390249252,0.047529835253953934,0.7671180963516235,0.5,293,0.0689634308218956,0.16719794273376465,0.19704872369766235,0.193640798330307,0.20283088088035583,-0.13288342952728271,0,23,0.07849828898906708,0,7,d1b7a9f86e187c5e
shared_e2e,43,9776,3,0.09415244311094284,0.06953100115060806,0.708838164806366,1.0,297,0.04785144329071045,0.1180446520447731,0.25326016545295715,0.22558161616325378,0.2987808883190155,-0.20462843775749207,0,25,0.08417508006095886,0,7,d1b7a9f86e187c5e
shared_e2e,43,2129,4,0.06069159135222435,0.03607600927352905,0.7390534281730652,0.0,296,0.03253193944692612,0.07925519347190857,0.11200173199176788,0.1124228835105896,0.16236986219882965,-0.101678267121315,0,0,0.0,0,7,d1b7a9f86e187c5e
shared_e2e,43,6348,1,0.07218891382217407,0.07218891382217407,0.9390784502029419,0.0,298,0.04281258583068848,0.08974145352840424,0.11396674811840057,0.11232773959636688,0.13760462403297424,-0.06541571021080017,0,9,0.030201341956853867,0,7,d1b7a9f86e187c5e
shared_e2e,43,2940,2,0.10663041472434998,0.05588141828775406,0.9390541911125183,0.5,293,0.0598110631108284,0.13831473886966705,0.2092517912387848,0.197584867477417,0.2543046176433563,-0.14767420291900635,0,42,0.1433447003364563,0,7,d1b7a9f86e187c5e
shared_e2e,43,4100,1,0.03746216744184494,0.03746216744184494,0.708570122718811,0.0,299,0.03427793085575104,0.07346463948488235,0.10971062630414963,0.10480594635009766,0.12413205951452255,-0.08666989207267761,0,0,0.0,0,7,d1b7a9f86e187c5e
shared_e2e,43,2953,4,0.07281333953142166,0.06593745946884155,0.8388595581054688,0.0,295,0.05615844577550888,0.1282322257757187,0.1878577172756195,0.1825563758611679,0.20527461171150208,-0.132461279630661,0,1,0.003389830468222499,0,7,d1b7a9f86e187c5e
shared_e2e,43,8933,1,0.037618786096572876,0.037618786096572876,0.6738614439964294,0.0,297,0.03776073083281517,0.08315819501876831,0.1017598807811737,0.10029993951320648,0.12069717049598694,-0.08307838439941406,0,0,0.0,0,7,d1b7a9f86e187c5e
shared_e2e,43,763,1,0.06645180284976959,0.06645180284976959,0.9308534264564514,0.0,299,0.028994286432862282,0.06906062364578247,0.1101834625005722,0.10994508117437363,0.13640686869621277,-0.06995506584644318,0,2,0.006688963156193495,0,7,d1b7a9f86e187c5e
shared_e2e,43,9942,3,0.15994389355182648,0.126886785030365,0.9124665260314941,1.0,297,0.07224802672863007,0.18735481798648834,0.21566040813922882,0.20864176750183105,0.22563239932060242,-0.06568850576877594,0,100,0.33670032024383545,0,7,d1b7a9f86e187c5e
shared_e2e,43,2567,1,0.10982824862003326,0.10982824862003326,0.9348954558372498,0.0,299,0.029015881940722466,0.0758495107293129,0.13163326680660248,0.12118778377771378,0.16495788097381592,-0.055129632353782654,0,10,0.03344481438398361,0,7,d1b7a9f86e187c5e
shared_e2e,43,9869,1,0.17769531905651093,0.17769531905651093,0.9693899750709534,1.0,299,0.03922722488641739,0.09702261537313461,0.13988301157951355,0.13623358309268951,0.1825694888830185,-0.004874169826507568,0,55,0.18394649028778076,0,7,d1b7a9f86e187c5e
shared_e2e,43,5579,2,0.08600296080112457,0.07565151900053024,0.8311128616333008,0.0,298,0.03937843441963196,0.10296545922756195,0.13919582962989807,0.13563528656959534,0.14563021063804626,-0.05962724983692169,0,0,0.0,0,7,d1b7a9f86e187c5e
shared_e2e,43,4464,2,0.14705222845077515,0.09324266761541367,0.9636209607124329,0.5,297,0.04266076907515526,0.11761757731437683,0.16065861284732819,0.15946337580680847,0.20354409515857697,-0.05649186670780182,0,15,0.05050504952669144,0,7,d1b7a9f86e187c5e
shared_e2e,43,4020,2,0.0763879269361496,0.05544932931661606,0.922614336013794,0.5,297,0.04911871626973152,0.12121615558862686,0.15882602334022522,0.15138614177703857,0.17688988149166107,-0.10050195455551147,0,13,0.04377104341983795,0,7,d1b7a9f86e187c5e
shared_e2e,43,3116,1,0.04276633262634277,0.04276633262634277,0.8297821283340454,0.0,299,0.02835783176124096,0.06083444505929947,0.12189949303865433,0.11237742751836777,0.14460694789886475,-0.10184061527252197,0,0,0.0,0,7,d1b7a9f86e187c5e
shared_e2e,43,865,4,0.17002007365226746,0.10251611471176147,0.845168948173523,0.75,291,0.07935241609811783,0.18090009689331055,0.24261167645454407,0.23976702988147736,0.3222319781780243,-0.15221190452575684,0,41,0.14089347422122955,0,7,d1b7a9f86e187c5e
shared_e2e,43,2845,1,0.033971019089221954,0.033971019089221954,0.888163149356842,0.0,294,0.051560644060373306,0.16240081191062927,0.21349352598190308,0.2028779238462448,0.23654423654079437,-0.20257321000099182,0,0,0.0,0,7,d1b7a9f86e187c5e
shared_e2e,43,9537,1,0.11271438002586365,0.11271438002586365,0.8808813691139221,1.0,298,0.032070595771074295,0.09206409752368927,0.1437615156173706,0.1318426877260208,0.16761165857315063,-0.05489727854728699,0,15,0.05033557116985321,0,7,d1b7a9f86e187c5e
shared_e2e,43,5146,10,0.19362342357635498,0.027530750259757042,0.8280326128005981,0.5,290,0.0949333906173706,0.23912855982780457,0.3346712291240692,0.3155599534511566,0.3743518888950348,-0.1807284653186798,0,71,0.24482758343219757,0,7,d1b7a9f86e187c5e
shared_e2e,43,5239,1,0.14398108422756195,0.14398108422756195,0.842546820640564,1.0,296,0.07257634401321411,0.16403374075889587,0.2300080507993698,0.21842250227928162,0.2652040719985962,-0.12122298777103424,0,9,0.030405405908823013,0,7,d1b7a9f86e187c5e
shared_e2e,43,3145,2,0.08154033124446869,0.07416889071464539,0.894996166229248,1.0,298,0.044733528047800064,0.12749280035495758,0.15953432023525238,0.15839700400829315,0.18843653798103333,-0.10689620673656464,0,85,0.28523489832878113,0,7,d1b7a9f86e187c5e
shared_e2e,43,7256,3,0.12824049592018127,0.0487525649368763,0.8353211283683777,0.6666666865348816,297,0.045558344572782516,0.15823322534561157,0.25919613242149353,0.2464684247970581,0.28824320435523987,-0.1600027084350586,0,25,0.08417508006095886,0,7,d1b7a9f86e187c5e
baseline,44,6381,7,0.20101363956928253,0.06095602363348007,0.7479875087738037,0.8571429252624512,283,0.11280225962400436,0.24220450222492218,0.29840224981307983,0.2875564694404602,0.342101514339447,-0.1410878747701645,0,42,0.1484098881483078,0,7,9fffb715f8680daa
baseline,44,4537,5,0.11768724024295807,0.0541362389922142,0.8411955237388611,0.20000000298023224,293,0.05858662724494934,0.13506095111370087,0.17471756041049957,0.1735396385192871,0.25035780668258667,-0.1326705664396286,0,1,0.0034129691775888205,0,7,9fffb715f8680daa
baseline,44,9896,1,0.061341892927885056,0.061341892927885056,0.8717441558837891,0.0,299,0.027575122192502022,0.0667647272348404,0.09241826087236404,0.08982378244400024,0.09836849570274353,-0.037026602774858475,0,6,0.020066889002919197,0,7,9fffb715f8680daa
baseline,44,7223,1,0.11831268668174744,0.11831268668174744,0.9433621168136597,1.0,299,0.03258826583623886,0.08814822137355804,0.11394679546356201,0.10966306924819946,0.12395227700471878,-0.005639590322971344,0,37,0.12374582141637802,0,7,9fffb715f8680daa
baseline,44,1977,1,0.07284262776374817,0.07284262776374817,0.8371855616569519,0.0,299,0.0324176549911499,0.07796911895275116,0.10054253041744232,0.0998031497001648,0.11190411448478699,-0.03906148672103882,0,10,0.03344481438398361,0,7,9fffb715f8680daa
baseline,44,5606,3,0.0732603445649147,0.04197991266846657,0.8089901208877563,0.6666666865348816,295,0.06998289376497269,0.18584224581718445,0.20710863173007965,0.20261354744434357,0.2137526422739029,-0.1404922902584076,0,55,0.18644067645072937,0,7,9fffb715f8680daa
baseline,44,8368,2,0.10498330742120743,0.045129794627428055,0.7261344194412231,0.5,298,0.041826870292425156,0.1313856691122055,0.1758374720811844,0.17053112387657166,0.19420412182807922,-0.0892208144068718,0,40,0.1342281848192215,0,7,9fffb715f8680daa
baseline,44,6852,2,0.11186785995960236,0.08852789551019669,0.8705965280532837,0.5,297,0.04785251244902611,0.11392660439014435,0.17434701323509216,0.15638503432273865,0.19161057472229004,-0.07974271476268768,0,10,0.033670034259557724,0,7,9fffb715f8680daa
baseline,44,5879,1,0.06597533822059631,0.06597533822059631,0.9097771048545837,1.0,299,0.03299124911427498,0.07049177587032318,0.0832303836941719,0.08258788287639618,0.09287390857934952,-0.026898570358753204,0,49,0.1638796031475067,0,7,9fffb715f8680daa
baseline,44,3369,1,0.04197340086102486,0.04197340086102486,0.7621728181838989,0.0,296,0.05757695436477661,0.1813967525959015,0.23049108684062958,0.23012106120586395,0.27672094106674194,-0.23474754393100739,0,7,0.02364864945411682,0,7,9fffb715f8680daa
baseline,44,6062,1,0.1264266073703766,0.1264266073703766,0.9459230899810791,1.0,297,0.04930780082941055,0.11638615280389786,0.16442276537418365,0.17009824514389038,0.2667511999607086,-0.14032459259033203,0,38,0.12794612348079681,0,7,9fffb715f8680daa
baseline,44,740,2,0.04695773869752884,0.0423106774687767,0.8373742699623108,0.0,298,0.02961549535393715,0.0785590186715126,0.11351688951253891,0.10943931341171265,0.1340920776128769,-0.08713433891534805,0,0,0.0,0,7,9fffb715f8680daa
baseline,44,4031,2,0.045278150588274,0.02863328531384468,0.9131816029548645,0.5,297,0.043540388345718384,0.09258122742176056,0.12946076691150665,0.12288503348827362,0.14085300266742706,-0.09557485580444336,0,7,0.023569023236632347,0,7,9fffb715f8680daa
baseline,44,9724,1,0.07972108572721481,0.07972108572721481,0.9360412359237671,1.0,299,0.03736081346869469,0.07738146185874939,0.09305603802204132,0.09041433036327362,0.09638900309801102,-0.016667917370796204,0,46,0.1538461595773697,0,7,9fffb715f8680daa
baseline,44,7062,1,0.06853461265563965,0.06853461265563965,0.9595209956169128,0.0,299,0.03506189212203026,0.08690851926803589,0.09517230838537216,0.09605976939201355,0.11418157815933228,-0.04564696550369263,0,5,0.016722407191991806,0,7,9fffb715f8680daa
baseline,44,9755,2,0.1201804131269455,0.0338154062628746,0.8268426060676575,0.5,298,0.039088375866413116,0.08257082104682922,0.17118704319000244,0.14653858542442322,0.2024463266134262,-0.08226591348648071,0,10,0.033557046204805374,0,7,9fffb715f8680daa
baseline,44,3808,1,0.022758837789297104,0.022758837789297104,0.8998156189918518,0.0,299,0.037235796451568604,0.07999040186405182,0.10602255910634995,0.10636130720376968,0.13871832191944122,-0.11595948040485382,0,0,0.0,0,7,9fffb715f8680daa
baseline,44,5478,4,0.09401219338178635,0.024301012977957726,0.8480597734451294,0.5,296,0.05039352551102638,0.13711494207382202,0.16822367906570435,0.16844917833805084,0.2094724178314209,-0.11546022444963455,0,29,0.09797297418117523,0,7,9fffb715f8680daa
baseline,44,7905,1,0.058121323585510254,0.058121323585510254,0.8764596581459045,1.0,299,0.03522585332393646,0.07098351418972015,0.07846584171056747,0.07833167165517807,0.08444466441869736,-0.026323340833187103,0,28,0.09364548325538635,0,7,9fffb715f8680daa
baseline,44,8633,3,0.06412578374147415,0.04403777793049812,0.9100140929222107,0.0,296,0.039691437035799026,0.10069223493337631,0.1152554303407669,0.11539001762866974,0.13673041760921478,-0.07260463386774063,0,25,0.08445946127176285,0,7,9fffb715f8680daa
baseline,44,1918,2,0.19350852072238922,0.1209230050444603,0.7752192616462708,1.0,298,0.04474417865276337,0.14386387169361115,0.20971599221229553,0.1999642550945282,0.2514319121837616,-0.057923391461372375,0,24,0.08053691685199738,0,7,9fffb715f8680daa
baseline,44,4405,4,0.06021801009774208,0.04301600158214569,0.7365870475769043,0.5,296,0.04829568415880203,0.08215256035327911,0.106503427028656,0.10645421594381332,0.14423294365406036,-0.08401493728160858,0,20,0.06756757199764252,0,7,9fffb715f8680daa
baseline,44,8443,1,0.06387095898389816,0.06387095898389816,0.7280247211456299,0.0,299,0.03490176424384117,0.08410732448101044,0.13044233620166779,0.12475834041833878,0.14818598330020905,-0.08431502431631088,0,0,0.0,0,7,9fffb715f8680daa
baseline,44,6654,3,0.09441501647233963,0.07226669788360596,0.8984379172325134,0.6666666865348816,297,0.047114670276641846,0.08728647977113724,0.11823362857103348,0.11396975815296173,0.15601783990859985,-0.06160282343626022,0,34,0.11447811126708984,0,7,9fffb715f8680daa
baseline,44,1938,1,0.10063797980546951,0.10063797980546951,0.9400773048400879,1.0,299,0.038474537432193756,0.08726905286312103,0.0981745645403862,0.0975417047739029,0.10328896343708038,-0.0026509836316108704,0,73,0.2441471517086029,0,7,9fffb715f8680daa
baseline,44,6190,1,0.04826071485877037,0.04826071485877037,0.7896919846534729,0.0,299,0.038486722856760025,0.08554023504257202,0.10596328228712082,0.10272518545389175,0.11460208892822266,-0.06634137034416199,0,0,0.0,0,7,9fffb715f8680daa
baseline,44,5214,1,0.057375866919755936,0.057375866919755936,0.8480469584465027,0.0,299,0.03702970966696739,0.07311838865280151,0.08104033023118973,0.07986592501401901,0.08609277755022049,-0.028716910630464554,0,8,0.02675585262477398,0,7,9fffb715f8680daa
baseline,44,6020,1,0.07348939776420593,0.07348939776420593,0.9155752658843994,0.0,298,0.042905326932668686,0.07503082603216171,0.08803527802228928,0.09424474090337753,0.13594350218772888,-0.06245410442352295,0,0,0.0,0,7,9fffb715f8680daa
baseline,44,9192,1,0.0486382432281971,0.0486382432281971,0.8389591574668884,0.0,299,0.035856105387210846,0.07243917882442474,0.08427512645721436,0.08317498862743378,0.09030263870954514,-0.04166439548134804,0,0,0.0,0,7,9fffb715f8680daa
baseline,44,849,1,0.05900367349386215,0.05900367349386215,0.7137923240661621,0.0,299,0.03351752460002899,0.09635691344738007,0.11258161067962646,0.1109897717833519,0.12184028327465057,-0.06283660978078842,0,1,0.0033444815780967474,0,7,9fffb715f8680daa
baseline,44,3003,3,0.07185632735490799,0.06857363879680634,0.6211395263671875,1.0,296,0.06993100792169571,0.19872842729091644,0.23066268861293793,0.2294968068599701,0.2716798186302185,-0.1998234987258911,0,14,0.04729729890823364,0,7,9fffb715f8680daa
baseline,44,7900,2,0.026208635419607162,0.021959558129310608,0.8821920156478882,0.0,298,0.03551063686609268,0.07182509452104568,0.09420216828584671,0.09343894571065903,0.11213985085487366,-0.0859312117099762,0,0,0.0,0,7,9fffb715f8680daa
baseline,44,8095,1,0.0681588426232338,0.0681588426232338,0.9331595301628113,0.0,298,0.04689837619662285,0.10485263168811798,0.1424291431903839,0.13603535294532776,0.16676944494247437,-0.09861060231924057,0,0,0.0,0,7,9fffb715f8680daa
baseline,44,3781,2,0.1734684705734253,0.14719493687152863,0.9131550788879395,1.0,297,0.06609342247247696,0.1613510549068451,0.18343034386634827,0.1925218552350998,0.23855990171432495,-0.06509143114089966,0,80,0.2693602740764618,0,7,9fffb715f8680daa
baseline,44,5588,1,0.17573894560337067,0.17573894560337067,0.9037621021270752,1.0,299,0.03161528706550598,0.07478025555610657,0.14765703678131104,0.12568408250808716,0.1901990920305252,-0.014460146427154541,0,11,0.03678929805755615,0,7,9fffb715f8680daa
baseline,44,8628,3,0.06395938992500305,0.025903353467583656,0.8268896341323853,0.6666666865348816,296,0.04257997125387192,0.10199631005525589,0.13179266452789307,0.13123638927936554,0.14783909916877747,-0.08387970924377441,0,38,0.12837837636470795,0,7,9fffb715f8680daa
baseline,44,5314,1,0.035042598843574524,0.035042598843574524,0.8982375860214233,0.0,299,0.034546490758657455,0.06008606404066086,0.06376168131828308,0.0634019523859024,0.06618084758520126,-0.03113824874162674,0,1,0.0033444815780967474,0,7,9fffb715f8680daa
baseline,44,8338,1,0.03967077285051346,0.03967077285051346,0.5926700830459595,0.0,299,0.061321552842855453,0.1174001693725586,0.16427896916866302,0.1543068140745163,0.18842154741287231,-0.14875078201293945,0,0,0.0,0,7,9fffb715f8680daa
baseline,44,6949,1,0.060007378458976746,0.060007378458976746,0.8884271383285522,0.0,299,0.03310117870569229,0.07336091250181198,0.08847539126873016,0.08769404888153076,0.09875671565532684,-0.0387493371963501,0,38,0.12709030508995056,0,7,9fffb715f8680daa
baseline,44,7154,1,0.12713949382305145,0.12713949382305145,0.8646209239959717,1.0,299,0.039052851498126984,0.12504559755325317,0.16217052936553955,0.15744689106941223,0.171687513589859,-0.044548019766807556,0,36,0.12040133774280548,0,7,9fffb715f8680daa
baseline,44,5940,6,0.20508499443531036,0.18164978921413422,0.837151288986206,1.0,294,0.0810745507478714,0.20446474850177765,0.24601443111896515,0.23546597361564636,0.25812074542045593,-0.05303575098514557,0,79,0.2687074840068817,0,7,9fffb715f8680daa
baseline,44,851,2,0.15003454685211182,0.06702937185764313,0.8588501214981079,0.5,298,0.04075658693909645,0.09994029253721237,0.18460732698440552,0.17187106609344482,0.2014654278755188,-0.05143088102340698,0,22,0.07382550090551376,0,7,9fffb715f8680daa
baseline,44,7536,2,0.054120756685733795,0.04490934684872627,0.8481354713439941,0.0,298,0.049935419112443924,0.09075823426246643,0.1050795242190361,0.10302603244781494,0.10871083289384842,-0.054590076208114624,0,13,0.043624162673950195,0,7,9fffb715f8680daa
baseline,44,8252,1,0.07697270810604095,0.07697270810604095,0.9241219758987427,0.0,299,0.043746013194322586,0.08646328747272491,0.10431340336799622,0.10066642612218857,0.10925508290529251,-0.032282374799251556,0,0,0.0,0,7,9fffb715f8680daa
baseline,44,1206,2,0.11106240004301071,0.05274398252367973,0.7885944247245789,0.5,298,0.04664772003889084,0.13455989956855774,0.18561144173145294,0.18012559413909912,0.2100876271724701,-0.09902522712945938,0,18,0.06040268391370773,0,7,9fffb715f8680daa
baseline,44,4121,2,0.17969836294651031,0.1433727890253067,0.8152379989624023,1.0,297,0.04951624572277069,0.12189202010631561,0.15559622645378113,0.1588180661201477,0.2057274580001831,-0.02602909505367279,0,22,0.07407407462596893,0,7,9fffb715f8680daa
baseline,44,4857,6,0.12248613685369492,0.026180826127529144,0.8303853869438171,0.6666666865348816,285,0.09664389491081238,0.2086096554994583,0.23996470868587494,0.24190306663513184,0.27213916182518005,-0.14965301752090454,0,52,0.1824561506509781,0,7,9fffb715f8680daa
baseline,44,3759,3,0.19405996799468994,0.17058831453323364,0.9054241180419922,1.0,296,0.05739208310842514,0.16669215261936188,0.22017961740493774,0.20884275436401367,0.23237383365631104,-0.038313865661621094,0,62,0.20945946872234344,0,7,9fffb715f8680daa
baseline,44,5057,2,0.15913236141204834,0.11221000552177429,0.9302562475204468,0.5,297,0.03944433480501175,0.11389271169900894,0.1699456423521042,0.16858705878257751,0.2208397090435028,-0.06170734763145447,0,24,0.08080808073282242,0,7,9fffb715f8680daa
baseline,44,6296,3,0.10935178399085999,0.0906316488981247,0.8453320860862732,1.0,297,0.06526610255241394,0.16227665543556213,0.1850653886795044,0.1850592941045761,0.20527610182762146,-0.09592431783676147,0,83,0.2794612646102905,0,7,9fffb715f8680daa
baseline,44,3351,1,0.11551845073699951,0.11551845073699951,0.8521900177001953,1.0,299,0.031848326325416565,0.07493669539690018,0.09998869895935059,0.09491868317127228,0.11848514527082443,-0.0029666945338249207,0,36,0.12040133774280548,0,7,9fffb715f8680daa
baseline,44,3673,2,0.07284826040267944,0.07079586386680603,0.8934458494186401,0.0,298,0.03815774619579315,0.08086282014846802,0.11095253378152847,0.10912283509969711,0.13022811710834503,-0.05737985670566559,0,4,0.01342281885445118,0,7,9fffb715f8680daa
baseline,44,3330,1,0.05833982676267624,0.05833982676267624,0.8870134949684143,0.0,298,0.03488441929221153,0.08916698396205902,0.13308916985988617,0.134758859872818,0.19189848005771637,-0.13355866074562073,0,4,0.01342281885445118,0,7,9fffb715f8680daa
baseline,44,3838,4,0.16810791194438934,0.13434875011444092,0.8592069149017334,1.0,294,0.08150496333837509,0.19284924864768982,0.2096432000398636,0.21196985244750977,0.2287231981754303,-0.060615286231040955,0,92,0.31292515993118286,0,7,9fffb715f8680daa
baseline,44,6759,1,0.04751857742667198,0.04751857742667198,0.9549709558486938,0.0,299,0.0330200120806694,0.0618755966424942,0.07015850394964218,0.07275008410215378,0.09506146609783173,-0.047542888671159744,0,0,0.0,0,7,9fffb715f8680daa
baseline,44,3886,1,0.08058252185583115,0.08058252185583115,0.9122264385223389,0.0,299,0.03423263505101204,0.07343120127916336,0.09034412354230881,0.08839105814695358,0.09351552277803421,-0.012933000922203064,0,0,0.0,0,7,9fffb715f8680daa
baseline,44,3335,4,0.06841274350881577,0.05808773636817932,0.6706101298332214,0.75,293,0.06374061852693558,0.16496641933918,0.2049771100282669,0.1998675912618637,0.20860935747623444,-0.14019662141799927,0,42,0.1433447003364563,0,7,9fffb715f8680daa
baseline,44,5065,1,0.050359684973955154,0.050359684973955154,0.9153165221214294,0.0,299,0.03259105235338211,0.05993477627635002,0.06609027087688446,0.0655534490942955,0.07196146994829178,-0.021601784974336624,0,30,0.10033445060253143,0,7,9fffb715f8680daa
baseline,44,5253,1,0.09638364613056183,0.09638364613056183,0.945378303527832,0.0,299,0.031954165548086166,0.08618844300508499,0.10445988923311234,0.10634151846170425,0.12844610214233398,-0.032062456011772156,0,16,0.05351170524954796,0,7,9fffb715f8680daa
baseline,44,4281,1,0.05153748393058777,0.05153748393058777,0.8847257494926453,0.0,298,0.030466735363006592,0.07462053000926971,0.1095709428191185,0.10479281842708588,0.13046176731586456,-0.0789242833852768,0,1,0.003355704713612795,0,7,9fffb715f8680daa
baseline,44,1758,2,0.055815622210502625,0.028477763757109642,0.4443698823451996,0.5,298,0.044124405831098557,0.08391515165567398,0.09161180257797241,0.08992411196231842,0.09454965591430664,-0.038734033703804016,0,23,0.07718120515346527,0,7,9fffb715f8680daa
baseline,44,756,1,0.057608265429735184,0.057608265429735184,0.9718512892723083,0.0,299,0.03483055159449577,0.08287975937128067,0.09039586037397385,0.08935950696468353,0.09576809406280518,-0.03815982863306999,0,3,0.010033444501459599,0,7,9fffb715f8680daa
baseline,44,6295,3,0.03392157703638077,0.029160665348172188,0.8136197328567505,0.0,297,0.046903230249881744,0.13547039031982422,0.1735512912273407,0.16985458135604858,0.18342721462249756,-0.1495056450366974,0,0,0.0,0,7,9fffb715f8680daa
baseline,44,9072,1,0.06420905143022537,0.06420905143022537,0.5484225749969482,1.0,299,0.031710654497146606,0.06304511427879333,0.08374346792697906,0.0793224573135376,0.09887848049402237,-0.034669429063797,0,3,0.010033444501459599,0,7,9fffb715f8680daa
baseline,44,9032,2,0.06892699003219604,0.06290269643068314,0.8350387811660767,0.0,297,0.042005620896816254,0.08898042142391205,0.09987667202949524,0.09964503347873688,0.11291763931512833,-0.04399064928293228,0,0,0.0,0,7,9fffb715f8680daa
baseline,44,4168,2,0.06629287451505661,0.04748127982020378,0.566953718662262,0.5,298,0.04345867410302162,0.12534034252166748,0.18892225623130798,0.17824335396289825,0.23527078330516815,-0.16897791624069214,0,0,0.0,0,7,9fffb715f8680daa
baseline,44,7691,1,0.0695430189371109,0.0695430189371109,0.9343293905258179,0.0,299,0.025752099230885506,0.054116711020469666,0.07553211599588394,0.07433211803436279,0.09054695069789886,-0.021003931760787964,0,17,0.0568561851978302,0,7,9fffb715f8680daa
baseline,44,140,2,0.03390183299779892,0.02313866652548313,0.6702260971069336,0.0,298,0.042926400899887085,0.10174372047185898,0.11917653679847717,0.11692088842391968,0.1268257051706314,-0.09292387217283249,0,0,0.0,0,7,9fffb715f8680daa
baseline,44,6855,1,0.04768230766057968,0.04768230766057968,0.8048486113548279,0.0,297,0.03939787298440933,0.08466868847608566,0.18528585135936737,0.16374972462654114,0.2465699017047882,-0.19888758659362793,0,6,0.020202020183205605,0,7,9fffb715f8680daa
baseline,44,2063,4,0.06856583803892136,0.035616662353277206,0.7313848733901978,0.75,293,0.06487478315830231,0.13613170385360718,0.18365301191806793,0.1793138086795807,0.19940030574798584,-0.1308344602584839,0,37,0.12627986073493958,0,7,9fffb715f8680daa
baseline,44,9776,3,0.074341781437397,0.021664012223482132,0.7643994688987732,0.6666666865348816,297,0.0500505231320858,0.14415132999420166,0.2158263772726059,0.20771455764770508,0.2343742996454239,-0.1600325107574463,0,29,0.09764309227466583,0,7,9fffb715f8680daa
baseline,44,2129,4,0.060468096286058426,0.03317590057849884,0.7746663093566895,0.0,296,0.035704612731933594,0.07924710214138031,0.09366122633218765,0.09102541208267212,0.1076495349407196,-0.04718143865466118,0,0,0.0,0,7,9fffb715f8680daa
baseline,44,6348,1,0.054298289120197296,0.054298289120197296,0.9093675017356873,0.0,298,0.03762665018439293,0.06878980994224548,0.093207448720932,0.08843173086643219,0.10247551649808884,-0.04817722737789154,0,16,0.05369127541780472,0,7,9fffb715f8680daa
baseline,44,2940,2,0.09483502805233002,0.03699323162436485,0.9144591093063354,0.5,293,0.0500485934317112,0.10867797583341599,0.13985216617584229,0.13970769941806793,0.17271073162555695,-0.07787570357322693,0,46,0.15699657797813416,0,7,9fffb715f8680daa
baseline,44,4100,1,0.029764974489808083,0.029764974489808083,0.767385721206665,0.0,299,0.03529566526412964,0.06481680274009705,0.07976093888282776,0.07884963601827621,0.09912634640932083,-0.0693613737821579,0,0,0.0,0,7,9fffb715f8680daa
baseline,44,2953,4,0.047700703144073486,0.03900916874408722,0.8513376712799072,0.0,295,0.05786897614598274,0.1492021083831787,0.22803066670894623,0.2191457450389862,0.25749167799949646,-0.20979097485542297,0,0,0.0,0,7,9fffb715f8680daa
baseline,44,8933,1,0.02344469726085663,0.02344469726085663,0.7421234846115112,0.0,297,0.036246996372938156,0.07227946817874908,0.09970543533563614,0.09419529139995575,0.10515578091144562,-0.08171108365058899,0,5,0.016835017129778862,0,7,9fffb715f8680daa
baseline,44,763,1,0.08203237503767014,0.08203237503767014,0.8503809571266174,0.0,299,0.04179389402270317,0.08949948102235794,0.09631206095218658,0.09849430620670319,0.11616037786006927,-0.03412800282239914,0,16,0.05351170524954796,0,7,9fffb715f8680daa
baseline,44,9942,3,0.1263730376958847,0.11931122094392776,0.8881163597106934,1.0,297,0.05743539705872536,0.12595611810684204,0.13628637790679932,0.13567392528057098,0.14114826917648315,-0.01477523148059845,0,101,0.3400673270225525,0,7,9fffb715f8680daa
baseline,44,2567,1,0.07219399511814117,0.07219399511814117,0.9291607141494751,0.0,299,0.03517770394682884,0.08868202567100525,0.12479950487613678,0.11906909942626953,0.14306971430778503,-0.07087571918964386,0,0,0.0,0,7,9fffb715f8680daa
baseline,44,9869,1,0.11041080951690674,0.11041080951690674,0.9400123357772827,1.0,299,0.04063615947961807,0.10904739797115326,0.12833674252033234,0.1243266612291336,0.13005608320236206,-0.019645273685455322,0,83,0.2775919735431671,0,7,9fffb715f8680daa
baseline,44,5579,2,0.041069332510232925,0.016384894028306007,0.7345191836357117,0.0,298,0.03484491631388664,0.0738719180226326,0.0910932868719101,0.0895068496465683,0.0994628295302391,-0.05839349702000618,0,0,0.0,0,7,9fffb715f8680daa
baseline,44,4464,2,0.1325569450855255,0.060847219079732895,0.9220394492149353,0.5,297,0.04120592772960663,0.11240556091070175,0.14474371075630188,0.1571347415447235,0.22680924832820892,-0.09425230324268341,0,15,0.05050504952669144,0,7,9fffb715f8680daa
baseline,44,4020,2,0.1264881193637848,0.06972379982471466,0.8956555724143982,0.5,297,0.048886172473430634,0.11280170828104019,0.16420379281044006,0.16277925670146942,0.18816600739955902,-0.06167788803577423,0,7,0.023569023236632347,0,7,9fffb715f8680daa
baseline,44,3116,1,0.043013233691453934,0.043013233691453934,0.9193574786186218,0.0,299,0.03474311903119087,0.08312784880399704,0.08914836496114731,0.08886896818876266,0.09304105490446091,-0.05002782121300697,0,5,0.016722407191991806,0,7,9fffb715f8680daa
baseline,44,865,4,0.1726418435573578,0.05431986600160599,0.8181347846984863,0.75,291,0.08733077347278595,0.17890192568302155,0.24021589756011963,0.2320042848587036,0.26890915632247925,-0.09626731276512146,0,45,0.15463918447494507,0,7,9fffb715f8680daa
baseline,44,2845,1,0.0398787297308445,0.0398787297308445,0.6636886596679688,0.0,294,0.05512430891394615,0.1730951964855194,0.22230562567710876,0.21528661251068115,0.24006129801273346,-0.20018257200717926,0,0,0.0,0,7,9fffb715f8680daa
baseline,44,9537,1,0.05017714574933052,0.05017714574933052,0.8870061039924622,0.0,298,0.04298395290970802,0.07969450950622559,0.17527182400226593,0.16369789838790894,0.23146161437034607,-0.18128447234630585,0,16,0.05369127541780472,0,7,9fffb715f8680daa
baseline,44,5146,10,0.17509916424751282,0.04527590423822403,0.8608080148696899,0.5,290,0.09281453490257263,0.22633028030395508,0.28460848331451416,0.2775868773460388,0.31748300790786743,-0.14238384366035461,0,73,0.25172412395477295,0,7,9fffb715f8680daa
baseline,44,5239,1,0.12077490985393524,0.12077490985393524,0.8888774514198303,1.0,296,0.08266834169626236,0.16965332627296448,0.20428277552127838,0.2062392681837082,0.24032269418239594,-0.1195477843284607,0,11,0.037162162363529205,0,7,9fffb715f8680daa
baseline,44,3145,2,0.10006560385227203,0.0833878442645073,0.9088958501815796,1.0,298,0.04747519642114639,0.11630570143461227,0.12969239056110382,0.13058093190193176,0.15044178068637848,-0.050376176834106445,0,106,0.3557046949863434,0,7,9fffb715f8680daa
baseline,44,7256,3,0.14018918573856354,0.05361834540963173,0.7663788795471191,0.6666666865348816,297,0.041976381093263626,0.12656356394290924,0.22146645188331604,0.19944941997528076,0.2601843476295471,-0.11999516189098358,0,19,0.06397306174039841,0,7,9fffb715f8680daa
shared_e2e,44,6381,7,0.1957390457391739,0.088734470307827,0.8051847219467163,0.8571429252624512,283,0.11549339443445206,0.23081831634044647,0.29204484820365906,0.2840149700641632,0.31886157393455505,-0.12312252819538116,0,47,0.16607773303985596,0,7,9fffb715f8680daa
shared_e2e,44,4537,5,0.11269181966781616,0.07900530099868774,0.7721296548843384,0.20000000298023224,293,0.06276339292526245,0.13356874883174896,0.20013777911663055,0.18260273337364197,0.23630690574645996,-0.1236150860786438,0,2,0.006825938355177641,0,7,9fffb715f8680daa
shared_e2e,44,9896,1,0.07590264827013016,0.07590264827013016,0.9289237856864929,0.0,299,0.027813011780381203,0.0558442585170269,0.08667311817407608,0.09366902709007263,0.13741983473300934,-0.06151718646287918,0,1,0.0033444815780967474,0,7,9fffb715f8680daa
shared_e2e,44,7223,1,0.16389252245426178,0.16389252245426178,0.9685428738594055,1.0,299,0.03135766461491585,0.07634943723678589,0.12292085587978363,0.11502715200185776,0.14245037734508514,0.021442145109176636,1,44,0.1471571922302246,0,7,9fffb715f8680daa
shared_e2e,44,1977,1,0.10990041494369507,0.10990041494369507,0.8947252631187439,0.0,299,0.034225232899188995,0.08129114657640457,0.1112414225935936,0.10857351124286652,0.12202909588813782,-0.012128680944442749,0,8,0.02675585262477398,0,7,9fffb715f8680daa
shared_e2e,44,5606,3,0.09890536218881607,0.050347547978162766,0.8277045488357544,0.6666666865348816,295,0.06958392262458801,0.1731671541929245,0.20002882182598114,0.19800534844398499,0.22394034266471863,-0.12503498792648315,0,49,0.16610169410705566,0,7,9fffb715f8680daa
shared_e2e,44,8368,2,0.09532271325588226,0.03426230698823929,0.7541950941085815,0.5,298,0.04226362332701683,0.11563175171613693,0.19412043690681458,0.17706909775733948,0.20018866658210754,-0.10486595332622528,0,30,0.10067114233970642,0,7,9fffb715f8680daa
shared_e2e,44,6852,2,0.12849432229995728,0.08584202080965042,0.900466799736023,0.5,297,0.05335957556962967,0.12344804406166077,0.1666606217622757,0.1529148519039154,0.1739528477191925,-0.04545852541923523,0,17,0.05723905563354492,0,7,9fffb715f8680daa
shared_e2e,44,5879,1,0.0818348377943039,0.0818348377943039,0.9488344788551331,1.0,299,0.03200843557715416,0.07644928246736526,0.09757004678249359,0.09609158337116241,0.10633167624473572,-0.024496838450431824,0,31,0.10367892682552338,0,7,9fffb715f8680daa
shared_e2e,44,3369,1,0.041826821863651276,0.041826821863651276,0.9145604968070984,0.0,296,0.05709383264183998,0.16033141314983368,0.22043941915035248,0.22131450474262238,0.29597118496894836,-0.2541443705558777,0,6,0.020270271226763725,0,7,9fffb715f8680daa
shared_e2e,44,6062,1,0.13032642006874084,0.13032642006874084,0.9097850918769836,1.0,297,0.05040726810693741,0.12033715844154358,0.19346977770328522,0.1834893375635147,0.23466375470161438,-0.10433733463287354,0,26,0.0875420868396759,0,7,9fffb715f8680daa
shared_e2e,44,740,2,0.0655619278550148,0.062242913991212845,0.9342007637023926,0.0,298,0.03447986766695976,0.08651835471391678,0.1185174360871315,0.11431674659252167,0.149820014834404,-0.08425808697938919,0,0,0.0,0,7,9fffb715f8680daa
shared_e2e,44,4031,2,0.07523249089717865,0.058362867683172226,0.8882704973220825,0.0,297,0.04703064635396004,0.10392433404922485,0.13098584115505219,0.12622317671775818,0.14152345061302185,-0.0662909597158432,0,9,0.030303029343485832,0,7,9fffb715f8680daa
shared_e2e,44,9724,1,0.07027125358581543,0.07027125358581543,0.9779371023178101,1.0,299,0.033524978905916214,0.07805855572223663,0.11876033991575241,0.11090333759784698,0.1404135525226593,-0.07014229893684387,0,50,0.16722407937049866,0,7,9fffb715f8680daa
shared_e2e,44,7062,1,0.07638294994831085,0.07638294994831085,0.9204554557800293,0.0,299,0.03255430608987808,0.07048918306827545,0.11590263992547989,0.10936989635229111,0.1408800482749939,-0.06449709832668304,0,0,0.0,0,7,9fffb715f8680daa
shared_e2e,44,9755,2,0.15562230348587036,0.09771626442670822,0.878637433052063,0.5,298,0.03585580736398697,0.08227244764566422,0.14505547285079956,0.12986081838607788,0.17901630699634552,-0.02339400351047516,0,6,0.020134229212999344,0,7,9fffb715f8680daa
shared_e2e,44,3808,1,0.03462257608771324,0.03462257608771324,0.8196260929107666,0.0,299,0.03709276393055916,0.07376761734485626,0.09664785116910934,0.09089063107967377,0.11260593682527542,-0.07798336446285248,0,0,0.0,0,7,9fffb715f8680daa
shared_e2e,44,5478,4,0.08574414253234863,0.025695394724607468,0.8126585483551025,0.75,296,0.043847452849149704,0.10544218868017197,0.13239730894565582,0.13195285201072693,0.15945366024971008,-0.07370951771736145,0,39,0.1317567527294159,0,7,9fffb715f8680daa
shared_e2e,44,7905,1,0.0917830765247345,0.0917830765247345,0.8373401761054993,1.0,299,0.03333457186818123,0.07391361892223358,0.09803085774183273,0.0922030359506607,0.10321827977895737,-0.01143520325422287,0,23,0.07692307978868484,0,7,9fffb715f8680daa
shared_e2e,44,8633,3,0.09821674972772598,0.07475055009126663,0.8225998282432556,0.0,296,0.04499627649784088,0.1175694540143013,0.13862699270248413,0.14360344409942627,0.17926877737045288,-0.0810520276427269,0,10,0.03378378599882126,0,7,9fffb715f8680daa
shared_e2e,44,1918,2,0.19558721780776978,0.14316102862358093,0.844791054725647,1.0,298,0.04758869856595993,0.16172513365745544,0.22529098391532898,0.21104386448860168,0.2601279318332672,-0.06454071402549744,0,18,0.06040268391370773,0,7,9fffb715f8680daa
shared_e2e,44,4405,4,0.06604291498661041,0.05327492207288742,0.7856667637825012,0.25,296,0.05675150826573372,0.11357355862855911,0.13437670469284058,0.13213834166526794,0.14430557191371918,-0.07826265692710876,0,10,0.03378378599882126,0,7,9fffb715f8680daa
shared_e2e,44,8443,1,0.06372024118900299,0.06372024118900299,0.8995578289031982,1.0,299,0.03143847733736038,0.06166756525635719,0.1174822524189949,0.10156422853469849,0.14101861417293549,-0.0772983729839325,0,9,0.03010033443570137,0,7,9fffb715f8680daa
shared_e2e,44,6654,3,0.12021919339895248,0.10221858322620392,0.9020355939865112,0.6666666865348816,297,0.056902091950178146,0.12786971032619476,0.1703580766916275,0.16221240162849426,0.1957797408103943,-0.0755605474114418,0,45,0.1515151411294937,0,7,9fffb715f8680daa
shared_e2e,44,1938,1,0.10889245569705963,0.10889245569705963,0.9733447432518005,1.0,299,0.03818027302622795,0.08218684047460556,0.09910817444324493,0.09927313774824142,0.12296022474765778,-0.014067769050598145,0,42,0.14046822488307953,0,7,9fffb715f8680daa
shared_e2e,44,6190,1,0.09292234480381012,0.09292234480381012,0.7754117846488953,0.0,299,0.042484819889068604,0.09586992859840393,0.11169031262397766,0.11037502437829971,0.12061498314142227,-0.027692638337612152,0,0,0.0,0,7,9fffb715f8680daa
shared_e2e,44,5214,1,0.03539605811238289,0.03539605811238289,0.7891541719436646,0.0,299,0.036068230867385864,0.07606859505176544,0.10816115885972977,0.10286669433116913,0.12188750505447388,-0.08649145066738129,0,2,0.006688963156193495,0,7,9fffb715f8680daa
shared_e2e,44,6020,1,0.09318171441555023,0.09318171441555023,0.9495369791984558,1.0,298,0.039094533771276474,0.07914172857999802,0.09255799651145935,0.09257582575082779,0.10483631491661072,-0.011654600501060486,0,0,0.0,0,7,9fffb715f8680daa
shared_e2e,44,9192,1,0.049685973674058914,0.049685973674058914,0.9078652858734131,0.0,299,0.037537213414907455,0.08063323050737381,0.10279759019613266,0.09888781607151031,0.11044686287641525,-0.06076088920235634,0,0,0.0,0,7,9fffb715f8680daa
shared_e2e,44,849,1,0.027483781799674034,0.027483781799674034,0.8391085863113403,0.0,299,0.02820592187345028,0.06529473513364792,0.0943852886557579,0.08928605914115906,0.10400104522705078,-0.0765172615647316,0,0,0.0,0,7,9fffb715f8680daa
shared_e2e,44,3003,3,0.049350421875715256,0.042439285665750504,0.5787832736968994,1.0,296,0.05679759383201599,0.18308301270008087,0.21774111688137054,0.21225862205028534,0.24744269251823425,-0.1980922669172287,0,4,0.013513513840734959,0,7,9fffb715f8680daa
shared_e2e,44,7900,2,0.06685967743396759,0.06504518538713455,0.9268833994865417,0.5,298,0.039371851831674576,0.0783950462937355,0.09430389106273651,0.09324783086776733,0.12389262020587921,-0.05703294277191162,0,3,0.010067114606499672,0,7,9fffb715f8680daa
shared_e2e,44,8095,1,0.08069052547216415,0.08069052547216415,0.8877333402633667,0.0,298,0.039364371448755264,0.09713337570428848,0.13960564136505127,0.13746143877506256,0.17711196839809418,-0.09642144292593002,0,0,0.0,0,7,9fffb715f8680daa
shared_e2e,44,3781,2,0.17611128091812134,0.16746363043785095,0.9493790864944458,1.0,297,0.05813015624880791,0.13881783187389374,0.16587385535240173,0.16845692694187164,0.21332217752933502,-0.037210896611213684,0,58,0.19528618454933167,0,7,9fffb715f8680daa
shared_e2e,44,5588,1,0.19708804786205292,0.19708804786205292,0.9153748154640198,1.0,299,0.0386674590408802,0.08849868923425674,0.14546523988246918,0.13668133318424225,0.18653063476085663,0.010557413101196289,1,11,0.03678929805755615,0,7,9fffb715f8680daa
shared_e2e,44,8628,3,0.11024531722068787,0.04721617326140404,0.8297733068466187,0.6666666865348816,296,0.058307331055402756,0.12561655044555664,0.17713265120983124,0.16824443638324738,0.21528293192386627,-0.1050376147031784,0,29,0.09797297418117523,0,7,9fffb715f8680daa
shared_e2e,44,5314,1,0.04207402095198631,0.04207402095198631,0.8875830769538879,0.0,299,0.0340261235833168,0.06381549686193466,0.07592489570379257,0.07503221929073334,0.08326219767332077,-0.04118817672133446,0,0,0.0,0,7,9fffb715f8680daa
shared_e2e,44,8338,1,0.044373515993356705,0.044373515993356705,0.7110790610313416,0.0,299,0.04337606206536293,0.08860407024621964,0.1105319932103157,0.10916675627231598,0.12515760958194733,-0.08078409731388092,0,0,0.0,0,7,9fffb715f8680daa
shared_e2e,44,6949,1,0.09256544709205627,0.09256544709205627,0.8854237198829651,1.0,299,0.035049814730882645,0.07598721235990524,0.13547569513320923,0.12237241119146347,0.15698324143886566,-0.06441779434680939,0,27,0.09030099958181381,0,7,9fffb715f8680daa
shared_e2e,44,7154,1,0.15853279829025269,0.15853279829025269,0.9182116985321045,1.0,299,0.03393692523241043,0.10163760930299759,0.1615270972251892,0.16023293137550354,0.18824374675750732,-0.02971094846725464,0,33,0.11036789417266846,0,7,9fffb715f8680daa
shared_e2e,44,5940,6,0.2352731078863144,0.19639217853546143,0.9079188108444214,1.0,294,0.0841083899140358,0.20086106657981873,0.2371940165758133,0.23369185626506805,0.25646620988845825,-0.02119310200214386,0,88,0.29931971430778503,0,7,9fffb715f8680daa
shared_e2e,44,851,2,0.13689285516738892,0.056936174631118774,0.8646711111068726,0.5,298,0.039152491837739944,0.10635833442211151,0.16360294818878174,0.15968839824199677,0.18798254430294037,-0.05108968913555145,0,15,0.05033557116985321,0,7,9fffb715f8680daa
shared_e2e,44,7536,2,0.06492948532104492,0.05993322655558586,0.8376138210296631,0.0,298,0.04138803109526634,0.08566855639219284,0.10559146106243134,0.1003231555223465,0.11413771659135818,-0.04920823127031326,0,10,0.033557046204805374,0,7,9fffb715f8680daa
shared_e2e,44,8252,1,0.10441260039806366,0.10441260039806366,0.939724862575531,0.0,299,0.03649814426898956,0.08074919134378433,0.09463923424482346,0.09394735842943192,0.10983776301145554,-0.005425162613391876,0,0,0.0,0,7,9fffb715f8680daa
shared_e2e,44,1206,2,0.1288977712392807,0.05396558716893196,0.9118402004241943,0.5,298,0.04850086569786072,0.1392841339111328,0.17634433507919312,0.18214067816734314,0.23884007334709167,-0.10994230210781097,0,14,0.0469798669219017,0,7,9fffb715f8680daa
shared_e2e,44,4121,2,0.1597754955291748,0.11654233187437057,0.7776427268981934,0.5,297,0.045750729739665985,0.10775259882211685,0.14751502871513367,0.13989564776420593,0.1704787313938141,-0.010703235864639282,0,18,0.060606058686971664,0,7,9fffb715f8680daa
shared_e2e,44,4857,6,0.14239294826984406,0.03434319049119949,0.8298904299736023,0.6666666865348816,285,0.10092534124851227,0.21550336480140686,0.2813899517059326,0.26833176612854004,0.3035389184951782,-0.16114597022533417,0,45,0.15789474546909332,0,7,9fffb715f8680daa
shared_e2e,44,3759,3,0.20061247050762177,0.18563590943813324,0.905478835105896,1.0,296,0.05463540926575661,0.16582651436328888,0.20074132084846497,0.19533328711986542,0.21308736503124237,-0.012474894523620605,0,45,0.15202702581882477,0,7,9fffb715f8680daa
shared_e2e,44,5057,2,0.1627865433692932,0.07000379264354706,0.9124979972839355,0.5,297,0.044071801006793976,0.11604426801204681,0.17261160910129547,0.17511644959449768,0.22373126447200775,-0.06094472110271454,0,19,0.06397306174039841,0,7,9fffb715f8680daa
shared_e2e,44,6296,3,0.1671629399061203,0.1317242681980133,0.866564154624939,1.0,297,0.06210995838046074,0.16179023683071136,0.20869439840316772,0.202524334192276,0.2280062437057495,-0.06084330379962921,0,69,0.23232322931289673,0,7,9fffb715f8680daa
shared_e2e,44,3351,1,0.14874185621738434,0.14874185621738434,0.9552173614501953,1.0,299,0.03166988864541054,0.07447659969329834,0.12148317694664001,0.11402331292629242,0.138848677277565,0.009893178939819336,1,24,0.08026755601167679,0,7,9fffb715f8680daa
shared_e2e,44,3673,2,0.08012151718139648,0.0788407251238823,0.9097602963447571,0.0,298,0.039566636085510254,0.08176975697278976,0.12148874998092651,0.11598160117864609,0.12525874376296997,-0.045137226581573486,0,0,0.0,0,7,9fffb715f8680daa
shared_e2e,44,3330,1,0.0601642020046711,0.0601642020046711,0.9344621896743774,1.0,298,0.03958700969815254,0.09928549081087112,0.1278051882982254,0.12911787629127502,0.16092318296432495,-0.10075898468494415,0,22,0.07382550090551376,0,7,9fffb715f8680daa
shared_e2e,44,3838,4,0.18166621029376984,0.15378819406032562,0.8819804191589355,1.0,294,0.08098876476287842,0.19120508432388306,0.21821728348731995,0.21709506213665009,0.238841712474823,-0.05717550218105316,0,73,0.24829931557178497,0,7,9fffb715f8680daa
shared_e2e,44,6759,1,0.06722735613584518,0.06722735613584518,0.9721661806106567,0.0,299,0.0324685238301754,0.06255053728818893,0.09147387742996216,0.09448318183422089,0.14492753148078918,-0.077700175344944,0,0,0.0,0,7,9fffb715f8680daa
shared_e2e,44,3886,1,0.0959983542561531,0.0959983542561531,0.9031116366386414,0.0,299,0.03163791820406914,0.06516971439123154,0.0895671620965004,0.08844714611768723,0.11367203295230865,-0.017673678696155548,0,4,0.01337792631238699,0,7,9fffb715f8680daa
shared_e2e,44,3335,4,0.11930274963378906,0.07059670984745026,0.6889535188674927,0.75,293,0.07364765554666519,0.18582430481910706,0.23803460597991943,0.23423190414905548,0.25499826669692993,-0.13569551706314087,0,47,0.16040955483913422,0,7,9fffb715f8680daa
shared_e2e,44,5065,1,0.0873684361577034,0.0873684361577034,0.9009898900985718,0.0,299,0.03264699503779411,0.07535479217767715,0.09107769280672073,0.08972422033548355,0.1032172292470932,-0.0158487930893898,0,18,0.06020066887140274,0,7,9fffb715f8680daa
shared_e2e,44,5253,1,0.11609718948602676,0.11609718948602676,0.9389833211898804,0.0,299,0.029327666386961937,0.06985760480165482,0.12130723893642426,0.1104145497083664,0.15525706112384796,-0.0391598716378212,0,4,0.01337792631238699,0,7,9fffb715f8680daa
shared_e2e,44,4281,1,0.0616435706615448,0.0616435706615448,0.9369370937347412,0.0,298,0.03398006036877632,0.09081075340509415,0.1419571042060852,0.13170289993286133,0.15859760344028473,-0.09695403277873993,0,0,0.0,0,7,9fffb715f8680daa
shared_e2e,44,1758,2,0.05502863973379135,0.025139600038528442,0.5600332617759705,0.5,298,0.04715549945831299,0.11275497823953629,0.13689137995243073,0.13509950041770935,0.16036289930343628,-0.10533425956964493,0,22,0.07382550090551376,0,7,9fffb715f8680daa
shared_e2e,44,756,1,0.06705698370933533,0.06705698370933533,0.8827922940254211,0.0,299,0.030262203887104988,0.07224057614803314,0.11465013772249222,0.10993529856204987,0.14097589254379272,-0.0739189088344574,0,0,0.0,0,7,9fffb715f8680daa
shared_e2e,44,6295,3,0.03643278777599335,0.03263723850250244,0.7787739634513855,0.0,297,0.04697287827730179,0.11325231194496155,0.15799731016159058,0.15060240030288696,0.16913188993930817,-0.13269910216331482,0,0,0.0,0,7,9fffb715f8680daa
shared_e2e,44,9072,1,0.05956907197833061,0.05956907197833061,0.6241113543510437,1.0,299,0.03147298842668533,0.06523793935775757,0.08876154571771622,0.08619678020477295,0.10997819900512695,-0.05040912702679634,0,0,0.0,0,7,9fffb715f8680daa
shared_e2e,44,9032,2,0.07297585159540176,0.07179006189107895,0.8296751379966736,0.0,297,0.04402264952659607,0.10106898844242096,0.12293339520692825,0.12205854803323746,0.13226555287837982,-0.05928970128297806,0,0,0.0,0,7,9fffb715f8680daa
shared_e2e,44,4168,2,0.07102818787097931,0.06027933955192566,0.6705166697502136,0.5,298,0.04193554446101189,0.11535484343767166,0.1955391764640808,0.17898480594158173,0.2465725690126419,-0.1755443811416626,0,0,0.0,0,7,9fffb715f8680daa
shared_e2e,44,7691,1,0.10934118181467056,0.10934118181467056,0.9392817616462708,1.0,299,0.028273675590753555,0.05911658704280853,0.08710237592458725,0.09049996733665466,0.118097685277462,-0.008756503462791443,0,12,0.040133778005838394,0,7,9fffb715f8680daa
shared_e2e,44,140,2,0.05293118953704834,0.028935229405760765,0.7604738473892212,0.0,298,0.03868615999817848,0.07682362198829651,0.0903325155377388,0.08961034566164017,0.10404009371995926,-0.05110890418291092,0,2,0.00671140942722559,0,7,9fffb715f8680daa
shared_e2e,44,6855,1,0.0445614829659462,0.0445614829659462,0.8927321434020996,0.0,297,0.03846586495637894,0.09264103323221207,0.18105880916118622,0.17703086137771606,0.24283376336097717,-0.19827228784561157,0,6,0.020202020183205605,0,7,9fffb715f8680daa
shared_e2e,44,2063,4,0.06630366295576096,0.049391016364097595,0.7418290376663208,0.5,293,0.0634990781545639,0.13713230192661285,0.17311212420463562,0.16677609086036682,0.19821085035800934,-0.13190719485282898,0,7,0.0238907840102911,0,7,9fffb715f8680daa
shared_e2e,44,9776,3,0.09654553979635239,0.04390106350183487,0.6843392252922058,0.6666666865348816,297,0.05042359605431557,0.13910050690174103,0.2138422280550003,0.20185987651348114,0.25722357630729675,-0.16067802906036377,0,23,0.07744107395410538,0,7,9fffb715f8680daa
shared_e2e,44,2129,4,0.11268790066242218,0.0842648595571518,0.7612919807434082,0.0,296,0.046002548187971115,0.11911425739526749,0.17346110939979553,0.16954240202903748,0.22278478741645813,-0.11009688675403595,0,0,0.0,0,7,9fffb715f8680daa
shared_e2e,44,6348,1,0.0661352202296257,0.0661352202296257,0.9432563781738281,0.0,298,0.04728994518518448,0.09291655570268631,0.1198352500796318,0.11712084710597992,0.14256930351257324,-0.07643408328294754,0,7,0.02348993346095085,0,7,9fffb715f8680daa
shared_e2e,44,2940,2,0.1482280194759369,0.06637003272771835,0.8837897777557373,0.5,293,0.061127860099077225,0.13396480679512024,0.18540431559085846,0.17562714219093323,0.21856766939163208,-0.07033964991569519,0,34,0.11604095250368118,0,7,9fffb715f8680daa
shared_e2e,44,4100,1,0.03626240789890289,0.03626240789890289,0.8049823045730591,0.0,299,0.03679070621728897,0.06197751313447952,0.07676338404417038,0.07415109127759933,0.08847630769014359,-0.05221389979124069,0,0,0.0,0,7,9fffb715f8680daa
shared_e2e,44,2953,4,0.059748999774456024,0.04833877086639404,0.7839027643203735,0.0,295,0.0554061233997345,0.15235388278961182,0.18755511939525604,0.18329989910125732,0.20479616522789001,-0.1450471580028534,0,0,0.0,0,7,9fffb715f8680daa
shared_e2e,44,8933,1,0.04534952715039253,0.04534952715039253,0.6405559778213501,0.0,297,0.038623448461294174,0.07501205801963806,0.09791690111160278,0.1011291891336441,0.130189910531044,-0.08484038710594177,0,0,0.0,0,7,9fffb715f8680daa
shared_e2e,44,763,1,0.07320273667573929,0.07320273667573929,0.894197940826416,0.0,299,0.03452591225504875,0.07433892786502838,0.10094442963600159,0.09940020740032196,0.1172393262386322,-0.044036589562892914,0,1,0.0033444815780967474,0,7,9fffb715f8680daa
shared_e2e,44,9942,3,0.14662842452526093,0.13666056096553802,0.9062098264694214,1.0,297,0.062264103442430496,0.12579400837421417,0.16631999611854553,0.16451993584632874,0.178176149725914,-0.031547725200653076,0,98,0.32996633648872375,0,7,9fffb715f8680daa
shared_e2e,44,2567,1,0.09236238896846771,0.09236238896846771,0.9149749875068665,0.0,299,0.031152645125985146,0.07092831283807755,0.10925757884979248,0.10762953758239746,0.1557440608739853,-0.06338167190551758,0,0,0.0,0,7,9fffb715f8680daa
shared_e2e,44,9869,1,0.15749436616897583,0.15749436616897583,0.9276357293128967,1.0,299,0.03976418450474739,0.10587503761053085,0.14397838711738586,0.14265790581703186,0.15226440131664276,0.005229964852333069,1,54,0.18060199916362762,0,7,9fffb715f8680daa
shared_e2e,44,5579,2,0.08256112784147263,0.07077642530202866,0.7671024799346924,0.0,298,0.036695800721645355,0.07902120053768158,0.10147590190172195,0.09952498972415924,0.11463537812232971,-0.032074250280857086,0,0,0.0,0,7,9fffb715f8680daa
shared_e2e,44,4464,2,0.155187726020813,0.07747752964496613,0.923977255821228,0.5,297,0.04361177608370781,0.11431145668029785,0.19235272705554962,0.1779928058385849,0.23144516348838806,-0.07625743746757507,0,12,0.04040404036641121,0,7,9fffb715f8680daa
shared_e2e,44,4020,2,0.10105621814727783,0.07944396883249283,0.8354981541633606,0.5,297,0.054625727236270905,0.10914379358291626,0.12668193876743317,0.12238369882106781,0.1314011961221695,-0.030344977974891663,0,8,0.02693602629005909,0,7,9fffb715f8680daa
shared_e2e,44,3116,1,0.09873399138450623,0.09873399138450623,0.9158022999763489,0.0,299,0.034465234726667404,0.0896342545747757,0.12088751792907715,0.11970503628253937,0.1412982940673828,-0.04256430268287659,0,12,0.040133778005838394,0,7,9fffb715f8680daa
shared_e2e,44,865,4,0.16195042431354523,0.0474008247256279,0.864406943321228,0.75,291,0.09408081322908401,0.189401775598526,0.2832544445991516,0.26317542791366577,0.3014701306819916,-0.13951970636844635,0,40,0.13745704293251038,0,7,9fffb715f8680daa
shared_e2e,44,2845,1,0.036218538880348206,0.036218538880348206,0.7163705229759216,0.0,294,0.050952088087797165,0.14427471160888672,0.192754328250885,0.1892111599445343,0.2166842818260193,-0.18046574294567108,0,0,0.0,0,7,9fffb715f8680daa
shared_e2e,44,9537,1,0.08859475702047348,0.08859475702047348,0.8595489859580994,1.0,298,0.037666961550712585,0.08687440305948257,0.14319442212581635,0.1397859752178192,0.20330558717250824,-0.11471083015203476,0,17,0.057046979665756226,0,7,9fffb715f8680daa
shared_e2e,44,5146,10,0.16689592599868774,0.05588575452566147,0.8484095931053162,0.5,290,0.09724851697683334,0.23941467702388763,0.2953030467033386,0.2885724902153015,0.31028589606285095,-0.1433899700641632,0,69,0.237931028008461,0,7,9fffb715f8680daa
shared_e2e,44,5239,1,0.1743917167186737,0.1743917167186737,0.7590227723121643,1.0,296,0.06392280757427216,0.15243925154209137,0.22712025046348572,0.21674568951129913,0.24707093834877014,-0.07267922163009644,0,9,0.030405405908823013,0,7,9fffb715f8680daa
shared_e2e,44,3145,2,0.08043505251407623,0.0781610831618309,0.8910892605781555,1.0,298,0.04362058266997337,0.11011283844709396,0.14857463538646698,0.14926981925964355,0.17121797800064087,-0.09078292548656464,0,76,0.25503355264663696,0,7,9fffb715f8680daa
shared_e2e,44,7256,3,0.13820292055606842,0.06085493043065071,0.8451072573661804,0.6666666865348816,297,0.049681227654218674,0.16310332715511322,0.2256128489971161,0.21816787123680115,0.2569223642349243,-0.1187194436788559,0,17,0.05723905563354492,0,7,9fffb715f8680daa
