experiment,seed,scale,image_id,target_index,center_error_sq,center_error_l2,size_error_l1,size_error_relative,matched_iou,label_correct
baseline,42,medium,6381,16,0.0014489335007965565,0.0380648598074913,0.05793546140193939,0.4348526895046234,0.5649125576019287,0
baseline,42,medium,6381,15,0.00015883798187132925,0.01260309386998415,0.012592770159244537,0.09562405943870544,0.8209110498428345,1
baseline,42,medium,6381,9,0.0002436086069792509,0.015607966110110283,0.048559121787548065,0.3248538374900818,0.7413075566291809,1
baseline,42,large,6381,7,3.281536919530481e-05,0.005728470161557198,0.019648075103759766,0.08270443230867386,0.9222901463508606,1
baseline,42,medium,6381,5,0.00040551755228079855,0.020137466490268707,0.05682817101478577,0.1622174084186554,0.8429049849510193,1
baseline,42,large,6381,3,0.0002400215744273737,0.015492629259824753,0.0360291451215744,0.16958026587963104,0.8066256642341614,1
baseline,42,medium,6381,10,0.00011137825640616938,0.010553590022027493,0.015398729592561722,0.16245567798614502,0.6669257879257202,1
baseline,42,large,6381,14,3.123380884062499e-05,0.0055887214839458466,0.0657842755317688,0.2999286651611328,0.7190146446228027,1
baseline,42,large,6381,6,8.83302855072543e-05,0.00939841940999031,0.031606703996658325,0.1901785284280777,0.8021706342697144,1
baseline,42,small,6381,11,0.00015110480308067054,0.012292468920350075,0.02053329348564148,0.4624433219432831,0.5209895372390747,1
baseline,42,medium,6381,4,0.00018587203521747142,0.013633489608764648,0.02007007598876953,0.19190539419651031,0.6573472619056702,1
baseline,42,large,6381,2,0.0008587591582909226,0.029304591938853264,0.04375609755516052,0.10463891178369522,0.8405290842056274,1
baseline,42,medium,6381,13,0.001649694750085473,0.04061643406748772,0.1394066959619522,0.5917572975158691,0.41678673028945923,0
baseline,42,large,6381,1,2.8541928259073757e-05,0.005342464428395033,0.019451022148132324,0.05746612697839737,0.9448163509368896,1
baseline,42,large,6381,12,0.008012725971639156,0.08951383084058762,0.0356658399105072,0.08511622250080109,0.674206554889679,0
baseline,42,small,6381,8,0.0003806205641012639,0.01950949989259243,0.0025860071182250977,0.0429438091814518,0.6679109334945679,1
baseline,42,small,6381,0,0.00012491375673562288,0.01117648184299469,0.016136258840560913,0.17689520120620728,0.7912597060203552,0
baseline,42,medium,4537,3,0.019470252096652985,0.1395358443260193,0.22159239649772644,1.3681257963180542,0.15358269214630127,0
baseline,42,large,4537,4,0.0013857807498425245,0.037226077169179916,0.037305593490600586,0.14230652153491974,0.7202015519142151,0
baseline,42,medium,4537,5,0.00014894199557602406,0.012204179540276527,0.012815907597541809,0.08909786492586136,0.8391197919845581,0
baseline,42,large,4537,6,0.001809233333915472,0.04253508523106575,0.14742912352085114,0.8322290182113647,0.5192652344703674,1
baseline,42,large,4537,1,0.00018411417840979993,0.013568867929279804,0.03174024820327759,0.12196660041809082,0.882910430431366,0
baseline,42,large,4537,0,3.7250847526593134e-05,0.006103347055613995,0.04045608639717102,0.08468429744243622,0.9194456934928894,0
baseline,42,large,4537,2,0.0002614614786580205,0.016169769689440727,0.011695623397827148,0.033940717577934265,0.9030773043632507,0
baseline,42,large,9896,0,0.0001821395562728867,0.013495909050107002,0.023387134075164795,0.05543800815939903,0.9192644357681274,0
baseline,42,large,7223,0,7.198061211965978e-05,0.00848413910716772,0.021370887756347656,0.024991322308778763,0.9691590070724487,1
baseline,42,large,1977,0,1.605321631359402e-05,0.004006646573543549,0.0507013201713562,0.08394952863454819,0.9221895337104797,1
baseline,42,large,5606,1,0.0007019077311269939,0.02649354189634323,0.06885188817977905,0.10048233717679977,0.8426525592803955,1
baseline,42,medium,5606,3,0.0017099825199693441,0.041351936757564545,0.010283894836902618,0.092641681432724,0.514783501625061,1
baseline,42,large,5606,2,9.475069236941636e-05,0.009733996354043484,0.035971760749816895,0.055350419133901596,0.9473537802696228,1
baseline,42,medium,5606,4,0.000699327327311039,0.026444798335433006,0.009675435721874237,0.0868147611618042,0.6953538060188293,1
baseline,42,large,5606,0,0.0030179047025740147,0.05493545904755592,0.09230226278305054,0.23517242074012756,0.6713553071022034,0
baseline,42,large,8368,1,1.8090970115736127e-05,0.004253348335623741,0.020925194025039673,0.04373941570520401,0.9522235989570618,1
baseline,42,large,8368,0,0.00115553371142596,0.03399314358830452,0.0742945671081543,0.0875328928232193,0.8660158514976501,0
baseline,42,large,6852,0,0.0006332609918899834,0.02516467683017254,0.05872061848640442,0.15760356187820435,0.8059241771697998,0
baseline,42,large,6852,1,0.001051460043527186,0.032426223158836365,0.041904568672180176,0.14625215530395508,0.7743357419967651,1
baseline,42,medium,6852,2,0.0004930171999149024,0.022203991189599037,0.07931967079639435,0.5045278668403625,0.6469025015830994,1
baseline,42,large,5879,0,0.0033697241451591253,0.05804932489991188,0.1139523983001709,0.20544850826263428,0.7990489602088928,0
baseline,42,medium,4439,1,0.0013261681888252497,0.03641659393906593,0.07290628552436829,0.4440063238143921,0.5165259838104248,1
baseline,42,medium,4439,0,0.0028445362113416195,0.05333419516682625,0.10389138013124466,0.6216480731964111,0.29639002680778503,1
baseline,42,medium,4439,3,0.0005987699260003865,0.024469776079058647,0.06081962585449219,0.49910348653793335,0.545466423034668,1
baseline,42,medium,4439,2,0.0037931681144982576,0.061588700860738754,0.0371323823928833,0.48647934198379517,0.15647205710411072,1
baseline,42,medium,3369,1,3.3666535728116287e-06,0.0018348442390561104,0.08556510508060455,0.4324248135089874,0.6054257750511169,1
baseline,42,large,3369,2,0.00012896904081571847,0.011356453411281109,0.3208528757095337,0.4029202461242676,0.672979474067688,0
baseline,42,small,3369,3,0.0038956853095442057,0.06241542473435402,0.1162080392241478,1.8442692756652832,0.18090203404426575,0
baseline,42,medium,3369,0,0.0005287565873004496,0.02299470826983452,0.04336864501237869,0.24780938029289246,0.7236076593399048,1
baseline,42,small,6062,1,7.596774958074093e-05,0.008715948089957237,0.007610555738210678,0.10615904629230499,0.7922259569168091,1
baseline,42,small,6062,2,0.0001694812235655263,0.01301849540323019,0.05698995664715767,1.0019855499267578,0.45034658908843994,1
baseline,42,large,6062,0,0.0002793398452922702,0.0167134627699852,0.0476718544960022,0.12774021923542023,0.8646200895309448,1
baseline,42,large,740,1,0.000265001377556473,0.016278862953186035,0.04042588174343109,0.17511849105358124,0.8264990448951721,0
baseline,42,large,740,0,4.814498970517889e-05,0.006938659120351076,0.0037396401166915894,0.012963403016328812,0.940165102481842,0
baseline,42,medium,4031,2,0.00025175666087307036,0.01586684212088585,0.05163507163524628,0.4080955982208252,0.6756082773208618,1
baseline,42,large,4031,1,0.0037755235098302364,0.061445288360118866,0.24878257513046265,0.2503989040851593,0.7314627170562744,0
baseline,42,large,4031,0,0.0006258481298573315,0.02501695603132248,0.05732381343841553,0.13077759742736816,0.8233379125595093,0
baseline,42,large,9724,0,0.0013323513558134437,0.03650138899683952,0.007616102695465088,0.008507276885211468,0.9104899168014526,1
baseline,42,large,7062,0,9.396707901032642e-05,0.009693661704659462,0.037379682064056396,0.041257042437791824,0.9471753835678101,0
baseline,42,large,9755,1,2.947767097793985e-05,0.005429334472864866,0.027014508843421936,0.112247534096241,0.887596607208252,1
baseline,42,large,9755,0,0.0004464178637135774,0.02112860232591629,0.02752763032913208,0.0409318283200264,0.9198161959648132,0
baseline,42,large,3808,0,0.00016299689013976604,0.012767023406922817,0.010927915573120117,0.011920180171728134,0.9622612595558167,0
baseline,42,large,5478,3,0.0010457400931045413,0.03233790397644043,0.12972278892993927,0.26689019799232483,0.6551287770271301,1
baseline,42,large,5478,2,8.713584247743711e-05,0.009334658272564411,0.04284527897834778,0.07243837416172028,0.9314035773277283,1
baseline,42,large,5478,1,0.0006485668709501624,0.025466976687312126,0.0727275013923645,0.15712881088256836,0.8174622058868408,1
baseline,42,large,5478,0,0.0005173699464648962,0.02274576760828495,0.05339735746383667,0.07261228561401367,0.9039878845214844,0
baseline,42,large,7905,0,0.00024123932234942913,0.015531880781054497,0.05489054322242737,0.09375457465648651,0.9063704609870911,1
baseline,42,large,8633,0,0.00012443898594938219,0.011155222542583942,0.05955207347869873,0.21120917797088623,0.8190581202507019,0
baseline,42,medium,8633,1,0.001318155089393258,0.03630640730261803,0.11859409511089325,0.5135465860366821,0.6340484023094177,0
baseline,42,large,8633,2,0.007372031919658184,0.08586053550243378,0.021785497665405273,0.048109568655490875,0.7630161046981812,0
baseline,42,large,8633,3,0.012838839553296566,0.11330860108137131,0.009647518396377563,0.016904424875974655,0.7204850316047668,0
baseline,42,large,1918,1,7.37991722417064e-05,0.008590644225478172,0.026041343808174133,0.12048013508319855,0.8723878264427185,1
baseline,42,large,1918,0,5.646268874670568e-08,0.00023761879128869623,0.02969963103532791,0.1067141443490982,0.8960111737251282,1
baseline,42,large,4405,1,0.0009580928017385304,0.030953073874115944,0.07974675297737122,0.19030152261257172,0.8128597736358643,0
baseline,42,large,4405,2,0.008648351766169071,0.0929965153336525,0.10710909962654114,0.3025365471839905,0.5399277210235596,1
baseline,42,large,4405,3,0.00016182175022549927,0.012720918282866478,0.002428799867630005,0.006401784718036652,0.9122405052185059,1
baseline,42,large,4405,0,0.0005946608143858612,0.024385668337345123,0.06620830297470093,0.12298206239938736,0.8469915390014648,0
baseline,42,large,8443,0,0.003370672231540084,0.05805749073624611,0.10734891891479492,0.2865728735923767,0.6397627592086792,1
baseline,42,large,6654,0,0.00032512081088498235,0.018031107261776924,0.04007178544998169,0.0505279079079628,0.938247799873352,1
baseline,42,large,6654,2,0.00011842389358207583,0.010882274247705936,0.034356892108917236,0.0975262001156807,0.9052062034606934,1
baseline,42,large,6654,1,0.0006441910518333316,0.025380918756127357,0.10321623086929321,0.2612275779247284,0.7420206069946289,1
baseline,42,large,1938,0,1.6345442418241873e-05,0.00404294952750206,0.028680801391601562,0.03137858584523201,0.9695116877555847,1
baseline,42,large,6190,0,0.002902592997997999,0.053875718265771866,0.10677230358123779,0.15183314681053162,0.8185514807701111,0
baseline,42,large,5214,0,0.00041738839354366064,0.02043008618056774,0.053854167461395264,0.06405924260616302,0.937063455581665,0
baseline,42,large,6020,0,9.601592864783015e-06,0.0030986436177045107,0.01670670509338379,0.021616633981466293,0.9787201285362244,0
baseline,42,medium,6020,1,2.6593334041535854e-05,0.0051568723283708096,0.026562154293060303,0.16255834698677063,0.8306567072868347,1
baseline,42,large,9192,0,0.0012320425594225526,0.03510046377778053,0.02123105525970459,0.027950268238782883,0.8995680212974548,0
baseline,42,large,849,0,0.0010425102664157748,0.03228792920708656,0.04318016767501831,0.06382787227630615,0.8325435519218445,0
baseline,42,medium,3003,3,0.004262446891516447,0.06528741866350174,0.12525399029254913,0.5749420523643494,0.3858603239059448,1
baseline,42,large,3003,2,0.0015340225072577596,0.03916659951210022,0.16019368171691895,0.7265117168426514,0.38852357864379883,1
baseline,42,large,3003,0,0.0007174115744419396,0.026784539222717285,0.09398949146270752,0.2594848871231079,0.7628669738769531,1
baseline,42,large,3003,1,0.00023162466823123395,0.015219219960272312,0.06250250339508057,0.16972699761390686,0.8365254402160645,1
baseline,42,large,7900,1,0.0016635858919471502,0.04078707844018936,0.06835412979125977,0.06874266266822815,0.8953636884689331,0
baseline,42,large,7900,0,0.00023639065329916775,0.015375001356005669,0.0536598265171051,0.12286704778671265,0.8715550899505615,0
baseline,42,large,8095,1,0.00010965618275804445,0.010471684858202934,0.04028421640396118,0.07491191476583481,0.9235674738883972,0
baseline,42,medium,8095,0,0.001013604225590825,0.03183715045452118,0.14791063964366913,0.780703604221344,0.3666311800479889,0
baseline,42,medium,3781,2,8.062864799285308e-05,0.008979345671832561,0.03578208014369011,0.37473592162132263,0.6188509464263916,1
baseline,42,large,3781,1,2.1461797587107867e-05,0.0046326881274580956,0.043852031230926514,0.06047423183917999,0.9426184892654419,1
baseline,42,large,3781,0,0.0003905516932718456,0.019762380048632622,0.020933210849761963,0.03260846436023712,0.920628011226654,1
baseline,42,large,5588,0,3.761295374715701e-05,0.006132939830422401,0.015648603439331055,0.0664454847574234,0.9307087659835815,1
baseline,42,large,8628,0,0.0006074116099625826,0.024645721539855003,0.06250268220901489,0.2061488926410675,0.7787886261940002,1
baseline,42,medium,8628,1,0.010890067555010319,0.10435548424720764,0.1840999722480774,1.0893579721450806,0.2014268934726715,0
baseline,42,large,8628,2,0.0010514582972973585,0.032426197081804276,0.08660823106765747,0.11729270219802856,0.8691690564155579,0
baseline,42,large,8628,3,0.0003833363007288426,0.019578976556658745,0.046469807624816895,0.0916941910982132,0.8853892087936401,1
baseline,42,large,5314,0,0.0009511930402368307,0.030841417610645294,0.09561926126480103,0.13228842616081238,0.8736725449562073,0
baseline,42,small,8292,4,0.0003449089708738029,0.018571725115180016,0.08968891203403473,4.250213146209717,0.10324138402938843,0
baseline,42,small,8292,3,0.0005317395552992821,0.023059478029608727,0.14777828752994537,3.7841508388519287,0.129029780626297,0
baseline,42,medium,8292,0,1.8338372683501802e-05,0.004282332491129637,0.004659272730350494,0.05710713565349579,0.8634604215621948,0
baseline,42,small,8292,5,0.0004033102886751294,0.020082587376236916,0.18312162160873413,11.445108413696289,0.022247618064284325,0
baseline,42,medium,8292,1,4.01068500650581e-05,0.006332996767014265,0.03554585203528404,0.5399758219718933,0.6317349076271057,0
baseline,42,small,8292,2,0.00038352818228304386,0.019583875313401222,0.10552450269460678,2.1118993759155273,0.23663049936294556,0
baseline,42,large,8338,0,0.00012927944771945477,0.01137011218816042,0.08440089225769043,0.1112709492444992,0.8924488425254822,0
baseline,42,large,6949,0,0.0033354032784700394,0.057752951979637146,0.030680060386657715,0.03913119435310364,0.8457099795341492,0
baseline,42,large,7154,0,7.397399258479709e-06,0.002719816053286195,0.08050629496574402,0.21553876996040344,0.8225990533828735,1
baseline,42,large,5940,5,7.998439104994759e-05,0.008943399414420128,0.01824401319026947,0.08130623400211334,0.9113523364067078,1
baseline,42,large,5940,2,0.0003978906315751374,0.019947195425629616,0.10989879071712494,0.3621668815612793,0.667793869972229,1
baseline,42,large,5940,1,0.00037027266807854176,0.01924247108399868,0.02214944362640381,0.054930783808231354,0.9057170748710632,1
baseline,42,large,5940,4,0.0013161265524104238,0.036278460174798965,0.06048786640167236,0.21041175723075867,0.6995832324028015,1
baseline,42,large,5940,0,0.0001384926727041602,0.011768290773034096,0.029100894927978516,0.07922780513763428,0.9198284149169922,1
baseline,42,large,5940,3,0.0005889327730983496,0.02426793798804283,0.022750526666641235,0.07009553164243698,0.8322041630744934,1
baseline,42,large,851,1,0.0018524647457525134,0.04304026812314987,0.03934669494628906,0.1011667251586914,0.7107660174369812,1
baseline,42,large,851,0,0.0001721091102808714,0.013119036331772804,0.03194203972816467,0.06356527656316757,0.9396888613700867,0
baseline,42,medium,2047,0,0.0013813460245728493,0.03716646507382393,0.03430034965276718,0.24573549628257751,0.4792676866054535,0
baseline,42,medium,6404,0,6.465270416811109e-05,0.008040690794587135,0.023669719696044922,0.19827017188072205,0.7004804015159607,0
baseline,42,large,7536,1,3.761363768717274e-05,0.006132995709776878,0.07701745629310608,0.1459181010723114,0.8536084890365601,0
baseline,42,large,7536,0,0.00011609129433054477,0.010774566791951656,0.0921662449836731,0.18001221120357513,0.8425714373588562,0
baseline,42,large,8252,0,2.9964961868245155e-05,0.0054740263149142265,0.049328625202178955,0.12457650154829025,0.8788213729858398,0
baseline,42,large,1206,1,0.00036021010600961745,0.018979201093316078,0.033543236553668976,0.16554208099842072,0.8247337937355042,0
baseline,42,large,1206,0,6.12985240877606e-05,0.007829337380826473,0.07428905367851257,0.2326761782169342,0.7716362476348877,1
baseline,42,large,4121,1,0.00016561865049879998,0.012869291007518768,0.013228371739387512,0.04092491418123245,0.8917434215545654,1
baseline,42,medium,4121,2,0.0004859469481743872,0.02204420417547226,0.04723033308982849,0.2665981948375702,0.6523173451423645,1
baseline,42,large,4121,0,0.00016197559307329357,0.012726963497698307,0.05278380215167999,0.23199030756950378,0.779603898525238,1
baseline,42,medium,4857,8,7.165187707869336e-05,0.008464743383228779,0.011285752058029175,0.09913650155067444,0.8418877124786377,0
baseline,42,small,4857,4,9.293431503465399e-05,0.009640244767069817,0.022208262234926224,0.45097777247428894,0.6323686242103577,1
baseline,42,large,4857,13,0.0027003951836377382,0.05196532607078552,0.12350085377693176,0.32245105504989624,0.6864752769470215,1
baseline,42,large,4857,1,3.320677933515981e-05,0.005762532353401184,0.015813827514648438,0.04893038421869278,0.9512149095535278,1
baseline,42,large,4857,0,0.0003341382252983749,0.01827944815158844,0.02552628517150879,0.08194312453269958,0.8892775774002075,1
baseline,42,medium,4857,2,0.00016221642727032304,0.012736421078443527,0.021188195794820786,0.13157999515533447,0.6514953374862671,1
baseline,42,small,4857,5,0.00010799179290188476,0.010391909629106522,0.007109008729457855,0.07248670607805252,0.6292711496353149,1
baseline,42,large,4857,12,7.440662011504173e-05,0.00862592738121748,0.009759783744812012,0.020190255716443062,0.9502117037773132,1
baseline,42,small,4857,10,5.199643055675551e-05,0.007210854906588793,0.035616181790828705,0.35633304715156555,0.5106716752052307,1
baseline,42,large,4857,11,0.00018824657308869064,0.013720298185944557,0.026178359985351562,0.07044322788715363,0.9042308926582336,1
baseline,42,small,4857,3,7.132838800316676e-05,0.008445613086223602,0.020416028797626495,0.39037683606147766,0.6763575077056885,1
baseline,42,large,4857,6,0.0009238650090992451,0.0303951483219862,0.14403921365737915,0.33229050040245056,0.7384902238845825,0
baseline,42,medium,4857,14,0.000841804314404726,0.02901386469602585,0.011804021894931793,0.09957323968410492,0.8044300079345703,1
baseline,42,medium,4857,7,6.992731505306438e-05,0.008362255059182644,0.07600635290145874,0.462656706571579,0.668344259262085,0
baseline,42,medium,4857,9,0.004202418960630894,0.06482606381177902,0.04631131887435913,0.36460012197494507,0.20501945912837982,0
baseline,42,large,3759,0,6.31443690508604e-05,0.007946343161165714,0.019272714853286743,0.05919349566102028,0.9342541098594666,1
baseline,42,large,3759,2,4.608050949173048e-05,0.006788262631744146,0.05107167363166809,0.1030050590634346,0.8996464610099792,1
baseline,42,large,3759,1,0.00022820403682999313,0.015106423757970333,0.03256756067276001,0.12139344215393066,0.8755614757537842,1
baseline,42,medium,3759,3,0.00046724980347789824,0.02161596156656742,0.04096180200576782,0.20261266827583313,0.7347648739814758,0
baseline,42,large,5057,0,0.0009285963606089354,0.030472878366708755,0.04298165440559387,0.09423528611660004,0.8567643761634827,0
baseline,42,medium,5057,2,1.7985568774747662e-05,0.0042409393936395645,0.0010045766830444336,0.004274776205420494,0.9410039186477661,0
baseline,42,large,5057,1,0.0001540455996291712,0.012411510571837425,0.05001428723335266,0.08719249069690704,0.9170154333114624,1
baseline,42,large,6296,0,0.0008756472379900515,0.029591336846351624,0.0859200656414032,0.34979939460754395,0.7265806198120117,1
baseline,42,large,6296,2,0.0005616749403998256,0.02369968220591545,0.11245182156562805,0.25136128067970276,0.7978203296661377,1
baseline,42,large,6296,1,0.003744499059394002,0.061192311346530914,0.088642418384552,0.2892875075340271,0.6841703653335571,1
baseline,42,large,3351,0,0.00023059718660078943,0.01518542692065239,0.02101147174835205,0.031007900834083557,0.936939537525177,1
baseline,42,large,3673,0,0.00012057286949129775,0.010980567894876003,0.008081793785095215,0.01361280307173729,0.951715350151062,0
baseline,42,large,3673,1,8.092197822406888e-05,0.008995664305984974,0.031141161918640137,0.033669352531433105,0.9386444687843323,0
baseline,42,large,3330,0,7.022989302640781e-05,0.008380327373743057,0.03614829480648041,0.16511110961437225,0.8155086636543274,0
baseline,42,medium,3330,1,0.00020616481197066605,0.014358440414071083,0.00597207248210907,0.030355937778949738,0.8034883737564087,1
baseline,42,medium,3838,5,0.0004633763455785811,0.02152617834508419,0.09640304744243622,1.0632975101470947,0.4640328586101532,1
baseline,42,large,3838,2,0.0009002758888527751,0.030004598200321198,0.0486987829208374,0.1527039259672165,0.8099803328514099,1
baseline,42,large,3838,3,0.0008211231324821711,0.028655245900154114,0.004976391792297363,0.014542154967784882,0.8128204941749573,1
baseline,42,large,3838,0,2.389907240285538e-05,0.0048886677250266075,0.024658292531967163,0.05098024755716324,0.9511534571647644,1
baseline,42,medium,3838,4,0.0003988381940871477,0.019970932975411415,0.04420272260904312,0.3484683632850647,0.7060454487800598,1
baseline,42,large,3838,1,0.00011116709356429055,0.0105435810983181,0.018269628286361694,0.04506697133183479,0.9264183640480042,1
baseline,42,large,6759,0,6.333670171443373e-05,0.007958435453474522,0.038049519062042236,0.05282074958086014,0.9457300305366516,0
baseline,42,medium,1532,3,0.00043792097130790353,0.02092656120657921,0.09016885608434677,0.5139983296394348,0.5416598916053772,0
baseline,42,medium,1532,8,0.00010111469600815326,0.01005558017641306,0.008317235857248306,0.09261053800582886,0.8233004212379456,1
baseline,42,small,1532,6,0.0007861294434405863,0.02803800068795681,0.00965859740972519,0.14523351192474365,0.3826683759689331,0
baseline,42,medium,1532,2,7.402959454338998e-05,0.008604045026004314,0.015516936779022217,0.10726258903741837,0.8320408463478088,0
baseline,42,medium,1532,4,0.0006819575792178512,0.026114316657185555,0.03456130623817444,0.24425537884235382,0.4448482096195221,0
baseline,42,small,1532,9,0.00030403450364246964,0.01743658445775509,0.02402682602405548,0.24138540029525757,0.6418669819831848,1
baseline,42,medium,1532,0,3.863863094011322e-05,0.006215997971594334,0.02649092674255371,0.1835792362689972,0.7880989909172058,1
baseline,42,small,1532,5,0.00033839308889582753,0.01839546300470829,0.00398755818605423,0.08358599990606308,0.39200979471206665,0
baseline,42,small,1532,1,0.0007057966431602836,0.02656683325767517,0.07589514553546906,1.019858956336975,0.4284420907497406,1
baseline,42,medium,1532,7,0.00015033209638204426,0.012260998599231243,0.021953366696834564,0.11275987327098846,0.6762391924858093,1
baseline,42,large,3886,0,0.0005980998394079506,0.024456080049276352,0.060397207736968994,0.11222338676452637,0.8698477745056152,0
baseline,42,medium,3335,2,0.0011577897239476442,0.034026309847831726,0.04333285242319107,0.34124132990837097,0.4527711868286133,1
baseline,42,large,3335,5,0.001257149619050324,0.03545630723237991,0.013891428709030151,0.05011742562055588,0.7605211138725281,0
baseline,42,medium,3335,6,0.0008437743526883423,0.02904779464006424,0.07471977919340134,0.5872342586517334,0.5636496543884277,1
baseline,42,large,3335,1,0.0005038714152760804,0.02244707942008972,0.04018935561180115,0.19170859456062317,0.7274786829948425,1
baseline,42,medium,3335,0,2.4980978196254e-05,0.004998097661882639,0.00909954309463501,0.033194273710250854,0.9312627911567688,1
baseline,42,large,3335,3,0.00037085660733282566,0.01925763674080372,0.05121919512748718,0.14678841829299927,0.8494822978973389,1
baseline,42,large,3335,4,0.009715027175843716,0.09856484085321426,0.06760449707508087,0.23890137672424316,0.5230408906936646,1
baseline,42,large,5065,0,0.00013301979925017804,0.011533420532941818,0.05473142862319946,0.07584519684314728,0.9288023710250854,1
baseline,42,large,5253,0,7.089337304932997e-05,0.008419820107519627,0.04656320810317993,0.07459722459316254,0.9174821376800537,0
baseline,42,medium,4281,1,0.0007955462788231671,0.028205430135130882,0.07455608993768692,0.4950172007083893,0.541389524936676,1
baseline,42,large,4281,0,0.004818847868591547,0.06941792368888855,0.09242108464241028,0.1426633894443512,0.7117215991020203,0
baseline,42,large,1758,1,0.00046508540981449187,0.021565839648246765,0.11212664842605591,0.1924256980419159,0.8346359133720398,1
baseline,42,large,1758,0,0.006671454291790724,0.08167897164821625,0.024607285857200623,0.12830224633216858,0.328828901052475,0
baseline,42,large,756,0,0.0002094731171382591,0.014473185874521732,0.09670859575271606,0.10173920542001724,0.899154007434845,0
baseline,42,large,6295,1,0.0020652925595641136,0.04544549062848091,0.04075691103935242,0.20513573288917542,0.5560646653175354,0
baseline,42,large,6295,2,0.0002469387254677713,0.015714284032583237,0.03359769284725189,0.1241370439529419,0.8671432137489319,0
baseline,42,large,6295,0,4.379311576485634e-06,0.0020926804281771183,0.057278648018836975,0.245000422000885,0.769881546497345,0
baseline,42,large,9072,0,0.0011343533406034112,0.03368016332387924,0.032745152711868286,0.058659669011831284,0.7638172507286072,1
baseline,42,large,9032,2,0.0002065043372567743,0.014370258897542953,0.04975152015686035,0.13739630579948425,0.8374626636505127,0
baseline,42,large,9032,1,0.0007729132776148617,0.02780131809413433,0.010697811841964722,0.028519200161099434,0.8436599969863892,0
baseline,42,medium,9032,0,0.00015853281365707517,0.012590981088578701,0.015214778482913971,0.22847387194633484,0.6636925935745239,0
baseline,42,large,4168,1,0.0006751031032763422,0.025982746854424477,0.09263591468334198,0.3435930609703064,0.6855741739273071,1
baseline,42,large,4168,0,0.00019637234800029546,0.014013292267918587,0.05108073353767395,0.12343831360340118,0.8816259503364563,0
baseline,42,large,7691,0,2.7782138204202056e-05,0.005270876456052065,0.036506980657577515,0.06325927376747131,0.9397308826446533,1
baseline,42,large,140,1,0.0005052224732935429,0.022477153688669205,0.042539387941360474,0.09210322797298431,0.8895801305770874,0
baseline,42,large,140,0,0.02454097382724285,0.15665559470653534,0.03627774119377136,0.13570299744606018,0.5120314955711365,0
baseline,42,medium,6855,2,6.046106500434689e-05,0.007775671314448118,0.032610438764095306,0.15555942058563232,0.7337138056755066,1
baseline,42,large,6855,0,0.0008713876595720649,0.029519276693463326,0.11112141609191895,0.14827825129032135,0.8351598978042603,0
baseline,42,medium,6855,1,6.8144981923978776e-06,0.0026104594580829144,0.04752735048532486,0.3440014719963074,0.7010191082954407,1
baseline,42,medium,2063,1,0.00029296643333509564,0.017116261646151543,0.017647743225097656,0.13553088903427124,0.7130284905433655,1
baseline,42,large,2063,5,0.0013501174980774522,0.03674394637346268,0.038234591484069824,0.08422191441059113,0.7624337077140808,1
baseline,42,large,2063,6,0.000527919502928853,0.022976499050855637,0.020607009530067444,0.08590364456176758,0.8237855434417725,1
baseline,42,large,2063,0,0.001042341347783804,0.032285310328006744,0.1315016746520996,0.23472189903259277,0.8009656071662903,0
baseline,42,large,2063,4,2.5452784029766917e-05,0.005045075435191393,0.035757407546043396,0.12210509181022644,0.8847334384918213,1
baseline,42,medium,2063,2,0.000874365447089076,0.02956967055797577,0.009388267993927002,0.08095445483922958,0.547141969203949,1
baseline,42,medium,2063,3,0.0008362349472008646,0.02891772799193859,0.015293583273887634,0.1085379347205162,0.6467299461364746,1
baseline,42,large,9776,0,0.002592796925455332,0.050919514149427414,0.04905262589454651,0.14479510486125946,0.6809943318367004,1
baseline,42,large,9776,1,0.0029855016618967056,0.05463974550366402,0.06291064620018005,0.12014040350914001,0.7574198842048645,0
baseline,42,large,9776,2,6.1105556596885435e-06,0.0024719538632780313,0.032977938652038574,0.11904838681221008,0.8843387365341187,1
baseline,42,large,2129,0,0.0008514449582435191,0.0291795302182436,0.0323643684387207,0.13828299939632416,0.7131760120391846,0
baseline,42,large,2129,3,0.00018203651416115463,0.013492090627551079,0.02916818857192993,0.08490244299173355,0.8961613178253174,0
baseline,42,large,2129,1,1.6150546798598953e-05,0.004018774256110191,0.1132165938615799,0.44745898246765137,0.6713130474090576,0
baseline,42,large,2129,2,0.0015565726207569242,0.039453424513339996,0.03781081736087799,0.12742753326892853,0.757348895072937,0
baseline,42,large,6348,1,6.6358293224766385e-06,0.002576010301709175,0.04364144802093506,0.06412137299776077,0.9395384788513184,1
baseline,42,medium,6348,0,0.0009855335811153054,0.03139320760965347,0.07115030288696289,0.5031476616859436,0.5823742151260376,0
baseline,42,small,2940,1,0.00024175786529667675,0.015548564493656158,0.02732447162270546,0.6003419756889343,0.5096842646598816,0
baseline,42,small,2940,3,0.0001422097411705181,0.011925172992050648,0.007104065269231796,0.10007116198539734,0.6417264342308044,0
baseline,42,large,2940,0,0.0002002130204346031,0.014149664901196957,0.024302124977111816,0.04373638331890106,0.88951575756073,0
baseline,42,large,2940,6,4.5029722969047725e-05,0.006710418965667486,0.06078517436981201,0.11130430549383163,0.8993189930915833,1
baseline,42,medium,2940,5,1.154480742115993e-05,0.003397765103727579,0.00786040723323822,0.09490162879228592,0.8897267580032349,0
baseline,42,medium,2940,4,0.00029780814656987786,0.017257118597626686,0.003343883901834488,0.04165029525756836,0.49972230195999146,0
baseline,42,small,2940,2,0.00015459314454346895,0.012433549389243126,0.04993660748004913,0.9469152688980103,0.46978387236595154,0
baseline,42,large,4100,0,0.006010382901877165,0.07752665877342224,0.018755733966827393,0.06009243056178093,0.6324803233146667,0
baseline,42,large,2953,0,0.003652361687272787,0.060434773564338684,0.012820646166801453,0.05677119642496109,0.7218116521835327,0
baseline,42,large,2953,1,0.0017429061699658632,0.041748128831386566,0.0262356698513031,0.05731465667486191,0.8300700187683105,0
baseline,42,large,2953,3,0.0006039241561666131,0.024574868381023407,0.02034255862236023,0.04562077671289444,0.865486741065979,0
baseline,42,large,2953,2,0.003449844429269433,0.058735378086566925,0.006454586982727051,0.029572417959570885,0.7704162001609802,0
baseline,42,medium,2953,4,0.0001803290651878342,0.013428665697574615,0.028861641883850098,0.1828230768442154,0.8004906177520752,0
baseline,42,large,8933,0,0.00687854690477252,0.08293700218200684,0.1819351613521576,0.5399128198623657,0.5691993832588196,0
baseline,42,medium,8933,2,0.0005512789939530194,0.02347933128476143,0.07726442068815231,0.6022297143936157,0.48839616775512695,1
baseline,42,medium,8933,1,0.004797410219907761,0.06926333904266357,0.02868056297302246,0.26014459133148193,0.22835220396518707,0
baseline,42,large,763,0,0.0004961046506650746,0.022273406386375427,0.06844508647918701,0.12235557287931442,0.8880228996276855,0
baseline,42,small,754,1,0.0010899922344833612,0.03301503136754036,0.029055260121822357,0.6943573951721191,0.21006017923355103,0
baseline,42,medium,754,2,0.006720339879393578,0.08197768032550812,0.1093328446149826,0.9428302645683289,0.2479049265384674,0
baseline,42,small,754,3,0.0006016763509251177,0.024529092013835907,0.011211812496185303,0.1878451108932495,0.36573129892349243,0
baseline,42,medium,754,0,8.750569577387068e-06,0.0029581361450254917,0.04404255747795105,0.20778343081474304,0.8244426250457764,0
baseline,42,large,9942,1,0.0011456587817519903,0.03384758159518242,0.013681113719940186,0.016443651169538498,0.905152440071106,1
baseline,42,large,9942,2,0.00044347529183141887,0.021058853715658188,0.008008360862731934,0.014132726937532425,0.9096673130989075,1
baseline,42,large,9942,0,0.000559334410354495,0.02365025132894516,0.07798290252685547,0.15496110916137695,0.8492536544799805,1
baseline,42,large,2567,0,4.4342019123178034e-07,0.0006658980273641646,0.030217409133911133,0.03785916417837143,0.9624783396720886,0
baseline,42,large,9869,0,5.50261938769836e-06,0.0023457661736756563,0.045379638671875,0.05655040591955185,0.9441798329353333,1
baseline,42,large,5579,1,0.0027565360069274902,0.05250272527337074,0.05008840560913086,0.11648625135421753,0.6514813899993896,0
baseline,42,large,5579,0,0.0020065228454768658,0.0447942279279232,0.009685158729553223,0.034820541739463806,0.6101813316345215,0
baseline,42,medium,4464,2,0.00021740702504757792,0.014744728803634644,0.033428870141506195,0.29466497898101807,0.6711208820343018,0
baseline,42,large,4464,1,7.366593490587547e-05,0.008582886308431625,0.014697551727294922,0.03853388503193855,0.9250519871711731,1
baseline,42,large,4464,0,1.2715740012936294e-05,0.0035659135319292545,0.027456432580947876,0.07027430832386017,0.9170064330101013,0
baseline,42,large,4020,2,0.0011384958634153008,0.033741604536771774,0.01808890700340271,0.05353165790438652,0.7958306074142456,0
baseline,42,large,4020,0,0.0010381925385445356,0.0322209969162941,0.05649346113204956,0.2158515900373459,0.6984601616859436,1
baseline,42,medium,4020,1,0.0004396046278998256,0.020966749638319016,0.0906413123011589,1.1935300827026367,0.4071379005908966,1
baseline,42,large,3116,0,0.0046941847540438175,0.06851412355899811,0.06513500213623047,0.08472540974617004,0.7874017953872681,1
baseline,42,small,865,6,0.0001201069972012192,0.01095933374017477,0.022128045558929443,0.8527005314826965,0.45907914638519287,0
baseline,42,medium,865,1,0.0003073505067732185,0.017531415447592735,0.03806118667125702,0.29998329281806946,0.6957365274429321,1
baseline,42,large,865,8,0.0006800161791034043,0.026077119633555412,0.038783058524131775,0.11388605833053589,0.7919018864631653,1
baseline,42,medium,865,5,5.7558896514819935e-05,0.007586758118122816,0.018944039940834045,0.13155582547187805,0.7948334217071533,0
baseline,42,large,865,4,3.8085348933236673e-05,0.00617133267223835,0.03910443186759949,0.1408957540988922,0.8744136691093445,1
baseline,42,medium,865,3,2.840294473571703e-05,0.005329441279172897,0.07460623234510422,0.3877076506614685,0.7018818259239197,1
baseline,42,medium,865,2,0.00014744381769560277,0.012142644263803959,0.027954667806625366,0.1208663210272789,0.8571006655693054,1
baseline,42,large,865,0,0.00030196894658729434,0.017377253621816635,0.03698274493217468,0.1835949569940567,0.7908890843391418,0
baseline,42,large,865,7,4.359998456493486e-06,0.002088060835376382,0.009500205516815186,0.014589940197765827,0.9809361100196838,1
baseline,42,small,2845,4,0.0003833004448097199,0.019578060135245323,0.06414417922496796,1.444111943244934,0.3209429681301117,0
baseline,42,small,2845,0,0.0005799319478683174,0.024081775918602943,0.0391397550702095,0.8881915807723999,0.40837860107421875,0
baseline,42,large,2845,1,0.0002858988009393215,0.016908541321754456,0.04733312129974365,0.19090279936790466,0.8266499042510986,0
baseline,42,small,2845,3,0.00014752343122381717,0.012145922519266605,0.12178773432970047,2.79425048828125,0.1748882383108139,0
baseline,42,medium,2845,2,0.0006832602666690946,0.02613924816250801,0.033143267035484314,0.44407930970191956,0.4365089535713196,0
baseline,42,small,2845,5,0.0006661620573140681,0.025810115039348602,0.12382517755031586,2.9591994285583496,0.16400331258773804,0
baseline,42,small,9537,0,0.014668970368802547,0.12111552804708481,0.009488079696893692,0.11146228015422821,0.0,1
baseline,42,large,9537,1,0.0006343767163343728,0.02518683671951294,0.031421124935150146,0.047247257083654404,0.9222345352172852,0
baseline,42,large,5146,8,2.278229294461198e-05,0.0047730798833072186,0.021041467785835266,0.09514238685369492,0.912351667881012,1
baseline,42,large,5146,1,0.00013727515761274844,0.01171644777059555,0.07788990437984467,0.2546270489692688,0.7812561988830566,0
baseline,42,large,5146,9,8.595951658207923e-05,0.00927143543958664,0.03771562874317169,0.1345747411251068,0.8795568943023682,1
baseline,42,large,5146,2,2.127434709109366e-05,0.004612412303686142,0.032220423221588135,0.16120672225952148,0.8453660607337952,0
baseline,42,large,5146,0,7.793936674715951e-05,0.008828327059745789,0.0647629052400589,0.2971249222755432,0.7014164924621582,0
baseline,42,large,5146,3,0.0004180927062407136,0.020447315648198128,0.013232395052909851,0.041172467172145844,0.75913006067276,0
baseline,42,large,5146,5,2.322755790373776e-06,0.0015240589855238795,0.02607940137386322,0.05363806337118149,0.9484601616859436,1
baseline,42,large,5146,7,0.00023714221606496722,0.015399422496557236,0.014585569500923157,0.04927074909210205,0.896425724029541,1
baseline,42,large,5146,4,0.0002781983057502657,0.016679277643561363,0.035474032163619995,0.13633084297180176,0.8553294539451599,0
baseline,42,large,5146,6,0.0001745682384353131,0.013212427496910095,0.05187273025512695,0.17126938700675964,0.8344728350639343,1
baseline,42,medium,4585,11,5.112448343425058e-05,0.007150138728320599,0.07067784667015076,1.0710455179214478,0.44697853922843933,0
baseline,42,small,4585,10,0.004538672044873238,0.06736966967582703,0.05796712636947632,1.0583863258361816,0.06491124629974365,0
baseline,42,small,4585,9,3.8826707168482244e-05,0.0062311082147061825,0.01538177952170372,0.2895814776420593,0.7426591515541077,0
baseline,42,small,4585,8,0.0011130983475595713,0.03336312994360924,0.045694500207901,1.023810625076294,0.3207455277442932,0
baseline,42,medium,4585,3,0.00341413589194417,0.05843060836195946,0.06428684294223785,0.6704555153846741,0.2742662727832794,0
baseline,42,small,4585,6,0.0001377730368403718,0.011737676337361336,0.04534114524722099,0.8326094746589661,0.5124719142913818,0
baseline,42,small,4585,12,0.0004054433957207948,0.020135624334216118,0.05304691195487976,1.053112268447876,0.39405545592308044,0
baseline,42,medium,4585,0,0.0001730894873617217,0.013156347908079624,0.02663879096508026,0.1689734011888504,0.8001759648323059,0
baseline,42,medium,4585,2,0.00028127446421422064,0.016771238297224045,0.04940159618854523,0.34774649143218994,0.6954026818275452,0
baseline,42,small,4585,7,0.0001092497623176314,0.010452261194586754,0.07051864266395569,1.5778321027755737,0.37591037154197693,0
baseline,42,medium,4585,1,1.5637588148820214e-05,0.003954438958317041,0.02392977476119995,0.16430626809597015,0.8546111583709717,0
baseline,42,medium,4585,5,0.0009143893839791417,0.03023887239396572,0.023669525980949402,0.2893266975879669,0.374586284160614,0
baseline,42,medium,4585,4,0.00011447156430222094,0.010699138045310974,0.01848398894071579,0.19017210602760315,0.7105956077575684,0
baseline,42,medium,5239,1,0.033248305320739746,0.18234117329120636,0.0829152911901474,1.1586596965789795,0.02716582641005516,1
baseline,42,large,5239,0,0.0011844472028315067,0.034415800124406815,0.06351011991500854,0.19078892469406128,0.777836263179779,1
baseline,42,medium,5239,2,0.0002999493444804102,0.017319045960903168,0.04083341360092163,0.5713380575180054,0.5560317635536194,1
baseline,42,small,5239,3,1.7678068616078235e-05,0.004204529337584972,0.11624521017074585,2.1547250747680664,0.24936072528362274,1
baseline,42,large,3145,0,0.0001668477343628183,0.012916955165565014,0.008202314376831055,0.011784304864704609,0.9579805731773376,1
baseline,42,large,3145,1,0.001122923451475799,0.03351005166769028,0.015539467334747314,0.03703397139906883,0.8791004419326782,1
baseline,42,medium,2520,4,6.999728066148236e-05,0.008366437628865242,0.024086441844701767,0.1393580585718155,0.8740089535713196,1
baseline,42,small,2520,2,0.00015728642756585032,0.012541388161480427,0.03918395936489105,0.4978426694869995,0.6019870638847351,0
baseline,42,small,2520,1,0.0001201531122205779,0.010961437597870827,0.0519634373486042,0.8942870497703552,0.4780225455760956,0
baseline,42,medium,2520,3,5.802601663162932e-05,0.007617481052875519,0.01866990327835083,0.1197102814912796,0.8786117434501648,1
baseline,42,medium,2520,0,0.00037960559711791575,0.019483469426631927,0.02792602777481079,0.09485112875699997,0.7774273157119751,0
baseline,42,large,7256,0,0.0002921040286310017,0.0170910507440567,0.043226540088653564,0.19248786568641663,0.8071543574333191,0
baseline,42,large,7256,1,0.00015915172116365284,0.012615534476935863,0.051257357001304626,0.2090485692024231,0.8134408593177795,1
baseline,42,large,7256,2,0.00031395157566294074,0.01771867834031582,0.011371083557605743,0.04479944705963135,0.7630856037139893,1
shared_detach,42,medium,6381,10,5.142443114891648e-05,0.007171082776039839,0.01483924686908722,0.13496452569961548,0.8058944344520569,1
shared_detach,42,medium,6381,5,0.00023313109704758972,0.015268631279468536,0.02137596160173416,0.10151737183332443,0.8643425107002258,1
shared_detach,42,large,6381,12,2.478313399478793e-05,0.004978266078978777,0.09740561246871948,0.16284728050231934,0.8565233945846558,0
shared_detach,42,medium,6381,15,0.00023271313693840057,0.015254938043653965,0.01453031599521637,0.08707433938980103,0.7384657263755798,1
shared_detach,42,small,6381,0,0.00025163189275190234,0.015862910076975822,0.023686498403549194,0.2059047967195511,0.5952818989753723,0
shared_detach,42,medium,6381,4,0.00012929733202327043,0.011370898224413395,0.010689549148082733,0.11861374974250793,0.7334607243537903,1
shared_detach,42,medium,6381,13,0.00049199303612113,0.022180916741490364,0.09684619307518005,0.4600735306739807,0.592953085899353,0
shared_detach,42,medium,6381,9,0.0006274626939557493,0.025049205869436264,0.0479876771569252,0.2608374059200287,0.743480920791626,1
shared_detach,42,large,6381,7,0.00017533666687086225,0.013241475448012352,0.038857877254486084,0.22644338011741638,0.7376492619514465,1
shared_detach,42,large,6381,3,0.00016027739911805838,0.01266007125377655,0.051378607749938965,0.20250657200813293,0.805508553981781,1
shared_detach,42,large,6381,2,0.0006425480241887271,0.02534853108227253,0.0491456538438797,0.1482517272233963,0.8304560780525208,1
shared_detach,42,small,6381,11,9.127726661972702e-05,0.009553913958370686,0.0038920454680919647,0.11097431182861328,0.6956183910369873,1
shared_detach,42,medium,6381,16,9.393801155965775e-05,0.009692162275314331,0.016331516206264496,0.17789041996002197,0.7505732178688049,1
shared_detach,42,large,6381,14,0.0007014052825979888,0.026484057307243347,0.10494165122509003,0.45855677127838135,0.6408872604370117,1
shared_detach,42,large,6381,6,7.836887380108237e-05,0.008852619677782059,0.02668479084968567,0.16936685144901276,0.821475088596344,1
shared_detach,42,large,6381,1,4.495310349739157e-05,0.006704707629978657,0.021196693181991577,0.08319328725337982,0.9034742116928101,1
shared_detach,42,small,6381,8,1.69487320818007e-05,0.004116883967071772,0.006219115108251572,0.12014485895633698,0.8267545700073242,1
shared_detach,42,medium,4537,5,3.9816382923163474e-05,0.006310022436082363,0.014032527804374695,0.10277515649795532,0.8956184387207031,0
shared_detach,42,large,4537,4,0.0003522007609717548,0.018767012283205986,0.086893230676651,0.3217117488384247,0.7388446927070618,0
shared_detach,42,large,4537,1,5.669883466907777e-05,0.007529862690716982,0.018777966499328613,0.0695943757891655,0.9068005681037903,0
shared_detach,42,large,4537,0,0.00012021239672321826,0.010964141227304935,0.009612500667572021,0.02211949974298477,0.9373504519462585,0
shared_detach,42,medium,4537,3,0.0020934385247528553,0.04575410857796669,0.09739215672016144,0.6030181646347046,0.5185341238975525,0
shared_detach,42,large,4537,6,5.049333049100824e-05,0.007105865981429815,0.07376034557819366,0.45466676354408264,0.6870449781417847,1
shared_detach,42,large,4537,2,0.00019405638158787042,0.013930412009358406,0.04883962869644165,0.1388242095708847,0.8729104399681091,0
shared_detach,42,large,9896,0,0.000837016268633306,0.028931234031915665,0.018311649560928345,0.04189455136656761,0.8503255248069763,0
shared_detach,42,large,7223,0,0.0004578105581458658,0.021396508440375328,0.03600585460662842,0.04544704034924507,0.9250966310501099,1
shared_detach,42,large,1977,0,5.253176641417667e-05,0.0072478801012039185,0.04401308298110962,0.07292579114437103,0.930927038192749,0
shared_detach,42,large,5606,1,0.004916080739349127,0.07011476904153824,0.12781625986099243,0.26867401599884033,0.6847255825996399,1
shared_detach,42,medium,5606,3,0.0010566191049292684,0.03250567987561226,0.0028783828020095825,0.02688981406390667,0.6171293258666992,1
shared_detach,42,large,5606,2,0.008142130449414253,0.09023375809192657,0.08732390403747559,0.1285688728094101,0.7343843579292297,1
shared_detach,42,medium,5606,4,0.0007118892390280962,0.02668125182390213,0.03242462873458862,0.3060459792613983,0.5347108840942383,1
shared_detach,42,large,5606,0,0.00027996994322165847,0.01673230156302452,0.01559033989906311,0.09839966893196106,0.8065677285194397,0
shared_detach,42,large,8368,1,0.00010330146324122325,0.010163732804358006,0.02944934368133545,0.04662710428237915,0.9382587671279907,1
shared_detach,42,large,8368,0,0.007547101937234402,0.08687406033277512,0.4136594831943512,0.4592530429363251,0.5265377163887024,0
shared_detach,42,medium,6852,2,8.950271148933098e-05,0.009460587054491043,0.11462381482124329,0.7396913766860962,0.5496444702148438,1
shared_detach,42,large,6852,1,0.00023541541304439306,0.015343252569437027,0.037073761224746704,0.1317186951637268,0.8475506901741028,1
shared_detach,42,large,6852,0,0.00012276158668100834,0.011079782620072365,0.01132926344871521,0.02935439720749855,0.9191062450408936,0
shared_detach,42,large,5879,0,0.000235124520258978,0.015333770774304867,0.06099611520767212,0.10567857325077057,0.9043589234352112,0
shared_detach,42,medium,4439,1,0.0009605048107914627,0.030992012470960617,0.08093859255313873,0.42156243324279785,0.6021647453308105,1
shared_detach,42,medium,4439,2,5.119006527820602e-05,0.007154723163694143,0.02053174376487732,0.258547842502594,0.7840564250946045,1
shared_detach,42,medium,4439,0,4.1074614273384213e-05,0.0064089479856193066,0.1401720941066742,0.7717119455337524,0.3763692080974579,1
shared_detach,42,medium,4439,3,8.643184264656156e-05,0.009296872653067112,0.04644141346216202,0.4039981961250305,0.617810845375061,1
shared_detach,42,medium,3369,1,0.0006979005411267281,0.0264178067445755,0.03410855680704117,0.2496294379234314,0.49202999472618103,1
shared_detach,42,small,3369,3,0.002755093853920698,0.052488986402750015,0.18272864818572998,2.5987472534179688,0.20080295205116272,0
shared_detach,42,medium,3369,0,0.0005940422415733337,0.02437298186123371,0.026748113334178925,0.4696803092956543,0.5915815234184265,1
shared_detach,42,large,3369,2,0.006338723935186863,0.07961610704660416,0.011847257614135742,0.014900927431881428,0.7661656141281128,0
shared_detach,42,small,6062,1,0.00012991971743758768,0.011398233473300934,0.004117418080568314,0.052201591432094574,0.7266477942466736,1
shared_detach,42,large,6062,0,2.1941528757452033e-05,0.004684178624302149,0.035854071378707886,0.08507303148508072,0.9210501313209534,1
shared_detach,42,small,6062,2,1.9385875020816457e-06,0.0013923316728323698,0.019633501768112183,0.3528516888618469,0.7330074906349182,1
shared_detach,42,large,740,1,0.0003127490635961294,0.017684713006019592,0.07785741984844208,0.28569626808166504,0.742691695690155,0
shared_detach,42,large,740,0,0.00023077709192875773,0.01519134920090437,0.03550700843334198,0.1295674592256546,0.8544188737869263,0
shared_detach,42,large,4031,0,0.0007686220924369991,0.02772403508424759,0.08806845545768738,0.19091522693634033,0.8155522346496582,0
shared_detach,42,large,4031,1,0.0011030747555196285,0.0332125686109066,0.0038320422172546387,0.0048675499856472015,0.9089186787605286,0
shared_detach,42,medium,4031,2,0.00014580269635189325,0.012074878439307213,0.028360657393932343,0.23645758628845215,0.7593044638633728,1
shared_detach,42,large,9724,0,0.0009523445623926818,0.03086008131504059,0.039451658725738525,0.040985316038131714,0.9099503755569458,1
shared_detach,42,large,7062,0,0.001127780182287097,0.03358243778347969,0.0753779411315918,0.0841813012957573,0.9024410843849182,0
shared_detach,42,large,9755,0,0.00021806539734825492,0.014767037704586983,0.06661462783813477,0.10603994131088257,0.9031386971473694,0
shared_detach,42,large,9755,1,0.00024854415096342564,0.01576528325676918,0.05496115982532501,0.24760931730270386,0.7576507925987244,1
shared_detach,42,large,3808,0,0.002371374284848571,0.04869676008820534,0.02622246742248535,0.027963249012827873,0.8969250321388245,0
shared_detach,42,large,5478,0,0.0012339126551523805,0.03512709215283394,0.07453292608261108,0.10105854272842407,0.8834262490272522,0
shared_detach,42,large,5478,3,0.0011920935939997435,0.03452670946717262,0.048890188336372375,0.1962551772594452,0.7178988456726074,1
shared_detach,42,large,5478,1,0.0002738708280958235,0.016549043357372284,0.007282614707946777,0.03230154141783714,0.8743019700050354,1
shared_detach,42,large,5478,2,7.581959653180093e-05,0.008707445114850998,0.06156828999519348,0.09736316651105881,0.8957804441452026,1
shared_detach,42,large,7905,0,0.0010927566327154636,0.033056870102882385,0.040016114711761475,0.04895322769880295,0.859046220779419,1
shared_detach,42,large,8633,0,1.3513429166778224e-06,0.0011624727630987763,0.03275167942047119,0.12146270275115967,0.8900798559188843,0
shared_detach,42,medium,8633,1,0.0005182458553463221,0.022765014320611954,0.04279376566410065,0.21943335235118866,0.7939079999923706,0
shared_detach,42,large,8633,3,0.00788724236190319,0.08881014585494995,0.06465455889701843,0.13299275934696198,0.7319721579551697,1
shared_detach,42,large,8633,2,0.003956120926886797,0.0628977045416832,0.01450812816619873,0.03126000612974167,0.8106979727745056,0
shared_detach,42,large,1918,1,0.0001392304984619841,0.011799597181379795,0.014970988035202026,0.10411730408668518,0.8508802056312561,1
shared_detach,42,large,1918,0,2.938558282039594e-05,0.005420846864581108,0.03313954919576645,0.1144762858748436,0.8952802419662476,1
shared_detach,42,large,4405,0,0.0007568981382064521,0.027511781081557274,0.07945525646209717,0.12232460081577301,0.8798244595527649,0
shared_detach,42,large,4405,2,0.0018253258895128965,0.04272383451461792,0.20385757088661194,0.6300291419029236,0.6017872095108032,1
shared_detach,42,large,4405,3,0.0005389883299358189,0.02321612276136875,0.007605105638504028,0.02097034454345703,0.8482940793037415,1
shared_detach,42,large,4405,1,0.0009650106076151133,0.03106462024152279,0.01562047004699707,0.038878604769706726,0.8325330018997192,0
shared_detach,42,large,8443,0,0.0006288740551099181,0.02507736161351204,0.07660380005836487,0.2047438621520996,0.8022831082344055,1
shared_detach,42,large,6654,1,0.00048309372505173087,0.02197939343750477,0.04584828019142151,0.1203574538230896,0.8690279126167297,1
shared_detach,42,large,6654,2,0.000431203399784863,0.020765436813235283,0.03041413426399231,0.1008286252617836,0.8472825884819031,1
shared_detach,42,large,6654,0,9.44494331633905e-06,0.0030732627492398024,0.015229225158691406,0.021046234294772148,0.976945698261261,1
shared_detach,42,large,1938,0,0.0004736834089271724,0.021764269098639488,0.042414069175720215,0.047305379062891006,0.937282919883728,0
shared_detach,42,large,6190,0,0.006160219199955463,0.07848706096410751,0.03263497352600098,0.045750390738248825,0.797105073928833,0
shared_detach,42,large,5214,0,0.001168981776572764,0.03419037535786629,0.08381497859954834,0.09385569393634796,0.8891590237617493,0
shared_detach,42,large,6020,0,0.0007434774888679385,0.027266783639788628,0.03994721174240112,0.04744232818484306,0.8987267017364502,0
shared_detach,42,medium,6020,1,0.0007532112067565322,0.027444694191217422,0.0330423079431057,0.15324616432189941,0.7106887102127075,1
shared_detach,42,large,9192,0,0.0018223486840724945,0.04268897697329521,0.031213104724884033,0.04331763833761215,0.8759994506835938,0
shared_detach,42,large,849,0,7.89930927567184e-05,0.008887805975973606,0.055675894021987915,0.0860406756401062,0.9135281443595886,0
shared_detach,42,large,3003,0,0.0037137193139642477,0.06094029173254967,0.05172067880630493,0.15241047739982605,0.671779453754425,1
shared_detach,42,large,3003,1,0.0032184880692511797,0.05673171952366829,0.09007000923156738,0.23380537331104279,0.6771060824394226,1
shared_detach,42,medium,3003,3,0.00018882271251641214,0.01374127808958292,0.13167372345924377,0.6287643313407898,0.390404611825943,1
shared_detach,42,large,3003,2,0.028200559318065643,0.1679302155971527,0.047425419092178345,0.19025775790214539,0.23327761888504028,1
shared_detach,42,large,7900,1,0.000673118804115802,0.025944532826542854,0.09962224960327148,0.10016891360282898,0.8865997195243835,0
shared_detach,42,large,7900,0,9.019270510179922e-05,0.00949698407202959,0.05135861039161682,0.13024942576885223,0.8639031052589417,0
shared_detach,42,large,8095,1,0.0002866230206564069,0.01692994497716427,0.06468084454536438,0.09320999681949615,0.8733118772506714,0
shared_detach,42,medium,8095,0,0.0014374128077179193,0.03791322559118271,0.0629621297121048,0.3766390383243561,0.6269619464874268,0
shared_detach,42,medium,3781,2,0.00012901413720101118,0.011358438991010189,0.04144607484340668,0.4243626594543457,0.5684282183647156,1
shared_detach,42,large,3781,0,0.0007937890477478504,0.0281742624938488,0.014629960060119629,0.023791462182998657,0.8965741395950317,1
shared_detach,42,large,3781,1,6.878067506477237e-05,0.008293411694467068,0.007322192192077637,0.013728603720664978,0.9667569398880005,1
shared_detach,42,large,5588,0,1.5689605788793415e-05,0.0039610108360648155,0.024594038724899292,0.10411097854375839,0.9046964049339294,1
shared_detach,42,medium,8628,1,0.009644578211009502,0.09820681065320969,0.17281703650951385,0.9874001145362854,0.15889889001846313,0
shared_detach,42,large,8628,2,0.004996607545763254,0.07068668305873871,0.07235383987426758,0.09876304864883423,0.7951897978782654,0
shared_detach,42,large,8628,0,0.002849482698366046,0.05338054522871971,0.044465333223342896,0.1463533490896225,0.61020427942276,1
shared_detach,42,large,8628,3,0.0004370489623397589,0.020905716344714165,0.06264889240264893,0.08970274031162262,0.8847113847732544,1
shared_detach,42,large,5314,0,0.0289714727550745,0.1702100783586502,0.023709774017333984,0.025959746912121773,0.5966795682907104,0
shared_detach,42,small,8292,3,0.0003410627250559628,0.01846788451075554,0.05367625132203102,1.3703327178955078,0.30735719203948975,0
shared_detach,42,medium,8292,0,6.047492570360191e-05,0.007776562590152025,0.006236501038074493,0.07903541624546051,0.7669218182563782,0
shared_detach,42,small,8292,5,0.0001458512560930103,0.012076889164745808,0.1201707124710083,7.510674476623535,0.044296346604824066,0
shared_detach,42,small,8292,4,0.00021278159692883492,0.014587035402655602,0.06463342905044556,3.0593557357788086,0.15919673442840576,0
shared_detach,42,small,8292,2,0.00038858980406075716,0.01971268095076084,0.06481145322322845,1.268233060836792,0.38180625438690186,0
shared_detach,42,medium,8292,1,0.00018769096641335636,0.013700035400688648,0.02064533159136772,0.22808824479579926,0.5653300881385803,0
shared_detach,42,large,8338,0,0.0023702718317508698,0.04868543893098831,0.04074960947036743,0.08460330963134766,0.7838743925094604,0
shared_detach,42,large,6949,0,0.0005636545829474926,0.023741411045193672,0.08208233118057251,0.10050047934055328,0.8926377892494202,1
shared_detach,42,large,7154,0,0.0003371376369614154,0.018361307680606842,0.07827728986740112,0.1601932942867279,0.860763430595398,1
shared_detach,42,large,5940,1,2.053007483482361e-05,0.004531012382358313,0.015628278255462646,0.04573218524456024,0.9463815689086914,1
shared_detach,42,large,5940,3,0.00013947609113529325,0.01181000005453825,0.05181986093521118,0.13974803686141968,0.8676766753196716,1
shared_detach,42,large,5940,4,0.00020596983085852116,0.014351649209856987,0.026909738779067993,0.06940239667892456,0.8867177963256836,1
shared_detach,42,large,5940,5,6.197133188834414e-06,0.0024894042871892452,0.015106156468391418,0.05433934926986694,0.946664571762085,1
shared_detach,42,large,5940,0,7.216414087451994e-05,0.008494948036968708,0.03158953785896301,0.04110826551914215,0.9140525460243225,1
shared_detach,42,large,5940,2,0.0008009325247257948,0.028300751000642776,0.0724603682756424,0.2590986490249634,0.740561306476593,1
shared_detach,42,large,851,1,0.00019354120013304055,0.013911908492445946,0.07100984454154968,0.19263915717601776,0.8336848020553589,1
shared_detach,42,large,851,0,0.00019654101924970746,0.014019308611750603,0.07965067028999329,0.14055383205413818,0.8593053817749023,0
shared_detach,42,medium,2047,0,0.005643230397254229,0.0751214399933815,0.07129796594381332,0.5841077566146851,0.31868869066238403,0
shared_detach,42,medium,6404,0,0.00026043414254672825,0.016137972474098206,0.011632241308689117,0.10118608176708221,0.6813633441925049,0
shared_detach,42,large,7536,1,0.0013540515210479498,0.03679743781685829,0.061327069997787476,0.11384409666061401,0.8192652463912964,0
shared_detach,42,large,7536,0,0.0010785834165289998,0.032841794192790985,0.024516582489013672,0.04788395017385483,0.870024561882019,0
shared_detach,42,large,8252,0,1.2716192941297777e-05,0.003565977094694972,0.12736228108406067,0.18999135494232178,0.8181758522987366,0
shared_detach,42,large,1206,1,0.0003689871809910983,0.019209038466215134,0.036646775901317596,0.14022929966449738,0.8550459146499634,0
shared_detach,42,large,1206,0,2.348500674997922e-05,0.004846133291721344,0.01563727855682373,0.049271609634160995,0.9434985518455505,1
shared_detach,42,large,4121,0,0.00020949667668901384,0.014473999850451946,0.05780823528766632,0.24361491203308105,0.7703476548194885,0
shared_detach,42,medium,4121,2,0.00039256940362975,0.01981336437165737,0.02702811360359192,0.18690046668052673,0.7441216111183167,1
shared_detach,42,large,4121,1,4.206717221677536e-06,0.002051028423011303,0.0499035120010376,0.12035131454467773,0.8845224380493164,1
shared_detach,42,small,4857,5,1.3238663996162359e-05,0.0036384975537657738,0.014943607151508331,0.24679622054100037,0.7512878179550171,1
shared_detach,42,medium,4857,8,0.00012666704424191266,0.011254645884037018,0.00900489091873169,0.057093363255262375,0.7768897414207458,0
shared_detach,42,medium,4857,2,4.727962732431479e-05,0.006876018363982439,0.046206872910261154,0.427181601524353,0.6119314432144165,1
shared_detach,42,large,4857,11,0.00011231055395910516,0.010597667656838894,0.043565183877944946,0.10168597102165222,0.8924121856689453,0
shared_detach,42,large,4857,1,0.00040058395825326443,0.02001459337770939,0.019916146993637085,0.05747088044881821,0.8645151853561401,1
shared_detach,42,large,4857,13,0.009898578748106956,0.09949160367250443,0.13418933749198914,0.32760292291641235,0.5941911935806274,1
shared_detach,42,small,4857,4,1.890954990813043e-05,0.004348511341959238,0.04370643198490143,0.7726909518241882,0.522794783115387,1
shared_detach,42,medium,4857,9,0.0014311292907223105,0.03783027082681656,0.060472771525382996,0.47495731711387634,0.3613569438457489,0
shared_detach,42,large,4857,12,0.0006135875592008233,0.024770699441432953,0.07134068012237549,0.2249056100845337,0.7739437222480774,0
shared_detach,42,small,4857,10,0.0005741629283875227,0.02396169677376747,0.02475845068693161,0.4908219277858734,0.43531331419944763,1
shared_detach,42,small,4857,3,2.0480971215874888e-05,0.004525590687990189,0.015695776790380478,0.32626575231552124,0.7312155365943909,1
shared_detach,42,large,4857,0,0.00011421595991123468,0.010687186382710934,0.01380184292793274,0.018801188096404076,0.9711240530014038,1
shared_detach,42,large,4857,6,0.00015276216436177492,0.012359699234366417,0.10163244605064392,0.23086094856262207,0.7804754376411438,0
shared_detach,42,medium,4857,14,0.00035670335637405515,0.018886592239141464,0.013540886342525482,0.11010485142469406,0.7572321891784668,0
shared_detach,42,medium,4857,7,0.0008068419410847127,0.0284049641340971,0.027443692088127136,0.1579812616109848,0.6222671866416931,0
shared_detach,42,large,3759,0,7.924115925561637e-05,0.008901750668883324,0.026806339621543884,0.09385066479444504,0.903457760810852,1
shared_detach,42,large,3759,2,0.0008739330805838108,0.029562359675765038,0.020887285470962524,0.05259012058377266,0.8323383331298828,1
shared_detach,42,medium,3759,3,3.6184053442411823e-06,0.0019022106425836682,0.021158382296562195,0.08072955161333084,0.9156995415687561,0
shared_detach,42,large,3759,1,3.05888315779157e-05,0.005530717317014933,0.011678174138069153,0.05626830831170082,0.9360405802726746,1
shared_detach,42,large,5057,0,3.2651651054038666e-06,0.0018069767393171787,0.012318134307861328,0.022303448989987373,0.9758226871490479,0
shared_detach,42,large,5057,1,9.063041034096386e-06,0.0030104885809123516,0.04632848501205444,0.12399418652057648,0.8881602883338928,1
shared_detach,42,medium,5057,2,1.3860779290553182e-05,0.003723006695508957,0.020171061158180237,0.11672431230545044,0.8930570483207703,0
shared_detach,42,large,6296,2,0.0008329488337039948,0.028860852122306824,0.08600154519081116,0.1550719141960144,0.8188221454620361,1
shared_detach,42,large,6296,1,0.0009788868483155966,0.031287167221307755,0.06384751200675964,0.15382960438728333,0.8115257024765015,1
shared_detach,42,large,6296,0,0.0018040199065580964,0.04247375577688217,0.020147353410720825,0.07398206740617752,0.6837680339813232,1
shared_detach,42,large,3351,0,0.00024784510605968535,0.01574309729039669,0.038842737674713135,0.056841589510440826,0.925467312335968,0
shared_detach,42,large,3673,0,7.69696052884683e-05,0.008773231878876686,0.014079868793487549,0.0242554172873497,0.9626971483230591,0
shared_detach,42,large,3673,1,0.00016484834486618638,0.01283932849764824,0.023208320140838623,0.05029730498790741,0.9328340888023376,0
shared_detach,42,medium,3330,1,0.0001380174362566322,0.011748082004487514,0.03554460406303406,0.2260715365409851,0.798906683921814,1
shared_detach,42,large,3330,0,0.0003072731487918645,0.017529208213090897,0.046202778816223145,0.10834024846553802,0.8840699791908264,1
shared_detach,42,medium,3838,5,0.0013067761901766062,0.03614936023950577,0.052926741540431976,0.5703756213188171,0.410754531621933,1
shared_detach,42,medium,3838,4,0.0005708326934836805,0.023892104625701904,0.04847737401723862,0.40391412377357483,0.6395465731620789,1
shared_detach,42,large,3838,2,0.0008422610117122531,0.0290217325091362,0.03322404623031616,0.10078268498182297,0.8119208216667175,1
shared_detach,42,large,3838,3,4.915971658192575e-05,0.0070113991387188435,0.024467438459396362,0.08205841481685638,0.9086599946022034,1
shared_detach,42,large,3838,0,6.635835597990081e-05,0.008146063424646854,0.025218039751052856,0.03869667276740074,0.938859760761261,1
shared_detach,42,large,3838,1,5.6581706303404644e-05,0.007522081024944782,0.009034216403961182,0.01946428045630455,0.9687260389328003,1
shared_detach,42,large,6759,0,5.976739339530468e-05,0.0077309375628829,0.06466430425643921,0.07609404623508453,0.9254912734031677,0
shared_detach,42,medium,1532,2,0.00039587600622326136,0.01989663392305374,0.040700629353523254,0.30040299892425537,0.6855183243751526,0
shared_detach,42,small,1532,5,0.0011442418908700347,0.03382664546370506,0.07192013412714005,0.8800936937332153,0.47889649868011475,0
shared_detach,42,small,1532,1,0.00018180084589403123,0.013483354821801186,0.023083209991455078,0.2830895781517029,0.6795616745948792,1
shared_detach,42,medium,1532,0,0.0005990993231534958,0.02447650581598282,0.0209120512008667,0.14004340767860413,0.7041411995887756,1
shared_detach,42,medium,1532,7,0.0005157743580639362,0.022710666060447693,0.0480508878827095,0.3228166997432709,0.7184000611305237,1
shared_detach,42,medium,1532,4,0.00027356657665222883,0.01653984747827053,0.016184456646442413,0.1915973275899887,0.6872789263725281,0
shared_detach,42,small,1532,6,0.0004121222300454974,0.020300794392824173,0.04144037142395973,0.570252537727356,0.6088718771934509,0
shared_detach,42,small,1532,9,0.00015140805044211447,0.012304797768592834,0.012508854269981384,0.14142046868801117,0.5644204616546631,1
shared_detach,42,medium,1532,8,0.000266962219029665,0.016338977962732315,0.015263110399246216,0.1218966543674469,0.6770722270011902,1
shared_detach,42,medium,1532,3,0.00032305342028848827,0.01797368749976158,0.06456785649061203,0.45732706785202026,0.5217795372009277,0
shared_detach,42,large,3886,0,0.0004569126758724451,0.021375516429543495,0.059735894203186035,0.12199591100215912,0.884897768497467,0
shared_detach,42,large,3335,5,0.004243298899382353,0.06514060497283936,0.06305533647537231,0.21128931641578674,0.5894784331321716,0
shared_detach,42,large,3335,3,0.0002522677241358906,0.015882937237620354,0.04269397258758545,0.0916181430220604,0.9061741232872009,1
shared_detach,42,medium,3335,2,0.001039409078657627,0.032239869236946106,0.16900932788848877,0.978501558303833,0.45090577006340027,0
shared_detach,42,large,3335,1,0.0012203236110508442,0.03493313118815422,0.05886320769786835,0.25228455662727356,0.6699528098106384,1
shared_detach,42,medium,3335,6,4.348241418483667e-06,0.0020852438174188137,0.08499225229024887,0.6823686957359314,0.5939661264419556,1
shared_detach,42,medium,3335,0,1.3745059845859942e-07,0.0003707433061208576,0.016994774341583252,0.07801429182291031,0.9263440370559692,1
shared_detach,42,large,3335,4,0.00040213309694081545,0.020053256303071976,0.0923629105091095,0.2502470016479492,0.797365128993988,1
shared_detach,42,large,5065,0,0.002480230061337352,0.04980190843343735,0.07071948051452637,0.1032247468829155,0.8315309286117554,1
shared_detach,42,large,5253,0,0.00031551485881209373,0.017762737348675728,0.04305469989776611,0.060184065252542496,0.9323633313179016,0
shared_detach,42,large,4281,0,0.0004551495658233762,0.02133423462510109,0.029235154390335083,0.045588888227939606,0.9165898561477661,0
shared_detach,42,medium,4281,1,0.014654393307864666,0.12105533480644226,0.17732569575309753,0.7875394821166992,0.4240953028202057,1
shared_detach,42,large,1758,1,0.003722559427842498,0.06101278215646744,0.029635608196258545,0.04939498007297516,0.8323208093643188,1
shared_detach,42,large,1758,0,0.009497321210801601,0.09745419770479202,0.06183776259422302,0.346476674079895,0.2904752790927887,0
shared_detach,42,large,756,0,0.0005480146501213312,0.023409713059663773,0.007069826126098633,0.009025413542985916,0.9184503555297852,0
shared_detach,42,large,6295,1,0.0010596578940749168,0.032552387565374374,0.005265340209007263,0.029978949576616287,0.656150758266449,0
shared_detach,42,large,6295,2,0.0005905741127207875,0.02430173009634018,0.03323979675769806,0.12081095576286316,0.745850682258606,0
shared_detach,42,large,6295,0,0.00022515797172673047,0.015005264431238174,0.03862068057060242,0.15918369591236115,0.7659565806388855,0
shared_detach,42,large,9072,0,0.000486597913550213,0.022058963775634766,0.08876565098762512,0.16588954627513885,0.7678381204605103,0
shared_detach,42,medium,9032,0,3.342144191265106e-05,0.005781128071248531,0.050722070038318634,0.6578772068023682,0.5694992542266846,1
shared_detach,42,large,9032,2,8.514551154803485e-05,0.009227432310581207,0.031238049268722534,0.09227599948644638,0.8892204761505127,0
shared_detach,42,large,9032,1,0.00019212263578083366,0.013860831037163734,0.003811061382293701,0.009917452931404114,0.907524824142456,0
shared_detach,42,large,4168,0,3.85676758014597e-05,0.006210288032889366,0.08732756972312927,0.24369779229164124,0.771007239818573,0
shared_detach,42,large,4168,1,0.010118934325873852,0.10059291124343872,0.02681213617324829,0.10590411722660065,0.561957597732544,1
shared_detach,42,large,7691,0,6.437439151341096e-05,0.008023365400731564,0.02819538116455078,0.04553410783410072,0.9488110542297363,1
shared_detach,42,large,140,0,0.0029395273886621,0.05421740934252739,0.10412412881851196,0.32924023270606995,0.6268978714942932,0
shared_detach,42,large,140,1,0.0056744650937616825,0.07532904297113419,0.049086540937423706,0.10759849846363068,0.6852844953536987,0
shared_detach,42,medium,6855,2,0.0003398779663257301,0.018435779958963394,0.04297851771116257,0.27357614040374756,0.7611534595489502,1
shared_detach,42,large,6855,0,0.0028679899405688047,0.05355361849069595,0.05758422613143921,0.06483962386846542,0.8327652812004089,0
shared_detach,42,medium,6855,1,0.00036450219340622425,0.01909194141626358,0.055810920894145966,0.393067330121994,0.6222963929176331,1
shared_detach,42,large,2063,6,0.002850110176950693,0.053386423736810684,0.022098109126091003,0.09535011649131775,0.6407721638679504,1
shared_detach,42,medium,2063,2,0.0005391222657635808,0.02321900613605976,0.06856396794319153,0.6163925528526306,0.5239740014076233,1
shared_detach,42,large,2063,5,0.0009854163508862257,0.031391341239213943,0.10695299506187439,0.25137075781822205,0.7601636052131653,0
shared_detach,42,large,2063,4,0.00012756003707181662,0.011294247582554817,0.02724321186542511,0.07698076963424683,0.921893298625946,0
shared_detach,42,large,2063,0,0.0008599166758358479,0.029324335977435112,0.09484577178955078,0.18154628574848175,0.8186464309692383,0
shared_detach,42,medium,2063,3,0.0004870793200097978,0.02206987328827381,0.0321633443236351,0.21546785533428192,0.6386603713035583,1
shared_detach,42,medium,2063,1,0.00022152479505166411,0.014883709140121937,0.015218675136566162,0.11715524643659592,0.7424512505531311,1
shared_detach,42,large,9776,1,0.013495427556335926,0.11616982519626617,0.24902451038360596,0.5077147483825684,0.6393194794654846,1
shared_detach,42,large,9776,0,0.0007430474506691098,0.027258897200226784,0.09437918663024902,0.3205260634422302,0.7210173606872559,1
shared_detach,42,large,9776,2,0.0002873665653169155,0.01695188879966736,0.05322974920272827,0.1903504729270935,0.8050811290740967,1
shared_detach,42,large,2129,0,0.00045714914449490607,0.021381046622991562,0.058830320835113525,0.2959064841270447,0.7066037058830261,0
shared_detach,42,large,2129,3,8.353441808139905e-05,0.009139716625213623,0.04514738917350769,0.1358209103345871,0.8727050423622131,0
shared_detach,42,large,2129,1,0.0004886098322458565,0.022104520350694656,0.09084562957286835,0.3567906618118286,0.7164018750190735,0
shared_detach,42,large,2129,2,0.000751124054659158,0.027406642213463783,0.039455562829971313,0.12069594860076904,0.7806569933891296,0
shared_detach,42,medium,6348,0,0.00019472517305985093,0.013954396359622478,0.0042174458503723145,0.019537869840860367,0.8773744702339172,0
shared_detach,42,large,6348,1,0.00014610137441195548,0.012087239883840084,0.0738096833229065,0.1119949221611023,0.8977205157279968,0
shared_detach,42,small,2940,3,8.186022023437545e-05,0.009047663770616055,0.020551275461912155,0.3481639325618744,0.6220360994338989,0
shared_detach,42,small,2940,1,4.535471089184284e-05,0.006734590511769056,0.04851911589503288,1.0546072721481323,0.4505712389945984,0
shared_detach,42,small,2940,2,0.0005386336706578732,0.023208482190966606,0.07583044469356537,1.4994480609893799,0.30567848682403564,0
shared_detach,42,large,2940,0,0.0008357210317626595,0.02890883944928646,0.03170916438102722,0.049025095999240875,0.7892332673072815,0
shared_detach,42,large,2940,6,0.00048477743985131383,0.02201766148209572,0.028230667114257812,0.036824509501457214,0.9023428559303284,1
shared_detach,42,medium,2940,5,4.087576598976739e-05,0.006393415853381157,0.026761367917060852,0.19815608859062195,0.81166011095047,0
shared_detach,42,medium,2940,4,2.7680105631588958e-05,0.005261188838630915,0.021526288241147995,0.28985854983329773,0.7310200333595276,0
shared_detach,42,large,4100,0,0.0002548600023146719,0.015964334830641747,0.12379664182662964,0.34415894746780396,0.7333199381828308,0
shared_detach,42,medium,2953,4,0.0013844476779922843,0.03720816597342491,0.08024975657463074,0.5105384588241577,0.554934024810791,0
shared_detach,42,large,2953,2,0.002210388658568263,0.04701476916670799,0.008746892213821411,0.04993332177400589,0.7569993734359741,0
shared_detach,42,large,2953,1,0.0024488973431289196,0.04948633536696434,0.006470486521720886,0.04191625863313675,0.7439005374908447,0
shared_detach,42,large,2953,0,0.0020807075779885054,0.04561477527022362,0.011984705924987793,0.03480078652501106,0.6706150770187378,0
shared_detach,42,large,2953,3,0.0004018288163933903,0.02004566788673401,0.061224400997161865,0.1339617371559143,0.8512468338012695,0
shared_detach,42,medium,8933,2,0.0009311860194429755,0.030515341088175774,0.10585849732160568,0.8272862434387207,0.3387364447116852,0
shared_detach,42,medium,8933,1,0.0003530472458805889,0.01878955215215683,0.012633264064788818,0.12225968390703201,0.6193181276321411,0
shared_detach,42,large,8933,0,0.0027477690018713474,0.05241916701197624,0.12742993235588074,0.38017740845680237,0.6761074066162109,0
shared_detach,42,large,763,0,0.0004570134624373168,0.021377872675657272,0.04044318199157715,0.11848719418048859,0.8659111261367798,0
shared_detach,42,small,754,3,0.000293898512609303,0.01714346930384636,0.023126643151044846,0.35729897022247314,0.5185414552688599,1
shared_detach,42,medium,754,2,0.000725576130207628,0.026936519891023636,0.04340154677629471,0.3739248216152191,0.5564884543418884,0
shared_detach,42,small,754,1,0.0003987607196904719,0.019968993961811066,0.04053880274295807,0.684809684753418,0.3021469712257385,0
shared_detach,42,medium,754,0,3.6364494008012116e-05,0.006030297838151455,0.03590087592601776,0.13566577434539795,0.8743500113487244,0
shared_detach,42,large,9942,1,0.0012036217376589775,0.03469325229525566,0.06010860204696655,0.078878253698349,0.8792558312416077,1
shared_detach,42,large,9942,0,0.0001641253475099802,0.012811141088604927,0.03624078631401062,0.0665828064084053,0.9309448003768921,1
shared_detach,42,large,9942,2,0.00040954462019726634,0.020237209275364876,0.002282649278640747,0.0032273761462420225,0.9128229022026062,1
shared_detach,42,large,2567,0,0.0011569953057914972,0.034014634788036346,0.04422593116760254,0.06272945553064346,0.8875674605369568,0
shared_detach,42,large,9869,0,0.00010350348748033866,0.010173666290938854,0.008931577205657959,0.010285417549312115,0.9651071429252625,1
shared_detach,42,large,5579,1,0.0011637439019978046,0.03411369025707245,0.05616065859794617,0.1672534942626953,0.7520864605903625,0
shared_detach,42,large,5579,0,4.913643351756036e-06,0.0022166739217936993,0.03892791271209717,0.13977637887001038,0.8706316947937012,0
shared_detach,42,large,4464,1,0.0005794484168291092,0.02407173439860344,0.052579790353775024,0.13250307738780975,0.8572952747344971,1
shared_detach,42,large,4464,0,0.0001088293720385991,0.010432131588459015,0.005575418472290039,0.02691482938826084,0.9122158288955688,0
shared_detach,42,medium,4464,2,6.276520434767008e-05,0.00792244914919138,0.03399132564663887,0.4400808811187744,0.5985183119773865,0
shared_detach,42,medium,4020,1,8.946232264861465e-05,0.009458452463150024,0.043876104056835175,0.6097039580345154,0.5991291999816895,1
shared_detach,42,large,4020,0,0.0012627006508409977,0.03553450107574463,0.0729730874300003,0.25906527042388916,0.7111313939094543,1
shared_detach,42,large,4020,2,8.946431626100093e-05,0.009458557702600956,0.027887552976608276,0.09788980334997177,0.888935387134552,0
shared_detach,42,large,3116,0,0.0032953242771327496,0.05740491673350334,0.19954025745391846,0.26617249846458435,0.745423436164856,0
shared_detach,42,large,865,4,1.4001199815538712e-05,0.003741817781701684,0.052825331687927246,0.21398647129535675,0.818599283695221,1
shared_detach,42,medium,865,1,0.0004077178018633276,0.020192023366689682,0.04020335525274277,0.30364561080932617,0.6552593111991882,1
shared_detach,42,medium,865,5,0.0001994665217353031,0.014123261906206608,0.015444815158843994,0.10725565254688263,0.7896456122398376,0
shared_detach,42,large,865,7,2.9671373340534046e-05,0.005447143688797951,0.024764806032180786,0.05670488253235817,0.9449709057807922,1
shared_detach,42,small,865,6,0.00024267661501653492,0.015578080900013447,0.028335068374872208,1.1563271284103394,0.3585216701030731,0
shared_detach,42,medium,865,2,2.7705834781954763e-06,0.001664506969973445,0.03443609178066254,0.19520077109336853,0.8314517736434937,1
shared_detach,42,large,865,8,0.0012135085416957736,0.03483545035123825,0.05864696204662323,0.1811634600162506,0.7748236060142517,1
shared_detach,42,large,865,0,0.00016191741451621056,0.012724677100777626,0.019881397485733032,0.07384485751390457,0.850654125213623,0
shared_detach,42,medium,865,3,0.00016490490816067904,0.01284153014421463,0.03217810392379761,0.23958249390125275,0.771223247051239,1
shared_detach,42,small,2845,3,0.0008839754736982286,0.02973172441124916,0.10848541557788849,2.4777252674102783,0.20155836641788483,0
shared_detach,42,medium,2845,2,0.000903594249393791,0.030059844255447388,0.05638432502746582,0.7516583204269409,0.4583444893360138,0
shared_detach,42,small,2845,4,0.0001409924734616652,0.011874024756252766,0.07116884738206863,1.6130378246307373,0.30919283628463745,0
shared_detach,42,large,2845,1,0.0001637333771213889,0.012795834802091122,0.031667932868003845,0.14961913228034973,0.8448770642280579,0
shared_detach,42,small,2845,5,0.0008552454528398812,0.02924457937479019,0.1301914006471634,3.108877658843994,0.14767256379127502,0
shared_detach,42,small,2845,0,0.0001875414018286392,0.013694575987756252,0.01845846325159073,0.3471924066543579,0.513619601726532,0
shared_detach,42,small,9537,0,0.00020134809892624617,0.014189718291163445,0.03229808807373047,0.572483479976654,0.5452373623847961,1
shared_detach,42,large,9537,1,7.132597966119647e-05,0.008445470593869686,0.015966415405273438,0.02637477219104767,0.9649500250816345,1
shared_detach,42,large,5146,9,0.00024375857901759446,0.01561276987195015,0.01685124635696411,0.09221240878105164,0.8745469450950623,1
shared_detach,42,large,5146,6,7.351124077104032e-05,0.008573869243264198,0.011571243405342102,0.059413790702819824,0.9045182466506958,1
shared_detach,42,large,5146,1,0.00013589220179710537,0.01165728084743023,0.03922167420387268,0.1478315144777298,0.8351094722747803,0
shared_detach,42,large,5146,3,0.0004857933963648975,0.022040721029043198,0.015938550233840942,0.10446695983409882,0.8342223763465881,0
shared_detach,42,large,5146,2,0.0004222358693368733,0.0205483790487051,0.04917672276496887,0.12360118329524994,0.8885753154754639,0
shared_detach,42,large,5146,5,4.244267984176986e-05,0.006514804437756538,0.01893685758113861,0.04711470752954483,0.9291967153549194,1
shared_detach,42,large,5146,4,0.00029103990527801216,0.017059892416000366,0.004070967435836792,0.017487751320004463,0.8315839171409607,0
shared_detach,42,large,5146,7,3.009346801263746e-05,0.005485751200467348,0.01903615891933441,0.03466499224305153,0.9662431478500366,1
shared_detach,42,large,5146,0,0.0012481400044634938,0.035329025238752365,0.08656369149684906,0.23055580258369446,0.7382951974868774,0
shared_detach,42,large,5146,8,2.9904571420047432e-05,0.005468507297337055,0.03392671048641205,0.12633007764816284,0.8873803615570068,1
shared_detach,42,small,4585,10,0.0034738306421786547,0.05893921107053757,0.05827848240733147,1.0512019395828247,0.11173560470342636,0
shared_detach,42,medium,4585,11,5.3269621275831014e-05,0.007298604119569063,0.018255718052387238,0.2804832458496094,0.6763774752616882,0
shared_detach,42,medium,4585,1,0.0005374457687139511,0.023182876408100128,0.049582354724407196,0.3571777939796448,0.5812980532646179,0
shared_detach,42,small,4585,7,0.00023434721515513957,0.01530840341001749,0.05075617507100105,1.118263840675354,0.4623827040195465,0
shared_detach,42,medium,4585,5,0.004777067340910435,0.06911633163690567,0.004324570298194885,0.04955628514289856,0.12290969491004944,0
shared_detach,42,medium,4585,2,0.000591544434428215,0.02432168647646904,0.02329782396554947,0.16563671827316284,0.6536751389503479,0
shared_detach,42,small,4585,12,0.0002781989169307053,0.016679296270012856,0.043537139892578125,0.8635969161987305,0.45931491255760193,0
shared_detach,42,medium,4585,0,0.00022404584160540253,0.014968160539865494,0.017461925745010376,0.09862487018108368,0.7568077445030212,0
shared_detach,42,medium,4585,3,0.0003575342707335949,0.018908577039837837,0.05195222049951553,0.5273045897483826,0.6027057766914368,0
shared_detach,42,small,4585,9,2.9289378289831802e-05,0.005411966238170862,0.03550967201590538,0.4466673731803894,0.5856673121452332,0
shared_detach,42,small,4585,8,0.0007812959374859929,0.027951670810580254,0.06475070118904114,1.9779877662658691,0.33048954606056213,0
shared_detach,42,medium,4585,4,0.00042369586299173534,0.020583873614668846,0.01887378841638565,0.1593223214149475,0.6062116026878357,0
shared_detach,42,small,4585,6,0.0007139788940548897,0.026720384135842323,0.02541319653391838,0.44985347986221313,0.3861483037471771,0
shared_detach,42,small,5239,3,0.0004992274916730821,0.02234339900314808,0.07716923952102661,1.4211881160736084,0.33308854699134827,1
shared_detach,42,large,5239,0,0.0002791364095173776,0.016707375645637512,0.05444028973579407,0.11826807260513306,0.8619099259376526,1
shared_detach,42,medium,5239,1,0.006652127020061016,0.08156057447195053,0.0376313179731369,0.405548095703125,0.3232453465461731,1
shared_detach,42,medium,5239,2,0.00015981943579390645,0.012641970999538898,0.07385466247797012,1.078927993774414,0.4264879524707794,1
shared_detach,42,large,3145,0,0.0001502145896665752,0.012256206013262272,0.07500565052032471,0.10977756977081299,0.8986488580703735,1
shared_detach,42,large,3145,1,0.0006753920461051166,0.02598830685019493,0.027473092079162598,0.05423127859830856,0.8993486166000366,1
shared_detach,42,medium,2520,3,1.352710387436673e-05,0.003677921136841178,0.012674771249294281,0.042787156999111176,0.9236310720443726,1
shared_detach,42,small,2520,2,4.794723281520419e-05,0.006924394052475691,0.025956206023693085,0.38018202781677246,0.6843287944793701,0
shared_detach,42,small,2520,1,5.532599061552901e-06,0.0023521478287875652,0.027449242770671844,0.42509761452674866,0.6626367568969727,0
shared_detach,42,medium,2520,4,0.0001314069959335029,0.011463289149105549,0.017330780625343323,0.09380839765071869,0.659835934638977,1
shared_detach,42,medium,2520,0,0.00024950524675659835,0.015795735642313957,0.017285116016864777,0.06719134002923965,0.7373059391975403,0
shared_detach,42,large,7256,0,0.0005397092900238931,0.023231644183397293,0.020783379673957825,0.07902391999959946,0.7780723571777344,0
shared_detach,42,large,7256,1,0.0007474625599570572,0.027339762076735497,0.09470584988594055,0.29224586486816406,0.7540048956871033,1
shared_detach,42,large,7256,2,8.008471195353195e-05,0.008949005976319313,0.022594019770622253,0.0757925808429718,0.8734177947044373,1
shared_e2e,42,small,6381,11,6.812313131376868e-06,0.0026100408285856247,0.01539076492190361,0.37539711594581604,0.7262248396873474,1
shared_e2e,42,medium,6381,13,2.9372606149991043e-05,0.005419650115072727,0.10080714523792267,0.42502719163894653,0.5548177361488342,0
shared_e2e,42,large,6381,14,0.0006319459062069654,0.025138534605503082,0.08769133687019348,0.4057084321975708,0.6160803437232971,1
shared_e2e,42,medium,6381,10,1.4296488188847434e-05,0.0037810697685927153,0.01692449301481247,0.16107718646526337,0.8061050176620483,1
shared_e2e,42,large,6381,12,0.0029600318521261215,0.05440617352724075,0.05240437388420105,0.07942049950361252,0.8536316752433777,0
shared_e2e,42,large,6381,3,3.4220589441247284e-05,0.005849836859852076,0.011275216937065125,0.05228592827916145,0.9327421188354492,1
shared_e2e,42,large,6381,7,2.232945007563103e-05,0.004725404549390078,0.043052300810813904,0.21380606293678284,0.7994175553321838,1
shared_e2e,42,large,6381,1,0.00018817235832102597,0.0137175926938653,0.009344756603240967,0.0344645120203495,0.9141366481781006,1
shared_e2e,42,large,6381,2,0.0011581272119656205,0.03403126820921898,0.07091668248176575,0.19038426876068115,0.7957998514175415,1
shared_e2e,42,large,6381,6,0.00015729779261164367,0.012541841715574265,0.020072728395462036,0.12832732498645782,0.8394957184791565,1
shared_e2e,42,small,6381,8,0.00010198589734500274,0.010098806582391262,0.002884998917579651,0.05766743794083595,0.6320173740386963,1
shared_e2e,42,medium,6381,9,0.0007649902254343033,0.027658456936478615,0.057059019804000854,0.2689387798309326,0.7463246583938599,1
shared_e2e,42,medium,6381,5,0.0004198247625026852,0.02048962563276291,0.01885051280260086,0.06075931712985039,0.6682971119880676,1
shared_e2e,42,medium,6381,16,8.016697393031791e-05,0.008953601121902466,0.014241144061088562,0.13697341084480286,0.8176807165145874,1
shared_e2e,42,medium,6381,4,7.239927799673751e-05,0.008508776314556599,0.0035046786069869995,0.03844611719250679,0.8375365734100342,1
shared_e2e,42,medium,6381,15,4.074883690918796e-06,0.0020186342298984528,0.0225064754486084,0.16774147748947144,0.8521416783332825,1
shared_e2e,42,small,6381,0,9.803506691241637e-05,0.009901265613734722,0.028601430356502533,0.2842493951320648,0.7109971046447754,0
shared_e2e,42,medium,4537,3,0.0003979582688771188,0.019948892295360565,0.13019683957099915,0.8045774698257446,0.5018721222877502,0
shared_e2e,42,medium,4537,5,0.00011024443665519357,0.010499735362827778,0.012454666197299957,0.06812039017677307,0.8572422862052917,0
shared_e2e,42,large,4537,0,0.0004323820467106998,0.020793797448277473,0.059670209884643555,0.12401244789361954,0.888248085975647,0
shared_e2e,42,large,4537,6,0.0033719425555318594,0.05806842818856239,0.15882018208503723,0.6424461007118225,0.5775042772293091,1
shared_e2e,42,large,4537,2,0.00021192475105635822,0.01455763541162014,0.02672344446182251,0.07548458129167557,0.8887534141540527,0
shared_e2e,42,large,4537,1,2.1689650111511583e-06,0.0014727406669408083,0.0320812463760376,0.09430734813213348,0.9110761880874634,0
shared_e2e,42,large,4537,4,0.0009602226200513542,0.030987458303570747,0.0322113037109375,0.10679773986339569,0.7488921880722046,0
shared_e2e,42,large,9896,0,0.00023819338821340352,0.015433515422046185,0.027376174926757812,0.05591776594519615,0.8960079550743103,0
shared_e2e,42,large,7223,0,0.00012777314987033606,0.011303678154945374,0.021922171115875244,0.02747592329978943,0.9576292634010315,1
shared_e2e,42,large,1977,0,0.0012651949655264616,0.035569578409194946,0.020422816276550293,0.03383992984890938,0.8624507784843445,0
shared_e2e,42,large,5606,1,0.0005032859626226127,0.022434035316109657,0.06827887892723083,0.11201269924640656,0.8780564069747925,1
shared_e2e,42,medium,5606,3,0.00020620976283680648,0.014360005967319012,0.03857361525297165,0.26105666160583496,0.6205751299858093,1
shared_e2e,42,large,5606,0,5.668728590535466e-06,0.002380909165367484,0.031103909015655518,0.10330446809530258,0.9042433500289917,0
shared_e2e,42,medium,5606,4,7.428681419696659e-05,0.008618979714810848,0.05787965655326843,0.4061287045478821,0.6934576034545898,1
shared_e2e,42,large,5606,2,0.0055534932762384415,0.07452176511287689,0.1267147660255432,0.15853877365589142,0.7642728090286255,1
shared_e2e,42,large,8368,1,0.0002186214114772156,0.01478585135191679,0.044293731451034546,0.08792095631361008,0.9186260104179382,1
shared_e2e,42,large,8368,0,0.02977273240685463,0.17254777252674103,0.3981846570968628,0.47953781485557556,0.5394763946533203,0
shared_e2e,42,medium,6852,2,2.5972476578317583e-06,0.0016115978360176086,0.11487196385860443,0.7847415804862976,0.5472686290740967,1
shared_e2e,42,large,6852,1,4.157853254582733e-05,0.006448141764849424,0.015420198440551758,0.04125157743692398,0.9174246788024902,1
shared_e2e,42,large,6852,0,0.000786381249781698,0.028042489662766457,0.03265044093132019,0.08960813283920288,0.8130406737327576,0
shared_e2e,42,large,5879,0,3.4395802686049137e-06,0.0018546105129644275,0.023257076740264893,0.03088873252272606,0.9697631597518921,0
shared_e2e,42,medium,4439,3,0.0007317676208913326,0.027051202952861786,0.0331176295876503,0.29607781767845154,0.5908018946647644,1
shared_e2e,42,medium,4439,2,0.0007427422096952796,0.027253298088908195,0.011621363461017609,0.13648433983325958,0.3655553460121155,1
shared_e2e,42,medium,4439,1,0.00018302178068552166,0.013528554700314999,0.019855789840221405,0.11392940580844879,0.7323805689811707,1
shared_e2e,42,medium,4439,0,0.0010626905132085085,0.032598935067653656,0.03416500240564346,0.23193711042404175,0.5464074015617371,1
shared_e2e,42,medium,3369,0,9.852561925072223e-05,0.009926007129251957,0.05576736479997635,0.44751685857772827,0.6763834953308105,1
shared_e2e,42,small,3369,3,0.0011594988172873855,0.03405141457915306,0.19704174995422363,2.779649257659912,0.1886163353919983,0
shared_e2e,42,large,3369,2,0.002098063239827752,0.045804619789123535,0.05604839324951172,0.07032550126314163,0.872873067855835,0
shared_e2e,42,medium,3369,1,0.00034204908297397196,0.01849456876516342,0.014118935912847519,0.09919881820678711,0.7093473076820374,1
shared_e2e,42,small,6062,1,4.151665780227631e-05,0.0064433421939611435,0.015730466693639755,0.24499613046646118,0.7532476782798767,1
shared_e2e,42,small,6062,2,8.138538760249503e-06,0.00285281240940094,0.010091017931699753,0.22121648490428925,0.8037930130958557,1
shared_e2e,42,large,6062,0,0.00025044576614163816,0.015825478360056877,0.02837371826171875,0.06412659585475922,0.9182494282722473,1
shared_e2e,42,large,740,1,8.676375000504777e-05,0.009314706549048424,0.028196945786476135,0.09087468683719635,0.8885542750358582,0
shared_e2e,42,large,740,0,8.143394370563328e-05,0.009024076163768768,0.01189209520816803,0.050968099385499954,0.9230878949165344,0
shared_e2e,42,medium,4031,2,0.000593886710703373,0.02436979115009308,0.06323176622390747,0.4342414140701294,0.6679619550704956,0
shared_e2e,42,large,4031,1,0.00046435018884949386,0.021548787131905556,0.023341774940490723,0.024426864460110664,0.9414373636245728,0
shared_e2e,42,large,4031,0,0.0007343520992435515,0.02709893137216568,0.06228667497634888,0.1364261507987976,0.8566020727157593,0
shared_e2e,42,large,9724,0,5.098859764984809e-05,0.007140629924833775,0.031717121601104736,0.03537309542298317,0.9646579623222351,1
shared_e2e,42,large,7062,0,7.926387479528785e-05,0.008903026580810547,0.015002310276031494,0.01695265993475914,0.9702785611152649,0
shared_e2e,42,large,9755,0,0.0002954824303742498,0.01718960329890251,0.0367777943611145,0.057043179869651794,0.9327026009559631,0
shared_e2e,42,large,9755,1,0.0002584666945040226,0.01607690006494522,0.01509164273738861,0.06718504428863525,0.8652182817459106,1
shared_e2e,42,large,3808,0,0.0001858786417869851,0.013633731752634048,0.016683340072631836,0.01720227114856243,0.9622575044631958,0
shared_e2e,42,large,5478,2,8.826370321912691e-05,0.009394876658916473,0.052565574645996094,0.08226579427719116,0.9067783951759338,1
shared_e2e,42,large,5478,0,0.0009876787662506104,0.03142735734581947,0.01759922504425049,0.02384941652417183,0.8951437473297119,0
shared_e2e,42,large,5478,3,0.0005365273682400584,0.02316305972635746,0.09091740846633911,0.2846403121948242,0.7241995334625244,0
shared_e2e,42,large,5478,1,0.00011152109800605103,0.0105603551492095,0.03457476198673248,0.07748813927173615,0.8933264017105103,1
shared_e2e,42,large,7905,0,0.0008268295787274837,0.028754644095897675,0.02438291907310486,0.028137311339378357,0.8925884962081909,1
shared_e2e,42,medium,8633,1,0.0006226583500392735,0.024953123182058334,0.0971469134092331,0.4608915448188782,0.6695821285247803,0
shared_e2e,42,large,8633,0,0.0002932515344582498,0.017124587669968605,0.024463266134262085,0.0949137955904007,0.8714247345924377,0
shared_e2e,42,large,8633,2,0.011818557046353817,0.10871318727731705,0.023008674383163452,0.041699279099702835,0.7303425073623657,0
shared_e2e,42,large,8633,3,0.008364656008780003,0.09145849198102951,0.03573831915855408,0.050774771720170975,0.7896764874458313,0
shared_e2e,42,large,1918,1,2.779581700451672e-05,0.005272173788398504,0.04662175476551056,0.1519947648048401,0.864230215549469,1
shared_e2e,42,large,1918,0,5.614120891550556e-05,0.007492743898183107,0.02583698183298111,0.1273844838142395,0.872542142868042,1
shared_e2e,42,large,4405,3,0.00010259541886625811,0.010128939524292946,0.05400136113166809,0.14499017596244812,0.8694989085197449,1
shared_e2e,42,large,4405,2,0.004560430068522692,0.06753095984458923,0.18569356203079224,0.5122104287147522,0.6286078095436096,1
shared_e2e,42,large,4405,0,0.00017149125051219016,0.013095466420054436,0.09799599647521973,0.17427001893520355,0.8471139073371887,0
shared_e2e,42,large,4405,1,0.0024969985242933035,0.04996997490525246,0.17727667093276978,0.3961113393306732,0.6679724454879761,0
shared_e2e,42,large,8443,0,0.001762359170243144,0.04198046028614044,0.0939810574054718,0.2506129741668701,0.7358559966087341,1
shared_e2e,42,large,6654,1,0.0007667398313060403,0.027690067887306213,0.02552703022956848,0.07757692784070969,0.8204516172409058,1
shared_e2e,42,large,6654,2,0.00047093062312342227,0.021700935438275337,0.019060790538787842,0.047727327793836594,0.8312605619430542,1
shared_e2e,42,large,6654,0,7.201990229077637e-05,0.008486454375088215,0.048899710178375244,0.0669531598687172,0.926459789276123,1
shared_e2e,42,large,1938,0,0.00032878745696507394,0.018132496625185013,0.03544491529464722,0.03943680226802826,0.9545590281486511,1
shared_e2e,42,large,6190,0,0.0010150332236662507,0.031859587877988815,0.09303838014602661,0.13279840350151062,0.877349317073822,0
shared_e2e,42,large,5214,0,0.0002766884572338313,0.016633955761790276,0.05349653959274292,0.06365378201007843,0.916373610496521,0
shared_e2e,42,large,6020,0,4.446564707905054e-05,0.0066682565957307816,0.02334451675415039,0.03852078691124916,0.9589959383010864,0
shared_e2e,42,medium,6020,1,0.00027996968128718436,0.016732294112443924,0.026051193475723267,0.09083861857652664,0.8840649127960205,1
shared_e2e,42,large,9192,0,0.0006909660878591239,0.026286233216524124,0.040850937366485596,0.057197537273168564,0.9006170630455017,0
shared_e2e,42,large,849,0,0.0006934150587767363,0.026332775130867958,0.1123223602771759,0.23721519112586975,0.7453262805938721,0
shared_e2e,42,medium,3003,3,2.0781331841135398e-05,0.004558654502034187,0.08552362769842148,0.4061829447746277,0.613189160823822,1
shared_e2e,42,large,3003,2,8.631452510599047e-05,0.009290561079978943,0.09931091964244843,0.49041712284088135,0.5695786476135254,1
shared_e2e,42,large,3003,1,0.0005237142322584987,0.022884802892804146,0.09163811802864075,0.23976948857307434,0.7302568554878235,1
shared_e2e,42,large,3003,0,0.006190962623804808,0.07868266850709915,0.02896001935005188,0.09148900955915451,0.6228613257408142,1
shared_e2e,42,large,7900,1,0.004397676791995764,0.06631498038768768,0.07944869995117188,0.08009383082389832,0.8331958055496216,0
shared_e2e,42,large,7900,0,0.0001947978453245014,0.013956999406218529,0.043848663568496704,0.1296752691268921,0.873582124710083,0
shared_e2e,42,medium,8095,0,0.0006153668509796262,0.024806588888168335,0.21392831206321716,1.1395412683486938,0.1664782464504242,0
shared_e2e,42,large,8095,1,5.508285994437756e-06,0.002346973866224289,0.01116943359375,0.029462754726409912,0.9693504571914673,0
shared_e2e,42,medium,3781,2,0.00017747223319020122,0.013321870937943459,0.02902781218290329,0.28346389532089233,0.6968176364898682,1
shared_e2e,42,large,3781,0,0.0002550063072703779,0.015968916937708855,0.03944581747055054,0.060358207672834396,0.9288094639778137,1
shared_e2e,42,large,3781,1,0.0008712770650163293,0.0295174028724432,0.016236543655395508,0.02471640333533287,0.9050242900848389,1
shared_e2e,42,large,5588,0,6.849956662335899e-06,0.002617242280393839,0.024526536464691162,0.10420021414756775,0.9023841023445129,1
shared_e2e,42,large,8628,0,0.00034933170536533,0.01869041658937931,0.04836905002593994,0.16053712368011475,0.8174741864204407,1
shared_e2e,42,large,8628,2,0.000990218366496265,0.0314677357673645,0.06757098436355591,0.09234777092933655,0.8674710988998413,0
shared_e2e,42,medium,8628,1,0.02139952778816223,0.1462857723236084,0.11376859247684479,0.6420419812202454,0.019647469744086266,1
shared_e2e,42,large,8628,3,0.0003593580622691661,0.01895674131810665,0.015653133392333984,0.02599674090743065,0.9350354075431824,1
shared_e2e,42,large,5314,0,0.0007891941349953413,0.028092598542571068,0.14568287134170532,0.1901920884847641,0.8361235857009888,0
shared_e2e,42,small,8292,3,6.85336854076013e-05,0.008278507739305496,0.08960279822349548,2.254415512084961,0.222970649600029,0
shared_e2e,42,small,8292,4,0.00015912366507109255,0.012614422477781773,0.04451268911361694,2.1215121746063232,0.242002934217453,0
shared_e2e,42,medium,8292,0,1.08160893432796e-05,0.0032887824345380068,0.007859893143177032,0.10431142896413803,0.840842604637146,0
shared_e2e,42,small,8292,5,0.00024653886794112623,0.01570155657827854,0.1575588583946228,9.847434997558594,0.028558675199747086,0
shared_e2e,42,medium,8292,1,6.814043445046991e-05,0.008254721760749817,0.014970313757658005,0.23389101028442383,0.7461568713188171,0
shared_e2e,42,small,8292,2,5.295945447869599e-05,0.007277324795722961,0.05447789281606674,1.0670058727264404,0.4313906729221344,0
shared_e2e,42,large,8338,0,4.446822276804596e-05,0.006668449845165014,0.14298826456069946,0.2490256428718567,0.7746499180793762,0
shared_e2e,42,large,6949,0,0.0007723057642579079,0.027790389955043793,0.14156359434127808,0.17584434151649475,0.8446224927902222,1
shared_e2e,42,large,7154,0,0.0003032333042938262,0.01741359569132328,0.014171183109283447,0.034974876791238785,0.9018813967704773,1
shared_e2e,42,large,5940,3,2.2487280148197897e-05,0.004742075689136982,0.029755622148513794,0.06646411120891571,0.9346352815628052,1
shared_e2e,42,large,5940,4,0.0009152418351732194,0.030252963304519653,0.11393584311008453,0.2830664813518524,0.7363921999931335,1
shared_e2e,42,large,5940,0,0.0003337628149893135,0.01826917752623558,0.010553747415542603,0.014926849864423275,0.8797526955604553,1
shared_e2e,42,large,5940,1,5.295134542393498e-05,0.007276767399162054,0.04305103421211243,0.1256037801504135,0.8761968612670898,1
shared_e2e,42,large,5940,5,6.159530312288553e-05,0.007848267443478107,0.02828502655029297,0.08783209323883057,0.9138404130935669,1
shared_e2e,42,large,5940,2,0.00018889913917519152,0.013744058087468147,0.017090708017349243,0.04895433038473129,0.8682588338851929,1
shared_e2e,42,large,851,1,0.0025545256212353706,0.05054231360554695,0.08909401297569275,0.13444453477859497,0.6938909292221069,1
shared_e2e,42,large,851,0,0.0007065435056574643,0.02658088691532612,0.0914364755153656,0.18150568008422852,0.8347877860069275,0
shared_e2e,42,medium,2047,0,0.0004635684017557651,0.0215306393802166,0.14695283770561218,1.0035417079925537,0.44438689947128296,0
shared_e2e,42,medium,6404,0,8.618257197667845e-06,0.0029356868471950293,0.02139173448085785,0.19574478268623352,0.8135411143302917,0
shared_e2e,42,large,7536,1,0.0006765932776033878,0.026011407375335693,0.13663852214813232,0.23678983747959137,0.772655725479126,0
shared_e2e,42,large,7536,0,0.0010953042656183243,0.033095382153987885,0.02969267964363098,0.05799351632595062,0.8411657214164734,0
shared_e2e,42,large,8252,0,0.00048216088907793164,0.021958163008093834,0.06088227033615112,0.09093920886516571,0.8584031462669373,0
shared_e2e,42,large,1206,0,2.742225206020521e-06,0.0016559665091335773,0.04809553921222687,0.14353829622268677,0.8607133626937866,1
shared_e2e,42,large,1206,1,3.379291229066439e-05,0.005813166964799166,0.025216132402420044,0.05833251029253006,0.8966025710105896,0
shared_e2e,42,medium,4121,2,0.00011224480113014579,0.010594564490020275,0.0380256325006485,0.21641263365745544,0.7967808842658997,1
shared_e2e,42,large,4121,1,5.023413450544467e-06,0.002241297159343958,0.02533966302871704,0.08648952841758728,0.9201728105545044,1
shared_e2e,42,large,4121,0,0.00013101808144710958,0.011446313001215458,0.061684563755989075,0.2727918028831482,0.7429762482643127,0
shared_e2e,42,small,4857,5,6.279915396589786e-05,0.00792459212243557,0.007073812186717987,0.09256306290626526,0.8101950287818909,1
shared_e2e,42,small,4857,4,0.00028744677547365427,0.01695425622165203,0.03757574409246445,0.733832597732544,0.4495377242565155,1
shared_e2e,42,small,4857,3,0.00037544520455412567,0.01937640830874443,0.028514496982097626,0.6028237342834473,0.48688244819641113,1
shared_e2e,42,large,4857,1,7.16325594112277e-05,0.0084636015817523,0.021029233932495117,0.04246672987937927,0.9361233711242676,1
shared_e2e,42,medium,4857,2,0.0005817243945784867,0.02411896362900734,0.041692644357681274,0.2821705937385559,0.6571526527404785,1
shared_e2e,42,medium,4857,7,0.0009013400413095951,0.03002232499420643,0.08365041762590408,0.49093323945999146,0.5575560331344604,0
shared_e2e,42,large,4857,12,0.00015499847359023988,0.01244983822107315,0.05995991826057434,0.14983603358268738,0.8617457747459412,1
shared_e2e,42,medium,4857,9,0.0008413015748374164,0.029005199670791626,0.04447462409734726,0.3628835082054138,0.4832379221916199,0
shared_e2e,42,large,4857,11,0.00014914866187609732,0.012212643399834633,0.015677183866500854,0.03066057339310646,0.9170136451721191,1
shared_e2e,42,large,4857,6,0.0003536745789460838,0.01880623772740364,0.05111554265022278,0.10865683853626251,0.8895605802536011,0
shared_e2e,42,medium,4857,8,5.155282906343928e-06,0.0022705248557031155,0.029851175844669342,0.23731683194637299,0.7752012014389038,0
shared_e2e,42,small,4857,10,7.397515582852066e-05,0.008600881323218346,0.038993094116449356,0.686897873878479,0.5597502589225769,1
shared_e2e,42,large,4857,13,0.009549299255013466,0.09772051870822906,0.16233795881271362,0.3998347520828247,0.5712280869483948,1
shared_e2e,42,large,4857,0,3.5676650441018865e-05,0.0059729935601353645,0.01069021224975586,0.014448694884777069,0.9681060910224915,1
shared_e2e,42,medium,4857,14,5.6274795497301966e-05,0.007501652929931879,0.01605495810508728,0.13537843525409698,0.8585823774337769,1
shared_e2e,42,medium,3759,3,2.842192043317482e-05,0.005331221502274275,0.016034826636314392,0.07734958827495575,0.9254114627838135,0
shared_e2e,42,large,3759,1,1.777665238478221e-05,0.004216236528009176,0.02304936945438385,0.11135626584291458,0.8886784911155701,1
shared_e2e,42,large,3759,2,0.0005753825535066426,0.02398713305592537,0.01454240083694458,0.03437472879886627,0.8651446104049683,1
shared_e2e,42,large,3759,0,4.359201557235792e-05,0.006602425128221512,0.010738164186477661,0.034427229315042496,0.9487230181694031,1
shared_e2e,42,large,5057,0,6.487322389148176e-05,0.008054391480982304,0.05963319540023804,0.12143503129482269,0.888484001159668,0
shared_e2e,42,large,5057,1,0.000528159027453512,0.022981710731983185,0.049029529094696045,0.10886284708976746,0.878162682056427,1
shared_e2e,42,medium,5057,2,6.227817357284948e-05,0.007891652174293995,0.002076283097267151,0.01620054617524147,0.920332670211792,0
shared_e2e,42,large,6296,1,1.5785248251631856e-05,0.003973065409809351,0.021390467882156372,0.04122725501656532,0.9596664309501648,1
shared_e2e,42,large,6296,0,0.00010779614967759699,0.01038249209523201,0.04673263430595398,0.18237026035785675,0.841539204120636,1
shared_e2e,42,large,6296,2,0.0004581695538945496,0.021404895931482315,0.014466822147369385,0.016736991703510284,0.9061880111694336,1
shared_e2e,42,large,3351,0,0.00035607119207270443,0.018869848921895027,0.022589445114135742,0.0371374748647213,0.9274012446403503,1
shared_e2e,42,large,3673,0,0.000131829539895989,0.01148170419037342,0.020055532455444336,0.034261200577020645,0.9403225779533386,0
shared_e2e,42,large,3673,1,0.00011671279207803309,0.01080336980521679,0.01557236909866333,0.040560197085142136,0.9422744512557983,0
shared_e2e,42,large,3330,0,4.733823152491823e-05,0.00688027823343873,0.03251540660858154,0.09127657115459442,0.9146672487258911,1
shared_e2e,42,medium,3330,1,9.368666360387579e-05,0.009679187089204788,0.0031076371669769287,0.017611660063266754,0.9007270336151123,1
shared_e2e,42,large,3838,2,0.0008304308867082,0.028817197307944298,0.029651641845703125,0.04555363580584526,0.8044347763061523,1
shared_e2e,42,large,3838,3,0.00018152975826524198,0.013473298400640488,0.02784302830696106,0.09035620093345642,0.8851153254508972,1
shared_e2e,42,medium,3838,4,0.00012705966946668923,0.011272074654698372,0.034957461059093475,0.2874331474304199,0.7615236043930054,1
shared_e2e,42,large,3838,0,0.0002343848318560049,0.015309631824493408,0.038920819759368896,0.11011737585067749,0.8805400729179382,1
shared_e2e,42,large,3838,1,2.938131001428701e-05,0.005420452915132046,0.024519622325897217,0.06222833693027496,0.9412457942962646,1
shared_e2e,42,medium,3838,5,7.383909542113543e-05,0.008592967875301838,0.0427236407995224,0.5327542424201965,0.6442371010780334,1
shared_e2e,42,large,6759,0,0.0001076545740943402,0.0103756720200181,0.035656869411468506,0.052977535873651505,0.9303022027015686,0
shared_e2e,42,medium,1532,0,7.586424908367917e-05,0.00871000811457634,0.02936042845249176,0.21055233478546143,0.8004475831985474,1
shared_e2e,42,medium,1532,3,0.00021707032283302397,0.014733306132256985,0.08180379867553711,0.5098140239715576,0.5531322360038757,0
shared_e2e,42,small,1532,1,0.0002011048054555431,0.014181142672896385,0.024933181703090668,0.288467675447464,0.625648021697998,1
shared_e2e,42,medium,1532,2,4.102973252884112e-05,0.006405445747077465,0.01846017688512802,0.12498978525400162,0.8340606689453125,0
shared_e2e,42,small,1532,6,1.9980803699581884e-05,0.004469989333301783,0.020121019333600998,0.3633424639701843,0.6897192001342773,0
shared_e2e,42,small,1532,5,8.690075628692284e-05,0.009322057478129864,0.04844591021537781,0.7439696192741394,0.519385814666748,0
shared_e2e,42,medium,1532,8,0.00020981703710276634,0.014485062099993229,0.0160013809800148,0.18540993332862854,0.5586397647857666,1
shared_e2e,42,medium,1532,4,2.9321225156309083e-05,0.005414907820522785,0.029507510364055634,0.22765521705150604,0.7600075602531433,0
shared_e2e,42,medium,1532,7,0.0004420590412337333,0.021025199443101883,0.04605022072792053,0.2674397826194763,0.6091851592063904,1
shared_e2e,42,small,1532,9,0.00026890134904533625,0.01639821194112301,0.020176496356725693,0.23722431063652039,0.5681861639022827,1
shared_e2e,42,large,3886,0,2.8085027224733494e-05,0.005299530923366547,0.024761587381362915,0.03006669692695141,0.9561634063720703,0
shared_e2e,42,large,3335,4,0.0008203977486118674,0.02864258550107479,0.09490294754505157,0.3085278868675232,0.7506232857704163,1
shared_e2e,42,large,3335,3,0.0006521115428768098,0.025536473840475082,0.01152309775352478,0.020024120807647705,0.8518622517585754,1
shared_e2e,42,medium,3335,6,0.000615572149399668,0.024810725823044777,0.1333640217781067,0.8618581295013428,0.5087016820907593,1
shared_e2e,42,large,3335,5,0.00118642661254853,0.03444454446434975,0.055925071239471436,0.19570915400981903,0.7135226726531982,0
shared_e2e,42,medium,3335,0,1.9062986211793032e-06,0.001380687695927918,0.03251565992832184,0.11801064014434814,0.8888920545578003,1
shared_e2e,42,medium,3335,2,0.0038870659191161394,0.06234633922576904,0.03344837576150894,0.30428430438041687,0.19667015969753265,1
shared_e2e,42,large,3335,1,0.0002098692348226905,0.01448686420917511,0.02973024547100067,0.12782621383666992,0.8495827317237854,1
shared_e2e,42,large,5065,0,5.647399302688427e-05,0.007514918223023415,0.048690080642700195,0.07079349458217621,0.9300257563591003,1
shared_e2e,42,large,5253,0,0.00010201608529314399,0.01010030135512352,0.011061429977416992,0.012954297475516796,0.9632498025894165,0
shared_e2e,42,medium,4281,1,0.0012083322508260608,0.03476107493042946,0.06268653273582458,0.35904332995414734,0.6074981689453125,1
shared_e2e,42,large,4281,0,0.0011926291044801474,0.03453446179628372,0.08237329125404358,0.11521006375551224,0.8205518126487732,0
shared_e2e,42,large,1758,0,0.024427080526947975,0.1562916487455368,0.04259313642978668,0.1958380490541458,0.040736302733421326,0
shared_e2e,42,large,1758,1,2.924497266576509e-06,0.0017101161647588015,0.05580848455429077,0.08869732171297073,0.9166498780250549,1
shared_e2e,42,large,756,0,0.0002505544980522245,0.01582891307771206,0.024535775184631348,0.030526259914040565,0.9358442425727844,0
shared_e2e,42,large,6295,1,9.400481758348178e-06,0.0030660205520689487,0.035120606422424316,0.1780308037996292,0.8432209491729736,0
shared_e2e,42,large,6295,0,2.1473386368597858e-05,0.004633938428014517,0.031456366181373596,0.14142431318759918,0.87357497215271,0
shared_e2e,42,large,6295,2,0.0009841647697612643,0.03137139976024628,0.015067189931869507,0.0652354434132576,0.7060483694076538,0
shared_e2e,42,large,9072,0,0.009287076070904732,0.09636947512626648,0.21736884117126465,0.46521466970443726,0.5948925614356995,1
shared_e2e,42,large,9032,2,0.00014766260574106127,0.01215165015310049,0.02175387740135193,0.06218039244413376,0.9225237369537354,0
shared_e2e,42,medium,9032,0,0.0003403827140573412,0.018449462950229645,0.036983929574489594,0.41168785095214844,0.6259145140647888,0
shared_e2e,42,large,9032,1,0.0010282990988343954,0.03206710144877434,0.02194899320602417,0.05735313147306442,0.8239538669586182,0
shared_e2e,42,large,4168,1,0.005578004289418459,0.07468603551387787,0.06785774230957031,0.2279197871685028,0.6032769083976746,1
shared_e2e,42,large,4168,0,0.00012078567669959739,0.010990253649652004,0.07574762403964996,0.18050822615623474,0.7945094108581543,0
shared_e2e,42,large,7691,0,0.00012471486115828156,0.01116758119314909,0.010046213865280151,0.01657288148999214,0.94204181432724,1
shared_e2e,42,large,140,1,0.0007767787901684642,0.027870751917362213,0.09370550513267517,0.1789979785680771,0.8245834708213806,0
shared_e2e,42,large,140,0,0.008148891851305962,0.09027121216058731,0.037238508462905884,0.11236460506916046,0.5606081485748291,0
shared_e2e,42,medium,6855,2,0.0002486341691110283,0.01576813869178295,0.03758097440004349,0.22265692055225372,0.6121460795402527,1
shared_e2e,42,medium,6855,1,6.231321094674058e-06,0.0024962613824754953,0.04732038825750351,0.35770851373672485,0.681853175163269,1
shared_e2e,42,large,6855,0,3.118383028777316e-05,0.005584248341619968,0.03593134880065918,0.04649074375629425,0.9527328014373779,0
shared_e2e,42,large,2063,5,0.0005719523760490119,0.023915525525808334,0.1203799843788147,0.3120846152305603,0.7482601404190063,1
shared_e2e,42,medium,2063,2,0.0032990833278745413,0.05743764713406563,0.05187255144119263,0.41315317153930664,0.25513702630996704,1
shared_e2e,42,large,2063,0,0.0023716369178146124,0.048699453473091125,0.04140597581863403,0.07525257021188736,0.8324770331382751,0
shared_e2e,42,medium,2063,3,0.0008713778806850314,0.029519110918045044,0.0470973402261734,0.3386267423629761,0.5475003719329834,1
shared_e2e,42,large,2063,6,6.60957011859864e-05,0.008129926398396492,0.011688336730003357,0.05295132100582123,0.915094792842865,1
shared_e2e,42,large,2063,4,0.00036951235961169004,0.01922270469367504,0.046387046575546265,0.14646655321121216,0.8424166440963745,1
shared_e2e,42,medium,2063,1,0.00020717654842883348,0.01439362857490778,0.006212174892425537,0.04843873158097267,0.7752218246459961,1
shared_e2e,42,large,9776,1,0.019039742648601532,0.13798457384109497,0.10552424192428589,0.16879433393478394,0.5189723968505859,0
shared_e2e,42,large,9776,2,0.0009407055331394076,0.030670924112200737,0.04917970299720764,0.17704105377197266,0.7466962933540344,1
shared_e2e,42,large,9776,0,0.00043924927012994885,0.020958274602890015,0.039827167987823486,0.13651195168495178,0.847916841506958,1
shared_e2e,42,large,2129,3,0.00010881562775466591,0.010431473143398762,0.07065659761428833,0.18829382956027985,0.8380159735679626,0
shared_e2e,42,large,2129,0,7.337673014262691e-05,0.008566021919250488,0.04236644506454468,0.20843559503555298,0.8248334527015686,0
shared_e2e,42,large,2129,2,0.0016564731486141682,0.0406997911632061,0.05997022986412048,0.2247166484594345,0.7086987495422363,0
shared_e2e,42,large,2129,1,0.0040734694339334965,0.06382373720407486,0.1659938246011734,0.7010438442230225,0.5641733407974243,0
shared_e2e,42,large,6348,1,0.0001727727212710306,0.013144304044544697,0.0401267409324646,0.0642738938331604,0.9336978197097778,0
shared_e2e,42,medium,6348,0,0.0006307929870672524,0.025115592405200005,0.038258299231529236,0.14175088703632355,0.8281395435333252,0
shared_e2e,42,small,2940,1,0.00030118567519821227,0.017354702576994896,0.03998982533812523,0.9192426800727844,0.5098689198493958,0
shared_e2e,42,large,2940,0,3.9935966924531385e-05,0.006319491192698479,0.01597025990486145,0.02482900768518448,0.9366421103477478,0
shared_e2e,42,small,2940,2,6.546857912326232e-05,0.008091265335679054,0.05240112170577049,1.0390794277191162,0.43315428495407104,0
shared_e2e,42,large,2940,6,5.5648470151936635e-05,0.007459790445864201,0.004139512777328491,0.009316638112068176,0.9694265127182007,1
shared_e2e,42,medium,2940,5,0.00010426499648019671,0.01021102350205183,0.010150618851184845,0.07759834080934525,0.8469473719596863,0
shared_e2e,42,medium,2940,4,0.00019744623568840325,0.014051556587219238,0.007762383669614792,0.12759828567504883,0.6250603199005127,0
shared_e2e,42,small,2940,3,6.150332046672702e-05,0.007842405699193478,0.012126687914133072,0.1668495088815689,0.6994987726211548,0
shared_e2e,42,large,4100,0,0.0031208936125040054,0.055864959955215454,0.09035992622375488,0.24365559220314026,0.7437759637832642,0
shared_e2e,42,large,2953,2,0.00094842683756724,0.030796539038419724,0.02384708821773529,0.10794998705387115,0.8079855442047119,0
shared_e2e,42,large,2953,0,0.0016690862830728292,0.040854454040527344,0.024221599102020264,0.14458781480789185,0.7326896786689758,0
shared_e2e,42,medium,2953,4,7.985205229488201e-06,0.0028258105739951134,0.022948727011680603,0.14383378624916077,0.8729010224342346,0
shared_e2e,42,large,2953,3,0.0029465758707374334,0.05428237095475197,0.031592875719070435,0.062474288046360016,0.8011726140975952,0
shared_e2e,42,large,2953,1,0.0006150524714030325,0.02480025216937065,0.03142492473125458,0.12159678339958191,0.829125702381134,0
shared_e2e,42,medium,8933,2,0.000780950125772506,0.027945484966039658,0.02435830980539322,0.19229093194007874,0.5947033762931824,0
shared_e2e,42,medium,8933,1,0.003564670216292143,0.05970485880970955,0.09894506633281708,0.8907109498977661,0.2760578393936157,0
shared_e2e,42,large,8933,0,0.0018771038157865405,0.043325554579496384,0.15783077478408813,0.46964868903160095,0.6645172238349915,0
shared_e2e,42,large,763,0,0.00026027450803667307,0.016133025288581848,0.023150324821472168,0.03468511998653412,0.9257688522338867,0
shared_e2e,42,medium,754,0,0.0002467205631546676,0.015707341954112053,0.02338792383670807,0.1001570001244545,0.8535784482955933,0
shared_e2e,42,small,754,3,0.000374829483916983,0.019360514357686043,0.012432839721441269,0.19474758207798004,0.48689526319503784,1
shared_e2e,42,small,754,1,0.00017114999354816973,0.013082430697977543,0.01929338648915291,0.5845347046852112,0.4929070472717285,0
shared_e2e,42,medium,754,2,0.001452720258384943,0.03811456635594368,0.07444068789482117,0.6478143930435181,0.3361113667488098,0
shared_e2e,42,large,9942,0,0.0026728666853159666,0.05169977620244026,0.043333977460861206,0.07933265715837479,0.7554440498352051,1
shared_e2e,42,large,9942,2,0.00024702140945009887,0.01571691408753395,0.024232476949691772,0.051010239869356155,0.9316791892051697,1
shared_e2e,42,large,9942,1,2.4474786187056452e-05,0.004947199951857328,0.008823573589324951,0.011144528165459633,0.983397364616394,1
shared_e2e,42,large,2567,0,0.00026383294607512653,0.01624293439090252,0.02484947443008423,0.037482649087905884,0.9404175281524658,0
shared_e2e,42,large,9869,0,0.00045706392847932875,0.021379053592681885,0.10047578811645508,0.13937512040138245,0.8629324436187744,1
shared_e2e,42,large,5579,0,0.0006786951562389731,0.026051778346300125,0.053597211837768555,0.23821261525154114,0.7161533236503601,0
shared_e2e,42,large,5579,1,0.004740268923342228,0.0688496083021164,0.031021207571029663,0.08203037083148956,0.5952228307723999,0
shared_e2e,42,medium,4464,2,4.464616267796373e-07,0.0006681778468191624,0.015521988272666931,0.17070689797401428,0.8491005897521973,0
shared_e2e,42,large,4464,1,2.234769272035919e-05,0.004727334715425968,0.0023986995220184326,0.008789441548287868,0.9656446576118469,1
shared_e2e,42,large,4464,0,0.00013330319779925048,0.011545700021088123,0.019350573420524597,0.047434329986572266,0.8539903163909912,0
shared_e2e,42,large,4020,0,0.0003294953203294426,0.018152005970478058,0.017803505063056946,0.05220819264650345,0.8769794702529907,1
shared_e2e,42,medium,4020,1,3.951903272536583e-05,0.006286416668444872,0.028302133083343506,0.4703511595726013,0.6588410139083862,1
shared_e2e,42,large,4020,2,4.3140473280800506e-05,0.0065681408159434795,0.013772979378700256,0.043911997228860855,0.9372144341468811,0
shared_e2e,42,large,3116,0,0.0002145859762094915,0.014648753218352795,0.0713874101638794,0.09424754977226257,0.9075375199317932,0
shared_e2e,42,medium,865,1,0.0001577383081894368,0.012559391558170319,0.030948109924793243,0.21626147627830505,0.780314028263092,1
shared_e2e,42,small,865,6,1.1715481377905235e-05,0.0034227885771542788,0.025771282613277435,0.9023793935775757,0.4961499273777008,0
shared_e2e,42,large,865,7,3.6696997995022684e-05,0.00605780491605401,0.011746078729629517,0.027075259014964104,0.9518154263496399,1
shared_e2e,42,medium,865,3,3.423666930757463e-05,0.005851211026310921,0.046660371124744415,0.23831284046173096,0.8002756834030151,1
shared_e2e,42,large,865,4,0.000185711556696333,0.013627602718770504,0.025450319051742554,0.09607966244220734,0.8604483008384705,1
shared_e2e,42,medium,865,2,0.00041674793465062976,0.020414404571056366,0.040023982524871826,0.24261151254177094,0.7441167235374451,1
shared_e2e,42,large,865,0,0.00018339695816393942,0.013542413711547852,0.04583124816417694,0.1965123564004898,0.8111410140991211,0
shared_e2e,42,medium,865,5,0.00013391456741373986,0.011572145856916904,0.024456992745399475,0.16984021663665771,0.8227121233940125,0
shared_e2e,42,large,865,8,0.0002869949385058135,0.016940925270318985,0.006526857614517212,0.02135358937084675,0.9021978378295898,1
shared_e2e,42,small,2845,3,0.0003135696751996875,0.01770789921283722,0.102142333984375,2.3600802421569824,0.21044999361038208,0
shared_e2e,42,small,2845,4,0.00012049832002958283,0.010977172292768955,0.10187405347824097,2.3343801498413086,0.22134071588516235,0
shared_e2e,42,small,2845,0,0.00043196778278797865,0.020783834159374237,0.03951121121644974,0.7752680778503418,0.4102715849876404,0
shared_e2e,42,large,2845,1,0.0001187159214168787,0.01089568343013525,0.08774827420711517,0.34145697951316833,0.6980708837509155,0
shared_e2e,42,small,2845,5,0.0006610127165913582,0.02571016736328602,0.10491238534450531,2.5111498832702637,0.19139696657657623,0
shared_e2e,42,medium,2845,2,8.327776595251635e-05,0.009125664830207825,0.06302599608898163,0.8432347774505615,0.49729448556900024,0
shared_e2e,42,small,9537,0,0.02039075642824173,0.14279620349407196,0.035837601870298386,0.4352981448173523,0.0,1
shared_e2e,42,large,9537,1,0.0005765862297266722,0.024012209847569466,0.07424372434616089,0.12944714725017548,0.8543819189071655,0
shared_e2e,42,large,5146,0,0.0008889427408576012,0.02981514297425747,0.05358403921127319,0.18146562576293945,0.7008840441703796,0
shared_e2e,42,large,5146,8,0.00038295722333714366,0.019569292664527893,0.05142444372177124,0.13083714246749878,0.8391708731651306,1
shared_e2e,42,large,5146,3,0.0004664076550398022,0.021596472710371017,0.04524795711040497,0.24958495795726776,0.7607907056808472,1
shared_e2e,42,large,5146,4,0.0007364192861132324,0.027137046679854393,0.045148879289627075,0.19268812239170074,0.7288562655448914,0
shared_e2e,42,large,5146,7,5.524012885871343e-05,0.007432370446622372,0.02091754972934723,0.09250224381685257,0.9078641533851624,1
shared_e2e,42,large,5146,5,5.389147190726362e-06,0.0023214537650346756,0.014389067888259888,0.054079510271549225,0.9468587040901184,1
shared_e2e,42,large,5146,6,0.0003151118289679289,0.017751390114426613,0.024479031562805176,0.09632944315671921,0.8228113651275635,1
shared_e2e,42,large,5146,9,0.0005134254461154342,0.02265889383852482,0.03198254108428955,0.07788030803203583,0.8701716661453247,1
shared_e2e,42,large,5146,1,0.00022697195527143776,0.015065588057041168,0.03650107979774475,0.1832679659128189,0.7908039093017578,0
shared_e2e,42,large,5146,2,1.7171387298731133e-05,0.004143837373703718,0.038191765546798706,0.1762988567352295,0.8288787007331848,0
shared_e2e,42,medium,4585,3,0.0007911014254204929,0.02812652476131916,0.07900884747505188,0.8136884570121765,0.5158761739730835,0
shared_e2e,42,medium,4585,1,5.663728734361939e-05,0.007525774650275707,0.015548080205917358,0.11583313345909119,0.8597084283828735,0
shared_e2e,42,small,4585,9,3.5014109016628936e-05,0.005917272064834833,0.014506790786981583,0.31180596351623535,0.75007563829422,0
shared_e2e,42,small,4585,8,0.0018303724937140942,0.04278285428881645,0.02728591114282608,0.660861074924469,0.15893541276454926,0
shared_e2e,42,medium,4585,11,6.376225792337209e-05,0.007985127158463001,0.06935502588748932,1.046052098274231,0.4478382170200348,0
shared_e2e,42,small,4585,7,3.0525727652275236e-06,0.0017471613828092813,0.066661536693573,1.4088191986083984,0.39627328515052795,0
shared_e2e,42,small,4585,10,0.004251332487910986,0.0652022436261177,0.021508794277906418,0.3727529048919678,0.021438082680106163,0
shared_e2e,42,medium,4585,2,0.00038289226358756423,0.01956763304769993,0.020778626203536987,0.13718140125274658,0.6932641267776489,0
shared_e2e,42,medium,4585,0,0.00018684726092033088,0.013669208623468876,0.010283194482326508,0.059166111052036285,0.7783246636390686,0
shared_e2e,42,small,4585,6,0.00011295634612906724,0.010628092102706432,0.04513764753937721,0.8041211366653442,0.4927670359611511,0
shared_e2e,42,medium,4585,4,5.772396252723411e-05,0.007597628515213728,0.012413285672664642,0.11608310043811798,0.831246018409729,0
shared_e2e,42,medium,4585,5,5.521792900253786e-06,0.002349849557504058,0.040402479469776154,0.48587194085121155,0.6544756889343262,0
shared_e2e,42,small,4585,12,0.00014520194963552058,0.012049976736307144,0.10022051632404327,1.991027593612671,0.25597885251045227,0
shared_e2e,42,small,5239,3,0.0007058797054924071,0.026568396016955376,0.0656934455037117,1.2212133407592773,0.3614448308944702,1
shared_e2e,42,medium,5239,1,0.009394717402756214,0.09692635387182236,0.058253221213817596,0.6350935697555542,0.26281431317329407,1
shared_e2e,42,medium,5239,2,5.049868195783347e-05,0.00710624223574996,0.05949142575263977,0.8241657018661499,0.510877788066864,1
shared_e2e,42,large,5239,0,3.832300080830464e-06,0.0019576260820031166,0.05330556631088257,0.1611103117465973,0.8392326831817627,1
shared_e2e,42,large,3145,1,0.000732508662622422,0.027064897119998932,0.014851540327072144,0.03738158196210861,0.8925812244415283,1
shared_e2e,42,large,3145,0,0.00020898209186270833,0.014456212520599365,0.06717842817306519,0.0980842113494873,0.9088519215583801,1
shared_e2e,42,medium,2520,0,0.0002523247676435858,0.01588473469018936,0.02028059959411621,0.06927917897701263,0.7077785730361938,0
shared_e2e,42,medium,2520,3,0.00012275924382265657,0.011079677380621433,0.017682969570159912,0.10130424797534943,0.8715172410011292,1
shared_e2e,42,medium,2520,4,0.00023139629047363997,0.01521171536296606,0.03910879045724869,0.3858080506324768,0.7015301585197449,1
shared_e2e,42,small,2520,1,3.157324681524187e-05,0.005619007628411055,0.015142407268285751,0.23924100399017334,0.8019003868103027,0
shared_e2e,42,small,2520,2,2.4678256522747688e-05,0.0049677216447889805,0.013338599354028702,0.20613937079906464,0.7900490164756775,0
shared_e2e,42,large,7256,0,0.0003316340153105557,0.018210820853710175,0.013076841831207275,0.06584257632493973,0.8359218239784241,0
shared_e2e,42,large,7256,1,8.340247404703405e-06,0.0028879486490041018,0.08099408447742462,0.23918411135673523,0.7903228402137756,1
shared_e2e,42,large,7256,2,0.00024095132539514452,0.015522606670856476,0.012674689292907715,0.05078328028321266,0.911363422870636,1
separate_e2e,42,medium,6381,9,0.0019767775665968657,0.0444609671831131,0.09488291293382645,0.39468663930892944,0.5591555237770081,1
separate_e2e,42,medium,6381,13,0.0010437900200486183,0.032307740300893784,0.12197619676589966,0.6488240361213684,0.5117434859275818,0
separate_e2e,42,medium,6381,10,8.098428952507675e-05,0.008999126963317394,0.020053084939718246,0.17340566217899323,0.7000942826271057,1
separate_e2e,42,large,6381,3,0.00017051128088496625,0.013057996518909931,0.04301290214061737,0.1621522158384323,0.8413845300674438,1
separate_e2e,42,large,6381,7,0.00011425751290516928,0.01068913098424673,0.019091948866844177,0.09790053963661194,0.8705591559410095,1
separate_e2e,42,large,6381,14,0.0001871208951342851,0.01367921382188797,0.052511170506477356,0.2570451498031616,0.7399264574050903,1
separate_e2e,42,small,6381,11,1.9053861251450144e-05,0.004365073051303625,0.024999015033245087,0.40610945224761963,0.6915688514709473,1
separate_e2e,42,large,6381,6,4.5037715608486906e-05,0.006711014546453953,0.021877259016036987,0.11859098076820374,0.8765723705291748,1
separate_e2e,42,large,6381,2,0.0009923013858497143,0.031500816345214844,0.05183562636375427,0.14088062942028046,0.8257901668548584,1
separate_e2e,42,large,6381,1,7.076149631757289e-05,0.008411984890699387,0.02267470955848694,0.07533819228410721,0.9125714302062988,1
separate_e2e,42,medium,6381,16,1.1092721251770854e-05,0.003330573672428727,0.032174982130527496,0.28083252906799316,0.7699311971664429,1
separate_e2e,42,large,6381,12,0.000630345253739506,0.025106677785515785,0.1390325129032135,0.21593943238258362,0.8032227754592896,0
separate_e2e,42,medium,6381,5,0.0013747741468250751,0.037077948451042175,0.05502120405435562,0.1712966412305832,0.7863848209381104,1
separate_e2e,42,small,6381,8,0.00044257304398342967,0.021037420257925987,0.03800986707210541,0.44171249866485596,0.39446914196014404,1
separate_e2e,42,medium,6381,15,0.00011203210306121036,0.010584522038698196,0.02619597315788269,0.20078691840171814,0.8113437294960022,1
separate_e2e,42,medium,6381,4,8.507191523676738e-05,0.00922344345599413,0.025247737765312195,0.24104678630828857,0.7992093563079834,1
separate_e2e,42,small,6381,0,0.0002972173679154366,0.017239993438124657,0.028197258710861206,0.2642629146575928,0.6616753339767456,0
separate_e2e,42,medium,4537,3,0.007952033542096615,0.08917417377233505,0.21636797487735748,1.338135838508606,0.3116604685783386,0
separate_e2e,42,large,4537,6,0.0004052802687510848,0.02013157308101654,0.15736061334609985,1.143981695175171,0.45946255326271057,1
separate_e2e,42,large,4537,4,0.0011194555554538965,0.03345826640725136,0.05929127335548401,0.19414566457271576,0.7266107201576233,0
separate_e2e,42,large,4537,1,0.0001487982808612287,0.012198289856314659,0.00788310170173645,0.02549837902188301,0.9193947315216064,0
separate_e2e,42,large,4537,2,8.253694977611303e-05,0.00908498466014862,0.02689063549041748,0.07418019324541092,0.8969879150390625,0
separate_e2e,42,large,4537,0,1.0577472494333051e-05,0.0032523025292903185,0.011305510997772217,0.025325961410999298,0.9752678871154785,0
separate_e2e,42,medium,4537,5,0.00010424428182886913,0.010210009291768074,0.0323062539100647,0.17704607546329498,0.8165712356567383,0
separate_e2e,42,large,9896,0,0.00013001398474443704,0.011402367614209652,0.02120843529701233,0.04629506543278694,0.930968701839447,0
separate_e2e,42,large,7223,0,0.00020606917678378522,0.014355110004544258,0.017512142658233643,0.023437095806002617,0.9540500044822693,1
separate_e2e,42,large,1977,0,0.001605480327270925,0.04006844386458397,0.056875765323638916,0.0942666158080101,0.8280924558639526,1
separate_e2e,42,large,5606,0,0.0032484629191458225,0.05699528753757477,0.02137388288974762,0.06884350627660751,0.4243147373199463,0
separate_e2e,42,large,5606,1,0.0011938918614760041,0.034552741795778275,0.14421579241752625,0.23523032665252686,0.7926812171936035,1
separate_e2e,42,medium,5606,3,0.0006482208846136928,0.02546018175780773,0.009535916149616241,0.06884284317493439,0.628964364528656,1
separate_e2e,42,large,5606,2,0.0013382208999246359,0.036581702530384064,0.02997875213623047,0.042103253304958344,0.8780055642127991,1
separate_e2e,42,medium,5606,4,0.0014310764381662011,0.03782957047224045,0.0426645502448082,0.32804664969444275,0.39692315459251404,1
separate_e2e,42,large,8368,1,8.597851774538867e-06,0.002932209288701415,0.0512332022190094,0.0994890034198761,0.9086166620254517,1
separate_e2e,42,large,8368,0,0.005759598687291145,0.07589201629161835,0.09748190641403198,0.11208273470401764,0.783987283706665,0
separate_e2e,42,medium,6852,2,6.220501381903887e-05,0.007887015119194984,0.10949616134166718,0.7390562891960144,0.5597996115684509,1
separate_e2e,42,large,6852,1,0.0005594886606559157,0.023653512820601463,0.04192608594894409,0.12512287497520447,0.8013639450073242,1
separate_e2e,42,large,6852,0,0.0002077950630337,0.01441509835422039,0.02461203932762146,0.06814051419496536,0.8899399042129517,0
separate_e2e,42,large,5879,0,8.551305654691532e-05,0.009247327223420143,0.06629490852355957,0.09425456821918488,0.9125267267227173,0
separate_e2e,42,medium,4439,2,8.682008046889678e-05,0.009317729622125626,0.032266631722450256,0.4125846028327942,0.6885868906974792,1
separate_e2e,42,medium,4439,0,0.0008744280785322189,0.02957073040306568,0.011743202805519104,0.06817376613616943,0.6064901351928711,1
separate_e2e,42,medium,4439,1,0.00022541781072504818,0.01501392014324665,0.043071448802948,0.27751535177230835,0.7225075960159302,1
separate_e2e,42,medium,4439,3,0.000563500274438411,0.023738160729408264,0.01910686492919922,0.28669288754463196,0.49432373046875,1
separate_e2e,42,medium,3369,0,1.3866640983906109e-05,0.0037237938959151506,0.008563466370105743,0.1723412126302719,0.8328750133514404,1
separate_e2e,42,large,3369,2,0.0005334687302820385,0.02309694141149521,0.06528788805007935,0.08202113211154938,0.9099313020706177,0
separate_e2e,42,small,3369,3,0.0004194412613287568,0.020480265840888023,0.13131998479366302,1.6757760047912598,0.20379745960235596,0
separate_e2e,42,medium,3369,1,0.0004050821589771658,0.02012665383517742,0.021355703473091125,0.14283356070518494,0.7771094441413879,1
separate_e2e,42,small,6062,1,1.7081698388210498e-05,0.00413300096988678,0.020551037043333054,0.25484955310821533,0.7867319583892822,1
separate_e2e,42,small,6062,2,2.8347334591671824e-05,0.005324221681803465,0.034348953515291214,0.6061330437660217,0.5933502316474915,1
separate_e2e,42,large,6062,0,0.00013444790965877473,0.011595167219638824,0.0026821792125701904,0.007340505253523588,0.935447096824646,1
separate_e2e,42,large,740,0,3.802501305472106e-05,0.006166442297399044,0.014319062232971191,0.05125546455383301,0.9412335157394409,0
separate_e2e,42,large,740,1,0.0002521324495319277,0.01587867923080921,0.04645200073719025,0.1501491367816925,0.8532494306564331,0
separate_e2e,42,large,4031,0,0.0003910389496013522,0.019774705171585083,0.0502564013004303,0.1145278662443161,0.8658639192581177,0
separate_e2e,42,large,4031,1,0.00046961387852206826,0.021670576184988022,0.060224831104278564,0.08012150973081589,0.9050285220146179,0
separate_e2e,42,medium,4031,2,5.0097547500627115e-05,0.007077962160110474,0.021445319056510925,0.17106284201145172,0.8160068392753601,0
separate_e2e,42,large,9724,0,0.00010886060772463679,0.010433629155158997,0.019993484020233154,0.022162344306707382,0.9678915143013,1
separate_e2e,42,large,7062,0,0.00021915353136137128,0.014803835190832615,0.027277469635009766,0.030798297375440598,0.9558631777763367,0
separate_e2e,42,large,9755,0,3.706972347572446e-05,0.006088491063565016,0.05572962760925293,0.08438131213188171,0.9207381010055542,0
separate_e2e,42,large,9755,1,8.791075379122049e-05,0.009376073256134987,0.02369515597820282,0.11161627620458603,0.8507410883903503,1
separate_e2e,42,large,3808,0,4.1822375351330265e-05,0.006467022001743317,0.009985387325286865,0.011082300916314125,0.980661153793335,0
separate_e2e,42,large,5478,3,0.017067454755306244,0.13064247369766235,0.06330694258213043,0.15843889117240906,0.5247368812561035,0
separate_e2e,42,large,5478,0,0.00012110786337871104,0.011004901491105556,0.09599292278289795,0.13381542265415192,0.8788356184959412,0
separate_e2e,42,large,5478,2,0.00018969250959344208,0.013772889971733093,0.057662516832351685,0.11173315346240997,0.8974482417106628,1
separate_e2e,42,large,5478,1,6.136621232144535e-05,0.007833658717572689,0.053087666630744934,0.13816994428634644,0.875118613243103,1
separate_e2e,42,large,7905,0,0.0008148520719259977,0.028545614331960678,0.05637550354003906,0.0825372189283371,0.9016016721725464,1
separate_e2e,42,large,8633,0,0.0004295344988349825,0.02072521485388279,0.02759397029876709,0.09699152410030365,0.8284072279930115,0
separate_e2e,42,medium,8633,1,0.0019591799937188625,0.04426262527704239,0.03590674698352814,0.1692451536655426,0.6277152895927429,0
separate_e2e,42,large,8633,2,0.00036434465437196195,0.019087813794612885,0.08070167899131775,0.12591055035591125,0.8814877867698669,0
separate_e2e,42,large,8633,3,0.009952687658369541,0.09976315498352051,0.015031397342681885,0.020532311871647835,0.7373743057250977,0
separate_e2e,42,large,1918,1,0.0002599621075205505,0.016123339533805847,0.023837372660636902,0.14363551139831543,0.7994028329849243,1
separate_e2e,42,large,1918,0,0.00018695372273214161,0.013673102483153343,0.013387434184551239,0.030916385352611542,0.8388937711715698,1
separate_e2e,42,large,4405,1,0.000437745766248554,0.020922373980283737,0.09567105770111084,0.20523329079151154,0.8263035416603088,0
separate_e2e,42,large,4405,0,0.001641728333197534,0.040518246591091156,0.02744847536087036,0.04911801218986511,0.8576775789260864,0
separate_e2e,42,large,4405,3,0.00013276426761876792,0.011522337794303894,0.002584785223007202,0.006995643489062786,0.9301289319992065,1
separate_e2e,42,large,4405,2,0.0004600440734066069,0.021448638290166855,0.11486944556236267,0.36609983444213867,0.6782777309417725,1
separate_e2e,42,large,8443,0,0.00268924655392766,0.05185794457793236,0.08818569779396057,0.23493371903896332,0.6677284240722656,1
separate_e2e,42,large,6654,0,0.00018315222405362874,0.013533374294638634,0.060712575912475586,0.0747741088271141,0.9164593815803528,0
separate_e2e,42,large,6654,1,0.0003705554408952594,0.019249817356467247,0.05664646625518799,0.14243440330028534,0.8453283309936523,1
separate_e2e,42,large,6654,2,0.00017838420171756297,0.01335605513304472,0.03771170973777771,0.10982422530651093,0.8970578908920288,1
separate_e2e,42,large,1938,0,0.00034607903216965497,0.01860320009291172,0.010144531726837158,0.011304113082587719,0.9455990195274353,1
separate_e2e,42,large,6190,0,0.0035675070248544216,0.05972861126065254,0.12597966194152832,0.18532994389533997,0.8146487474441528,0
separate_e2e,42,large,5214,0,0.0003853971138596535,0.019631532952189445,0.021534323692321777,0.024824906140565872,0.9397608637809753,0
separate_e2e,42,large,6020,0,0.00012999011960346252,0.011401320807635784,0.041935622692108154,0.0540190264582634,0.9412389993667603,0
separate_e2e,42,medium,6020,1,0.00019324352615512908,0.013901205733418465,0.034723564982414246,0.10684002935886383,0.7475706934928894,1
separate_e2e,42,large,9192,0,0.0018154728459194303,0.042608365416526794,0.05022001266479492,0.06304892152547836,0.8873107433319092,0
separate_e2e,42,large,849,0,5.8967110817320645e-05,0.007679004687815905,0.011217504739761353,0.020005930215120316,0.9618567228317261,0
separate_e2e,42,large,3003,2,0.0005656721768900752,0.023783864453434944,0.10942178964614868,0.5451973676681519,0.5172677040100098,1
separate_e2e,42,medium,3003,3,6.214866152731702e-05,0.00788344256579876,0.1022881418466568,0.5011043548583984,0.48746258020401,1
separate_e2e,42,large,3003,1,0.004679056350141764,0.06840363144874573,0.02614450454711914,0.06706801801919937,0.6594619154930115,1
separate_e2e,42,large,3003,0,0.0014643884496763349,0.03826732933521271,0.05210646986961365,0.13754437863826752,0.7423132658004761,1
separate_e2e,42,large,7900,0,0.00014808369451202452,0.012168964371085167,0.04634222388267517,0.10908859968185425,0.8707102537155151,0
separate_e2e,42,large,7900,1,0.0012446331093087792,0.03527935966849327,0.08188414573669434,0.08260896801948547,0.9113056659698486,0
separate_e2e,42,large,8095,1,0.00029880949296057224,0.017286106944084167,0.02394208312034607,0.05054209753870964,0.8799483180046082,0
separate_e2e,42,medium,8095,0,0.0006877362029626966,0.02622472494840622,0.05580101162195206,0.24083702266216278,0.6126267313957214,0
separate_e2e,42,large,3781,0,0.0007013394497334957,0.02648281492292881,0.04285705089569092,0.07057145237922668,0.8920153379440308,1
separate_e2e,42,medium,3781,2,4.7101566451601684e-05,0.00686305807903409,0.03301555663347244,0.35076409578323364,0.6296943426132202,1
separate_e2e,42,large,3781,1,0.00014459365047514439,0.012024709954857826,0.03151300549507141,0.03813733160495758,0.9276578426361084,1
separate_e2e,42,large,5588,0,0.00016709249757695943,0.012926426716148853,0.01658789813518524,0.07005205750465393,0.8509120941162109,1
separate_e2e,42,large,8628,0,0.000319885992212221,0.01788535714149475,0.050474703311920166,0.17087185382843018,0.8210684061050415,0
separate_e2e,42,medium,8628,1,0.021431345492601395,0.1463944911956787,0.05618901550769806,0.3456127643585205,0.11830727010965347,0
separate_e2e,42,large,8628,2,0.0021748030558228493,0.04663478210568428,0.0844380259513855,0.11528843641281128,0.8552062511444092,0
separate_e2e,42,large,8628,3,3.2320633181370795e-05,0.005685124080628157,0.05287995934486389,0.0712333619594574,0.9296465516090393,1
separate_e2e,42,large,5314,0,0.0007626990554854274,0.02761700749397278,0.030157029628753662,0.03710091486573219,0.9216141104698181,0
separate_e2e,42,medium,8292,0,2.1324161934899166e-05,0.004617809318006039,0.0096840038895607,0.1179431602358818,0.7942147850990295,0
separate_e2e,42,small,8292,5,0.000805528718046844,0.028381837531924248,0.10956491529941559,6.847811698913574,0.051163189113140106,0
separate_e2e,42,medium,8292,1,0.00016256074013654143,0.0127499308437109,0.008107412606477737,0.11219337582588196,0.5819887518882751,0
separate_e2e,42,small,8292,4,7.333053508773446e-05,0.008563324809074402,0.05596953630447388,2.661200523376465,0.18514268100261688,0
separate_e2e,42,small,8292,3,0.00043305050348863006,0.02080986462533474,0.054609134793281555,1.3874047994613647,0.25331440567970276,0
separate_e2e,42,small,8292,2,0.00027796634822152555,0.016672322526574135,0.046227749437093735,0.8898271918296814,0.3482277989387512,0
separate_e2e,42,large,8338,0,0.00014194654067978263,0.011914132162928581,0.09507781267166138,0.15408679842948914,0.8581807017326355,0
separate_e2e,42,large,6949,0,0.0005061518168076873,0.022497817873954773,0.014824330806732178,0.019138144329190254,0.9233282208442688,1
separate_e2e,42,large,7154,0,3.726507566170767e-05,0.006104512605816126,0.07591018080711365,0.16911768913269043,0.8546786308288574,1
separate_e2e,42,large,5940,2,6.566390948137268e-05,0.0081033268943429,0.020041421055793762,0.0663764476776123,0.9196757078170776,1
separate_e2e,42,large,5940,4,0.0010061594657599926,0.03172001615166664,0.08198288083076477,0.24866466224193573,0.7401360273361206,1
separate_e2e,42,large,5940,3,0.00010273783118464053,0.010135967284440994,0.04053083062171936,0.10616593062877655,0.8987192511558533,1
separate_e2e,42,large,5940,0,0.00014567593461833894,0.012069628573954105,0.03312629461288452,0.06895548105239868,0.929050087928772,1
separate_e2e,42,large,5940,1,4.686116881202906e-06,0.002164744073525071,0.042147934436798096,0.10866428166627884,0.8966832756996155,1
separate_e2e,42,large,5940,5,0.00023812049767002463,0.01543115358799696,0.028893083333969116,0.1077883243560791,0.8607843518257141,1
separate_e2e,42,large,851,0,0.0002385205589234829,0.015444111078977585,0.05880776047706604,0.11630994081497192,0.8746403455734253,1
separate_e2e,42,large,851,1,0.0005708339158445597,0.023892130702733994,0.0818643867969513,0.20585477352142334,0.8148236274719238,1
separate_e2e,42,medium,2047,0,0.000716362614184618,0.026764951646327972,0.12152207642793655,0.8993374109268188,0.47618287801742554,0
separate_e2e,42,medium,6404,0,1.1940257536480203e-05,0.0034554677549749613,0.019614122807979584,0.16681508719921112,0.8028421998023987,0
separate_e2e,42,large,7536,1,0.001903880969621241,0.04363348335027695,0.14979663491249084,0.26811134815216064,0.7483952641487122,0
separate_e2e,42,large,7536,0,0.00017625287000555545,0.013276026584208012,0.032066553831100464,0.06262999027967453,0.915753185749054,0
separate_e2e,42,large,8252,0,0.0012059073196724057,0.03472617641091347,0.09872832894325256,0.1832948476076126,0.8195005059242249,0
separate_e2e,42,large,1206,1,5.9659523685695603e-05,0.0077239577658474445,0.015163697302341461,0.03530004248023033,0.9130447506904602,0
separate_e2e,42,large,1206,0,0.0007942721713334322,0.02818283438682556,0.014684945344924927,0.04965617507696152,0.8048788905143738,1
separate_e2e,42,large,4121,1,4.79982809338253e-05,0.006928079295903444,0.020616620779037476,0.06540996581315994,0.9382653832435608,1
separate_e2e,42,large,4121,0,0.0004418824682943523,0.021021001040935516,0.08197733759880066,0.3612454831600189,0.6666741371154785,1
separate_e2e,42,medium,4121,2,0.0008664408233016729,0.02943536639213562,0.028185158967971802,0.17006626725196838,0.6452597379684448,1
separate_e2e,42,small,4857,5,4.730698128696531e-05,0.00687800720334053,0.007337793707847595,0.11647552251815796,0.7961695194244385,1
separate_e2e,42,large,4857,0,0.0007248795591294765,0.026923587545752525,0.007815837860107422,0.010657248087227345,0.9203148484230042,1
separate_e2e,42,medium,4857,14,0.00038636408862657845,0.019656145945191383,0.025771208107471466,0.12688732147216797,0.6569485068321228,0
separate_e2e,42,small,4857,3,0.00038897572085261345,0.0197224672883749,0.0257408544421196,0.584959089756012,0.4808889925479889,1
separate_e2e,42,medium,4857,9,0.0009791530901566148,0.0312914215028286,0.07033978402614594,0.5616745948791504,0.3334648013114929,0
separate_e2e,42,large,4857,13,0.001399312517605722,0.03740738704800606,0.09423139691352844,0.25523877143859863,0.6859474182128906,1
separate_e2e,42,large,4857,11,0.0008875118219293654,0.02979113720357418,0.09260794520378113,0.1581389307975769,0.8078299760818481,1
separate_e2e,42,medium,4857,8,0.0005068538011983037,0.022513413801789284,0.03658159822225571,0.25127872824668884,0.5470885038375854,0
separate_e2e,42,small,4857,4,0.00019332804367877543,0.01390424557030201,0.033653322607278824,0.7295583486557007,0.5141384601593018,1
separate_e2e,42,large,4857,12,0.00034436251735314727,0.018557006493210793,0.09278753399848938,0.17740222811698914,0.7884353399276733,1
separate_e2e,42,small,4857,10,0.0001527529675513506,0.01235932670533657,0.01985330507159233,0.48879897594451904,0.5893925428390503,1
separate_e2e,42,large,4857,6,0.005806333851069212,0.07619930058717728,0.06420978903770447,0.15066157281398773,0.6867842674255371,0
separate_e2e,42,large,4857,1,0.0004605035064741969,0.021459344774484634,0.02092921733856201,0.04673313349485397,0.8816893100738525,1
separate_e2e,42,medium,4857,7,0.002032544696703553,0.045083753764629364,0.08071710169315338,0.4885607063770294,0.541377604007721,0
separate_e2e,42,medium,4857,2,5.0768712753779255e-06,0.002253191312775016,0.03153197467327118,0.31084251403808594,0.7485803365707397,1
separate_e2e,42,large,3759,0,1.0924739399342798e-05,0.003305259393528104,0.00747719407081604,0.027227824553847313,0.9675986766815186,1
separate_e2e,42,medium,3759,3,2.7550744562176988e-05,0.0052488804794847965,0.01652243733406067,0.07312105596065521,0.9022440314292908,0
separate_e2e,42,large,3759,2,1.4945509065000806e-05,0.0038659421261399984,0.017082571983337402,0.04868105798959732,0.9499922394752502,1
separate_e2e,42,large,3759,1,1.7920949176186696e-05,0.0042333141900599,0.024151816964149475,0.043449774384498596,0.9176245331764221,1
separate_e2e,42,large,5057,1,0.0008179550641216338,0.02859991416335106,0.05514004826545715,0.12786376476287842,0.8500794172286987,1
separate_e2e,42,large,5057,0,0.000491006241645664,0.022158659994602203,0.09011232852935791,0.15831880271434784,0.8446775674819946,0
separate_e2e,42,medium,5057,2,9.806140587897971e-05,0.009902595542371273,0.009055227041244507,0.06745710968971252,0.8732921481132507,0
separate_e2e,42,large,6296,1,0.0007338214199990034,0.027089137583971024,0.03380274772644043,0.08942020684480667,0.8313581347465515,1
separate_e2e,42,large,6296,2,0.0006158376927487552,0.024816077202558517,0.05499190092086792,0.11880537867546082,0.8530104160308838,1
separate_e2e,42,large,6296,0,8.702484046807513e-05,0.009328710846602917,0.0797339379787445,0.23187631368637085,0.8063545227050781,1
separate_e2e,42,large,3351,0,7.125105184968561e-05,0.008441033773124218,0.011080682277679443,0.01656091772019863,0.964076817035675,1
separate_e2e,42,large,3673,1,8.345751848537475e-05,0.00913550890982151,0.013791590929031372,0.03403398022055626,0.9511368274688721,0
separate_e2e,42,large,3673,0,3.296639260952361e-05,0.005741636734455824,0.02393883466720581,0.04192570969462395,0.959467351436615,0
separate_e2e,42,large,3330,0,0.0003317798546049744,0.01821482554078102,0.047194257378578186,0.11713062971830368,0.885243833065033,0
separate_e2e,42,medium,3330,1,0.00010916622704826295,0.010448263958096504,0.028856217861175537,0.14655223488807678,0.7974666953086853,1
separate_e2e,42,large,3838,3,0.0008019167580641806,0.02831813506782055,0.01235315203666687,0.024826999753713608,0.9008173942565918,1
separate_e2e,42,large,3838,0,9.119920287048444e-05,0.009549827314913273,0.034527361392974854,0.10914623737335205,0.8909315466880798,1
separate_e2e,42,large,3838,2,6.94734844728373e-05,0.008335075341165066,0.029346227645874023,0.08151517808437347,0.9157880544662476,1
separate_e2e,42,large,3838,1,0.0002580240834504366,0.016063127666711807,0.04103797674179077,0.1122346967458725,0.887033224105835,1
separate_e2e,42,medium,3838,4,4.8810394218889996e-05,0.006986443419009447,0.009555839002132416,0.04999726265668869,0.9327900409698486,1
separate_e2e,42,medium,3838,5,0.00024567017680965364,0.015673868358135223,0.020979568362236023,0.21040600538253784,0.7424172759056091,1
separate_e2e,42,large,6759,0,0.00026777744642458856,0.016363907605409622,0.009173452854156494,0.012114161625504494,0.9455335140228271,0
separate_e2e,42,medium,1532,0,5.6220033002318814e-06,0.0023710764944553375,0.02989550679922104,0.21799276769161224,0.7938860654830933,1
separate_e2e,42,medium,1532,3,4.568272561300546e-05,0.0067588998936116695,0.061512529850006104,0.42067092657089233,0.6005014777183533,0
separate_e2e,42,small,1532,1,0.00043232060852460563,0.020792320370674133,0.02876725047826767,0.4047412872314453,0.5422309637069702,1
separate_e2e,42,small,1532,5,0.000648784392978996,0.025471245869994164,0.03843715786933899,0.809511661529541,0.3544516861438751,0
separate_e2e,42,medium,1532,8,0.00026893566246144474,0.016399258747696877,0.04062168672680855,0.38669055700302124,0.5431947112083435,1
separate_e2e,42,small,1532,6,0.0010964416433125734,0.03311255946755409,0.03995535150170326,0.6263490319252014,0.4116511940956116,0
separate_e2e,42,medium,1532,2,0.0001466819958295673,0.012111234478652477,0.00900232046842575,0.06015404313802719,0.7743828296661377,0
separate_e2e,42,small,1532,9,0.0001631964696571231,0.012774837203323841,0.005451124161481857,0.11357375234365463,0.5634067058563232,1
separate_e2e,42,medium,1532,4,0.00013067724648863077,0.011431414633989334,0.032209612429142,0.23174765706062317,0.7309873700141907,0
separate_e2e,42,medium,1532,7,0.00036180607276037335,0.019021200016140938,0.058382585644721985,0.34261149168014526,0.7410666346549988,1
separate_e2e,42,large,3886,0,2.8680855393758975e-05,0.005355450790375471,0.030809402465820312,0.06616374850273132,0.9297633171081543,0
separate_e2e,42,medium,3335,6,0.0019440441392362118,0.04409131407737732,0.07054474204778671,0.627217173576355,0.504564106464386,1
separate_e2e,42,large,3335,4,0.0027923653833568096,0.05284283682703972,0.07658493518829346,0.29050329327583313,0.6766343116760254,1
separate_e2e,42,large,3335,1,0.0002562672889325768,0.016008350998163223,0.05615812540054321,0.25352802872657776,0.7365964651107788,1
separate_e2e,42,large,3335,5,0.009605692699551582,0.09800863265991211,0.22868549823760986,0.769088625907898,0.5434020757675171,0
separate_e2e,42,medium,3335,0,0.0002049192989943549,0.014315002597868443,0.0357293039560318,0.15891674160957336,0.8405331373214722,1
separate_e2e,42,large,3335,3,0.0009031234658323228,0.03005201183259487,0.030068904161453247,0.04603768140077591,0.8564679026603699,1
separate_e2e,42,medium,3335,2,0.004415005445480347,0.06644550710916519,0.09894493967294693,0.5072404146194458,0.19627264142036438,0
separate_e2e,42,large,5065,0,0.0010534294415265322,0.03245657682418823,0.016857028007507324,0.023509610444307327,0.883459210395813,1
separate_e2e,42,large,5253,0,1.1892607290064916e-05,0.0034485659562051296,0.04638791084289551,0.07017234712839127,0.933647871017456,0
separate_e2e,42,large,4281,0,8.605501352576539e-05,0.009276583790779114,0.06645745038986206,0.12086690962314606,0.8910329937934875,0
separate_e2e,42,medium,4281,1,0.0006578488973900676,0.025648565962910652,0.023266278207302094,0.11590816080570221,0.5745204091072083,1
separate_e2e,42,large,1758,0,0.02033437229692936,0.14259864389896393,0.09684167802333832,0.48438894748687744,0.1309492141008377,0
separate_e2e,42,large,1758,1,0.005698028486222029,0.07548528909683228,0.11674660444259644,0.25368303060531616,0.6701509952545166,1
separate_e2e,42,large,756,0,0.0002245921059511602,0.014986397698521614,0.04240542650222778,0.04568719118833542,0.9219174385070801,0
separate_e2e,42,large,6295,2,0.00044839346082881093,0.02117530256509781,0.011625051498413086,0.039914023131132126,0.7841095924377441,0
separate_e2e,42,large,6295,0,0.0005654038395732641,0.023778222501277924,0.016820669174194336,0.06698493659496307,0.752280592918396,0
separate_e2e,42,large,6295,1,0.000701540382578969,0.026486607268452644,0.0053509920835494995,0.02895340323448181,0.7059047818183899,0
separate_e2e,42,large,9072,0,0.009203820489346981,0.09593654423952103,0.22328731417655945,0.45111119747161865,0.6124995350837708,1
separate_e2e,42,medium,9032,0,0.00036983605241402984,0.019231121987104416,0.020876415073871613,0.22525133192539215,0.5170650482177734,0
separate_e2e,42,large,9032,1,0.00036040417035110295,0.018984314054250717,0.04631316661834717,0.12683413922786713,0.88725346326828,0
separate_e2e,42,large,9032,2,0.001193016185425222,0.03454006463289261,0.021815448999404907,0.06067242845892906,0.8191565275192261,0
separate_e2e,42,large,4168,1,0.0006300096865743399,0.025099994614720345,0.11555127799510956,0.45852726697921753,0.590629518032074,1
separate_e2e,42,large,4168,0,0.00016034585132729262,0.012662773951888084,0.03554306924343109,0.10604564845561981,0.8915289640426636,0
separate_e2e,42,large,7691,0,5.261003752821125e-05,0.0072532775811851025,0.017153501510620117,0.03524055704474449,0.9490756392478943,1
separate_e2e,42,large,140,0,0.012727340683341026,0.11281551420688629,0.06561934947967529,0.25957190990448,0.4263063669204712,0
separate_e2e,42,large,140,1,0.004670966882258654,0.06834447383880615,0.09574258327484131,0.1455269753932953,0.7422894835472107,0
separate_e2e,42,large,6855,0,0.0034393062815070152,0.05864559859037399,0.015466630458831787,0.017967581748962402,0.8204333186149597,0
separate_e2e,42,medium,6855,2,4.464755693334155e-05,0.006681882776319981,0.028910383582115173,0.14542807638645172,0.8338261842727661,1
separate_e2e,42,medium,6855,1,0.00040746829472482204,0.020185843110084534,0.02724723517894745,0.19848519563674927,0.6548672318458557,1
separate_e2e,42,large,2063,6,0.00040517604793421924,0.02012898586690426,0.06721486151218414,0.2971099317073822,0.7248186469078064,1
separate_e2e,42,large,2063,5,0.00047781842295080423,0.021859057247638702,0.15290328860282898,0.44161295890808105,0.6770374774932861,1
separate_e2e,42,large,2063,0,0.0030046594329178333,0.05481477454304695,0.0673324465751648,0.12977586686611176,0.7793875336647034,0
separate_e2e,42,medium,2063,2,0.000327783141983673,0.018104782328009605,0.10315385460853577,0.9490286111831665,0.47918668389320374,1
separate_e2e,42,medium,2063,3,0.0010224567959085107,0.0319758765399456,0.028970248997211456,0.19910988211631775,0.599299967288971,1
separate_e2e,42,large,2063,4,0.0006503696786239743,0.025502346456050873,0.047667041420936584,0.17003196477890015,0.7609703540802002,1
separate_e2e,42,medium,2063,1,1.7729420505929738e-05,0.00421063182875514,0.00801270455121994,0.06204871088266373,0.9115620851516724,1
separate_e2e,42,large,9776,0,1.2601435628312174e-05,0.0035498500801622868,0.09890773892402649,0.37652644515037537,0.7206893563270569,1
separate_e2e,42,large,9776,1,0.01042980793863535,0.10212643444538116,0.12216717004776001,0.1980423927307129,0.6931445598602295,0
separate_e2e,42,large,9776,2,0.0016397340223193169,0.04049362987279892,0.020769238471984863,0.07686586678028107,0.6776459813117981,1
separate_e2e,42,large,2129,0,9.3797680165153e-05,0.009684920310974121,0.023499324917793274,0.08455165475606918,0.8536149859428406,0
separate_e2e,42,large,2129,1,0.0002138432755600661,0.014623381197452545,0.048025861382484436,0.20740415155887604,0.7881988286972046,0
separate_e2e,42,large,2129,3,4.3336522139725275e-06,0.002081742510199547,0.044246941804885864,0.13126368820667267,0.8837481737136841,0
separate_e2e,42,large,2129,2,0.007726404815912247,0.08789996802806854,0.13634175062179565,0.4757455289363861,0.4910554587841034,0
separate_e2e,42,medium,6348,0,0.000302459200611338,0.017391353845596313,0.019169822335243225,0.0682641938328743,0.7444668412208557,0
separate_e2e,42,large,6348,1,0.00020555674564093351,0.014337250031530857,0.06812185049057007,0.11075703799724579,0.895212709903717,1
separate_e2e,42,large,2940,0,0.0004374129348434508,0.020914418622851372,0.06671470403671265,0.16528311371803284,0.8554893732070923,0
separate_e2e,42,small,2940,3,0.00010274004307575524,0.010136076249182224,0.0030918829143047333,0.04419858008623123,0.665486752986908,0
separate_e2e,42,small,2940,2,0.0011825207620859146,0.034387800842523575,0.03432449698448181,0.6302735805511475,0.3332890272140503,0
separate_e2e,42,small,2940,1,0.0001336509158136323,0.011560749262571335,0.002936750650405884,0.06695866584777832,0.5453927516937256,0
separate_e2e,42,medium,2940,5,4.063072628923692e-05,0.0063742236234247684,0.010769188404083252,0.12237357348203659,0.8497272729873657,0
separate_e2e,42,medium,2940,4,6.361874693538994e-05,0.007976136170327663,0.0077049620449543,0.0974770337343216,0.7810106873512268,0
separate_e2e,42,large,2940,6,0.00013641714758705348,0.011679775081574917,0.02502688765525818,0.05762341618537903,0.9257626533508301,1
separate_e2e,42,large,4100,0,0.00019515947496984154,0.013969949446618557,0.1511549949645996,0.4142587184906006,0.6777873635292053,0
separate_e2e,42,large,2953,0,0.0007903414079919457,0.02811301127076149,0.09827040135860443,0.24474583566188812,0.7231720089912415,0
separate_e2e,42,large,2953,2,0.00040148661355488,0.020037131384015083,0.04052022099494934,0.14210307598114014,0.7509819865226746,0
separate_e2e,42,large,2953,1,0.0010359834413975477,0.03218669816851616,0.011215195059776306,0.07373421639204025,0.7924900054931641,0
separate_e2e,42,large,2953,3,0.0011947175953537226,0.03456468880176544,0.020495295524597168,0.042043495923280716,0.8543694019317627,0
separate_e2e,42,medium,2953,4,0.0006769720930606127,0.026018686592578888,0.013013392686843872,0.08638278394937515,0.6857821941375732,0
separate_e2e,42,medium,8933,2,0.0002497814712114632,0.015804477035999298,0.06590569019317627,0.5169835090637207,0.5365142226219177,1
separate_e2e,42,large,8933,0,0.00034168281126767397,0.01848466508090496,0.22476616501808167,0.6693638563156128,0.5769726634025574,0
separate_e2e,42,medium,8933,1,0.00014256700524128973,0.011940142139792442,0.0725049376487732,0.6273568868637085,0.5819281339645386,1
separate_e2e,42,large,763,0,0.000960928329732269,0.030998844653367996,0.035274118185043335,0.05993231385946274,0.8759669065475464,0
separate_e2e,42,small,754,3,2.093122384394519e-05,0.004575065337121487,0.005832802504301071,0.09884732216596603,0.8143953084945679,1
separate_e2e,42,medium,754,2,8.938660903368145e-05,0.009454448707401752,0.085494764149189,0.73531574010849,0.5646316409111023,0
separate_e2e,42,small,754,1,0.0014869233127683401,0.038560643792152405,0.03145529329776764,0.5743564367294312,0.3196023404598236,0
separate_e2e,42,medium,754,0,0.002420193748548627,0.049195464700460434,0.023963645100593567,0.08726687729358673,0.672962486743927,0
separate_e2e,42,large,9942,1,0.0003778339014388621,0.01943795010447502,0.030061960220336914,0.03650009632110596,0.9355850219726562,1
separate_e2e,42,large,9942,2,0.00011220948363188654,0.010592897422611713,0.013938426971435547,0.026383429765701294,0.9524381160736084,1
separate_e2e,42,large,9942,0,0.000488882593344897,0.02211068943142891,0.0721939206123352,0.1662648320198059,0.8109154105186462,1
separate_e2e,42,large,2567,0,0.00024040961579885334,0.015505148097872734,0.00971364974975586,0.012236451730132103,0.9436632990837097,0
separate_e2e,42,large,9869,0,1.1673864719341509e-05,0.0034167037811130285,0.011306285858154297,0.013789281249046326,0.9847642779350281,1
separate_e2e,42,large,5579,1,0.00020173678058199584,0.014203407801687717,0.046919405460357666,0.10392430424690247,0.8380435109138489,0
separate_e2e,42,large,5579,0,0.0003016144910361618,0.017367051914334297,0.038398534059524536,0.15354657173156738,0.8005805015563965,0
separate_e2e,42,large,4464,0,8.487690195124742e-08,0.00029133641510270536,0.004775092005729675,0.021091856062412262,0.9793333411216736,0
separate_e2e,42,large,4464,1,8.273379535239656e-06,0.002876348327845335,0.016005635261535645,0.035997409373521805,0.9606804251670837,1
separate_e2e,42,medium,4464,2,3.239627767470665e-05,0.0056917727924883366,0.018354669213294983,0.22930443286895752,0.807849645614624,0
separate_e2e,42,large,4020,2,0.0002373799216002226,0.015407138504087925,0.018245458602905273,0.05915103852748871,0.8537346124649048,0
separate_e2e,42,medium,4020,1,0.00011565504973987117,0.010754304006695747,0.02423708140850067,0.4096183180809021,0.6807662844657898,1
separate_e2e,42,large,4020,0,0.00013402706827037036,0.011577006429433823,0.01152917742729187,0.04780126363039017,0.9058048129081726,1
separate_e2e,42,large,3116,0,0.007773823570460081,0.08816929161548615,0.22874104976654053,0.29258090257644653,0.7052853107452393,1
separate_e2e,42,small,865,6,0.0017415803158655763,0.041732244193553925,0.09494157135486603,3.4624576568603516,0.09677103906869888,0
separate_e2e,42,large,865,4,0.0006545392097905278,0.025583963841199875,0.02435016632080078,0.08275961130857468,0.7866142988204956,1
separate_e2e,42,medium,865,1,0.0005636020214296877,0.02374030463397503,0.033991143107414246,0.2396288961172104,0.6153429746627808,1
separate_e2e,42,medium,865,2,0.00020645844051614404,0.014368661679327488,0.039133861660957336,0.22925177216529846,0.8040395379066467,1
separate_e2e,42,large,865,8,0.0010368401417508721,0.03220000118017197,0.06294377148151398,0.16238978505134583,0.8056061863899231,1
separate_e2e,42,large,865,0,0.00010392837430117652,0.010194526985287666,0.04250390827655792,0.1895180344581604,0.8188733458518982,0
separate_e2e,42,medium,865,5,0.00019690765475388616,0.014032378792762756,0.023701980710029602,0.16459707915782928,0.7857776880264282,0
separate_e2e,42,large,865,7,0.0001001110504148528,0.010005551390349865,0.024072885513305664,0.05379854515194893,0.9422547817230225,1
separate_e2e,42,medium,865,3,8.432199683738872e-05,0.009182700887322426,0.042388953268527985,0.21899402141571045,0.8134511709213257,1
separate_e2e,42,small,2845,5,0.0003748481976799667,0.019360996782779694,0.09689532220363617,2.3166842460632324,0.21589383482933044,0
separate_e2e,42,small,2845,4,0.00021819038374815136,0.01477126870304346,0.06611974537372589,1.5315946340560913,0.3248620629310608,0
separate_e2e,42,medium,2845,2,0.0007038275361992419,0.026529747992753983,0.014395631849765778,0.1930829882621765,0.4582260549068451,0
separate_e2e,42,small,2845,0,0.0013659031828865409,0.036958128213882446,0.022650420665740967,0.3640485405921936,0.3220789432525635,0
separate_e2e,42,large,2845,1,0.0005745324306190014,0.023969406262040138,0.052436575293540955,0.2150748372077942,0.794050395488739,0
separate_e2e,42,small,2845,3,0.000637320801615715,0.025245213881134987,0.07621140778064728,1.7487874031066895,0.2793155014514923,0
separate_e2e,42,small,9537,0,0.008015267550945282,0.08952802419662476,0.12221291661262512,1.5044598579406738,0.1768646240234375,1
separate_e2e,42,large,9537,1,0.0013028774410486221,0.03609539195895195,0.03169339895248413,0.05661321058869362,0.8687098026275635,0
separate_e2e,42,large,5146,8,5.5978231102926657e-05,0.007481859996914864,0.03619040548801422,0.15813779830932617,0.8631455302238464,1
separate_e2e,42,large,5146,0,6.021944136591628e-05,0.007760118693113327,0.034437909722328186,0.086910180747509,0.8919747471809387,0
separate_e2e,42,large,5146,7,6.606816168641672e-05,0.008128232322633266,0.02192319929599762,0.057024821639060974,0.9453752636909485,1
separate_e2e,42,large,5146,1,0.00030648644315078855,0.017506754025816917,0.014642372727394104,0.03122049756348133,0.7954451441764832,0
separate_e2e,42,large,5146,6,0.001226948108524084,0.035027820616960526,0.04926463961601257,0.11319734156131744,0.8419641852378845,1
separate_e2e,42,large,5146,9,3.249947985750623e-05,0.005700831301510334,0.036317095160484314,0.18222443759441376,0.8390531539916992,1
separate_e2e,42,large,5146,3,0.00016047802637331188,0.012667992152273655,0.0732390284538269,0.42321282625198364,0.7020971775054932,0
separate_e2e,42,large,5146,4,6.20072241872549e-05,0.007874466478824615,0.06555534899234772,0.30905047059059143,0.7615469098091125,0
separate_e2e,42,large,5146,5,0.0002021954715019092,0.014219545759260654,0.014507859945297241,0.05087945610284805,0.8346483111381531,1
separate_e2e,42,large,5146,2,3.662268454718287e-06,0.001913705375045538,0.010706648230552673,0.06523071974515915,0.9349488019943237,0
separate_e2e,42,medium,4585,4,4.0832452214090154e-05,0.006390027701854706,0.023364149034023285,0.23278146982192993,0.7471150159835815,0
separate_e2e,42,small,4585,8,0.0012234135065227747,0.03497732803225517,0.037050798535346985,0.6290347576141357,0.3733244240283966,0
separate_e2e,42,medium,4585,5,7.634412759216502e-05,0.008737512864172459,0.003945089876651764,0.04777016118168831,0.763836681842804,0
separate_e2e,42,small,4585,10,0.003990560304373503,0.06317088007926941,0.06531576067209244,1.161810040473938,0.07244133949279785,0
separate_e2e,42,small,4585,6,0.0003338184324093163,0.018270699307322502,0.017771732062101364,0.3419418931007385,0.5087829828262329,0
separate_e2e,42,medium,4585,1,0.0005325785605236888,0.02307766303420067,0.03790775686502457,0.28298521041870117,0.6138768196105957,0
separate_e2e,42,medium,4585,11,5.076354500488378e-05,0.007124854251742363,0.04880659282207489,0.744719386100769,0.5525362491607666,0
separate_e2e,42,small,4585,9,6.12009534961544e-05,0.007823104038834572,0.00943676009774208,0.13950416445732117,0.6695518493652344,0
separate_e2e,42,small,4585,7,0.00023192014486994594,0.015228924341499805,0.06433863937854767,1.3127413988113403,0.40316516160964966,0
separate_e2e,42,small,4585,12,0.00012787478044629097,0.011308172717690468,0.0720730647444725,1.431422472000122,0.34259098768234253,0
separate_e2e,42,medium,4585,0,8.815595356281847e-05,0.009389140643179417,0.019187748432159424,0.09987462311983109,0.8520483374595642,0
separate_e2e,42,medium,4585,2,0.00016166470595635474,0.012714743614196777,0.019632503390312195,0.13332825899124146,0.7869004011154175,0
separate_e2e,42,medium,4585,3,0.0008506087469868362,0.029165197163820267,0.025683894753456116,0.2558417320251465,0.4890393614768982,0
separate_e2e,42,small,5239,3,0.0003143469803035259,0.017729833722114563,0.07874573767185211,1.47995126247406,0.36221393942832947,1
separate_e2e,42,medium,5239,1,0.016993315890431404,0.13035841286182404,0.2551150918006897,2.326132297515869,0.16127341985702515,1
separate_e2e,42,medium,5239,2,0.00029747921507805586,0.017247585579752922,0.051989197731018066,0.685758113861084,0.5328503847122192,1
separate_e2e,42,large,5239,0,0.0007084890967234969,0.02661745809018612,0.0436536967754364,0.12835508584976196,0.8345106840133667,1
separate_e2e,42,large,3145,0,0.0004361876053735614,0.020885104313492775,0.06628161668777466,0.0960846021771431,0.882235586643219,1
separate_e2e,42,large,3145,1,0.00016567758575547487,0.012871580198407173,0.03461769223213196,0.062148407101631165,0.9401541352272034,1
separate_e2e,42,medium,2520,4,0.00017770074191503227,0.013330443762242794,0.04695013165473938,0.34762269258499146,0.7049644589424133,1
separate_e2e,42,medium,2520,3,7.069089065225853e-07,0.0008407787536270916,0.007418818771839142,0.05279068648815155,0.9495468735694885,1
separate_e2e,42,small,2520,1,8.415596312261187e-06,0.0029009648133069277,0.02085970714688301,0.3184739351272583,0.7099637985229492,0
separate_e2e,42,small,2520,2,3.3132630051113665e-05,0.005756095051765442,0.015889868140220642,0.2010234296321869,0.830251932144165,0
separate_e2e,42,medium,2520,0,0.0003127593663521111,0.017685003578662872,0.015251792967319489,0.06414680182933807,0.7089213728904724,0
separate_e2e,42,large,7256,1,0.0002337327168788761,0.015288319438695908,0.05331471562385559,0.15169256925582886,0.8151031732559204,1
separate_e2e,42,large,7256,0,0.0004872730060014874,0.0220742616802454,0.0042884498834609985,0.022521991282701492,0.8226708769798279,0
separate_e2e,42,large,7256,2,9.116937144426629e-05,0.009548265486955643,0.006638459861278534,0.019996678456664085,0.8596704006195068,1
baseline,43,medium,6381,10,2.679549106687773e-05,0.00517643615603447,0.018113773316144943,0.1895521581172943,0.7655404210090637,1
baseline,43,small,6381,8,9.839501581154764e-05,0.009919426403939724,0.016101278364658356,0.15440519154071808,0.794733464717865,1
baseline,43,medium,6381,16,0.0003420493158046156,0.01849457621574402,0.03404221683740616,0.353350967168808,0.5727672576904297,0
baseline,43,small,6381,0,0.00026186450850218534,0.016182228922843933,0.011968240141868591,0.16019907593727112,0.5888268947601318,0
baseline,43,small,6381,11,3.252538590459153e-05,0.0057031032629311085,0.029062911868095398,0.5029979944229126,0.640698254108429,1
baseline,43,medium,6381,13,0.0004498630587477237,0.021209975704550743,0.08287316560745239,0.4381837844848633,0.6675100326538086,0
baseline,43,large,6381,7,0.0001949077850440517,0.013960937969386578,0.028095349669456482,0.1058058887720108,0.8821518421173096,1
baseline,43,large,6381,12,0.0004650532209780067,0.021565092727541924,0.07802075147628784,0.11508180946111679,0.8962613344192505,0
baseline,43,medium,6381,9,0.001455433783121407,0.03815014660358429,0.06600739806890488,0.31067684292793274,0.6188748478889465,1
baseline,43,medium,6381,5,0.00022002471087034792,0.014833229593932629,0.021182440221309662,0.17222489416599274,0.7345401644706726,1
baseline,43,large,6381,1,0.00020976661471650004,0.014483322389423847,0.041438907384872437,0.130912184715271,0.846566379070282,1
baseline,43,large,6381,2,0.0006279211957007647,0.025058355182409286,0.03798095881938934,0.1014779731631279,0.8643968105316162,1
baseline,43,large,6381,14,0.0011491267941892147,0.03389877453446388,0.03668403625488281,0.13872477412223816,0.660532534122467,1
baseline,43,large,6381,6,5.2447041525738314e-05,0.007242032792419195,0.017882272601127625,0.05165989696979523,0.9294293522834778,1
baseline,43,large,6381,3,0.0009139772155322134,0.030232056975364685,0.08516804873943329,0.3487100899219513,0.6790847778320312,1
baseline,43,medium,6381,15,7.722046575509012e-05,0.008787517435848713,0.00846613198518753,0.07155109196901321,0.8538466095924377,1
baseline,43,medium,6381,4,4.916529178444762e-06,0.002217324683442712,0.019604407250881195,0.1935207098722458,0.8347289562225342,1
baseline,43,large,4537,6,0.016850369051098824,0.12980897724628448,0.2800687551498413,0.5616415739059448,0.5217441320419312,1
baseline,43,medium,4537,5,0.00015975952555891126,0.012639601714909077,0.0277988463640213,0.2011808156967163,0.8123440146446228,0
baseline,43,large,4537,0,0.00014523460413329303,0.01205133181065321,0.05626481771469116,0.11391258984804153,0.8959535360336304,0
baseline,43,large,4537,4,0.00032929141889326274,0.018146388232707977,0.02882435917854309,0.11134190857410431,0.8124198913574219,0
baseline,43,large,4537,1,1.9718358089448884e-05,0.004440535791218281,0.02983132004737854,0.07276175916194916,0.9312939047813416,0
baseline,43,large,4537,2,0.00010513341112527996,0.01025345828384161,0.07106786966323853,0.2112152874469757,0.821952760219574,0
baseline,43,medium,4537,3,0.00010151670721825212,0.010075549595057964,0.021833792328834534,0.13541170954704285,0.8301644325256348,0
baseline,43,large,9896,0,0.0015111806569620967,0.038873907178640366,0.03512468934059143,0.0747753456234932,0.7971885800361633,0
baseline,43,large,7223,0,0.00018062519666273147,0.013439686968922615,0.01999509334564209,0.02636917307972908,0.954409122467041,1
baseline,43,large,1977,0,0.00013246305752545595,0.011509259231388569,0.020587444305419922,0.03410516679286957,0.9487780332565308,0
baseline,43,medium,5606,3,0.000587938935495913,0.02424745261669159,0.030422575771808624,0.22278088331222534,0.6255220174789429,1
baseline,43,large,5606,1,0.0019959425553679466,0.04467597231268883,0.12280011177062988,0.22123084962368011,0.8113770484924316,1
baseline,43,large,5606,2,0.0005308894906193018,0.02304103970527649,0.13976842164993286,0.21139377355575562,0.8106566071510315,1
baseline,43,large,5606,0,9.158240573015064e-05,0.009569869376718998,0.11671115458011627,0.3490229845046997,0.7276504635810852,0
baseline,43,medium,5606,4,1.4590281352866441e-05,0.003819722682237625,0.09944815188646317,0.9289994835853577,0.47846803069114685,1
baseline,43,large,8368,1,0.00036493095103651285,0.019103165715932846,0.05668395757675171,0.10177353024482727,0.8964883685112,1
baseline,43,large,8368,0,0.0037523386999964714,0.06125633418560028,0.1188545823097229,0.16002124547958374,0.7984579205513,0
baseline,43,large,6852,0,0.0012799951946362853,0.0357770211994648,0.010169059038162231,0.02615198865532875,0.7813253998756409,0
baseline,43,medium,6852,2,5.901637632632628e-05,0.007682211697101593,0.09599313139915466,0.6572720408439636,0.5932514667510986,0
baseline,43,large,6852,1,0.000585748057346791,0.02420223318040371,0.00891759991645813,0.027891600504517555,0.8299839496612549,1
baseline,43,large,5879,0,0.0010221198899671435,0.03197060897946358,0.06618726253509521,0.09019958972930908,0.8934335708618164,1
baseline,43,medium,4439,2,0.005227911751717329,0.07230430096387863,0.05229073762893677,0.7551507949829102,0.08901073038578033,0
baseline,43,medium,4439,1,0.0028985650278627872,0.053838323801755905,0.12094299495220184,0.6483746767044067,0.34129399061203003,0
baseline,43,medium,4439,3,0.00010389243834652007,0.01019276399165392,0.08955792337656021,0.87870192527771,0.42893967032432556,0
baseline,43,medium,4439,0,0.0015567624941468239,0.0394558310508728,0.036532431840896606,0.16471175849437714,0.5099647641181946,0
baseline,43,large,3369,2,0.004412660840898752,0.06642786413431168,0.145999014377594,0.18351349234580994,0.8095764517784119,0
baseline,43,medium,3369,0,0.00016138091450557113,0.012703578919172287,0.043581925332546234,0.6127403378486633,0.618039071559906,1
baseline,43,medium,3369,1,0.0004442717181518674,0.021077753975987434,0.08052025735378265,0.8692687153816223,0.5015901923179626,1
baseline,43,small,3369,3,0.0016961192013695836,0.041183967143297195,0.13523992896080017,2.037698268890381,0.24770089983940125,0
baseline,43,small,6062,1,4.148084917687811e-05,0.006440562661737204,0.02028031274676323,0.26418471336364746,0.7774989604949951,1
baseline,43,large,6062,0,3.5514069168129936e-05,0.00595936831086874,0.006821364164352417,0.01779068075120449,0.9585594534873962,1
baseline,43,small,6062,2,0.00033287517726421356,0.018244866281747818,0.07750721275806427,1.3724867105484009,0.36037975549697876,1
baseline,43,large,740,0,0.0002927638415712863,0.017110344022512436,0.009396955370903015,0.026949908584356308,0.9019659757614136,0
baseline,43,large,740,1,0.0004392534901853651,0.020958375185728073,0.03204159438610077,0.12006416916847229,0.8360043168067932,0
baseline,43,large,4031,0,0.0004790167440660298,0.021886451169848442,0.09189093112945557,0.20738881826400757,0.8031352758407593,0
baseline,43,large,4031,1,0.0011155398096889257,0.03339969739317894,0.027892887592315674,0.03783854469656944,0.8940247893333435,0
baseline,43,medium,4031,2,0.00011609052307903767,0.010774531401693821,0.006907299160957336,0.044376835227012634,0.7888541221618652,0
baseline,43,large,9724,0,0.0004133639740757644,0.020331354811787605,0.03748089075088501,0.04122217372059822,0.9300758838653564,1
baseline,43,large,7062,0,0.0002675371360965073,0.016356563195586205,0.04048717021942139,0.04547969996929169,0.9484121799468994,0
baseline,43,large,9755,1,0.00026510952739045024,0.016282184049487114,0.03511781990528107,0.16374798119068146,0.7999413013458252,1
baseline,43,large,9755,0,0.0008572544320486486,0.029278907924890518,0.040364205837249756,0.0627843365073204,0.8928177952766418,0
baseline,43,large,3808,0,0.0008723388891667128,0.029535382986068726,0.017007827758789062,0.01855844259262085,0.9133419990539551,0
baseline,43,large,5478,1,0.0006677015335299075,0.025839921087026596,0.0350002646446228,0.162326842546463,0.7391443252563477,1
baseline,43,large,5478,2,0.00026507361326366663,0.01628108136355877,0.026609867811203003,0.04412215203046799,0.9202309250831604,1
baseline,43,large,5478,0,0.0010322865564376116,0.03212921693921089,0.05513852834701538,0.0785108283162117,0.8816802501678467,0
baseline,43,large,5478,3,0.019483430311083794,0.1395830661058426,0.035669684410095215,0.12131954729557037,0.5208131074905396,1
baseline,43,large,7905,0,0.0017240454908460379,0.04152162745594978,0.024163246154785156,0.04261445254087448,0.8361490964889526,1
baseline,43,large,8633,0,0.0003251172893214971,0.018031008541584015,0.03175899386405945,0.11870922893285751,0.8473864793777466,0
baseline,43,medium,8633,1,0.0001827674568630755,0.013519151136279106,0.11435748636722565,0.4951432943344116,0.6433769464492798,0
baseline,43,large,8633,3,0.003070632228627801,0.05541328713297844,0.14323902130126953,0.20760630071163177,0.8098049759864807,0
baseline,43,large,8633,2,0.00443442165851593,0.06659145653247833,0.05997946858406067,0.11735668778419495,0.7754204869270325,0
baseline,43,large,1918,1,0.0002709185937419534,0.01645960472524166,0.041238442063331604,0.1823652684688568,0.8276090025901794,1
baseline,43,large,1918,0,0.0003016681002918631,0.01736859604716301,0.05227188766002655,0.12872529029846191,0.7851659059524536,1
baseline,43,large,4405,3,0.0006548588862642646,0.025590211153030396,0.04021793603897095,0.10708002001047134,0.8343382477760315,1
baseline,43,large,4405,0,0.001406242372468114,0.03749989718198776,0.16502118110656738,0.2704063355922699,0.7762889266014099,0
baseline,43,large,4405,2,0.0019280518172308803,0.04390958696603775,0.0750882625579834,0.16990500688552856,0.6628807783126831,1
baseline,43,large,4405,1,0.0014792399015277624,0.03846088796854019,0.1413598358631134,0.31398072838783264,0.7214899063110352,0
baseline,43,large,8443,0,0.0006967805093154311,0.026396600529551506,0.003829747438430786,0.010274394415318966,0.8261988759040833,0
baseline,43,large,6654,2,0.000188054284080863,0.013713289052248001,0.05999147891998291,0.16900232434272766,0.8468961715698242,1
baseline,43,large,6654,1,0.0012010082136839628,0.03465556725859642,0.07255035638809204,0.18247410655021667,0.816967785358429,1
baseline,43,large,6654,0,7.45927172829397e-05,0.008636707440018654,0.03329235315322876,0.04307872802019119,0.9584327340126038,1
baseline,43,large,1938,0,0.00018649845151230693,0.013656443916261196,0.00594860315322876,0.00665048323571682,0.9607685804367065,1
baseline,43,large,6190,0,0.003681725822389126,0.06067722663283348,0.14721190929412842,0.21590347588062286,0.7847655415534973,0
baseline,43,large,5214,0,0.0006570870755240321,0.025633709505200386,0.04659396409988403,0.05671295151114464,0.9031761288642883,1
baseline,43,large,6020,0,9.820456034503877e-05,0.009909821674227715,0.01158154010772705,0.016526149585843086,0.9637314081192017,0
baseline,43,medium,6020,1,0.0004900087951682508,0.02213614247739315,0.01906312257051468,0.19046775996685028,0.7254787683486938,1
baseline,43,large,9192,0,0.002234232146292925,0.04726766422390938,0.007651805877685547,0.010851619765162468,0.8838224411010742,0
baseline,43,large,849,0,5.9319812862668186e-05,0.007701935712248087,0.037952154874801636,0.07744985073804855,0.922569751739502,0
baseline,43,medium,3003,3,0.0020436637569218874,0.04520690068602562,0.12088646739721298,0.5730648040771484,0.4649398922920227,1
baseline,43,large,3003,0,0.003374206367880106,0.058087918907403946,0.03645029664039612,0.09810203313827515,0.7128114700317383,1
baseline,43,large,3003,2,0.014807363972067833,0.12168551236391068,0.06427721679210663,0.3274894952774048,0.21987596154212952,1
baseline,43,large,3003,1,0.0033266362734138966,0.057677000761032104,0.08478754758834839,0.2411857545375824,0.6644026637077332,1
baseline,43,large,7900,1,0.0001749523653415963,0.013226956129074097,0.036549508571624756,0.036910898983478546,0.9568169713020325,0
baseline,43,large,7900,0,0.00021882279543206096,0.014792660251259804,0.0677027702331543,0.1782444715499878,0.8442078232765198,0
baseline,43,medium,8095,0,0.0002999515854753554,0.01731911115348339,0.11388389021158218,0.5637256503105164,0.5067350268363953,0
baseline,43,large,8095,1,3.2546547572565032e-06,0.0018040661234408617,0.03294369578361511,0.09542478621006012,0.9057778120040894,0
baseline,43,large,3781,1,0.001373529201373458,0.03706115484237671,0.020685017108917236,0.026570536196231842,0.8596809506416321,1
baseline,43,large,3781,0,0.0015309045556932688,0.03912677615880966,0.06172531843185425,0.0992143377661705,0.8541349172592163,1
baseline,43,medium,3781,2,3.031839878531173e-05,0.005506214685738087,0.049781784415245056,0.45015662908554077,0.6748173236846924,1
baseline,43,large,5588,0,0.00016144616529345512,0.012706146575510502,0.017577126622200012,0.07457845658063889,0.8579197525978088,1
baseline,43,large,8628,0,0.00044820253970101476,0.02117079496383667,0.08657802641391754,0.2911265194416046,0.7503430843353271,0
baseline,43,medium,8628,1,0.004664870444685221,0.06829985976219177,0.05716682970523834,0.33388081192970276,0.33215925097465515,0
baseline,43,large,8628,2,0.002455869223922491,0.04955672845244408,0.10608571767807007,0.14290861785411835,0.8163459300994873,0
baseline,43,large,8628,3,0.0002469708560965955,0.015715306624770164,0.019283980131149292,0.038544416427612305,0.9289910197257996,1
baseline,43,large,5314,0,0.0033316221088171005,0.057720206677913666,0.02672731876373291,0.03752107545733452,0.8442744016647339,0
baseline,43,small,8292,3,0.0003217827470507473,0.01793830469250679,0.03626365214586258,0.9055418372154236,0.3585246801376343,0
baseline,43,medium,8292,1,0.0012060200097039342,0.0347278006374836,0.024367492645978928,0.38152191042900085,0.26809704303741455,0
baseline,43,small,8292,5,0.0010803741170093417,0.032869044691324234,0.1004897952079773,6.280616283416748,0.052602071315050125,0
baseline,43,medium,8292,0,8.789645653450862e-05,0.009375311434268951,0.030407607555389404,0.38848602771759033,0.696928858757019,0
baseline,43,small,8292,2,0.0002475704241078347,0.015734370797872543,0.03958238288760185,0.7782697677612305,0.49770697951316833,0
baseline,43,small,8292,4,0.0004162904224358499,0.020403197035193443,0.04634861275553703,2.2043962478637695,0.161447212100029,0
baseline,43,large,8338,0,0.0014456012286245823,0.038021061569452286,0.08541956543922424,0.16411182284355164,0.8234843015670776,0
baseline,43,large,6949,0,0.0004349095979705453,0.020854486152529716,0.05414736270904541,0.06693441420793533,0.9323088526725769,1
baseline,43,large,7154,0,5.423261973191984e-05,0.007364280056208372,0.07426255941390991,0.16942580044269562,0.8523308634757996,1
baseline,43,large,5940,2,0.00035112869227305055,0.018738428130745888,0.039486512541770935,0.12196183949708939,0.8586834073066711,1
baseline,43,large,5940,3,7.437902968376875e-05,0.00862432736903429,0.03240576386451721,0.10165925323963165,0.8958239555358887,1
baseline,43,large,5940,4,0.0006971662514843047,0.02640390582382679,0.07927945256233215,0.1921367198228836,0.8169665932655334,1
baseline,43,large,5940,1,0.00025045726215466857,0.015825841575860977,0.030780315399169922,0.08942247927188873,0.8803528547286987,1
baseline,43,large,5940,0,0.003971334546804428,0.06301852315664291,0.06091335415840149,0.07646268606185913,0.8482196927070618,1
baseline,43,large,5940,5,2.223891715402715e-05,0.004715815652161837,0.027837693691253662,0.05524497106671333,0.945196807384491,1
baseline,43,large,851,0,0.0005650026141665876,0.023769782856106758,0.052013248205184937,0.10138989984989166,0.8678432106971741,0
baseline,43,large,851,1,0.0023770404513925314,0.04875490069389343,0.11229798197746277,0.2781406044960022,0.7010217905044556,1
baseline,43,medium,2047,0,0.00017299277533311397,0.013152671977877617,0.033099450170993805,0.2925068736076355,0.6942400336265564,0
baseline,43,medium,6404,0,4.4806110963691026e-05,0.006693736650049686,0.0070458948612213135,0.08127924054861069,0.820728600025177,0
baseline,43,large,7536,0,0.001210558577440679,0.03479308262467384,0.05308842658996582,0.1036883294582367,0.8553706407546997,0
baseline,43,large,7536,1,0.0003213497984688729,0.017926232889294624,0.07014700770378113,0.13017886877059937,0.8444029688835144,0
baseline,43,large,8252,0,8.45169197418727e-05,0.009193308651447296,0.03517821431159973,0.09454203397035599,0.9067561626434326,0
baseline,43,large,1206,1,0.0004029140982311219,0.02007272094488144,0.029040224850177765,0.16194796562194824,0.8164995312690735,0
baseline,43,large,1206,0,8.55350008350797e-05,0.009248513728380203,0.003998845815658569,0.005301191937178373,0.9310318827629089,1
baseline,43,large,4121,1,1.4283495147537906e-05,0.003779351245611906,0.01661050319671631,0.059566646814346313,0.94374018907547,1
baseline,43,medium,4121,2,4.654547956306487e-05,0.006822424940764904,0.0366787314414978,0.21927711367607117,0.8127110004425049,1
baseline,43,large,4121,0,8.690851245773956e-05,0.009322473779320717,0.049945950508117676,0.22867214679718018,0.7812327146530151,1
baseline,43,large,4857,13,0.00042026914888992906,0.020500466227531433,0.032523155212402344,0.0845453217625618,0.8641905188560486,1
baseline,43,small,4857,3,0.0008348672417923808,0.02889406867325306,0.024914562702178955,0.596204400062561,0.42077869176864624,1
baseline,43,medium,4857,2,4.03075318899937e-06,0.002007673494517803,0.03326824679970741,0.22094190120697021,0.7532054781913757,1
baseline,43,large,4857,12,0.00038180648698471487,0.01953986845910549,0.006187111139297485,0.015238886699080467,0.8758442997932434,1
baseline,43,large,4857,6,0.0003007973136845976,0.017343509942293167,0.025263726711273193,0.0553986057639122,0.9023270606994629,0
baseline,43,large,4857,0,0.0003502948675304651,0.01871616579592228,0.04735445976257324,0.09583823382854462,0.8526158332824707,1
baseline,43,large,4857,11,0.0005526542663574219,0.023508599027991295,0.12386900186538696,0.3474658727645874,0.7392082810401917,0
baseline,43,small,4857,5,0.00030846078880131245,0.017563052475452423,0.00707133486866951,0.14630244672298431,0.635453999042511,1
baseline,43,small,4857,10,0.0002865596325136721,0.01692807301878929,0.03164274990558624,0.4843364953994751,0.6056943535804749,1
baseline,43,medium,4857,7,0.0015056972624734044,0.03880331665277481,0.06117470562458038,0.3649403154850006,0.5354118943214417,0
baseline,43,large,4857,1,3.0211069315555505e-05,0.005496459547430277,0.03302907943725586,0.06172173097729683,0.9410392642021179,1
baseline,43,medium,4857,9,0.0003323623677715659,0.018230808898806572,0.0884522944688797,0.7274796366691589,0.4357673227787018,0
baseline,43,medium,4857,14,0.0010646061273291707,0.03262830153107643,0.08223797380924225,0.32987621426582336,0.7360910773277283,0
baseline,43,medium,4857,8,0.00039178034057840705,0.019793441519141197,0.05588538944721222,0.4146937131881714,0.6772967576980591,0
baseline,43,small,4857,4,0.0005672043189406395,0.023816050961613655,0.041940610855817795,0.6896799802780151,0.3152296841144562,1
baseline,43,medium,3759,3,4.210296174278483e-05,0.006488679442554712,0.02527773380279541,0.09637407958507538,0.8741890788078308,0
baseline,43,large,3759,2,0.000113555186544545,0.010656227357685566,0.039725810289382935,0.1057276651263237,0.903879702091217,1
baseline,43,large,3759,0,0.00023549752950202674,0.015345929190516472,0.027060478925704956,0.0844176858663559,0.8945656418800354,1
baseline,43,large,3759,1,0.0001344656920991838,0.011595934629440308,0.023281648755073547,0.12303677201271057,0.8705406785011292,1
baseline,43,large,5057,1,0.00012966047506779432,0.011386855505406857,0.019161760807037354,0.041589945554733276,0.9337236881256104,1
baseline,43,medium,5057,2,6.66308551444672e-05,0.00816277228295803,0.008408024907112122,0.057504408061504364,0.8980942368507385,0
baseline,43,large,5057,0,0.00043487834045663476,0.020853737369179726,0.04267045855522156,0.08497868478298187,0.8611066341400146,0
baseline,43,large,6296,1,0.00011416072811698541,0.010684601962566376,0.03333541750907898,0.08465162664651871,0.9212172031402588,1
baseline,43,large,6296,0,0.00019225756113883108,0.0138656971976161,0.08077788352966309,0.22438225150108337,0.8151061534881592,1
baseline,43,large,6296,2,0.00014615640975534916,0.012089516967535019,0.046409040689468384,0.11521433293819427,0.8956671357154846,1
baseline,43,large,3351,0,4.629060276784003e-05,0.0068037197925150394,0.03320515155792236,0.05413147062063217,0.9380190968513489,1
baseline,43,large,3673,0,8.579556742915884e-05,0.009262589737772942,0.03145456314086914,0.05260956287384033,0.927050769329071,0
baseline,43,large,3673,1,0.0002129866770701483,0.01459406316280365,0.076438307762146,0.16184845566749573,0.8602532744407654,0
baseline,43,medium,3330,1,0.00015441581490449607,0.012426416389644146,0.023574262857437134,0.10845936834812164,0.8012676239013672,0
baseline,43,large,3330,0,0.0009986420627683401,0.03160129860043526,0.013014301657676697,0.039572037756443024,0.7669539451599121,0
baseline,43,medium,3838,4,0.0002673588169272989,0.016351111233234406,0.04058294743299484,0.14077411592006683,0.6726027131080627,1
baseline,43,large,3838,3,0.0006819957052357495,0.026115046814084053,0.0504801869392395,0.1144547164440155,0.8129469752311707,1
baseline,43,large,3838,0,0.00019844889175146818,0.014087188988924026,0.04928386211395264,0.16693545877933502,0.848927915096283,1
baseline,43,large,3838,1,0.0013101650401949883,0.03619620203971863,0.01618337631225586,0.024884581565856934,0.8457033038139343,1
baseline,43,medium,3838,5,0.0036276152823120356,0.06022968888282776,0.07925107330083847,0.739581286907196,0.4407947361469269,1
baseline,43,large,3838,2,7.879688928369433e-05,0.008876761421561241,0.013532251119613647,0.044278405606746674,0.9423267841339111,1
baseline,43,large,6759,0,0.00039198354352265596,0.019798574969172478,0.039916813373565674,0.050570838153362274,0.9159609079360962,0
baseline,43,medium,1532,7,0.0005643797339871526,0.02375667728483677,0.06863085925579071,0.35153961181640625,0.7357040643692017,1
baseline,43,medium,1532,8,9.591267371433787e-06,0.00309697724878788,0.1171255111694336,1.7803021669387817,0.30554839968681335,1
baseline,43,medium,1532,0,0.0005003383266739547,0.02236824296414852,0.02612367272377014,0.18778501451015472,0.6718763709068298,1
baseline,43,small,1532,5,0.0014368192059919238,0.03790539875626564,0.09601201862096786,1.8065179586410522,0.24690648913383484,0
baseline,43,small,1532,6,0.0006812504725530744,0.026100775226950645,0.0383775420486927,0.8560158014297485,0.2890094518661499,0
baseline,43,medium,1532,3,1.2476065421651583e-05,0.0035321475006639957,0.026795879006385803,0.16351187229156494,0.8431575894355774,0
baseline,43,medium,1532,4,0.00014987235772423446,0.01224223617464304,0.03650543838739395,0.36855050921440125,0.7172613739967346,0
baseline,43,small,1532,1,0.0006936774589121342,0.02633775770664215,0.08035533875226974,1.084452509880066,0.43121108412742615,1
baseline,43,medium,1532,2,1.1094453839177731e-05,0.0033308337442576885,0.012265495955944061,0.09215101599693298,0.9054678082466125,0
baseline,43,small,1532,9,0.0012013226514682174,0.03466010093688965,0.022687196731567383,0.23029103875160217,0.15136483311653137,1
baseline,43,large,3886,0,0.0005861594690941274,0.0242107305675745,0.005122333765029907,0.0075338054448366165,0.8878352642059326,0
baseline,43,large,3335,5,0.003911166451871395,0.06253931671380997,0.09097670018672943,0.3296647071838379,0.5326074361801147,1
baseline,43,large,3335,4,0.0018467125482857227,0.042973391711711884,0.0625220388174057,0.16666178405284882,0.7038298845291138,1
baseline,43,medium,3335,6,0.0001943105598911643,0.013939532451331615,0.09440615028142929,0.7785472273826599,0.5369696617126465,1
baseline,43,large,3335,1,0.0023154488299041986,0.048119109123945236,0.06691300868988037,0.3346082866191864,0.5278171896934509,1
baseline,43,medium,3335,0,7.148613804019988e-05,0.008454947732388973,0.02026379108428955,0.09151987731456757,0.9091914296150208,1
baseline,43,medium,3335,2,0.0025539351627230644,0.05053647235035896,0.061577554792165756,0.5109166502952576,0.23437659442424774,1
baseline,43,large,3335,3,0.0005390110309235752,0.02321661077439785,0.005457013845443726,0.013660559430718422,0.9013129472732544,1
baseline,43,large,5065,0,0.0018312066094949841,0.04279259964823723,0.12185770273208618,0.154472216963768,0.8624251484870911,1
baseline,43,large,5253,0,0.00029253357206471264,0.017103612422943115,0.045209527015686035,0.07426366955041885,0.9261598587036133,0
baseline,43,medium,4281,1,0.0016745900502428412,0.04092175513505936,0.08121011406183243,0.4311893582344055,0.6073489785194397,1
baseline,43,large,4281,0,0.00032878428464755416,0.018132409080863,0.009256333112716675,0.017006047070026398,0.9134936332702637,0
baseline,43,large,1758,0,0.0004614022618625313,0.021480275318026543,0.08971485495567322,0.4507982134819031,0.6604622006416321,0
baseline,43,large,1758,1,0.0007321932935155928,0.027059070765972137,0.06646648049354553,0.11565452814102173,0.8706696629524231,1
baseline,43,large,756,0,0.00024474921519868076,0.015644462779164314,0.04187685251235962,0.06155704706907272,0.9266698956489563,0
baseline,43,large,6295,1,0.00022921556956134737,0.0151398666203022,0.08268222212791443,0.38994884490966797,0.6841222643852234,0
baseline,43,large,6295,2,0.0012472111266106367,0.035315874963998795,0.05205048620700836,0.18694275617599487,0.6789252161979675,0
baseline,43,large,6295,0,0.0005105577292852104,0.022595524787902832,0.015250369906425476,0.06442151218652725,0.813352108001709,0
baseline,43,large,9072,0,0.005410793237388134,0.07355809211730957,0.19705435633659363,0.407795786857605,0.660555899143219,1
baseline,43,medium,9032,0,0.006728552281856537,0.08202775567770004,0.10667744278907776,1.2780040502548218,0.13944712281227112,0
baseline,43,large,9032,1,9.085802048502956e-07,0.0009531947434879839,0.05106109380722046,0.13386428356170654,0.8695166707038879,0
baseline,43,large,9032,2,0.0006621329812332988,0.025731945410370827,0.05302104353904724,0.16083860397338867,0.798078715801239,0
baseline,43,large,4168,1,0.005552159156650305,0.07451280951499939,0.036397784948349,0.19158299267292023,0.3912370800971985,1
baseline,43,large,4168,0,1.8104039554600604e-05,0.004254884086549282,0.07570137083530426,0.21884751319885254,0.793123185634613,0
baseline,43,large,7691,0,0.00037034155684523284,0.01924426108598709,0.041248321533203125,0.07884855568408966,0.8933375477790833,1
baseline,43,large,140,1,0.0003952201805077493,0.01988014578819275,0.058791935443878174,0.12883949279785156,0.8561896681785583,0
baseline,43,large,140,0,0.0008170868968591094,0.028584731742739677,0.21755054593086243,0.5026260614395142,0.6397085785865784,0
baseline,43,medium,6855,2,2.854027843568474e-05,0.005342310294508934,0.011470004916191101,0.10842345654964447,0.8802070021629333,1
baseline,43,medium,6855,1,0.00020371230493765324,0.014272782020270824,0.028254613280296326,0.22545039653778076,0.7291758060455322,1
baseline,43,large,6855,0,0.003180911298841238,0.056399568915367126,0.0758582353591919,0.09280481934547424,0.8288058042526245,0
baseline,43,large,2063,6,3.8594313082285225e-05,0.006212431937456131,0.060770511627197266,0.2523791790008545,0.7491564750671387,1
baseline,43,large,2063,0,0.0032152722124010324,0.056703370064496994,0.06799986958503723,0.10764180123806,0.8218909502029419,0
baseline,43,medium,2063,3,0.002200630959123373,0.046910881996154785,0.008816927671432495,0.05983058363199234,0.4404558539390564,1
baseline,43,medium,2063,2,0.0008191539091058075,0.02862086519598961,0.015487581491470337,0.13401202857494354,0.601649284362793,1
baseline,43,large,2063,4,0.0011680156458169222,0.03417624533176422,0.0305178165435791,0.12888166308403015,0.7698076963424683,1
baseline,43,medium,2063,1,3.982308044214733e-05,0.006310553289949894,0.013346254825592041,0.10572288930416107,0.8755077123641968,1
baseline,43,large,2063,5,0.0006384337320923805,0.02526724711060524,0.030761301517486572,0.07522179931402206,0.829738438129425,1
baseline,43,large,9776,1,0.004610092844814062,0.06789766252040863,0.0497317910194397,0.10213099420070648,0.7694476246833801,0
baseline,43,large,9776,2,2.8776472390745766e-05,0.005364370532333851,0.00596955418586731,0.022247273474931717,0.9494444131851196,1
baseline,43,large,9776,0,0.000393999827792868,0.01984942890703678,0.04588121175765991,0.13883332908153534,0.8619272112846375,1
baseline,43,large,2129,1,0.00014756685413885862,0.012147709727287292,0.05878321826457977,0.23521079123020172,0.7974869608879089,0
baseline,43,large,2129,3,8.856471686158329e-05,0.00941088330000639,0.02871003746986389,0.07693317532539368,0.9201990962028503,0
baseline,43,large,2129,0,0.00021276585175655782,0.014586495235562325,0.03667677938938141,0.18579746782779694,0.7901484370231628,0
baseline,43,large,2129,2,0.0005011370521970093,0.022386090829968452,0.04887402057647705,0.17873229086399078,0.8040686249732971,0
baseline,43,medium,6348,0,6.239289359655231e-05,0.00789891742169857,0.005915060639381409,0.03930511325597763,0.9229050874710083,0
baseline,43,large,6348,1,9.490786760579795e-05,0.009742067195475101,0.028204798698425293,0.04844661056995392,0.9519219398498535,0
baseline,43,medium,2940,4,9.541557665215805e-05,0.009768089279532433,0.009104564785957336,0.14280956983566284,0.7025365233421326,0
baseline,43,large,2940,0,0.0007919505587778986,0.02814161591231823,0.07549494504928589,0.1817793846130371,0.7637878060340881,0
baseline,43,small,2940,1,7.705416646786034e-05,0.008778050541877747,0.016539182513952255,0.3269435167312622,0.6764670014381409,0
baseline,43,small,2940,3,6.365984154399484e-05,0.00797871220856905,0.009549994021654129,0.14805486798286438,0.7335987091064453,0
baseline,43,large,2940,6,0.00029731765971519053,0.017242901027202606,0.023747503757476807,0.05644640326499939,0.9128032326698303,1
baseline,43,medium,2940,5,0.00012590945698320866,0.01122093852609396,0.028647296130657196,0.16908086836338043,0.8411251902580261,0
baseline,43,small,2940,2,0.0002911787305492908,0.017063960433006287,0.03253123164176941,0.6108094453811646,0.34615927934646606,0
baseline,43,large,4100,0,0.00353872193954885,0.05948715656995773,0.062212586402893066,0.17067000269889832,0.6695044040679932,0
baseline,43,large,2953,0,3.8137910451041535e-05,0.006175589747726917,0.022216305136680603,0.05397668108344078,0.9378436207771301,0
baseline,43,large,2953,2,0.001405511051416397,0.03749014437198639,0.026508525013923645,0.08989149332046509,0.6094492673873901,0
baseline,43,large,2953,1,5.8387242461321875e-05,0.00764115434139967,0.035824745893478394,0.0867881253361702,0.9143588542938232,0
baseline,43,large,2953,3,0.0012900913134217262,0.03591784089803696,0.013597190380096436,0.033051952719688416,0.8350062370300293,0
baseline,43,medium,2953,4,0.0004437566676642746,0.02106553316116333,0.03506256639957428,0.2222250998020172,0.7188743948936462,0
baseline,43,large,8933,0,0.00012093751138309017,0.010997159406542778,0.03059011697769165,0.08984081447124481,0.9095758199691772,0
baseline,43,medium,8933,2,0.001593473250977695,0.039918333292007446,0.041257344186306,0.3217429518699646,0.43262243270874023,0
baseline,43,medium,8933,1,0.006600179243832827,0.08124148845672607,0.05495305359363556,0.4642781913280487,0.09912697970867157,0
baseline,43,large,763,0,0.00033802204416133463,0.018385374918580055,0.033565253019332886,0.11033861339092255,0.8599759936332703,0
baseline,43,small,754,1,0.0003002116864081472,0.01732661761343479,0.05708542466163635,1.0358779430389404,0.4340638518333435,0
baseline,43,medium,754,2,0.00017084951105061918,0.013070941902697086,0.11391184478998184,0.977083146572113,0.48348909616470337,0
baseline,43,small,754,3,3.2274670957122e-05,0.005681080278009176,0.018051747232675552,0.285988450050354,0.7673550248146057,1
baseline,43,medium,754,0,0.0017872733296826482,0.042276155203580856,0.03143078088760376,0.11651134490966797,0.6925613284111023,0
baseline,43,large,9942,0,0.0006460864678956568,0.025418231263756752,0.054546207189559937,0.12521500885486603,0.8513386845588684,1
baseline,43,large,9942,2,2.1328332877601497e-05,0.004618261009454727,0.07782739400863647,0.15796156227588654,0.8635574579238892,1
baseline,43,large,9942,1,0.0007912341970950365,0.028128884732723236,0.011461615562438965,0.013993335887789726,0.9171390533447266,1
baseline,43,large,2567,0,0.0001222657156176865,0.011057382449507713,0.02117002010345459,0.030171263962984085,0.9596338868141174,0
baseline,43,large,9869,0,0.00043641941738314927,0.020890653133392334,0.050559818744659424,0.06403407454490662,0.9257959723472595,1
baseline,43,large,5579,0,0.0001262983278138563,0.011238252744078636,0.037913769483566284,0.12719744443893433,0.8777273893356323,0
baseline,43,large,5579,1,0.0012658603955060244,0.035578932613134384,0.047994762659072876,0.14334051311016083,0.7505257725715637,0
baseline,43,medium,4464,2,9.060776392288972e-06,0.003010112326592207,0.03177463263273239,0.2806054353713989,0.7294264435768127,0
baseline,43,large,4464,1,1.6159596270881593e-05,0.0040199002251029015,0.015542477369308472,0.03117806650698185,0.9679155349731445,1
baseline,43,large,4464,0,4.423635618877597e-05,0.006651041563600302,0.01661337912082672,0.0401507206261158,0.9007971882820129,0
baseline,43,large,4020,2,9.662350748840254e-06,0.0031084322836250067,0.041963204741477966,0.13567903637886047,0.8685725927352905,0
baseline,43,large,4020,0,0.00047852739226073027,0.02187526971101761,0.022695332765579224,0.07608567178249359,0.8035812973976135,1
baseline,43,medium,4020,1,4.302026718505658e-05,0.006558983586728573,0.05004310607910156,0.7560909986495972,0.5485411286354065,1
baseline,43,large,3116,0,0.002931208349764347,0.05414063483476639,0.1872466802597046,0.2358521670103073,0.7772822976112366,0
baseline,43,large,865,4,0.00030926248291507363,0.017585860565304756,0.04675614833831787,0.1877094805240631,0.7877962589263916,1
baseline,43,medium,865,1,0.00040830220677889884,0.02020648866891861,0.05355815589427948,0.3887133300304413,0.6413552165031433,1
baseline,43,large,865,0,5.6967281125253066e-05,0.007547667250037193,0.06449660658836365,0.27757763862609863,0.74164879322052,0
baseline,43,small,865,6,5.049447645433247e-05,0.0071059465408325195,0.014276329427957535,0.5721203684806824,0.5714455842971802,0
baseline,43,large,865,7,0.0001479421043768525,0.01216314546763897,0.021182715892791748,0.03809832036495209,0.9535964131355286,1
baseline,43,medium,865,2,0.00019584053370635957,0.013994303531944752,0.005092993378639221,0.03481219708919525,0.805446445941925,1
baseline,43,large,865,8,0.00038657791446894407,0.019661584869027138,0.003928855061531067,0.014256533235311508,0.8696058988571167,1
baseline,43,medium,865,3,0.00010526180994929746,0.0102597177028656,0.05123197287321091,0.27571970224380493,0.7701405882835388,0
baseline,43,medium,865,5,0.00015358353266492486,0.012392882257699966,0.0235663503408432,0.16365519165992737,0.7779941558837891,0
baseline,43,medium,2845,2,0.0005506894085556269,0.023466773331165314,0.04745655506849289,0.631382405757904,0.36126700043678284,0
baseline,43,small,2845,4,3.594243389670737e-05,0.005995200946927071,0.06415116786956787,1.3706493377685547,0.37647536396980286,0
baseline,43,small,2845,3,3.2217547413893044e-05,0.005676050204783678,0.1008233055472374,2.280879497528076,0.2245408296585083,0
baseline,43,large,2845,1,0.0004562914546113461,0.021360980346798897,0.017936870455741882,0.08328865468502045,0.8209100961685181,0
baseline,43,small,2845,5,0.0009388896869495511,0.030641306191682816,0.07797285169363022,1.8916712999343872,0.2378060668706894,0
baseline,43,small,2845,0,0.00019059469923377037,0.013805603608489037,0.050788599997758865,0.9486669898033142,0.44068947434425354,0
baseline,43,large,9537,1,0.002199893118813634,0.04690301790833473,0.06630933284759521,0.11292444169521332,0.8346226811408997,0
baseline,43,small,9537,0,0.03266181796789169,0.1807258129119873,0.06968232244253159,0.7337981462478638,0.0,1
baseline,43,large,5146,3,0.0001888644037535414,0.013742794282734394,0.023675456643104553,0.07995645701885223,0.8135043978691101,0
baseline,43,large,5146,4,0.0007543692481704056,0.027465783059597015,0.005902513861656189,0.020921872928738594,0.7457941174507141,0
baseline,43,large,5146,1,0.0003215764299966395,0.017932552844285965,0.03204585611820221,0.08754225075244904,0.7742428183555603,0
baseline,43,large,5146,8,9.014151873998344e-05,0.009494288824498653,0.03944075107574463,0.2028830349445343,0.8311754465103149,1
baseline,43,large,5146,5,0.00012078099098289385,0.010990040376782417,0.024505257606506348,0.12801527976989746,0.86663818359375,1
baseline,43,large,5146,9,0.00044465193059295416,0.02108677104115486,0.06627313792705536,0.17446690797805786,0.8466419577598572,1
baseline,43,large,5146,2,0.0002938233665190637,0.017141276970505714,0.011955156922340393,0.03255641460418701,0.870926022529602,0
baseline,43,large,5146,7,1.5189234545687214e-05,0.0038973367772996426,0.020608752965927124,0.04289316385984421,0.9364725351333618,1
baseline,43,large,5146,0,0.0004940936923958361,0.022228218615055084,0.06799231469631195,0.3351672291755676,0.6662172675132751,0
baseline,43,large,5146,6,0.0005925220903009176,0.024341776967048645,0.014709621667861938,0.04730837792158127,0.7576308250427246,1
baseline,43,small,4585,6,8.736731979297474e-05,0.009347048588097095,0.02977820113301277,0.5497233271598816,0.5917039513587952,0
baseline,43,medium,4585,11,5.067128950031474e-05,0.007118376903235912,0.022153519093990326,0.3420047163963318,0.6387710571289062,0
baseline,43,medium,4585,1,4.519487265497446e-05,0.006722713354974985,0.010192811489105225,0.08127609640359879,0.8602437376976013,0
baseline,43,medium,4585,2,0.0011803924571722746,0.03435683995485306,0.016233772039413452,0.10279963165521622,0.5538763403892517,0
baseline,43,medium,4585,3,0.002341941697522998,0.0483936108648777,0.1887456625699997,1.873085856437683,0.27026134729385376,0
baseline,43,small,4585,8,0.0018592074047774076,0.04311852902173996,0.018383990973234177,0.5347413420677185,0.31765565276145935,0
baseline,43,small,4585,10,0.004279979970306158,0.06542155891656876,0.05643167719244957,1.0328781604766846,0.07626152038574219,0
baseline,43,small,4585,7,0.00011007580178556964,0.010491701774299145,0.03195992857217789,0.6171752214431763,0.5760156512260437,0
baseline,43,medium,4585,0,2.398196102149086e-06,0.00154861097689718,0.006860226392745972,0.03709321469068527,0.9637418985366821,0
baseline,43,small,4585,12,0.0007381170289590955,0.027168309316039085,0.03934309631586075,0.7811282277107239,0.30782797932624817,0
baseline,43,small,4585,9,9.14401482532412e-07,0.0009562434279359877,0.0031674616038799286,0.06635237485170364,0.9376958608627319,0
baseline,43,medium,4585,5,0.00015674914175178856,0.012519950047135353,0.03592539206147194,0.44046223163604736,0.5707698464393616,0
baseline,43,medium,4585,4,0.00015052754315547645,0.012268966995179653,0.017521806061267853,0.14649063348770142,0.72676020860672,0
baseline,43,medium,5239,1,0.012954154051840305,0.11381631344556808,0.3012702763080597,3.0207738876342773,0.14426428079605103,1
baseline,43,small,5239,3,0.00044843321666121483,0.02117624133825302,0.08451046794652939,1.5472986698150635,0.32526805996894836,1
baseline,43,medium,5239,2,7.387944788206369e-05,0.008595315739512444,0.03138881176710129,0.49552661180496216,0.5925360918045044,1
baseline,43,large,5239,0,0.001413920195773244,0.03760213032364845,0.04651471972465515,0.08492054045200348,0.7800494432449341,1
baseline,43,large,3145,1,0.0004167385632172227,0.02041417546570301,0.016117483377456665,0.03656564652919769,0.8885599970817566,1
baseline,43,large,3145,0,0.00042235071305185556,0.020551173016428947,0.04740166664123535,0.06940063834190369,0.9196239709854126,1
baseline,43,medium,2520,0,7.942316733533517e-05,0.008911967277526855,0.011606954038143158,0.05279812961816788,0.8287915587425232,0
baseline,43,medium,2520,3,3.470868250587955e-05,0.005891407374292612,0.016079597175121307,0.11752837896347046,0.8742720484733582,1
baseline,43,small,2520,2,4.2151699744863436e-05,0.006492434069514275,0.03434424102306366,0.4670214354991913,0.6540572643280029,0
baseline,43,medium,2520,4,0.00014258823648560792,0.0119410315528512,0.03667913377285004,0.2925766408443451,0.6434212923049927,1
baseline,43,small,2520,1,1.3163799849280622e-05,0.0036281950306147337,0.018574122339487076,0.29181838035583496,0.7678918838500977,0
baseline,43,large,7256,1,0.00012448520283214748,0.011157293803989887,0.05782495439052582,0.19650137424468994,0.8216378688812256,1
baseline,43,large,7256,0,8.890382014214993e-05,0.009428882040083408,0.03443077206611633,0.15921780467033386,0.8571516871452332,0
baseline,43,large,7256,2,1.440652795281494e-05,0.0037955932784825563,0.005117848515510559,0.023016683757305145,0.9579560160636902,1
shared_detach,43,large,6381,7,0.00012862123548984528,0.01134113036096096,0.022016584873199463,0.07743683457374573,0.8467047810554504,1
shared_detach,43,medium,6381,5,0.0019456647569313645,0.04410969093441963,0.09954693913459778,0.27555036544799805,0.6693879961967468,1
shared_detach,43,large,6381,14,0.0006659363862127066,0.025805743411183357,0.050344839692115784,0.24374985694885254,0.6892200112342834,1
shared_detach,43,medium,6381,10,4.054482269566506e-05,0.006367481779307127,0.019912291318178177,0.22843381762504578,0.7434121370315552,1
shared_detach,43,medium,6381,15,3.0595278076361865e-05,0.005531299859285355,0.011926375329494476,0.09867093712091446,0.8993771076202393,1
shared_detach,43,small,6381,0,4.638455266103847e-06,0.0021537074353545904,0.011599447578191757,0.15571212768554688,0.858870804309845,0
shared_detach,43,small,6381,11,0.0017629466019570827,0.04198745638132095,0.008886240422725677,0.18638457357883453,0.19713950157165527,1
shared_detach,43,large,6381,2,0.0005141344736330211,0.02267453446984291,0.05399221181869507,0.1467069685459137,0.8589560985565186,1
shared_detach,43,large,6381,12,0.0005570771172642708,0.023602481931447983,0.16486820578575134,0.24744856357574463,0.7583653330802917,0
shared_detach,43,large,6381,1,0.00011794796591857448,0.010860385373234749,0.03730294108390808,0.13192115724086761,0.870868444442749,1
shared_detach,43,medium,6381,16,3.34275646309834e-05,0.0057816575281322,0.01451980322599411,0.14709600806236267,0.8219220042228699,1
shared_detach,43,large,6381,3,0.0006109540699981153,0.024717485532164574,0.05483603477478027,0.21370312571525574,0.7843995094299316,1
shared_detach,43,medium,6381,13,0.0010199092794209719,0.03193601965904236,0.15386222302913666,0.6894171833992004,0.3497677445411682,0
shared_detach,43,large,6381,6,0.00011728121899068356,0.010829645209014416,0.021049171686172485,0.10171668231487274,0.8696426749229431,1
shared_detach,43,medium,6381,9,0.00010307550110155717,0.010152610950171947,0.044128842651844025,0.39435598254203796,0.700874388217926,1
shared_detach,43,medium,6381,4,0.0002458245726302266,0.01567879319190979,0.02990616112947464,0.26941120624542236,0.7422187924385071,1
shared_detach,43,small,6381,8,0.000372903625248,0.019310712814331055,0.07338892668485641,1.0692005157470703,0.4081849157810211,1
shared_detach,43,medium,4537,5,0.00010434724390506744,0.010215049609541893,0.03149041533470154,0.24974481761455536,0.7895520925521851,0
shared_detach,43,large,4537,6,0.011006743647158146,0.10491302609443665,0.23621420562267303,0.5676000714302063,0.5671943426132202,1
shared_detach,43,large,4537,2,8.007269207155332e-05,0.008948334492743015,0.02199608087539673,0.06756734102964401,0.9209702014923096,0
shared_detach,43,large,4537,1,0.0003162034845445305,0.01778211072087288,0.023593425750732422,0.0614665150642395,0.8440442681312561,0
shared_detach,43,large,4537,0,0.0003642340307123959,0.01908491551876068,0.046014219522476196,0.10159483551979065,0.8679108619689941,0
shared_detach,43,medium,4537,3,0.005320148542523384,0.07293935120105743,0.21882271766662598,1.352502703666687,0.36774274706840515,0
shared_detach,43,large,4537,4,0.0008941350970417261,0.02990209124982357,0.1468810737133026,0.5415678024291992,0.5947561264038086,0
shared_detach,43,large,9896,0,0.00011504438589327037,0.010725874453783035,0.012103229761123657,0.025140998885035515,0.9373047351837158,0
shared_detach,43,large,7223,0,0.0001553371112095192,0.012463430874049664,0.03557109832763672,0.04859238862991333,0.9310194253921509,1
shared_detach,43,large,1977,0,0.002187625505030155,0.0467720590531826,0.034046947956085205,0.05640852451324463,0.8046584725379944,0
shared_detach,43,medium,5606,3,0.0005893077468499541,0.024275662377476692,0.06572090834379196,0.4831063747406006,0.6506971120834351,1
shared_detach,43,large,5606,0,0.0005005639977753162,0.02237328700721264,0.0698384940624237,0.3055761754512787,0.7542595267295837,0
shared_detach,43,medium,5606,4,0.0009047515923157334,0.030079089105129242,0.026918336749076843,0.27229735255241394,0.5305174589157104,1
shared_detach,43,large,5606,2,0.0040043797343969345,0.06328016519546509,0.043511807918548584,0.06509214639663696,0.807321310043335,1
shared_detach,43,large,5606,1,0.0010091991862282157,0.03176789730787277,0.05606818199157715,0.08442007005214691,0.880142867565155,1
shared_detach,43,large,8368,1,0.0021118151489645243,0.04595448821783066,0.015800178050994873,0.026560841128230095,0.8122395277023315,1
shared_detach,43,large,8368,0,0.006506610661745071,0.08066356182098389,0.15525346994400024,0.1891486942768097,0.7404971718788147,0
shared_detach,43,medium,6852,2,0.0004226057790219784,0.020557377487421036,0.08713556826114655,0.6041374206542969,0.5746122598648071,1
shared_detach,43,large,6852,1,8.398870704695582e-05,0.009164535440504551,0.040869057178497314,0.14816293120384216,0.8638104200363159,1
shared_detach,43,large,6852,0,0.00017211612430401146,0.013119303621351719,0.04658842086791992,0.12277176976203918,0.8676320910453796,0
shared_detach,43,large,5879,0,0.00014499324606731534,0.012041314505040646,0.09654319286346436,0.12041930854320526,0.8879756927490234,0
shared_detach,43,medium,4439,0,0.0006218873895704746,0.024937670677900314,0.15144410729408264,0.8160796165466309,0.3463805019855499,1
shared_detach,43,medium,4439,2,0.0021030062343925238,0.04585854709148407,0.17645910382270813,2.274379253387451,0.20745886862277985,1
shared_detach,43,medium,4439,3,0.00025934004224836826,0.016104038804769516,0.07046003639698029,0.7029891014099121,0.46008914709091187,1
shared_detach,43,medium,4439,1,0.00037460180465132,0.01935463212430477,0.017507709562778473,0.11212381720542908,0.7560272812843323,1
shared_detach,43,medium,3369,1,0.0008201004820875823,0.028637396171689034,0.03160291537642479,0.36245566606521606,0.3246222734451294,1
shared_detach,43,small,3369,3,0.0027580733876675367,0.0525173619389534,0.1815619319677353,2.649474620819092,0.19142788648605347,0
shared_detach,43,large,3369,2,0.0009045750484801829,0.030076153576374054,0.040293872356414795,0.05068238824605942,0.912972629070282,0
shared_detach,43,medium,3369,0,0.00036070033092983067,0.018992112949490547,0.04470274597406387,0.3391397297382355,0.7232078313827515,1
shared_detach,43,large,6062,0,8.086919115157798e-05,0.00899272970855236,0.028903692960739136,0.07511431723833084,0.9293583631515503,1
shared_detach,43,small,6062,1,1.8184360669692978e-05,0.004264312330633402,0.011215459555387497,0.14429990947246552,0.8539847135543823,1
shared_detach,43,small,6062,2,0.00021505242330022156,0.014664665795862675,0.048325348645448685,0.8578915596008301,0.4965221881866455,1
shared_detach,43,large,740,1,0.00031171960290521383,0.01765558309853077,0.05221058428287506,0.1532345712184906,0.8526093363761902,0
shared_detach,43,large,740,0,0.00010310501966159791,0.010154063813388348,0.03676731884479523,0.1007806807756424,0.8768842220306396,0
shared_detach,43,medium,4031,2,8.042863191803917e-05,0.008968201465904713,0.009877681732177734,0.059463512152433395,0.807086169719696,0
shared_detach,43,large,4031,0,0.0003107120282948017,0.01762702502310276,0.05815967917442322,0.12121250480413437,0.8480718731880188,0
shared_detach,43,large,4031,1,0.0005039320676587522,0.022448431700468063,0.04258030652999878,0.055438462644815445,0.9175809621810913,1
shared_detach,43,large,9724,0,0.00044251445797272027,0.021036026999354362,0.04803353548049927,0.053467486053705215,0.9425414204597473,1
shared_detach,43,large,7062,0,0.0003925986238755286,0.019814101979136467,0.07279974222183228,0.08082694560289383,0.9093769788742065,0
shared_detach,43,large,9755,0,0.00012730577145703137,0.011282986029982567,0.05999678373336792,0.09298586845397949,0.9092926979064941,0
shared_detach,43,large,9755,1,9.12479154067114e-05,0.00955237727612257,0.04781021177768707,0.19885681569576263,0.807791531085968,1
shared_detach,43,large,3808,0,0.0007122904644347727,0.026688769459724426,0.022256314754486084,0.02513437159359455,0.9318415522575378,0
shared_detach,43,large,5478,3,0.014782581478357315,0.12158364057540894,0.08194474875926971,0.20405322313308716,0.5037291049957275,1
shared_detach,43,large,5478,2,0.0007629181491211057,0.02762097306549549,0.036335259675979614,0.06690643727779388,0.8710314631462097,1
shared_detach,43,large,5478,0,0.00012964339111931622,0.011386104859411716,0.07220900058746338,0.10610651224851608,0.903751015663147,0
shared_detach,43,large,5478,1,9.127685916610062e-05,0.00955389253795147,0.030622079968452454,0.1227666512131691,0.8889271020889282,1
shared_detach,43,large,7905,0,0.00035114382626488805,0.01873883232474327,0.03380417823791504,0.059066858142614365,0.9157717227935791,1
shared_detach,43,large,8633,0,0.00022449631069321185,0.014983201399445534,0.028318434953689575,0.1068025678396225,0.8773094415664673,0
shared_detach,43,large,8633,2,0.001769127557054162,0.04206099733710289,0.04849168658256531,0.09525240957736969,0.8399829268455505,0
shared_detach,43,medium,8633,1,0.002423324855044484,0.0492272786796093,0.06793254613876343,0.2669469118118286,0.602236807346344,0
shared_detach,43,large,8633,3,0.006387460045516491,0.07992158830165863,0.031499117612838745,0.05793745815753937,0.7880791425704956,0
shared_detach,43,large,1918,1,2.9372098651947454e-05,0.005419603083282709,0.05207169055938721,0.20788882672786713,0.8250616788864136,1
shared_detach,43,large,1918,0,0.0007130472804419696,0.026702946051955223,0.03338126093149185,0.213167205452919,0.6734603047370911,1
shared_detach,43,large,4405,3,2.5344132154714316e-05,0.005034295376390219,0.020174771547317505,0.0539187416434288,0.9482433199882507,1
shared_detach,43,large,4405,2,0.004412996582686901,0.06643038988113403,0.1244044303894043,0.30084502696990967,0.6958101391792297,0
shared_detach,43,large,4405,0,4.529091529548168e-05,0.0067298524081707,0.01286172866821289,0.02403448335826397,0.9659976363182068,0
shared_detach,43,large,4405,1,0.0040779318660497665,0.06385868787765503,0.19160309433937073,0.39129638671875,0.6138437390327454,0
shared_detach,43,large,8443,0,0.002077181125059724,0.045576103031635284,0.018553555011749268,0.04988091439008713,0.7534916400909424,0
shared_detach,43,large,6654,1,0.0008805884281173348,0.02967471070587635,0.024343013763427734,0.06999096274375916,0.7991989254951477,1
shared_detach,43,large,6654,0,0.0003209199639968574,0.017914239317178726,0.07229554653167725,0.09616339206695557,0.9108596444129944,0
shared_detach,43,large,6654,2,2.4040587959461845e-05,0.004903120454400778,0.029983490705490112,0.08802615106105804,0.9175674915313721,1
shared_detach,43,large,1938,0,5.7903995184460655e-05,0.00760946748778224,0.03874439001083374,0.0407218262553215,0.9592727422714233,1
shared_detach,43,large,6190,0,0.00026888903812505305,0.016397835686802864,0.1862093210220337,0.27341097593307495,0.7744327783584595,0
shared_detach,43,large,5214,0,0.0077311075292527676,0.0879267156124115,0.08966660499572754,0.09942721575498581,0.7601890563964844,0
shared_detach,43,medium,6020,1,4.886626629740931e-05,0.006990441121160984,0.009663313627243042,0.07458631694316864,0.8663181662559509,1
shared_detach,43,large,6020,0,0.0003299263771623373,0.018163874745368958,0.023392319679260254,0.03860322758555412,0.9339455366134644,0
shared_detach,43,large,9192,0,0.0006511292885988951,0.025517234578728676,0.028979241847991943,0.03783925622701645,0.911772608757019,0
shared_detach,43,large,849,0,9.499518455413636e-06,0.0030821289401501417,0.08592087030410767,0.12906242907047272,0.8781889081001282,0
shared_detach,43,large,3003,2,0.00309059489518404,0.05559311807155609,0.1343097686767578,0.5984965562820435,0.3958074748516083,1
shared_detach,43,medium,3003,3,0.0018283854005858302,0.042759623378515244,0.12626279890537262,0.5417974591255188,0.45902931690216064,1
shared_detach,43,large,3003,0,0.010603188537061214,0.10297178477048874,0.04023221135139465,0.10976074635982513,0.5348717570304871,1
shared_detach,43,large,3003,1,0.004382971208542585,0.0662040114402771,0.11871445178985596,0.30413439869880676,0.6448620557785034,1
shared_detach,43,large,7900,0,0.0005466673173941672,0.02338091842830181,0.021567106246948242,0.052443087100982666,0.8818029761314392,0
shared_detach,43,large,7900,1,1.398651693307329e-05,0.0037398552522063255,0.008842289447784424,0.008919529616832733,0.9895339608192444,0
shared_detach,43,large,8095,1,0.0002951899077743292,0.017181091010570526,0.020578861236572266,0.05709204822778702,0.8926693201065063,0
shared_detach,43,medium,8095,0,0.0017957142554223537,0.042375870048999786,0.04423806816339493,0.21461541950702667,0.43349727988243103,0
shared_detach,43,large,3781,1,3.0470553610939533e-05,0.005520014092326164,0.04410311579704285,0.07459263503551483,0.926573634147644,1
shared_detach,43,medium,3781,2,0.00024221697822213173,0.01556332129985094,0.03537195920944214,0.3507782816886902,0.6515429019927979,1
shared_detach,43,large,3781,0,0.00022680111578665674,0.015059917233884335,0.031883418560028076,0.04417170584201813,0.9302580952644348,1
shared_detach,43,large,5588,0,4.307857670937665e-05,0.006563427392393351,0.026519671082496643,0.11272156983613968,0.8846566081047058,1
shared_detach,43,large,8628,0,0.002085458254441619,0.04566681757569313,0.03563666343688965,0.1242331713438034,0.6764147877693176,1
shared_detach,43,large,8628,2,0.0018804989522323012,0.043364718556404114,0.10288560390472412,0.1403789520263672,0.8573219180107117,0
shared_detach,43,large,8628,3,0.0005235278513282537,0.022880731150507927,0.061139464378356934,0.10629822313785553,0.8943420052528381,1
shared_detach,43,medium,8628,1,0.007012955378741026,0.0837433934211731,0.038727059960365295,0.22228366136550903,0.2475416511297226,0
shared_detach,43,large,5314,0,0.0005579543649218976,0.023621058091521263,0.1394525170326233,0.1958194524049759,0.8134685158729553,0
shared_detach,43,medium,8292,1,0.00010688392649171874,0.010338468477129936,0.02153325080871582,0.18683519959449768,0.5847637057304382,0
shared_detach,43,small,8292,3,1.471490122639807e-05,0.003836000571027398,0.054144300520420074,1.3278793096542358,0.3629164397716522,0
shared_detach,43,small,8292,5,0.00032376268063671887,0.01799340732395649,0.10206136107444763,6.378839492797852,0.05758535861968994,0
shared_detach,43,medium,8292,0,0.0005010267486795783,0.02238362655043602,0.028085149824619293,0.3636072278022766,0.5333243608474731,0
shared_detach,43,small,8292,2,0.0004067582485731691,0.020168248564004898,0.0797453373670578,1.575027585029602,0.3159509301185608,0
shared_detach,43,small,8292,4,0.0005875981878489256,0.02424042485654354,0.04566412419080734,2.1826319694519043,0.16209422051906586,0
shared_detach,43,large,8338,0,0.0016433355631306767,0.04053807631134987,0.07283243536949158,0.1523105353116989,0.8364707231521606,0
shared_detach,43,large,6949,0,4.321768938098103e-05,0.006574016064405441,0.020776689052581787,0.025181688368320465,0.9676178097724915,1
shared_detach,43,large,7154,0,2.4732420570217073e-05,0.004973169881850481,0.05328357219696045,0.12258129566907883,0.8892666697502136,1
shared_detach,43,large,5940,3,5.4179727158043534e-05,0.00736068794503808,0.017395704984664917,0.038122065365314484,0.9523162841796875,1
shared_detach,43,large,5940,4,0.0003759473911486566,0.019389363005757332,0.059990450739860535,0.12060832232236862,0.8826507329940796,1
shared_detach,43,large,5940,2,6.909010699018836e-05,0.008312045596539974,0.01178249716758728,0.03174863010644913,0.9295910000801086,1
shared_detach,43,large,5940,1,0.0010635207872837782,0.0326116681098938,0.012639015913009644,0.030650369822978973,0.7942082285881042,1
shared_detach,43,large,5940,0,1.1663698387565091e-05,0.0034152157604694366,0.0026557445526123047,0.006141630932688713,0.9835993647575378,1
shared_detach,43,large,5940,5,9.71540248428937e-06,0.003116954118013382,0.051585257053375244,0.20539958775043488,0.8030484914779663,1
shared_detach,43,large,851,0,4.504687967710197e-05,0.006711697205901146,0.020604252815246582,0.03560400381684303,0.9528027176856995,1
shared_detach,43,large,851,1,0.0008152321679517627,0.02855227142572403,0.12465175986289978,0.23992426693439484,0.7923104166984558,1
shared_detach,43,medium,2047,0,4.459837873582728e-05,0.006678201723843813,0.03312908113002777,0.2582107186317444,0.7852355241775513,0
shared_detach,43,medium,6404,0,0.00014546280726790428,0.012060795910656452,0.06255762279033661,0.5349609851837158,0.5212820768356323,0
shared_detach,43,large,7536,0,0.00038771575782448053,0.01969049870967865,0.006429553031921387,0.012557720765471458,0.8997077345848083,0
shared_detach,43,large,7536,1,0.00019391486421227455,0.013925331644713879,0.04332631826400757,0.06770861148834229,0.9232709407806396,0
shared_detach,43,large,8252,0,0.00018269156862515956,0.013516344130039215,0.03918340802192688,0.08258552849292755,0.909100353717804,0
shared_detach,43,large,1206,1,2.3404414605465718e-05,0.00483781099319458,0.06815770268440247,0.15825951099395752,0.8484379053115845,0
shared_detach,43,large,1206,0,0.00021654830197803676,0.014715580269694328,0.03949004411697388,0.07767893373966217,0.9249277710914612,1
shared_detach,43,large,4121,1,6.605134694837034e-05,0.008127197623252869,0.043313607573509216,0.12818726897239685,0.8757930994033813,1
shared_detach,43,large,4121,0,0.00061416020616889,0.024782255291938782,0.11595992743968964,0.4993648827075958,0.556989312171936,1
shared_detach,43,medium,4121,2,2.7687761757988483e-05,0.005261916201561689,0.026984333992004395,0.15656158328056335,0.8602068424224854,1
shared_detach,43,small,4857,5,0.00010552211460890248,0.010272395797073841,0.010346800088882446,0.1558990478515625,0.6731066107749939,1
shared_detach,43,large,4857,13,0.0018857442773878574,0.04342515766620636,0.09189620614051819,0.24163301289081573,0.7198361158370972,1
shared_detach,43,medium,4857,8,0.0002966115716844797,0.017222415655851364,0.015657611191272736,0.1376408487558365,0.7224803566932678,0
shared_detach,43,small,4857,4,0.00014580086281057447,0.012074803002178669,0.02897791564464569,0.4858640730381012,0.6185358166694641,1
shared_detach,43,large,4857,12,7.03165860613808e-05,0.008385499007999897,0.010947823524475098,0.02346932888031006,0.9386868476867676,1
shared_detach,43,small,4857,3,0.0003489835071377456,0.018681099638342857,0.01993367075920105,0.3746475577354431,0.575954794883728,1
shared_detach,43,medium,4857,7,0.0027666313108056784,0.052598778158426285,0.06514273583889008,0.38991641998291016,0.44659754633903503,0
shared_detach,43,medium,4857,2,0.00011210643424419686,0.010588032193481922,0.015987973660230637,0.10563692450523376,0.8659074902534485,1
shared_detach,43,large,4857,0,0.0006149429827928543,0.024798043072223663,0.04076376557350159,0.08502988517284393,0.8965297937393188,1
shared_detach,43,large,4857,1,5.459513431560481e-06,0.002336560282856226,0.025341778993606567,0.038547247648239136,0.9627209305763245,1
shared_detach,43,large,4857,6,0.00292971427552402,0.054126836359500885,0.1998351514339447,0.4623642563819885,0.5742720365524292,0
shared_detach,43,medium,4857,9,3.7145997339393944e-05,0.006094751413911581,0.013733640313148499,0.12442384660243988,0.8178644180297852,0
shared_detach,43,small,4857,10,0.0015252389712259173,0.03905430808663368,0.01135430857539177,0.12200270593166351,0.5442442297935486,1
shared_detach,43,large,4857,11,0.00017841061344370246,0.013357043266296387,0.081452876329422,0.2246241718530655,0.8148059248924255,1
shared_detach,43,medium,4857,14,0.0001980445085791871,0.01407282892614603,0.009243115782737732,0.08482848852872849,0.8387088179588318,0
shared_detach,43,large,3759,0,0.00016263352881651372,0.012752785347402096,0.02682507038116455,0.07846923172473907,0.9081603288650513,1
shared_detach,43,medium,3759,3,0.00010258548718411475,0.010128449648618698,0.013248011469841003,0.052199725061655045,0.9015232920646667,0
shared_detach,43,large,3759,2,0.00018166603695135564,0.013478354550898075,0.004359573125839233,0.011712891981005669,0.917344868183136,1
shared_detach,43,large,3759,1,0.0002240383328171447,0.014967910014092922,0.024109110236167908,0.14933760464191437,0.8252438306808472,1
shared_detach,43,large,5057,1,0.00038010402931831777,0.019496256485581398,0.04005417227745056,0.1188090369105339,0.8652010560035706,1
shared_detach,43,medium,5057,2,2.176082125515677e-05,0.004664849489927292,0.016590043902397156,0.06400305777788162,0.9095267653465271,0
shared_detach,43,large,5057,0,0.0008312912541441619,0.028832122683525085,0.07508322596549988,0.13347184658050537,0.8690270781517029,0
shared_detach,43,large,6296,0,0.0002133498346665874,0.014606500044465065,0.0987902581691742,0.37116435170173645,0.7199815511703491,1
shared_detach,43,large,6296,1,3.2719595765229315e-05,0.005720104556530714,0.02435588836669922,0.05702048912644386,0.9456086754798889,1
shared_detach,43,large,6296,2,3.433024903642945e-05,0.005859202239662409,0.04931017756462097,0.10159970074892044,0.9072898030281067,1
shared_detach,43,large,3351,0,2.6427156626596116e-05,0.00514073483645916,0.0042327046394348145,0.006769321858882904,0.9799257516860962,1
shared_detach,43,large,3673,0,0.0001428118848707527,0.01195039227604866,0.01794910430908203,0.03148258849978447,0.9435562491416931,0
shared_detach,43,large,3673,1,9.228111593984067e-05,0.009606306441128254,0.05169379711151123,0.13390983641147614,0.8719515204429626,0
shared_detach,43,large,3330,0,8.762270590523258e-05,0.00936069991439581,0.0012668818235397339,0.0037553489673882723,0.909304141998291,0
shared_detach,43,medium,3330,1,4.709289351012558e-05,0.0068624261766672134,0.020166710019111633,0.09549479186534882,0.8635202050209045,1
shared_detach,43,medium,3838,4,0.00014520710101351142,0.012050190940499306,0.07894084602594376,0.4660605788230896,0.6613560318946838,1
shared_detach,43,large,3838,0,1.0030233170255087e-05,0.003167054383084178,0.0690481960773468,0.1566234827041626,0.8629384636878967,1
shared_detach,43,medium,3838,5,0.0004178858653176576,0.020442256703972816,0.01860363781452179,0.15287545323371887,0.556674599647522,1
shared_detach,43,large,3838,3,0.00037108518881723285,0.01926357112824917,0.026514023542404175,0.07655639201402664,0.8764353394508362,1
shared_detach,43,large,3838,1,0.00021716459013987333,0.014736505225300789,0.06353738903999329,0.2140408456325531,0.8109356164932251,1
shared_detach,43,large,3838,2,0.00027634380967356265,0.016623592004179955,0.054377228021621704,0.10333778709173203,0.8993017077445984,1
shared_detach,43,large,6759,0,0.0006726273568347096,0.025935061275959015,0.018641173839569092,0.026154179126024246,0.9174408912658691,0
shared_detach,43,medium,1532,3,1.2606920790858567e-05,0.0035506226122379303,0.08148783445358276,0.5450106859207153,0.5028694272041321,0
shared_detach,43,medium,1532,8,1.2407919030010817e-06,0.001113908365368843,0.06221473217010498,0.974790632724762,0.47411856055259705,1
shared_detach,43,medium,1532,4,0.00011961358541157097,0.010936799459159374,0.028391405940055847,0.2510485053062439,0.7530534863471985,0
shared_detach,43,small,1532,5,0.0005265853251330554,0.02294744737446308,0.08232978731393814,1.5379424095153809,0.30715641379356384,0
shared_detach,43,medium,1532,7,0.0010719893034547567,0.0327412486076355,0.05752997845411301,0.3472045063972473,0.6808395385742188,1
shared_detach,43,medium,1532,2,7.161530083976686e-05,0.008462582714855671,0.029951654374599457,0.20106102526187897,0.7344851493835449,0
shared_detach,43,small,1532,6,0.00016188397421501577,0.012723363004624844,0.04905847832560539,1.0593129396438599,0.435675710439682,0
shared_detach,43,small,1532,1,0.00040280079701915383,0.020069897174835205,0.032026179134845734,0.436543732881546,0.5332621932029724,1
shared_detach,43,medium,1532,0,0.0018998426385223866,0.04358718544244766,0.006441764533519745,0.04050964117050171,0.5685020089149475,1
shared_detach,43,small,1532,9,0.0002233362611150369,0.014944438822567463,0.03235657140612602,0.25947117805480957,0.6320501565933228,1
shared_detach,43,large,3886,0,0.00012959206651430577,0.011383851058781147,0.020115762948989868,0.0422314889729023,0.9459089040756226,0
shared_detach,43,large,3335,4,0.011024357751011848,0.1049969419836998,0.03228148818016052,0.1201048344373703,0.5623195767402649,1
shared_detach,43,large,3335,3,0.00015133505803532898,0.012301831506192684,0.13855352997779846,0.33331331610679626,0.7414779663085938,1
shared_detach,43,large,3335,1,0.0010919132037088275,0.03304411098361015,0.05311115086078644,0.2690311670303345,0.6123793721199036,1
shared_detach,43,medium,3335,0,0.00037803949089720845,0.019443238154053688,0.015137583017349243,0.08503039926290512,0.7434810400009155,1
shared_detach,43,medium,3335,6,0.0011091497726738453,0.03330390155315399,0.10999660938978195,0.7239977717399597,0.5503606796264648,1
shared_detach,43,large,3335,5,0.0017123817233368754,0.04138093441724777,0.110568106174469,0.38348615169525146,0.6773594617843628,1
shared_detach,43,medium,3335,2,0.0007055741734802723,0.0265626460313797,0.05192361772060394,0.27669525146484375,0.7408499717712402,1
shared_detach,43,large,5065,0,0.00034771242644637823,0.018647048622369766,0.06254100799560547,0.07622185349464417,0.905180811882019,1
shared_detach,43,large,5253,0,0.0003928651276510209,0.01982082612812519,0.006321430206298828,0.009534256532788277,0.9279808402061462,0
shared_detach,43,large,4281,0,3.460232983343303e-05,0.0058823744766414165,0.06280669569969177,0.11851359903812408,0.884027361869812,0
shared_detach,43,medium,4281,1,0.0014751378912478685,0.038407523185014725,0.05224651098251343,0.27032968401908875,0.6635111570358276,1
shared_detach,43,large,1758,0,0.011200261302292347,0.10583128780126572,0.01844850182533264,0.11020579189062119,0.22296027839183807,0
shared_detach,43,large,1758,1,0.0005104625597596169,0.022593418136239052,0.10340964794158936,0.1985400766134262,0.8206538558006287,1
shared_detach,43,large,756,0,0.0007089907303452492,0.02662687934935093,0.004318296909332275,0.006676367949694395,0.909547746181488,0
shared_detach,43,large,6295,1,0.00021226648823358119,0.014569368213415146,0.015000447630882263,0.0770031213760376,0.8120312690734863,0
shared_detach,43,large,6295,2,0.000861668842844665,0.029354196041822433,0.050909072160720825,0.2200131118297577,0.7272859811782837,0
shared_detach,43,large,6295,0,9.682841482572258e-05,0.009840142913162708,0.014638781547546387,0.06392054259777069,0.8851130604743958,0
shared_detach,43,large,9072,0,0.0002184342301916331,0.014779520221054554,0.07942748069763184,0.20453371107578278,0.8272219300270081,0
shared_detach,43,large,9032,1,7.476773316739127e-05,0.008646833710372448,0.04111096262931824,0.10595614463090897,0.8740519285202026,0
shared_detach,43,medium,9032,0,0.0004057289916090667,0.02014271542429924,0.03556632995605469,0.49275830388069153,0.517605721950531,1
shared_detach,43,large,9032,2,0.0002300281630596146,0.01516667939722538,0.03722742199897766,0.10274749994277954,0.8682220578193665,0
shared_detach,43,large,4168,1,0.0056069535203278065,0.07487959414720535,0.029126569628715515,0.11924917995929718,0.3742705285549164,1
shared_detach,43,large,4168,0,0.00031104759545996785,0.01763654127717018,0.04996262490749359,0.1686473935842514,0.8153398036956787,0
shared_detach,43,large,7691,0,3.728770388988778e-05,0.006106365937739611,0.018232882022857666,0.03844713047146797,0.9539582133293152,1
shared_detach,43,large,140,0,0.008710885420441628,0.09333212673664093,0.28129148483276367,0.5939029455184937,0.6011086106300354,0
shared_detach,43,large,140,1,0.00011214181722607464,0.010589702986180782,0.13243716955184937,0.27562814950942993,0.728364109992981,0
shared_detach,43,large,6855,0,0.0004945151740685105,0.02223769761621952,0.09195268154144287,0.1179230809211731,0.8756462931632996,0
shared_detach,43,medium,6855,2,4.512033058290399e-07,0.0006717166979797184,0.015014365315437317,0.11899718642234802,0.8878792524337769,1
shared_detach,43,medium,6855,1,1.0323810784029774e-05,0.0032130687031894922,0.03716714680194855,0.29074516892433167,0.7315346002578735,1
shared_detach,43,medium,2063,3,0.002231669146567583,0.047240544110536575,0.03291979432106018,0.25984591245651245,0.42749708890914917,1
shared_detach,43,large,2063,6,0.002865354297682643,0.053529005497694016,0.13153912127017975,0.549925684928894,0.5919336080551147,1
shared_detach,43,large,2063,4,0.0007355903508141637,0.0271217692643404,0.07258594036102295,0.2338561713695526,0.7934735417366028,0
shared_detach,43,large,2063,0,0.0038985118735581636,0.06243806332349777,0.054206520318984985,0.09506751596927643,0.7661776542663574,0
shared_detach,43,medium,2063,2,0.0032771360129117966,0.05724627524614334,0.020369753241539,0.18417327105998993,0.28923892974853516,0
shared_detach,43,large,2063,5,0.0006264876574277878,0.025029735639691353,0.11175939440727234,0.31815940141677856,0.7385626435279846,1
shared_detach,43,medium,2063,1,6.713550101267174e-05,0.008193626068532467,0.019078359007835388,0.14841121435165405,0.8426083326339722,1
shared_detach,43,large,9776,0,0.0008431652677245438,0.02903730794787407,0.0920197069644928,0.3099149763584137,0.7591748833656311,1
shared_detach,43,large,9776,1,0.004491827450692654,0.06702109426259995,0.017325162887573242,0.023920811712741852,0.734746515750885,0
shared_detach,43,large,9776,2,0.00036312901647761464,0.019055943936109543,0.04973489046096802,0.18583890795707703,0.7670331597328186,1
shared_detach,43,large,2129,3,8.4728526417166e-05,0.009204809553921223,0.006864100694656372,0.020877432078123093,0.9350951910018921,0
shared_detach,43,large,2129,1,0.0008654476841911674,0.029418492689728737,0.013398244976997375,0.04449821636080742,0.729798436164856,0
shared_detach,43,large,2129,2,7.273381925188005e-05,0.008528412319719791,0.05674198269844055,0.21837063133716583,0.8188132643699646,0
shared_detach,43,large,2129,0,9.392842184752226e-05,0.00969166774302721,0.016443192958831787,0.0776398777961731,0.8890109062194824,0
shared_detach,43,large,6348,1,0.001693645492196083,0.0411539226770401,0.06381994485855103,0.11042462289333344,0.843113899230957,0
shared_detach,43,medium,6348,0,4.73248801426962e-05,0.006879308260977268,0.014152005314826965,0.09379427880048752,0.8964188694953918,0
shared_detach,43,small,2940,3,2.0797664546989836e-05,0.004560445435345173,0.0020234398543834686,0.027337513864040375,0.8354633450508118,0
shared_detach,43,medium,2940,5,0.00017411267617717385,0.013195176608860493,0.015547685325145721,0.1143176332116127,0.8328507542610168,0
shared_detach,43,small,2940,1,0.0002709941181819886,0.016461899504065514,0.004801847040653229,0.07294487953186035,0.41676992177963257,0
shared_detach,43,small,2940,2,0.0013382633915171027,0.036582283675670624,0.04250316321849823,0.781752347946167,0.2860966920852661,0
shared_detach,43,large,2940,6,1.6589574443059973e-05,0.004073030315339565,0.04714140295982361,0.07609495520591736,0.9286449551582336,1
shared_detach,43,large,2940,0,1.6049674741225317e-05,0.0040062046609818935,0.03209787607192993,0.11028416454792023,0.8913793563842773,0
shared_detach,43,medium,2940,4,0.00010341836605221033,0.010169481858611107,0.019534308463335037,0.24453109502792358,0.7250234484672546,0
shared_detach,43,large,4100,0,0.004360225051641464,0.06603199988603592,0.008585810661315918,0.025559715926647186,0.691441535949707,0
shared_detach,43,large,2953,3,4.233626168570481e-05,0.006506632082164288,0.043244898319244385,0.0857749953866005,0.8930497169494629,0
shared_detach,43,large,2953,1,0.0024273295421153307,0.04926793649792671,0.006836831569671631,0.01592935621738434,0.6845523118972778,0
shared_detach,43,large,2953,2,0.004268750082701445,0.06533567607402802,0.021244004368782043,0.09082421660423279,0.7203200459480286,0
shared_detach,43,large,2953,0,0.00040094510768540204,0.020023614168167114,0.052981480956077576,0.1305992156267166,0.850449800491333,0
shared_detach,43,medium,2953,4,0.0005002016550861299,0.022365188226103783,0.021601036190986633,0.1408635675907135,0.7065984606742859,0
shared_detach,43,medium,8933,1,0.004818101413547993,0.06941254436969757,0.027083471417427063,0.26269954442977905,0.1916358321905136,0
shared_detach,43,large,8933,0,0.00832055602222681,0.09121707826852798,0.16331496834754944,0.48839130997657776,0.5613654255867004,0
shared_detach,43,medium,8933,2,0.0010718649718910456,0.03273934870958328,0.06752103567123413,0.528173565864563,0.4953179657459259,1
shared_detach,43,large,763,0,0.0004313109384384006,0.020768027752637863,0.010256707668304443,0.032489337027072906,0.8586872816085815,0
shared_detach,43,medium,754,0,0.0019270257325842977,0.043897900730371475,0.03300440311431885,0.14983457326889038,0.6770744323730469,0
shared_detach,43,small,754,3,0.00027014838997274637,0.016436191275715828,0.03802124783396721,0.62690669298172,0.47401267290115356,0
shared_detach,43,medium,754,2,0.00036901162820868194,0.01920967549085617,0.0896417573094368,0.7757241725921631,0.5199127793312073,0
shared_detach,43,small,754,1,0.0002975892857648432,0.017250776290893555,0.014142751693725586,0.2579813599586487,0.4993422031402588,0
shared_detach,43,large,9942,0,5.3465162636712193e-05,0.007311987690627575,0.043850481510162354,0.09126858413219452,0.91044682264328,1
shared_detach,43,large,9942,2,5.832821625517681e-05,0.007637291215360165,0.017896801233291626,0.02813062258064747,0.9601669311523438,1
shared_detach,43,large,9942,1,0.0011386997066438198,0.03374462574720383,0.015915334224700928,0.01684340089559555,0.8984953761100769,1
shared_detach,43,large,2567,0,0.000779680151026696,0.027922753244638443,0.018762052059173584,0.02308565191924572,0.9058051705360413,0
shared_detach,43,large,9869,0,0.00015981539036147296,0.012641810812056065,0.030452191829681396,0.03910795599222183,0.9539065361022949,1
shared_detach,43,large,5579,1,0.00445587607100606,0.0667523518204689,0.0409967303276062,0.13926225900650024,0.5863568782806396,0
shared_detach,43,large,5579,0,0.0005998293636366725,0.024491414427757263,0.014344170689582825,0.05296732857823372,0.7654885649681091,0
shared_detach,43,large,4464,1,1.2018868801533245e-05,0.0034668240696191788,0.008500874042510986,0.023591678589582443,0.974316418170929,1
shared_detach,43,medium,4464,2,0.00014579290291294456,0.012074473313987255,0.02130156382918358,0.1715034395456314,0.7102578282356262,0
shared_detach,43,large,4464,0,5.1053073548246175e-05,0.0071451435796916485,0.020917534828186035,0.058206625282764435,0.934598982334137,0
shared_detach,43,large,4020,0,0.0008225287310779095,0.02867976203560829,0.041990622878074646,0.12185835838317871,0.8039931058883667,1
shared_detach,43,medium,4020,1,7.140896195778623e-05,0.008450382389128208,0.040548667311668396,0.6567472219467163,0.591486394405365,1
shared_detach,43,large,4020,2,0.0004916846519336104,0.022173963487148285,0.019025564193725586,0.0587892159819603,0.8181564211845398,0
shared_detach,43,large,3116,0,3.7890120438532904e-05,0.006155495066195726,0.025473713874816895,0.03235609084367752,0.968461811542511,0
shared_detach,43,medium,865,3,0.0005649246159009635,0.023768143728375435,0.05981770157814026,0.3114413917064667,0.5899620056152344,1
shared_detach,43,large,865,4,0.0003292675537522882,0.0181457307189703,0.021262139081954956,0.06575515121221542,0.8314857482910156,1
shared_detach,43,small,865,6,0.0006338376551866531,0.02517613209784031,0.036619897931814194,0.8702796101570129,0.3610698878765106,0
shared_detach,43,large,865,0,0.000488105695694685,0.022093113511800766,0.03551369905471802,0.15351352095603943,0.7751296162605286,0
shared_detach,43,large,865,7,5.836063428432681e-05,0.007639413233846426,0.019604504108428955,0.04151836037635803,0.9377119541168213,1
shared_detach,43,medium,865,2,7.216130325105041e-05,0.008494781330227852,0.05539005994796753,0.3315221965312958,0.741341769695282,1
shared_detach,43,medium,865,1,0.00021231017308309674,0.014570867642760277,0.021558716893196106,0.09584199637174606,0.7490434050559998,1
shared_detach,43,large,865,8,0.0002037213125731796,0.014273097738623619,0.06414543092250824,0.18734005093574524,0.811087429523468,1
shared_detach,43,medium,865,5,0.00013998811482451856,0.011831657029688358,0.048138365149497986,0.3342941701412201,0.7000088095664978,1
shared_detach,43,medium,2845,2,0.0006375826196745038,0.025250397622585297,0.030675925314426422,0.41072314977645874,0.44306784868240356,0
shared_detach,43,small,2845,0,0.0007304117898456752,0.027026131749153137,0.03448043018579483,0.7999398112297058,0.2916158139705658,0
shared_detach,43,small,2845,3,0.00021600694162771106,0.014697174541652203,0.1367129683494568,3.1161484718322754,0.15536268055438995,0
shared_detach,43,small,2845,4,9.232755110133439e-05,0.009608722291886806,0.1241297498345375,2.87087345123291,0.18381737172603607,0
shared_detach,43,large,2845,1,0.000674038368742913,0.02596224844455719,0.12488201260566711,0.5004321336746216,0.6652187705039978,0
shared_detach,43,small,2845,5,0.0006596701568923891,0.025684045627713203,0.13881760835647583,3.2993345260620117,0.14746081829071045,0
shared_detach,43,large,9537,1,0.0013999573420733213,0.0374160036444664,0.01573580503463745,0.023155663162469864,0.9017314910888672,0
shared_detach,43,small,9537,0,0.003709750948473811,0.06090772524476051,0.07777143269777298,1.1289658546447754,0.2312120795249939,1
shared_detach,43,large,5146,8,0.0001940536021720618,0.013930312357842922,0.03281143307685852,0.19780421257019043,0.8127556443214417,1
shared_detach,43,large,5146,3,0.00021520446171052754,0.01466984860599041,0.027084723114967346,0.098411425948143,0.8306009769439697,0
shared_detach,43,large,5146,0,0.0010216814698651433,0.03196375072002411,0.09246678650379181,0.25821924209594727,0.6365627646446228,0
shared_detach,43,large,5146,1,0.0009178683394566178,0.030296342447400093,0.06899102032184601,0.3975948095321655,0.6571646928787231,0
shared_detach,43,large,5146,9,0.0001106489944504574,0.010518983006477356,0.011889010667800903,0.057848136872053146,0.892799437046051,1
shared_detach,43,large,5146,5,6.904337351443246e-05,0.00830923393368721,0.006040126085281372,0.011801796033978462,0.9490833878517151,1
shared_detach,43,large,5146,2,4.4909247662872076e-05,0.00670143635943532,0.013970300555229187,0.04953186586499214,0.9059416055679321,0
shared_detach,43,large,5146,4,9.273483010474592e-05,0.009629892185330391,0.07013635337352753,0.24277052283287048,0.8002484440803528,0
shared_detach,43,large,5146,6,0.0013758266577497125,0.03709213808178902,0.024889126420021057,0.053464025259017944,0.6590887904167175,1
shared_detach,43,large,5146,7,2.7718567707779584e-07,0.0005264842766337097,0.017819732427597046,0.05648938938975334,0.9463539123535156,1
shared_detach,43,medium,4585,3,0.0007777104037813842,0.027887459844350815,0.09046195447444916,0.9524880647659302,0.48150524497032166,0
shared_detach,43,medium,4585,5,0.0009827245958149433,0.03134843707084656,0.04645106941461563,0.5553266406059265,0.4651709496974945,0
shared_detach,43,small,4585,7,4.496954716159962e-05,0.006705933716148138,0.07451309263706207,1.5033156871795654,0.36880671977996826,0
shared_detach,43,small,4585,9,0.0002148178027709946,0.014656663872301579,0.009106196463108063,0.16732221841812134,0.474094033241272,0
shared_detach,43,medium,4585,4,0.002355195814743638,0.04853035882115364,0.013313010334968567,0.1053156778216362,0.3204447627067566,0
shared_detach,43,small,4585,10,0.004177272319793701,0.06463181972503662,0.05596783012151718,1.0255637168884277,0.0812874510884285,0
shared_detach,43,medium,4585,11,0.00023162644356489182,0.015219278633594513,0.04004968702793121,0.6038142442703247,0.47102218866348267,0
shared_detach,43,medium,4585,0,3.7167524169490207e-06,0.0019278880208730698,0.012933418154716492,0.06917239725589752,0.9288117289543152,0
shared_detach,43,small,4585,6,0.0012549984967336059,0.035425957292318344,0.03693249449133873,0.6536551713943481,0.23460161685943604,0
shared_detach,43,medium,4585,1,5.5840260756667703e-05,0.007472634315490723,0.011529311537742615,0.08864899724721909,0.8614842891693115,0
shared_detach,43,small,4585,8,0.001270261942408979,0.03564073517918587,0.05605870857834816,1.2571141719818115,0.28363025188446045,0
shared_detach,43,small,4585,12,0.00040984907536767423,0.02024472877383232,0.031459175050258636,0.6251696348190308,0.4270119071006775,0
shared_detach,43,medium,4585,2,0.0003878653806168586,0.01969429850578308,0.027953483164310455,0.20416603982448578,0.7093523144721985,1
shared_detach,43,medium,5239,2,0.00024156116705853492,0.015542238019406796,0.018739759922027588,0.2603418529033661,0.5986794829368591,1
shared_detach,43,small,5239,3,0.0001555825729155913,0.012473274022340775,0.1311836987733841,2.4153647422790527,0.21672363579273224,1
shared_detach,43,large,5239,0,0.00017046502034645528,0.013056225143373013,0.06002363562583923,0.15100376307964325,0.8574913144111633,1
shared_detach,43,medium,5239,1,0.01853213459253311,0.13613277673721313,0.07252919673919678,0.7877315878868103,0.0,1
shared_detach,43,large,3145,0,0.00043048697989434004,0.020748179405927658,0.09520137310028076,0.13936272263526917,0.8739736676216125,1
shared_detach,43,large,3145,1,0.00036094363895244896,0.018998516723513603,0.0331367552280426,0.05672125518321991,0.9288331866264343,1
shared_detach,43,small,2520,1,0.00020864358521066606,0.014444500207901001,0.03013809397816658,0.4692796468734741,0.6270633339881897,0
shared_detach,43,medium,2520,4,0.0005063106655143201,0.022501347586512566,0.016172975301742554,0.22509191930294037,0.47622349858283997,1
shared_detach,43,medium,2520,3,8.166836050804704e-05,0.00903705507516861,0.013648726046085358,0.07642396539449692,0.8339943289756775,1
shared_detach,43,small,2520,2,8.788015838945284e-05,0.00937444157898426,0.04017245024442673,0.6202561855316162,0.481553316116333,0
shared_detach,43,medium,2520,0,0.0006203126977197826,0.024906078353524208,0.041572436690330505,0.17462396621704102,0.7237238883972168,0
shared_detach,43,large,7256,0,0.00016016002336982638,0.01265543419867754,0.014284849166870117,0.06773316860198975,0.8404066562652588,0
shared_detach,43,large,7256,2,7.628991443198174e-05,0.00873440969735384,0.015717297792434692,0.10700949281454086,0.8740074634552002,1
shared_detach,43,large,7256,1,0.0008044628193601966,0.028363054618239403,0.06531023979187012,0.3503700792789459,0.7101356387138367,1
shared_e2e,43,medium,6381,4,9.804883802644326e-07,0.000990196131169796,0.0047294870018959045,0.054461367428302765,0.9460381865501404,1
shared_e2e,43,medium,6381,16,0.00013324043538887054,0.011542982421815395,0.01651053875684738,0.19893626868724823,0.6999494433403015,1
shared_e2e,43,medium,6381,13,0.001736608799546957,0.041672639548778534,0.1283992975950241,0.5569440722465515,0.4035708010196686,0
shared_e2e,43,large,6381,6,3.997849489678629e-05,0.00632285512983799,0.02866002917289734,0.17880672216415405,0.817913293838501,1
shared_e2e,43,medium,6381,5,0.0004583887930493802,0.02141001634299755,0.03820837289094925,0.141203373670578,0.8397767543792725,1
shared_e2e,43,large,6381,3,2.5335662940051407e-05,0.005033454392105341,0.013734236359596252,0.061243925243616104,0.9371262788772583,1
shared_e2e,43,large,6381,12,0.0036198534071445465,0.06016521900892258,0.05510544776916504,0.12007109820842743,0.7153840661048889,0
shared_e2e,43,large,6381,7,0.00021215580636635423,0.01456556934863329,0.037572234869003296,0.21619798243045807,0.7778139710426331,1
shared_e2e,43,large,6381,1,0.0001476098841521889,0.012149481102824211,0.040859073400497437,0.12550783157348633,0.8838521838188171,1
shared_e2e,43,medium,6381,10,3.166942042298615e-05,0.005627559032291174,0.03376663848757744,0.32071661949157715,0.6606543064117432,1
shared_e2e,43,large,6381,2,0.001060771057382226,0.03256947919726372,0.05691337585449219,0.1769597828388214,0.7925658822059631,1
shared_e2e,43,medium,6381,15,3.67652864952106e-05,0.006063438486307859,0.013570800423622131,0.08408507704734802,0.913418173789978,1
shared_e2e,43,small,6381,11,3.890754305757582e-05,0.006237591151148081,0.026252076029777527,0.40725886821746826,0.6725366711616516,1
shared_e2e,43,medium,6381,9,7.901502976892516e-05,0.008889039978384972,0.08079446852207184,0.4010438024997711,0.6758501529693604,1
shared_e2e,43,large,6381,14,0.0003207564586773515,0.01790967583656311,0.039816051721572876,0.19673490524291992,0.7491098642349243,1
shared_e2e,43,small,6381,0,4.821623588213697e-05,0.006943791173398495,0.03524639084935188,0.388027161359787,0.6774623990058899,0
shared_e2e,43,small,6381,8,6.902188761159778e-05,0.008307941257953644,0.007185641676187515,0.14244842529296875,0.6769587993621826,1
shared_e2e,43,medium,4537,5,0.000149125509778969,0.012211695313453674,0.022591635584831238,0.11805511265993118,0.8073531985282898,0
shared_e2e,43,large,4537,4,0.0003662893723230809,0.01913868822157383,0.022223591804504395,0.07835707068443298,0.8385857939720154,0
shared_e2e,43,large,4537,0,0.000392985442886129,0.019823860377073288,0.009478360414505005,0.021173110231757164,0.9044108390808105,0
shared_e2e,43,large,4537,1,9.3599664978683e-06,0.0030594062991440296,0.020177841186523438,0.05684002488851547,0.9454955458641052,0
shared_e2e,43,medium,4537,3,0.0003444759931880981,0.01856006495654583,0.03397418558597565,0.2098739594221115,0.6945385336875916,0
shared_e2e,43,large,4537,2,1.7808870325097814e-05,0.004220055881887674,0.044275522232055664,0.13202223181724548,0.8819369673728943,0
shared_e2e,43,large,4537,6,0.000527606753166765,0.022969692945480347,0.0893235057592392,0.39973828196525574,0.7110583186149597,1
shared_e2e,43,large,9896,0,0.00017097451200243086,0.013075722381472588,0.05989357829093933,0.12947821617126465,0.8820604085922241,0
shared_e2e,43,large,7223,0,1.144891939475201e-05,0.0033836252987384796,0.02050250768661499,0.026218248531222343,0.9730721116065979,1
shared_e2e,43,large,1977,0,3.4254073398187757e-05,0.005852697882801294,0.032129108905792236,0.05323299020528793,0.9474604725837708,0
shared_e2e,43,medium,5606,3,0.0012012708466500044,0.034659355878829956,0.05960121005773544,0.4063994288444519,0.628527820110321,1
shared_e2e,43,large,5606,1,0.00053974095499143,0.02323232591152191,0.07829925417900085,0.1488947868347168,0.8318739533424377,1
shared_e2e,43,large,5606,2,0.0018092227401211858,0.0425349585711956,0.043170928955078125,0.06021842360496521,0.8694045543670654,1
shared_e2e,43,large,5606,0,0.0009834400843828917,0.031359847635030746,0.03974334895610809,0.1312982738018036,0.8152176141738892,0
shared_e2e,43,medium,5606,4,0.00038258894346654415,0.01955988071858883,0.022197894752025604,0.1715824455022812,0.608095109462738,1
shared_e2e,43,large,8368,1,9.657086047809571e-05,0.00982704758644104,0.046476125717163086,0.06689605116844177,0.9354721903800964,1
shared_e2e,43,large,8368,0,0.0021042749285697937,0.04587237536907196,0.10999488830566406,0.12728717923164368,0.8851341605186462,0
shared_e2e,43,large,6852,0,5.335347850632388e-06,0.002309837145730853,0.04620152711868286,0.13004568219184875,0.8790079951286316,0
shared_e2e,43,large,6852,1,0.0007198845851235092,0.02683066576719284,0.031621888279914856,0.08621267974376678,0.848610520362854,1
shared_e2e,43,medium,6852,2,5.129983037477359e-06,0.002264946699142456,0.09373694658279419,0.6523936986923218,0.5989177823066711,1
shared_e2e,43,large,5879,0,7.894047303125262e-05,0.008884845301508904,0.04583907127380371,0.061428554356098175,0.9395115971565247,0
shared_e2e,43,medium,4439,1,0.0043725306168198586,0.06612510979175568,0.04046136885881424,0.274351567029953,0.20592428743839264,1
shared_e2e,43,medium,4439,2,0.00030575395794585347,0.01748582161962986,0.04569117724895477,0.5429753065109253,0.5753199458122253,0
shared_e2e,43,medium,4439,3,0.001227694796398282,0.03503847494721413,0.0532689169049263,0.4312794506549835,0.22560548782348633,0
shared_e2e,43,medium,4439,0,0.0025914304424077272,0.050906095653772354,0.060498885810375214,0.3410957455635071,0.3470974862575531,1
shared_e2e,43,medium,3369,0,2.6182367946603335e-05,0.0051168710924685,0.035002563148736954,0.2898227572441101,0.768787145614624,1
shared_e2e,43,large,3369,2,0.0014247176004573703,0.03774543106555939,0.05556154251098633,0.06979583948850632,0.8753541111946106,0
shared_e2e,43,small,3369,3,0.0013018742902204394,0.03608149662613869,0.30164000391960144,4.029408931732178,0.140365868806839,0
shared_e2e,43,medium,3369,1,0.0001702329027466476,0.013047332875430584,0.026312444359064102,0.309705913066864,0.6402856707572937,1
shared_e2e,43,small,6062,1,7.961715164128691e-05,0.00892284419387579,0.017658453434705734,0.2730505168437958,0.7463238835334778,1
shared_e2e,43,large,6062,0,0.0001542579848319292,0.012420063838362694,0.018128514289855957,0.04788559675216675,0.9241332411766052,1
shared_e2e,43,small,6062,2,2.212344952567946e-05,0.00470355711877346,0.04015963152050972,0.7872161865234375,0.5344304442405701,1
shared_e2e,43,large,740,1,0.0006072696996852756,0.024642841890454292,0.013938337564468384,0.03786329925060272,0.8351041674613953,0
shared_e2e,43,large,740,0,0.00020852507441304624,0.01444039773195982,0.02568332850933075,0.09244761615991592,0.8828166723251343,0
shared_e2e,43,large,4031,0,0.0006460878066718578,0.02541825734078884,0.0753505527973175,0.1570514589548111,0.8349721431732178,0
shared_e2e,43,large,4031,1,0.0001998027291847393,0.01413515955209732,0.027574598789215088,0.03274102881550789,0.9500318169593811,0
shared_e2e,43,medium,4031,2,6.151720299385488e-05,0.007843290455639362,0.014470599591732025,0.12702785432338715,0.8219206929206848,1
shared_e2e,43,large,9724,0,1.3737519111600704e-05,0.003706415882334113,0.04624927043914795,0.051604725420475006,0.946453332901001,1
shared_e2e,43,large,7062,0,0.0001176150981336832,0.010845049284398556,0.02081972360610962,0.023581624031066895,0.9649641513824463,0
shared_e2e,43,large,9755,0,2.2405165509553626e-05,0.004733409732580185,0.04263728857040405,0.06186633184552193,0.9402889013290405,0
shared_e2e,43,large,9755,1,4.964974141330458e-05,0.007046257145702839,0.03977683186531067,0.18021704256534576,0.820923924446106,1
shared_e2e,43,large,3808,0,0.00026842663646675646,0.016383731737732887,0.04886442422866821,0.055082738399505615,0.9430633187294006,0
shared_e2e,43,large,5478,3,0.0012162646744400263,0.03487498685717583,0.0777285248041153,0.2151048630475998,0.7668474912643433,0
shared_e2e,43,large,5478,0,0.0007818694575689733,0.02796192839741707,0.05222773551940918,0.07060141861438751,0.9258742928504944,0
shared_e2e,43,large,5478,1,3.413637386984192e-05,0.0058426340110599995,0.0011265575885772705,0.002768798265606165,0.9581260681152344,1
shared_e2e,43,large,5478,2,0.00012565830547828227,0.011209741234779358,0.031949788331985474,0.057192981243133545,0.9345352053642273,1
shared_e2e,43,large,7905,0,0.00022885709768161178,0.01512802392244339,0.07430872321128845,0.10571149736642838,0.8941889405250549,1
shared_e2e,43,large,8633,0,0.00018478650599718094,0.01359361968934536,0.03318822383880615,0.1248328760266304,0.8877472877502441,0
shared_e2e,43,large,8633,2,0.005888983607292175,0.07673971354961395,0.03039175271987915,0.05890793353319168,0.7850211262702942,1
shared_e2e,43,medium,8633,1,6.504250632133335e-05,0.008064893074333668,0.02841264009475708,0.14689086377620697,0.8600720763206482,0
shared_e2e,43,large,8633,3,0.0023740632459521294,0.04872436076402664,0.029615968465805054,0.05725184082984924,0.8511160016059875,0
shared_e2e,43,large,1918,1,1.6393485566368327e-05,0.004048887174576521,0.02053837478160858,0.11201239377260208,0.8962563276290894,1
shared_e2e,43,large,1918,0,0.0008076038211584091,0.028418371453881264,0.010711319744586945,0.058137550950050354,0.6309875845909119,1
shared_e2e,43,large,4405,3,0.00016358941502403468,0.012790207751095295,0.03991994261741638,0.10586105287075043,0.9036991000175476,1
shared_e2e,43,large,4405,1,0.007671535946428776,0.08758730441331863,0.013987541198730469,0.03407220169901848,0.599593997001648,1
shared_e2e,43,large,4405,0,0.00035135456710122526,0.01874445378780365,0.03274190425872803,0.04853908345103264,0.9299275875091553,0
shared_e2e,43,large,4405,2,0.0003233049937989563,0.017980683594942093,0.1461191475391388,0.460869163274765,0.68147873878479,1
shared_e2e,43,large,8443,0,0.0006353755597956479,0.025206657126545906,0.02451881766319275,0.06543494760990143,0.829336404800415,1
shared_e2e,43,large,6654,1,3.976437437813729e-05,0.006305899936705828,0.037041544914245605,0.10655302554368973,0.8961573839187622,1
shared_e2e,43,large,6654,2,0.00025716176605783403,0.0160362645983696,0.017876476049423218,0.05835263058543205,0.8802587985992432,1
shared_e2e,43,large,6654,0,0.00011116861423943192,0.010543652810156345,0.02732306718826294,0.035745877772569656,0.9613226056098938,1
shared_e2e,43,large,1938,0,0.0001857415190897882,0.01362870167940855,0.017965972423553467,0.01906861737370491,0.9612505435943604,1
shared_e2e,43,large,6190,0,0.012010949663817883,0.10959447920322418,0.04876190423965454,0.07111428678035736,0.6881207227706909,0
shared_e2e,43,large,5214,0,0.0008417474455200136,0.029012884944677353,0.05136072635650635,0.05946797877550125,0.9062514305114746,0
shared_e2e,43,large,6020,0,0.00017941366240847856,0.013394538313150406,0.0436137318611145,0.0642792358994484,0.9372957944869995,0
shared_e2e,43,medium,6020,1,0.00019040144979953766,0.013798602856695652,0.005224481225013733,0.019187094643712044,0.8044058084487915,0
shared_e2e,43,large,9192,0,0.0021068963687866926,0.045900940895080566,0.02639681100845337,0.0340176559984684,0.8635233640670776,0
shared_e2e,43,large,849,0,0.005651554092764854,0.07517682015895844,0.158060222864151,0.3321146070957184,0.6694215536117554,0
shared_e2e,43,large,3003,0,0.0019340103026479483,0.04397738352417946,0.05127871036529541,0.15419915318489075,0.708672821521759,1
shared_e2e,43,medium,3003,3,0.0024505623150616884,0.049503155052661896,0.06546016782522202,0.35172876715660095,0.5711628794670105,1
shared_e2e,43,large,3003,2,0.0010036416351795197,0.03168030455708504,0.07912419736385345,0.3631746470928192,0.5777220129966736,1
shared_e2e,43,large,3003,1,0.0006988983368501067,0.026436684653162956,0.07093709707260132,0.19403010606765747,0.789222240447998,1
shared_e2e,43,large,7900,0,6.900946755195037e-05,0.008307193405926228,0.05259639024734497,0.15102578699588776,0.8619036674499512,0
shared_e2e,43,large,7900,1,0.00020293064881116152,0.014245373196899891,0.011810064315795898,0.01191286463290453,0.9609500169754028,0
shared_e2e,43,large,8095,1,2.406488601991441e-05,0.004905597306787968,0.008665353059768677,0.020138710737228394,0.9736193418502808,0
shared_e2e,43,medium,8095,0,0.0020305325742810965,0.04506143182516098,0.1437056064605713,1.44436776638031,0.3985006809234619,0
shared_e2e,43,medium,3781,2,0.0002809837751556188,0.016762571409344673,0.029363460838794708,0.3046007752418518,0.6395843029022217,1
shared_e2e,43,large,3781,1,0.0003497639554552734,0.018701978027820587,0.027012676000595093,0.05558089166879654,0.9058154225349426,1
shared_e2e,43,large,3781,0,0.0003408091142773628,0.018461016938090324,0.005658566951751709,0.00875807087868452,0.9250527024269104,1
shared_e2e,43,large,5588,0,0.00018258510681334883,0.013512405566871166,0.0414433479309082,0.17564073204994202,0.8273121118545532,1
shared_e2e,43,large,8628,2,0.00041191355558112264,0.020295653492212296,0.04923206567764282,0.06761635839939117,0.9030060768127441,0
shared_e2e,43,large,8628,0,0.0013956900220364332,0.03735893592238426,0.04761141538619995,0.15878474712371826,0.7100154161453247,1
shared_e2e,43,medium,8628,1,0.019098011776804924,0.13819555938243866,0.21935045719146729,1.316823959350586,0.09274037927389145,0
shared_e2e,43,large,8628,3,2.3863463866291568e-05,0.004885024391114712,0.04992276430130005,0.07299792021512985,0.9282916784286499,1
shared_e2e,43,large,5314,0,0.004512994550168514,0.06717882305383682,0.11840212345123291,0.15191160142421722,0.8025872111320496,0
shared_e2e,43,small,8292,2,5.981235153740272e-05,0.0077338446862995625,0.060340605676174164,1.181241750717163,0.40206289291381836,0
shared_e2e,43,medium,8292,0,9.82386918622069e-05,0.009911543689668179,0.006665229797363281,0.08748731017112732,0.7474925518035889,0
shared_e2e,43,medium,8292,1,0.0005889859166927636,0.02426903136074543,0.005622796714305878,0.08180823922157288,0.37939631938934326,0
shared_e2e,43,small,8292,3,0.000327524496242404,0.018097637221217155,0.023083675652742386,0.5865333676338196,0.3476925492286682,0
shared_e2e,43,small,8292,5,0.0007209508330561221,0.02685052715241909,0.08327362686395645,5.2046051025390625,0.07265951484441757,0
shared_e2e,43,small,8292,4,8.89399743755348e-05,0.009430799633264542,0.02638314850628376,1.2469048500061035,0.3326323628425598,0
shared_e2e,43,large,8338,0,0.0023792514111846685,0.04877756908535957,0.062419384717941284,0.07161657512187958,0.7641581296920776,0
shared_e2e,43,large,6949,0,0.00020499623497016728,0.014317689463496208,0.09567242860794067,0.12277068197727203,0.880677342414856,1
shared_e2e,43,large,7154,0,0.00010224236757494509,0.010111496783792973,0.052418798208236694,0.06174357235431671,0.8948530554771423,1
shared_e2e,43,large,5940,2,0.0001636446686461568,0.012792367488145828,0.03260698914527893,0.09891212731599808,0.8641942739486694,1
shared_e2e,43,large,5940,3,4.504392563831061e-06,0.002122355392202735,0.03131532669067383,0.10102760791778564,0.8994923830032349,1
shared_e2e,43,large,5940,5,8.953516953624785e-05,0.009462302550673485,0.032078444957733154,0.14818547666072845,0.8365797996520996,1
shared_e2e,43,large,5940,0,6.072724499972537e-05,0.007792768534272909,0.025676190853118896,0.06899747252464294,0.9313772916793823,1
shared_e2e,43,large,5940,4,0.0011371535947546363,0.03372170776128769,0.06630627810955048,0.25236618518829346,0.7179396152496338,1
shared_e2e,43,large,5940,1,0.00037017869180999696,0.01924002915620804,0.023753583431243896,0.0678248256444931,0.8663512468338013,1
shared_e2e,43,large,851,1,0.000933472067117691,0.030552774667739868,0.09298545122146606,0.20016977190971375,0.8269127011299133,1
shared_e2e,43,large,851,0,0.00025334907695651054,0.015916943550109863,0.028012007474899292,0.056878481060266495,0.9193453788757324,1
shared_e2e,43,medium,2047,0,0.002491799183189869,0.04991792514920235,0.1203066036105156,0.9660152196884155,0.37076136469841003,0
shared_e2e,43,medium,6404,0,0.000436609610915184,0.020895205438137054,0.027535736560821533,0.21797960996627808,0.6665104031562805,0
shared_e2e,43,large,7536,1,0.0008194575784727931,0.02862617000937462,0.03779345750808716,0.05786046385765076,0.8873121738433838,0
shared_e2e,43,large,7536,0,7.9612482295488e-06,0.00282156839966774,0.013914048671722412,0.02717587724328041,0.9733801484107971,0
shared_e2e,43,large,8252,0,0.00010201730037806556,0.010100360959768295,0.03423100709915161,0.08606710284948349,0.9147660732269287,0
shared_e2e,43,large,1206,1,2.428749758109916e-05,0.004928234964609146,0.023746468126773834,0.05980921536684036,0.8852075934410095,0
shared_e2e,43,large,1206,0,0.000414455309510231,0.020358175039291382,0.02754455804824829,0.07905051857233047,0.8510502576828003,1
shared_e2e,43,large,4121,1,2.974990820803214e-05,0.0054543474689126015,0.02471989393234253,0.08372174203395844,0.9169455170631409,1
shared_e2e,43,large,4121,0,6.568713433807716e-05,0.008104760199785233,0.08222346007823944,0.3774549961090088,0.649260938167572,1
shared_e2e,43,medium,4121,2,4.4724027247866616e-05,0.006687602493911982,0.01641744375228882,0.07085465639829636,0.8465248942375183,1
shared_e2e,43,small,4857,5,5.789875103801023e-06,0.0024062159936875105,0.009692661464214325,0.1517718881368637,0.8525206446647644,1
shared_e2e,43,small,4857,4,0.00023810690618120134,0.015430713072419167,0.035965561866760254,0.6416047215461731,0.530894935131073,1
shared_e2e,43,large,4857,13,0.0013520318316295743,0.036769986152648926,0.058503657579422,0.15810517966747284,0.7663349509239197,1
shared_e2e,43,large,4857,6,2.2235206415643916e-05,0.004715422168374062,0.10906583070755005,0.24875769019126892,0.7639158368110657,0
shared_e2e,43,medium,4857,2,9.114811837207526e-05,0.009547152556478977,0.02624136209487915,0.16457855701446533,0.7261121273040771,1
shared_e2e,43,medium,4857,9,0.0009682356030680239,0.031116483733057976,0.024554282426834106,0.21832574903964996,0.5122513771057129,0
shared_e2e,43,medium,4857,8,1.3282977306516841e-05,0.0036445818841457367,0.02270529419183731,0.16309310495853424,0.8558420538902283,0
shared_e2e,43,large,4857,12,0.000812194193713367,0.028499020263552666,0.09378990530967712,0.23720046877861023,0.7704086303710938,1
shared_e2e,43,small,4857,10,4.99807829328347e-05,0.007069708779454231,0.03651580214500427,0.4803726375102997,0.5671930909156799,1
shared_e2e,43,large,4857,0,0.0003886206541210413,0.01971346326172352,0.029719829559326172,0.07850997895002365,0.88968425989151,1
shared_e2e,43,large,4857,11,0.0007031746208667755,0.026517439633607864,0.13832944631576538,0.2904064655303955,0.7520890831947327,1
shared_e2e,43,small,4857,3,0.00022583469399251044,0.015027797780930996,0.019738227128982544,0.4645322859287262,0.5662717819213867,1
shared_e2e,43,large,4857,1,0.00014970557822380215,0.012235423550009727,0.023739755153656006,0.05622630566358566,0.929959774017334,1
shared_e2e,43,medium,4857,14,0.0002569996868260205,0.016031209379434586,0.051672786474227905,0.15025214850902557,0.6735969185829163,0
shared_e2e,43,medium,4857,7,0.0013803283218294382,0.03715277090668678,0.08259764313697815,0.5065546631813049,0.5879530906677246,0
shared_e2e,43,large,3759,0,0.0001703124726191163,0.013050382025539875,0.014764010906219482,0.05005815625190735,0.920020341873169,1
shared_e2e,43,medium,3759,3,7.461784844053909e-05,0.008638162165880203,0.018127962946891785,0.07435134798288345,0.901384711265564,0
shared_e2e,43,large,3759,2,0.00010623825073707849,0.010307193733751774,0.0522761344909668,0.14486712217330933,0.8618160486221313,1
shared_e2e,43,large,3759,1,9.752520418260247e-05,0.009875484742224216,0.03630584478378296,0.12491384148597717,0.8604820370674133,1
shared_e2e,43,medium,5057,2,7.236324563564267e-06,0.002690041670575738,0.014484189450740814,0.07991042733192444,0.9216163754463196,0
shared_e2e,43,large,5057,0,0.0011936802184209228,0.03454967588186264,0.07025206089019775,0.13018329441547394,0.8550097346305847,0
shared_e2e,43,large,5057,1,4.950216680299491e-05,0.007035777438431978,0.02211436629295349,0.039036914706230164,0.9528605341911316,1
shared_e2e,43,large,6296,1,0.0006309282034635544,0.025118283927440643,0.02423650026321411,0.06944065541028976,0.8451724052429199,1
shared_e2e,43,large,6296,2,0.0002490288461558521,0.015780648216605186,0.05578172206878662,0.13014733791351318,0.8831452131271362,1
shared_e2e,43,large,6296,0,4.717483898275532e-05,0.006868394091725349,0.07020744681358337,0.2973443567752838,0.7707824110984802,1
shared_e2e,43,large,3351,0,3.5920022583013633e-06,0.0018952578539028764,0.021279871463775635,0.03470905125141144,0.9638881683349609,1
shared_e2e,43,large,3673,1,0.00033266207901760936,0.01823902688920498,0.024533122777938843,0.04662506282329559,0.9011285901069641,0
shared_e2e,43,large,3673,0,0.0001425729424227029,0.011940390802919865,0.02405095100402832,0.04303298145532608,0.9395377039909363,0
shared_e2e,43,medium,3330,1,4.327115311753005e-05,0.006578081287443638,0.0287855863571167,0.1469990611076355,0.8474169373512268,1
shared_e2e,43,large,3330,0,7.75674925534986e-06,0.0027850940823554993,0.024161219596862793,0.09294376522302628,0.909763753414154,0
shared_e2e,43,large,3838,1,0.0001527452695881948,0.01235901564359665,0.027733564376831055,0.09397352486848831,0.904651403427124,1
shared_e2e,43,medium,3838,4,0.0006452133529819548,0.025401050224900246,0.025554314255714417,0.09798389673233032,0.5610041618347168,1
shared_e2e,43,large,3838,3,0.00041031066211871803,0.020256126299500465,0.004844695329666138,0.016008898615837097,0.859376072883606,1
shared_e2e,43,large,3838,0,5.222090476308949e-05,0.007226403336971998,0.02438044548034668,0.06816460937261581,0.9280810356140137,1
shared_e2e,43,large,3838,2,0.00036337596247904,0.019062422215938568,0.019219815731048584,0.06832196563482285,0.8708712458610535,1
shared_e2e,43,medium,3838,5,0.00031002808827906847,0.017607614398002625,0.009845487773418427,0.07345647364854813,0.6039570569992065,1
shared_e2e,43,large,6759,0,0.00024437266984023154,0.015632424503564835,0.022792577743530273,0.031184162944555283,0.944744884967804,0
shared_e2e,43,medium,1532,0,0.0005772945587523282,0.024026954546570778,0.008770883083343506,0.07381965965032578,0.7104590535163879,1
shared_e2e,43,medium,1532,8,0.00045932969078421593,0.021431978791952133,0.03549754619598389,0.42465680837631226,0.44455569982528687,1
shared_e2e,43,small,1532,5,0.0005597491399385035,0.02365901879966259,0.033337511122226715,0.7466374635696411,0.389382541179657,0
shared_e2e,43,small,1532,1,0.00031769543420523405,0.01782401278614998,0.029774799942970276,0.4076147675514221,0.5787721276283264,1
shared_e2e,43,small,1532,6,0.00031858496367931366,0.017848948016762733,0.014895137399435043,0.336146742105484,0.4625696837902069,0
shared_e2e,43,small,1532,9,0.0003908905200660229,0.019770951941609383,0.020083926618099213,0.33032870292663574,0.4467626214027405,1
shared_e2e,43,medium,1532,3,0.00024655627203173935,0.015702109783887863,0.07019788026809692,0.45403948426246643,0.5892125368118286,0
shared_e2e,43,medium,1532,4,0.0006116997683420777,0.024732565507292747,0.028122127056121826,0.2150237262248993,0.48666247725486755,0
shared_e2e,43,medium,1532,7,0.0003747552400454879,0.019358595833182335,0.02793271094560623,0.23623517155647278,0.7097112536430359,1
shared_e2e,43,medium,1532,2,0.000247403047978878,0.01572905108332634,0.007556132972240448,0.05003643035888672,0.7400413751602173,0
shared_e2e,43,large,3886,0,3.886481135850772e-05,0.0062341648153960705,0.0258902907371521,0.041971322149038315,0.9594621062278748,0
shared_e2e,43,large,3335,5,0.003973179962486029,0.06303316354751587,0.11569555103778839,0.4211505651473999,0.502996563911438,1
shared_e2e,43,medium,3335,6,0.0003732942568603903,0.01932082511484623,0.1033627912402153,0.5017614364624023,0.6478303670883179,1
shared_e2e,43,large,3335,1,0.0006271956372074783,0.025043874979019165,0.09027040004730225,0.4082520306110382,0.6174094676971436,0
shared_e2e,43,medium,3335,0,4.317183993407525e-06,0.0020777834579348564,0.011755451560020447,0.04638352990150452,0.9480370283126831,1
shared_e2e,43,large,3335,4,6.263511022552848e-05,0.007914234884083271,0.11280190944671631,0.3212464153766632,0.7507109045982361,1
shared_e2e,43,large,3335,3,0.00019438349409028888,0.01394214853644371,0.03069165349006653,0.04867256060242653,0.9192659854888916,1
shared_e2e,43,medium,3335,2,0.006231863051652908,0.07894214987754822,0.043080925941467285,0.3669467270374298,0.06314465403556824,0
shared_e2e,43,large,5065,0,1.2557903573906515e-05,0.0035437133628875017,0.026819348335266113,0.032658789306879044,0.9627670645713806,1
shared_e2e,43,large,5253,0,0.00016713292279746383,0.012927989475429058,0.00838172435760498,0.009847776964306831,0.9567294120788574,0
shared_e2e,43,medium,4281,1,0.0005062089185230434,0.0224990863353014,0.14010486006736755,0.7296316027641296,0.45969367027282715,1
shared_e2e,43,large,4281,0,0.0006932555697858334,0.02632974646985531,0.05686920881271362,0.10652082413434982,0.8672835826873779,0
shared_e2e,43,large,1758,1,0.0010312509257346392,0.03211309760808945,0.05879086256027222,0.10567382723093033,0.8582888245582581,1
shared_e2e,43,large,1758,0,0.008869864046573639,0.09417995810508728,0.051129937171936035,0.25563114881515503,0.28261199593544006,0
shared_e2e,43,large,756,0,0.00011419025395298377,0.010685984045267105,0.002706289291381836,0.00360990222543478,0.9645258188247681,0
shared_e2e,43,large,6295,1,0.0007366844220086932,0.027141930535435677,0.030110418796539307,0.16330567002296448,0.7246767282485962,0
shared_e2e,43,large,6295,0,0.0006920332671143115,0.026306524872779846,0.03969216346740723,0.15298278629779816,0.7670132517814636,0
shared_e2e,43,large,6295,2,0.0003257283824495971,0.01804794743657112,0.05552220344543457,0.20539456605911255,0.8072131872177124,0
shared_e2e,43,large,9072,0,0.0049661509692668915,0.07047092169523239,0.19886231422424316,0.3824050724506378,0.6551214456558228,1
shared_e2e,43,medium,9032,0,0.0034319411497563124,0.05858277156949043,0.16001386940479279,1.8437373638153076,0.27643540501594543,0
shared_e2e,43,large,9032,1,0.0002548919292166829,0.015965335071086884,0.014163434505462646,0.03826925903558731,0.8984145522117615,0
shared_e2e,43,large,9032,2,7.575494237244129e-06,0.00275236158631742,0.039017707109451294,0.11370129883289337,0.8889574408531189,0
shared_e2e,43,large,4168,0,0.0025164238177239895,0.05016396939754486,0.05417601764202118,0.16916614770889282,0.6316137909889221,0
shared_e2e,43,large,4168,1,0.009757415391504765,0.09877963364124298,0.08072397112846375,0.21766328811645508,0.2333681732416153,1
shared_e2e,43,large,7691,0,0.00026658570277504623,0.016327451914548874,0.04003056883811951,0.07544557750225067,0.9065995812416077,1
shared_e2e,43,large,140,1,0.0037113698199391365,0.06092101335525513,0.11731293797492981,0.2597304880619049,0.7227161526679993,0
shared_e2e,43,large,140,0,0.0029919445514678955,0.05469867214560509,0.15557917952537537,0.43993014097213745,0.596752941608429,0
shared_e2e,43,medium,6855,2,5.427457654150203e-05,0.007367128040641546,0.01220346987247467,0.08722534775733948,0.8355449438095093,1
shared_e2e,43,large,6855,0,0.00028425082564353943,0.016859740018844604,0.03798288106918335,0.05001097545027733,0.9344404935836792,0
shared_e2e,43,medium,6855,1,8.201149466913193e-05,0.009056019596755505,0.02387348562479019,0.18884551525115967,0.798630952835083,1
shared_e2e,43,large,2063,6,0.0028869928792119026,0.05373074486851692,0.009305402636528015,0.043494150042533875,0.6022489666938782,1
shared_e2e,43,large,2063,5,0.00046929719974286854,0.02166326902806759,0.05305352807044983,0.1329999566078186,0.8577646613121033,0
shared_e2e,43,large,2063,0,0.0020178232807666063,0.0449201874434948,0.02990218997001648,0.06361009925603867,0.8234187960624695,0
shared_e2e,43,medium,2063,3,0.0017322414787486196,0.04162020608782768,0.03214968740940094,0.21862690150737762,0.4601766765117645,1
shared_e2e,43,large,2063,4,0.0016496924217790365,0.04061640426516533,0.009759917855262756,0.032025933265686035,0.7850399613380432,1
shared_e2e,43,medium,2063,1,0.00019941636128351092,0.014121485874056816,0.013234630227088928,0.10332581400871277,0.7721799612045288,1
shared_e2e,43,medium,2063,2,0.0018297951901331544,0.04277610406279564,0.02416188269853592,0.21394261717796326,0.3905552327632904,1
shared_e2e,43,large,9776,0,0.000983554171398282,0.031361665576696396,0.05128037929534912,0.18941771984100342,0.7925816178321838,1
shared_e2e,43,large,9776,1,0.031721748411655426,0.17810600996017456,0.045103371143341064,0.09195515513420105,0.4605133831501007,1
shared_e2e,43,large,9776,2,0.000201221919269301,0.014185271225869656,0.007776081562042236,0.026713717728853226,0.873419463634491,1
shared_e2e,43,large,2129,0,0.0006674709729850292,0.025835460051894188,0.05838087201118469,0.2871628999710083,0.677581250667572,0
shared_e2e,43,large,2129,2,0.004619311541318893,0.06796551495790482,0.043311625719070435,0.17184144258499146,0.5652816891670227,0
shared_e2e,43,large,2129,3,0.0005538740660995245,0.02353452891111374,0.033090680837631226,0.0735873281955719,0.8958378434181213,0
shared_e2e,43,large,2129,1,0.00036892754724249244,0.019207486882805824,0.008000552654266357,0.02685859054327011,0.8175129294395447,0
shared_e2e,43,large,6348,1,0.00011313943105051294,0.010636702179908752,0.033173561096191406,0.0580318383872509,0.9390784502029419,0
shared_e2e,43,medium,6348,0,9.00275117601268e-05,0.009488282725214958,0.014773428440093994,0.05625975877046585,0.9020771980285645,0
shared_e2e,43,small,2940,3,9.99246276478516e-06,0.003161085769534111,0.01887139305472374,0.29898327589035034,0.7157779335975647,0
shared_e2e,43,small,2940,1,6.602312350878492e-05,0.008125461637973785,0.013139091432094574,0.1656697690486908,0.6888520121574402,0
shared_e2e,43,small,2940,2,0.0008157078409567475,0.02856059931218624,0.03259681165218353,0.6057734489440918,0.3902217149734497,0
shared_e2e,43,large,2940,0,9.765065624378622e-05,0.009881834499537945,0.003832697868347168,0.012170721776783466,0.930077314376831,0
shared_e2e,43,large,2940,6,5.846920430485625e-06,0.002418040530756116,0.031220287084579468,0.05459633469581604,0.9480310678482056,1
shared_e2e,43,medium,2940,5,2.115569714078447e-06,0.0014544997829943895,0.004888944327831268,0.039813846349716187,0.961470901966095,0
shared_e2e,43,medium,2940,4,1.1630871995294001e-05,0.0034104064106941223,0.01029105857014656,0.17010030150413513,0.8336206674575806,0
shared_e2e,43,large,4100,0,0.002534699160605669,0.05034579709172249,0.08637446165084839,0.25079840421676636,0.708570122718811,0
shared_e2e,43,large,2953,1,0.00012639682972803712,0.011242634616792202,0.026053041219711304,0.11177898198366165,0.8765034675598145,0
shared_e2e,43,large,2953,3,0.00047952187014743686,0.02189798839390278,0.01548147201538086,0.03415663540363312,0.8790861964225769,0
shared_e2e,43,medium,2953,4,3.0767652788199484e-05,0.005546859931200743,0.033285126090049744,0.2063460350036621,0.8132516145706177,0
shared_e2e,43,large,2953,2,0.00030308461282402277,0.017409324645996094,0.05145375430583954,0.18795618414878845,0.8134318590164185,0
shared_e2e,43,large,2953,0,0.0007986219716258347,0.028259901329874992,0.03779785335063934,0.16038408875465393,0.7864165306091309,0
shared_e2e,43,medium,8933,2,0.002746293321251869,0.052405089139938354,0.05980527400970459,0.46400660276412964,0.3731798529624939,0
shared_e2e,43,large,8933,0,0.0018506095511838794,0.04301870986819267,0.15243849158287048,0.4557400047779083,0.6738614439964294,0
shared_e2e,43,medium,8933,1,2.402221980446484e-06,0.0015499102883040905,0.20679114758968353,1.886336326599121,0.26848500967025757,0
shared_e2e,43,large,763,0,0.0002215301210526377,0.014883887954056263,0.014389663934707642,0.04265729337930679,0.9308534264564514,0
shared_e2e,43,medium,754,2,0.0010044147493317723,0.0316925048828125,0.08910433202981949,0.7787027359008789,0.3326568007469177,0
shared_e2e,43,small,754,1,7.477644976461306e-05,0.008647337555885315,0.030876949429512024,0.5096229314804077,0.637169599533081,0
shared_e2e,43,small,754,3,0.000535361934453249,0.023137889802455902,0.0008070357143878937,0.012020250782370567,0.395969033241272,1
shared_e2e,43,medium,754,0,0.00040493576670996845,0.020123016089200974,0.04717575013637543,0.16099552810192108,0.8278595209121704,0
shared_e2e,43,large,9942,0,0.00024167730589397252,0.015545973554253578,0.09956401586532593,0.22596897184848785,0.7819289565086365,1
shared_e2e,43,large,9942,2,3.936814027838409e-05,0.006274403538554907,0.01016727089881897,0.020106103271245956,0.9711031317710876,1
shared_e2e,43,large,9942,1,2.151723856513854e-05,0.004638667684048414,0.0012531876564025879,0.0015610370319336653,0.9843674898147583,1
shared_e2e,43,large,2567,0,0.0003175642341375351,0.0178203321993351,0.03161364793777466,0.043293289840221405,0.9348954558372498,0
shared_e2e,43,large,9869,0,5.302915087668225e-05,0.007282111793756485,0.019575119018554688,0.02566385641694069,0.9693899750709534,1
shared_e2e,43,large,5579,1,0.0021455087698996067,0.046319637447595596,0.023208558559417725,0.06754586100578308,0.7112088203430176,0
shared_e2e,43,large,5579,0,1.7601176296011545e-05,0.004195375367999077,0.009610533714294434,0.04159671813249588,0.9510169625282288,0
shared_e2e,43,large,4464,1,2.6600609999150038e-05,0.005157577805221081,0.010235875844955444,0.031404681503772736,0.9599635004997253,1
shared_e2e,43,large,4464,0,7.739434295217507e-06,0.002781983930617571,0.00664810836315155,0.027084078639745712,0.9672784209251404,0
shared_e2e,43,medium,4464,2,3.4607101042638533e-06,0.0018602984491735697,0.05039692670106888,0.5237168073654175,0.5442684292793274,0
shared_e2e,43,medium,4020,1,1.3745121577812824e-05,0.0037074412684887648,0.02241554856300354,0.4117355942726135,0.6793979406356812,1
shared_e2e,43,large,4020,0,4.482186704990454e-05,0.006694913376122713,0.032125324010849,0.12915438413619995,0.8833386898040771,1
shared_e2e,43,large,4020,2,9.555812994221924e-07,0.0009775384096428752,0.009840980172157288,0.03944234177470207,0.9618899822235107,0
shared_e2e,43,large,3116,0,0.002746555022895336,0.052407585084438324,0.002664923667907715,0.003293165471404791,0.8297821283340454,0
shared_e2e,43,large,865,4,0.00046699761878699064,0.02161012776196003,0.048753201961517334,0.18655261397361755,0.7919764518737793,1
shared_e2e,43,small,865,6,0.0002983416779898107,0.017272569239139557,0.018212037160992622,0.5584601163864136,0.21305982768535614,0
shared_e2e,43,large,865,7,0.00024885093444027007,0.015775009989738464,0.035702139139175415,0.07779999077320099,0.8894147872924805,1
shared_e2e,43,large,865,0,6.519040471175686e-05,0.008074057288467884,0.026063308119773865,0.11492598056793213,0.8798133730888367,0
shared_e2e,43,medium,865,2,0.00011803496454376727,0.010864390060305595,0.017091363668441772,0.08198718726634979,0.8508695960044861,1
shared_e2e,43,medium,865,1,2.5792644009925425e-05,0.0050786458887159824,0.051284901797771454,0.3275091052055359,0.7216228246688843,1
shared_e2e,43,large,865,8,0.0013722876319661736,0.037044402211904526,0.08980153501033783,0.21083395183086395,0.8194712400436401,1
shared_e2e,43,medium,865,5,0.0001238564873347059,0.01112908311188221,0.02094148099422455,0.145426943898201,0.8163914680480957,0
shared_e2e,43,medium,865,3,0.0001845681545091793,0.013585586100816727,0.034075990319252014,0.16072410345077515,0.8576500415802002,1
shared_e2e,43,small,2845,3,7.185163849499077e-05,0.008476534858345985,0.0850151926279068,1.9527357816696167,0.2567070722579956,0
shared_e2e,43,small,2845,5,3.143312642350793e-05,0.005606525111943483,0.09131798893213272,2.184046983718872,0.22958141565322876,0
shared_e2e,43,small,2845,4,0.0002244897186756134,0.01498298067599535,0.11027511209249496,2.5544514656066895,0.2099788784980774,0
shared_e2e,43,medium,2845,2,0.0002593429817352444,0.01610413007438183,0.013033419847488403,0.17445409297943115,0.5895247459411621,0
shared_e2e,43,large,2845,1,6.31007642368786e-05,0.007943598553538322,0.026977717876434326,0.10920491814613342,0.888163149356842,0
shared_e2e,43,small,2845,0,0.00012257180060259998,0.011071215383708477,0.047542184591293335,0.8749334216117859,0.46585074067115784,0
shared_e2e,43,large,9537,1,0.0010376869468018413,0.03221314772963524,0.015101432800292969,0.02487001195549965,0.8808813691139221,1
shared_e2e,43,small,9537,0,0.01869019865989685,0.13671210408210754,0.061947520822286606,0.6264435648918152,0.0,1
shared_e2e,43,large,5146,8,3.371742650415399e-06,0.0018362305127084255,0.008565619587898254,0.056976068764925,0.9421859979629517,1
shared_e2e,43,large,5146,9,0.00024413582286797464,0.015624846331775188,0.05001574754714966,0.07153664529323578,0.9129989743232727,1
shared_e2e,43,large,5146,1,0.00020137567480560392,0.014190689660608768,0.051848530769348145,0.2760452926158905,0.7059803009033203,0
shared_e2e,43,large,5146,4,0.000689093372784555,0.02625058777630329,0.07343588769435883,0.28945231437683105,0.7108228206634521,0
shared_e2e,43,large,5146,5,0.00017035249038599432,0.013051914982497692,0.020884141325950623,0.10043969005346298,0.8639391660690308,1
shared_e2e,43,large,5146,6,3.4430689993314445e-05,0.00586776714771986,0.0310056209564209,0.053538978099823,0.9361907243728638,1
shared_e2e,43,large,5146,3,0.00018841022392734885,0.013726260513067245,0.09082923829555511,0.49384987354278564,0.6590771079063416,0
shared_e2e,43,large,5146,0,0.00020722512272186577,0.014395316131412983,0.018438369035720825,0.046121545135974884,0.8528069853782654,0
shared_e2e,43,large,5146,2,8.667186193633825e-05,0.009309772402048111,0.03838707506656647,0.18960288166999817,0.8194150924682617,0
shared_e2e,43,large,5146,7,0.00012700246588792652,0.011269536800682545,0.03452505171298981,0.12774129211902618,0.8769088387489319,1
shared_e2e,43,small,4585,7,2.2899701434653252e-05,0.004785363096743822,0.0625268816947937,1.1975126266479492,0.42035865783691406,0
shared_e2e,43,medium,4585,2,0.0003665382682811469,0.019145188853144646,0.019430190324783325,0.14212921261787415,0.6989216804504395,0
shared_e2e,43,medium,4585,5,8.888691081665456e-05,0.009427985176444054,0.012927539646625519,0.14618735015392303,0.7384594082832336,0
shared_e2e,43,medium,4585,11,3.514253330649808e-05,0.005928113590925932,0.01350778341293335,0.19456180930137634,0.7489535808563232,0
shared_e2e,43,medium,4585,1,0.00011612001981120557,0.010775899514555931,0.037928201258182526,0.28135162591934204,0.734208881855011,0
shared_e2e,43,small,4585,9,0.00035641342401504517,0.018878914415836334,0.007686406373977661,0.10008431226015091,0.3567374050617218,0
shared_e2e,43,small,4585,12,0.0005304872174747288,0.023032307624816895,0.03437139838933945,0.6828127503395081,0.3251989781856537,0
shared_e2e,43,small,4585,10,0.004792674444615841,0.0692291408777237,0.058527618646621704,1.0439379215240479,0.025726044550538063,0
shared_e2e,43,small,4585,6,0.0005643024342134595,0.02375505119562149,0.016644492745399475,0.27798423171043396,0.3708229064941406,0
shared_e2e,43,medium,4585,0,3.0035504096304066e-05,0.005480465479195118,0.013323113322257996,0.06778156757354736,0.886496901512146,0
shared_e2e,43,medium,4585,4,0.00022836262360215187,0.015111671760678291,0.009163379669189453,0.06330384314060211,0.7018023729324341,0
shared_e2e,43,medium,4585,3,0.001068413956090808,0.03268660232424736,0.1102171242237091,1.0844800472259521,0.39803287386894226,0
shared_e2e,43,small,4585,8,0.002843645168468356,0.0533258393406868,0.030182402580976486,0.42789679765701294,0.0,0
shared_e2e,43,medium,5239,2,0.0001759278675308451,0.013263780623674393,0.018505915999412537,0.29609453678131104,0.6546360850334167,1
shared_e2e,43,small,5239,3,0.0010875952430069447,0.032978709787130356,0.06854109466075897,1.2902873754501343,0.35968664288520813,1
shared_e2e,43,medium,5239,1,0.03250010684132576,0.18027785420417786,0.24875769019126892,2.074388027191162,0.1149434968829155,1
shared_e2e,43,large,5239,0,0.0006499047740362585,0.025493230670690536,0.015474021434783936,0.03436640650033951,0.842546820640564,1
shared_e2e,43,large,3145,0,0.00010371590906288475,0.010184100829064846,0.10942703485488892,0.15992021560668945,0.8571896553039551,1
shared_e2e,43,large,3145,1,0.00017051193572115153,0.013058021664619446,0.013701707124710083,0.035048842430114746,0.9328026175498962,1
shared_e2e,43,small,2520,1,0.00010433753050165251,0.010214574635028839,0.026095028966665268,0.41003119945526123,0.707356333732605,0
shared_e2e,43,medium,2520,0,0.00020748638780787587,0.014404388144612312,0.02041502296924591,0.09227432310581207,0.870873212814331,0
shared_e2e,43,small,2520,2,9.760964167071506e-05,0.009879759512841702,0.034432943910360336,0.5387930274009705,0.4925057291984558,0
shared_e2e,43,medium,2520,4,4.7747282224008814e-05,0.006909940857440233,0.02095150575041771,0.1044672504067421,0.8219401836395264,1
shared_e2e,43,medium,2520,3,6.740976823493838e-05,0.008210345171391964,0.02239859849214554,0.17116054892539978,0.8132266402244568,1
shared_e2e,43,large,7256,1,0.00012824505392927676,0.011324533261358738,0.01902686059474945,0.04854488745331764,0.8766984939575195,1
shared_e2e,43,large,7256,0,0.0003502878826111555,0.018715979531407356,0.04128742218017578,0.21756838262081146,0.7499934434890747,0
shared_e2e,43,large,7256,2,6.68188658892177e-05,0.008174280636012554,0.004142552614212036,0.020059429109096527,0.8792714476585388,1
separate_e2e,43,large,6381,14,0.004851516801863909,0.06965283304452896,0.043729692697525024,0.20271986722946167,0.47724586725234985,1
separate_e2e,43,medium,6381,16,5.353187589207664e-05,0.00731654791161418,0.03555600345134735,0.3194185793399811,0.7465753555297852,0
separate_e2e,43,medium,6381,13,0.0017889731097966433,0.04229625314474106,0.12635956704616547,0.5411750674247742,0.40547487139701843,0
separate_e2e,43,small,6381,11,4.237431494402699e-05,0.0065095555037260056,0.01970309391617775,0.3424680531024933,0.7259508371353149,1
separate_e2e,43,large,6381,12,0.0023122376296669245,0.04808573052287102,0.033245354890823364,0.050563883036375046,0.7674369812011719,0
separate_e2e,43,medium,6381,9,0.0002656054275576025,0.01629740558564663,0.022466212511062622,0.2512953281402588,0.7206491827964783,1
separate_e2e,43,large,6381,2,0.0011498428648337722,0.033909332007169724,0.05150407552719116,0.12859614193439484,0.8299271464347839,1
separate_e2e,43,medium,6381,10,2.778892667265609e-05,0.0052715204656124115,0.014970865100622177,0.16127699613571167,0.8452010750770569,1
separate_e2e,43,large,6381,1,0.00010158726945519447,0.010079051367938519,0.02663026750087738,0.10510363429784775,0.8933690786361694,1
separate_e2e,43,large,6381,7,0.0002814823528751731,0.016777435317635536,0.052817344665527344,0.23978397250175476,0.770820140838623,1
separate_e2e,43,large,6381,3,0.0002731987333390862,0.016528723761439323,0.041722849011421204,0.16012351214885712,0.8264101147651672,1
separate_e2e,43,medium,6381,5,7.350315718213096e-05,0.008573397994041443,0.010174266993999481,0.05178697407245636,0.8724978566169739,1
separate_e2e,43,large,6381,6,1.1026595529983751e-05,0.003320631803944707,0.032674603164196014,0.19870221614837646,0.8021097183227539,1
separate_e2e,43,medium,6381,4,0.00016996600606944412,0.013037101365625858,0.016229644417762756,0.14725516736507416,0.7341536283493042,1
separate_e2e,43,small,6381,0,0.0011607779888436198,0.03407019376754761,0.062459539622068405,0.5969471335411072,0.4964175224304199,0
separate_e2e,43,medium,6381,15,1.2537198017525952e-05,0.0035407906398177147,0.011914052069187164,0.09725968539714813,0.9036389589309692,1
separate_e2e,43,small,6381,8,1.5216375686577521e-05,0.0039008173625916243,0.007664281874895096,0.15330980718135834,0.8279955983161926,1
separate_e2e,43,medium,4537,5,0.00021056050900369883,0.014510703273117542,0.006610162556171417,0.05125661939382553,0.7773874998092651,0
separate_e2e,43,large,4537,0,0.0001229579938808456,0.011088642291724682,0.010070830583572388,0.02323654666543007,0.9400830864906311,0
separate_e2e,43,medium,4537,3,0.006182812619954348,0.07863086462020874,0.21991580724716187,1.3581445217132568,0.3764687776565552,0
separate_e2e,43,large,4537,6,0.0008847307763062418,0.029744423925876617,0.11376820504665375,0.6408291459083557,0.593622088432312,1
separate_e2e,43,large,4537,4,0.0010658405954018235,0.03264721482992172,0.05194929242134094,0.185336172580719,0.7375849485397339,0
separate_e2e,43,large,4537,1,3.955567080993205e-05,0.006289329845458269,0.0411299467086792,0.1315535604953766,0.8810426592826843,0
separate_e2e,43,large,4537,2,6.970405956963077e-05,0.00834889616817236,0.010087013244628906,0.028755243867635727,0.9349621534347534,0
separate_e2e,43,large,9896,0,0.0010380606399849057,0.032218948006629944,0.03267446160316467,0.06771394610404968,0.8163859844207764,0
separate_e2e,43,large,7223,0,0.00034393457463011146,0.018545472994446754,0.023810863494873047,0.03121614269912243,0.9405004978179932,1
separate_e2e,43,large,1977,0,6.610769924009219e-05,0.008130664005875587,0.04634392261505127,0.07676301896572113,0.9280611276626587,0
separate_e2e,43,medium,5606,3,0.00022868601081427187,0.01512236800044775,0.02683967351913452,0.1948174238204956,0.7865750789642334,1
separate_e2e,43,medium,5606,4,0.0006912101525813341,0.026290874928236008,0.06080251932144165,0.46549373865127563,0.4740181267261505,1
separate_e2e,43,large,5606,1,0.00023833366867620498,0.015438059344887733,0.12292703986167908,0.2550409138202667,0.7479488253593445,1
separate_e2e,43,large,5606,0,0.0009645113022997975,0.031056582927703857,0.03369106352329254,0.2100924551486969,0.728822648525238,0
separate_e2e,43,large,5606,2,0.001705806003883481,0.04130140319466591,0.012246310710906982,0.017847927287220955,0.8797230124473572,1
separate_e2e,43,large,8368,1,9.510887321084738e-05,0.00975237786769867,0.029707908630371094,0.04106456786394119,0.9602296948432922,1
separate_e2e,43,large,8368,0,0.0025496443267911673,0.0504940040409565,0.10348957777023315,0.11735440790653229,0.840094804763794,0
separate_e2e,43,medium,6852,2,0.0003107994853053242,0.017629506066441536,0.08146591484546661,0.5725540518760681,0.5844427943229675,1
separate_e2e,43,large,6852,0,0.00021076618577353656,0.014517788775265217,0.023135602474212646,0.06621900945901871,0.8939447402954102,0
separate_e2e,43,large,6852,1,0.0006246713455766439,0.024993425235152245,0.0127335786819458,0.036445941776037216,0.8170786499977112,1
separate_e2e,43,large,5879,0,7.493386510759592e-05,0.008656434714794159,0.06148695945739746,0.0923076868057251,0.9139468669891357,1
separate_e2e,43,medium,4439,1,6.650715658906847e-05,0.008155192248523235,0.09136146306991577,0.6273238658905029,0.5785619616508484,1
separate_e2e,43,medium,4439,3,0.001604379853233695,0.04005471244454384,0.059358611702919006,0.6995488405227661,0.3275874853134155,1
separate_e2e,43,medium,4439,0,8.815927139949054e-05,0.009389316663146019,0.08064571022987366,0.39568275213241577,0.6321872472763062,1
separate_e2e,43,medium,4439,2,0.0006209387793205678,0.02491864375770092,0.05450335890054703,0.8476089239120483,0.540880560874939,0
separate_e2e,43,medium,3369,0,0.00019051549315918237,0.013802735134959221,0.03130587190389633,0.4097432494163513,0.6798802614212036,1
separate_e2e,43,medium,3369,1,0.00017172787920571864,0.013104498386383057,0.024003397673368454,0.47511374950408936,0.622656524181366,1
separate_e2e,43,large,3369,2,0.0012924312613904476,0.035950399935245514,0.09597384929656982,0.12043360620737076,0.8624546527862549,0
separate_e2e,43,small,3369,3,0.0001520435034763068,0.01233059260994196,0.24867361783981323,3.4171524047851562,0.15671181678771973,0
separate_e2e,43,small,6062,1,2.176507950935047e-05,0.0046653058379888535,0.002755258232355118,0.038228102028369904,0.8779739141464233,1
separate_e2e,43,large,6062,0,2.022025000769645e-06,0.0014219792792573571,0.03289371728897095,0.07160016894340515,0.9321189522743225,1
separate_e2e,43,small,6062,2,0.00022632928448729217,0.01504424400627613,0.05347825214266777,1.0020406246185303,0.4592911899089813,1
separate_e2e,43,large,740,0,6.282351387199014e-05,0.007926128804683685,0.02980557084083557,0.10301725566387177,0.9007224440574646,0
separate_e2e,43,large,740,1,0.00028896614094264805,0.016999004408717155,0.05175676941871643,0.18593163788318634,0.816622793674469,0
separate_e2e,43,large,4031,1,3.287878280389123e-05,0.0057340022176504135,0.001369178295135498,0.0015442000003531575,0.9859740138053894,0
separate_e2e,43,large,4031,0,0.0002963522565551102,0.017214884981513023,0.02661031484603882,0.05595056340098381,0.9119974374771118,0
separate_e2e,43,medium,4031,2,4.4291628000792116e-05,0.006655195727944374,0.03581659495830536,0.2932787835597992,0.7629520893096924,0
separate_e2e,43,large,9724,0,3.9526021282654256e-05,0.00628697220236063,0.003836512565612793,0.004066205117851496,0.9841062426567078,1
separate_e2e,43,large,7062,0,6.383837899193168e-05,0.007989892736077309,0.03254687786102295,0.03678792342543602,0.9635263085365295,0
separate_e2e,43,large,9755,1,3.945292701246217e-05,0.006281156558543444,0.049531564116477966,0.15352225303649902,0.8635514974594116,1
separate_e2e,43,large,9755,0,0.0003945242497138679,0.01986263506114483,0.03410840034484863,0.051842086017131805,0.9221508502960205,0
separate_e2e,43,large,3808,0,0.0009906991617754102,0.03147537261247635,0.01709204912185669,0.017875775694847107,0.9124341607093811,0
separate_e2e,43,large,5478,3,0.0016739291604608297,0.04091367870569229,0.0383332222700119,0.12689638137817383,0.7617170214653015,1
separate_e2e,43,large,5478,2,1.6201809557969682e-05,0.004025147296488285,0.030125737190246582,0.05174579843878746,0.9502175450325012,1
separate_e2e,43,large,5478,1,0.00033187022199854255,0.018217304721474648,0.051797524094581604,0.1248980239033699,0.8225046992301941,1
separate_e2e,43,large,5478,0,4.379687015898526e-05,0.006617920473217964,0.0622524619102478,0.09028193354606628,0.9157573580741882,0
separate_e2e,43,large,7905,0,0.00043493829434737563,0.020855173468589783,0.03036898374557495,0.055928394198417664,0.9090874195098877,1
separate_e2e,43,large,8633,0,9.481514280196279e-05,0.009737307205796242,0.013989150524139404,0.043222203850746155,0.8960129618644714,0
separate_e2e,43,medium,8633,1,0.0005816712509840727,0.024117860943078995,0.0427413135766983,0.21460255980491638,0.730434238910675,0
separate_e2e,43,large,8633,2,0.006848618853837252,0.08275638520717621,0.018849223852157593,0.04097921773791313,0.7740822434425354,0
separate_e2e,43,large,8633,3,0.009656704030930996,0.0982685312628746,0.022923529148101807,0.05213319882750511,0.7509949803352356,0
separate_e2e,43,large,1918,1,1.9045783119508997e-05,0.004364147316664457,0.029736503958702087,0.1533111184835434,0.8666872978210449,1
separate_e2e,43,large,1918,0,0.0003921088937204331,0.01980173960328102,0.07110384106636047,0.2121356576681137,0.7990301847457886,1
separate_e2e,43,large,4405,1,0.0019088450353592634,0.043690331280231476,0.09534573554992676,0.1709764003753662,0.7249400019645691,0
separate_e2e,43,large,4405,2,0.00028169192955829203,0.016783680766820908,0.1246488094329834,0.3611014485359192,0.7236910462379456,0
separate_e2e,43,large,4405,3,0.00031452765688300133,0.01773492805659771,0.05220299959182739,0.13707037270069122,0.8452151417732239,0
separate_e2e,43,large,4405,0,0.00014239245501812547,0.01193283125758171,0.04776352643966675,0.07227686792612076,0.8997801542282104,0
separate_e2e,43,large,8443,0,0.0006609259871765971,0.025708481669425964,0.003436744213104248,0.009219078347086906,0.8365967273712158,0
separate_e2e,43,large,6654,2,0.00016785573097877204,0.012955915182828903,0.03077414631843567,0.10191362351179123,0.9074096083641052,1
separate_e2e,43,large,6654,1,0.0007083362434059381,0.026614587754011154,0.043773263692855835,0.1104607954621315,0.8096598982810974,1
separate_e2e,43,large,6654,0,6.386500444932608e-06,0.00252715265378356,0.017817020416259766,0.021964767947793007,0.9782994389533997,1
separate_e2e,43,large,1938,0,0.00048158393474295735,0.02194502018392086,0.017640769481658936,0.019410137087106705,0.9448322057723999,1
separate_e2e,43,large,6190,0,0.0007840514299459755,0.02800091914832592,0.09654337167739868,0.13942652940750122,0.8747026920318604,0
separate_e2e,43,large,5214,0,0.0003043061587959528,0.017444374039769173,0.0202639102935791,0.021462557837367058,0.9425452351570129,1
separate_e2e,43,large,6020,0,0.0003343241987749934,0.01828453503549099,0.002110421657562256,0.002207365585491061,0.9317908883094788,0
separate_e2e,43,medium,6020,1,0.00030574819538742304,0.017485657706856728,0.006938047707080841,0.06332796812057495,0.8577051758766174,1
separate_e2e,43,large,9192,0,0.0008480247342959046,0.02912086434662342,0.0429689884185791,0.06267412006855011,0.8772737383842468,0
separate_e2e,43,large,849,0,0.00014585434109903872,0.01207701675593853,0.08542761206626892,0.14356525242328644,0.8696663975715637,0
separate_e2e,43,large,3003,2,0.02190697379410267,0.1480100452899933,0.08746889233589172,0.34574854373931885,0.3370676040649414,1
separate_e2e,43,medium,3003,3,8.186862032744102e-06,0.002861269284039736,0.10830557346343994,0.4741078019142151,0.5314176082611084,1
separate_e2e,43,large,3003,0,0.0008916775695979595,0.029860971495509148,0.015110641717910767,0.04068870097398758,0.8158589005470276,1
separate_e2e,43,large,3003,1,0.0008192072855308652,0.028621796518564224,0.061358630657196045,0.1568632870912552,0.719246506690979,1
separate_e2e,43,large,7900,0,0.00011822951637441292,0.01087334007024765,0.05401906371116638,0.15311172604560852,0.8607643842697144,0
separate_e2e,43,large,7900,1,0.0006266121054068208,0.025032222270965576,0.012388885021209717,0.012488951906561852,0.9408162832260132,0
separate_e2e,43,large,8095,1,0.0006475793197751045,0.025447579100728035,0.026210546493530273,0.040893785655498505,0.9246307015419006,0
separate_e2e,43,medium,8095,0,0.002666707383468747,0.05164017155766487,0.09180310368537903,0.39702489972114563,0.5275169610977173,0
separate_e2e,43,medium,3781,2,5.035442882217467e-05,0.0070960852317512035,0.039909012615680695,0.414343923330307,0.6086046099662781,1
separate_e2e,43,large,3781,0,0.0008801401127129793,0.02966715581715107,0.01859992742538452,0.025249559432268143,0.8864872455596924,1
separate_e2e,43,large,3781,1,9.651087020756677e-05,0.00982399471104145,0.015245974063873291,0.02298993244767189,0.9556707143783569,1
separate_e2e,43,large,5588,0,3.526183354551904e-05,0.005938167683780193,0.025939345359802246,0.10961557179689407,0.8845400214195251,1
separate_e2e,43,large,8628,3,1.9399911252548918e-05,0.004404533188790083,0.0038654208183288574,0.0072873616591095924,0.9832926392555237,1
separate_e2e,43,large,8628,2,0.0017578359693288803,0.0419265553355217,0.06716477870941162,0.09215649217367172,0.8601091504096985,0
separate_e2e,43,large,8628,0,1.4544359601131873e-06,0.00120599998626858,0.01797330379486084,0.06089223548769951,0.9417219161987305,1
separate_e2e,43,medium,8628,1,0.010860090143978596,0.10421175509691238,0.10538768768310547,0.5839551687240601,0.1497705727815628,0
separate_e2e,43,large,5314,0,0.00018657241889741272,0.013659151270985603,0.08068907260894775,0.1113591268658638,0.8857421875,0
separate_e2e,43,small,8292,2,3.7389858334790915e-05,0.006114724557846785,0.06817780435085297,1.3005082607269287,0.3903704583644867,0
separate_e2e,43,small,8292,3,0.00032077537616714835,0.017910202965140343,0.09148755669593811,2.359539031982422,0.22775204479694366,0
separate_e2e,43,small,8292,5,0.001862234785221517,0.04315361753106117,0.15121880173683167,9.451181411743164,0.01835244707763195,0
separate_e2e,43,medium,8292,0,5.038226845499594e-06,0.0022445993963629007,0.01666180044412613,0.21164211630821228,0.799521267414093,0
separate_e2e,43,small,8292,4,0.00030440467526204884,0.017447195947170258,0.04543326422572136,2.156559467315674,0.20514428615570068,0
separate_e2e,43,medium,8292,1,0.00035540509270504117,0.018852191045880318,0.02141651138663292,0.35762453079223633,0.5258119702339172,0
separate_e2e,43,large,8338,0,4.4743028411176056e-05,0.00668902276083827,0.1047329306602478,0.20502430200576782,0.8035628795623779,0
separate_e2e,43,large,6949,0,0.00208856794051826,0.04570085182785988,0.021785616874694824,0.030160000547766685,0.8528640270233154,1
separate_e2e,43,large,7154,0,5.7535966334398836e-05,0.007585246581584215,0.0284995436668396,0.05563179403543472,0.9470764398574829,1
separate_e2e,43,large,5940,3,0.00014363758964464068,0.011984890326857567,0.03504621982574463,0.0638873428106308,0.880702555179596,1
separate_e2e,43,large,5940,4,0.0013824610505253077,0.03718145936727524,0.0741187036037445,0.2209317535161972,0.7211937308311462,1
separate_e2e,43,large,5940,1,0.00030036328826099634,0.017330992966890335,0.06520232558250427,0.18030361831188202,0.824807345867157,1
separate_e2e,43,large,5940,0,0.00013688769831787795,0.011699901893734932,0.015462428331375122,0.04635891690850258,0.9213023781776428,1
separate_e2e,43,large,5940,5,3.108070814050734e-05,0.005575007293373346,0.02218085527420044,0.09328321367502213,0.8988716006278992,1
separate_e2e,43,large,5940,2,0.00010387067595729604,0.01019169669598341,0.0020997822284698486,0.007655166555196047,0.9116308689117432,1
separate_e2e,43,large,851,1,0.0020101568661630154,0.04483477398753166,0.10175547003746033,0.17857444286346436,0.8337474465370178,1
separate_e2e,43,large,851,0,2.4035582100623287e-05,0.004902609623968601,0.06683877110481262,0.1228376030921936,0.8871846795082092,0
separate_e2e,43,medium,2047,0,2.6282004910171963e-05,0.005126597825437784,0.14495903253555298,1.2008295059204102,0.4053025543689728,0
separate_e2e,43,medium,6404,0,8.331013668794185e-05,0.009127438999712467,0.035921573638916016,0.3177260458469391,0.677207887172699,0
separate_e2e,43,large,7536,1,0.00018200883641839027,0.013491065241396427,0.16673603653907776,0.28253549337387085,0.7329633235931396,0
separate_e2e,43,large,7536,0,0.00011323703802190721,0.010641288943588734,0.010160088539123535,0.019843922927975655,0.9534895420074463,0
separate_e2e,43,large,8252,0,0.00013525078247766942,0.011629736982285976,0.019483357667922974,0.028541069477796555,0.9560263156890869,1
separate_e2e,43,large,1206,0,0.0011727643432095647,0.03424564749002457,0.0098724365234375,0.02203398011624813,0.7728408575057983,1
separate_e2e,43,large,1206,1,0.00010444759391248226,0.01021996047347784,0.05323606729507446,0.15509168803691864,0.8066704869270325,0
separate_e2e,43,large,4121,1,2.1624788132612593e-05,0.004650245886296034,0.01371920108795166,0.04947222024202347,0.9491366744041443,1
separate_e2e,43,large,4121,0,4.778771472047083e-05,0.006912865675985813,0.03212870657444,0.16014355421066284,0.8428754210472107,1
separate_e2e,43,medium,4121,2,8.321868517668918e-05,0.009122427552938461,0.02804747223854065,0.12055809050798416,0.8865518569946289,1
separate_e2e,43,small,4857,5,0.00010173190821660683,0.010086223483085632,0.004306621849536896,0.05067304149270058,0.6363586187362671,1
separate_e2e,43,large,4857,13,0.0010973226744681597,0.0331258624792099,0.08018112182617188,0.21130990982055664,0.7975906133651733,0
separate_e2e,43,large,4857,0,0.00015185053052846342,0.012322764843702316,0.0493047833442688,0.12287400662899017,0.8882609605789185,1
separate_e2e,43,medium,4857,2,5.2768133173231035e-05,0.007264167536050081,0.017538391053676605,0.17092549800872803,0.8465076088905334,1
separate_e2e,43,large,4857,1,0.00016358584980480373,0.012790068052709103,0.032435446977615356,0.053470678627491,0.8988083600997925,1
separate_e2e,43,small,4857,4,9.342243720311671e-05,0.009665528312325478,0.0397656224668026,0.5689743757247925,0.5987324714660645,1
separate_e2e,43,medium,4857,8,4.1599589167162776e-05,0.006449774373322725,0.05509597808122635,0.37754908204078674,0.6532166600227356,0
separate_e2e,43,large,4857,11,0.0021394232753664255,0.04625390097498894,0.0928267240524292,0.2926104664802551,0.7489724159240723,0
separate_e2e,43,large,4857,12,0.00010382215987192467,0.010189316235482693,0.05457717180252075,0.17163611948490143,0.8185637593269348,0
separate_e2e,43,medium,4857,14,6.639042112510651e-06,0.00257663382217288,0.016181066632270813,0.06889119744300842,0.9345507621765137,0
separate_e2e,43,small,4857,10,0.00012646056711673737,0.011245468631386757,0.029591314494609833,0.4742136001586914,0.5772446990013123,1
separate_e2e,43,large,4857,6,0.00043962744530290365,0.02096729539334774,0.09216797351837158,0.2099282145500183,0.8174912333488464,0
separate_e2e,43,small,4857,3,0.00035539938835427165,0.01885204017162323,0.02578222006559372,0.36987966299057007,0.3953249454498291,1
separate_e2e,43,medium,4857,9,0.0001264898746740073,0.011246771551668644,0.09627886116504669,0.8172671794891357,0.46839943528175354,0
separate_e2e,43,medium,4857,7,0.00084131327457726,0.029005400836467743,0.0655137151479721,0.3841843605041504,0.6301714181900024,0
separate_e2e,43,medium,3759,3,5.042449993197806e-05,0.007101021241396666,0.00894986093044281,0.046264417469501495,0.9184767007827759,0
separate_e2e,43,large,3759,1,1.2709156749224348e-07,0.0003564990474842489,0.009627535939216614,0.03243361413478851,0.9680920243263245,1
separate_e2e,43,large,3759,2,0.00017737268353812397,0.013318133540451527,0.038770318031311035,0.08622580021619797,0.9120610356330872,1
separate_e2e,43,large,3759,0,3.3002361305989325e-06,0.0018166551599279046,0.012991532683372498,0.05011838674545288,0.9499704241752625,1
separate_e2e,43,large,5057,0,0.0003931191167794168,0.019827231764793396,0.030459195375442505,0.06473708897829056,0.8750370740890503,0
separate_e2e,43,large,5057,1,0.00021191465202718973,0.014557288959622383,0.04596951603889465,0.11467894166707993,0.8820587992668152,1
separate_e2e,43,medium,5057,2,0.00010949850548058748,0.010464153252542019,0.006623581051826477,0.0287507064640522,0.8627137541770935,0
separate_e2e,43,large,6296,1,0.00020529807079583406,0.014328226447105408,0.038697004318237305,0.11029372364282608,0.8995835185050964,1
separate_e2e,43,large,6296,0,0.0009877438424155116,0.031428392976522446,0.01998162269592285,0.06101326271891594,0.7522764801979065,1
separate_e2e,43,large,6296,2,0.0003781681298278272,0.019446546211838722,0.025388747453689575,0.05915940925478935,0.9170746207237244,1
separate_e2e,43,large,3351,0,1.15002640086459e-05,0.003391203936189413,0.017014682292938232,0.02726437896490097,0.9724953770637512,1
separate_e2e,43,large,3673,1,0.0021894853562116623,0.046791937202215195,0.09247168898582458,0.1273515820503235,0.864569365978241,0
separate_e2e,43,large,3673,0,0.00013369906810112298,0.011562831699848175,0.013337790966033936,0.024075228720903397,0.9493173360824585,0
separate_e2e,43,medium,3330,1,5.7261258916696534e-05,0.007567116990685463,0.026433810591697693,0.13438090682029724,0.8490682244300842,1
separate_e2e,43,large,3330,0,2.5586991796444636e-06,0.0015995934372767806,0.0665496438741684,0.15883776545524597,0.8624659776687622,0
separate_e2e,43,medium,3838,5,0.001607109559699893,0.040088772773742676,0.03321315348148346,0.11808620393276215,0.47321248054504395,1
separate_e2e,43,medium,3838,4,0.000263675901805982,0.016238100826740265,0.0330534353852272,0.2377135455608368,0.6953120827674866,1
separate_e2e,43,large,3838,2,0.0002964405866805464,0.017217449843883514,0.02335888147354126,0.07255673408508301,0.8831154108047485,1
separate_e2e,43,large,3838,3,4.3748987081926316e-05,0.006614301819354296,0.023961663246154785,0.04987743869423866,0.936184287071228,1
separate_e2e,43,large,3838,0,2.622784086270258e-05,0.005121312569826841,0.01008489727973938,0.02471257373690605,0.9699113368988037,1
separate_e2e,43,large,3838,1,0.00021987380750942975,0.014828142710030079,0.029903262853622437,0.09482525289058685,0.9004231691360474,1
separate_e2e,43,large,6759,0,0.0002106977190123871,0.01451543066650629,0.013985037803649902,0.020572824403643608,0.9547409415245056,0
separate_e2e,43,medium,1532,0,0.00020890808082185686,0.014453653246164322,0.012602880597114563,0.0791739821434021,0.827497661113739,1
separate_e2e,43,small,1532,5,2.03495492314687e-05,0.004511047620326281,0.0913088470697403,1.6091763973236084,0.3188956081867218,0
separate_e2e,43,small,1532,6,1.1270292816334404e-05,0.0033571256790310144,0.02570098266005516,0.4802016615867615,0.6505963206291199,0
separate_e2e,43,medium,1532,4,0.00011737710883608088,0.010834071785211563,0.00855565071105957,0.061671800911426544,0.7398218512535095,0
separate_e2e,43,medium,1532,8,4.477260517887771e-05,0.00669123325496912,0.08033084869384766,1.194023847579956,0.41157087683677673,1
separate_e2e,43,medium,1532,7,0.00036124157486483455,0.019006356596946716,0.07117354869842529,0.40562742948532104,0.5880541205406189,1
separate_e2e,43,medium,1532,3,8.035017526708543e-05,0.00896382611244917,0.05734144151210785,0.38853591680526733,0.6174978017807007,0
separate_e2e,43,small,1532,1,0.0009438322740606964,0.03072185255587101,0.09369393438100815,1.218977451324463,0.35771507024765015,1
separate_e2e,43,medium,1532,2,0.0002933206269517541,0.017126604914665222,0.010232314467430115,0.08626414090394974,0.7382364273071289,0
separate_e2e,43,small,1532,9,0.0011020962847396731,0.033197835087776184,0.007744148373603821,0.07393127679824829,0.16475342214107513,1
separate_e2e,43,large,3886,0,4.5535525714512914e-05,0.006748001556843519,0.04985138773918152,0.09710250049829483,0.9106807708740234,0
separate_e2e,43,large,3335,4,8.756564056966454e-05,0.009357651695609093,0.10745559632778168,0.26699963212013245,0.7317965030670166,1
separate_e2e,43,medium,3335,6,0.0009687020210549235,0.03112397901713848,0.08504975587129593,0.592910647392273,0.6099870800971985,1
separate_e2e,43,large,3335,1,5.975618114462122e-05,0.007730212062597275,0.08277785778045654,0.331413596868515,0.725460946559906,1
separate_e2e,43,medium,3335,2,0.002526241820305586,0.0502617321908474,0.027909934520721436,0.25491881370544434,0.2971663773059845,1
separate_e2e,43,large,3335,3,0.0011142498115077615,0.033380381762981415,0.027571767568588257,0.07231032103300095,0.8180760145187378,1
separate_e2e,43,medium,3335,0,5.052686537965201e-05,0.007108225021511316,0.013958513736724854,0.09597485512495041,0.8937397599220276,1
separate_e2e,43,large,3335,5,0.014698697254061699,0.12123818695545197,0.15383294224739075,0.5185217261314392,0.46838897466659546,0
separate_e2e,43,large,5065,0,0.000591474468819797,0.024320248514413834,0.010826349258422852,0.013310402631759644,0.917375385761261,0
separate_e2e,43,large,5253,0,3.155319791403599e-05,0.005617223214358091,0.013028919696807861,0.01951187290251255,0.977318525314331,0
separate_e2e,43,large,4281,0,0.0004440776538103819,0.021073149517178535,0.014224618673324585,0.029298050329089165,0.9008972644805908,0
separate_e2e,43,medium,4281,1,0.00015874329255893826,0.012599336914718151,0.141693115234375,0.723467230796814,0.5622076392173767,1
separate_e2e,43,large,1758,0,0.015895169228315353,0.12607604265213013,0.008629456162452698,0.03283516317605972,0.13468025624752045,0
separate_e2e,43,large,1758,1,0.0002902894339058548,0.017037881538271904,0.04880613088607788,0.07402271777391434,0.8899233341217041,1
separate_e2e,43,large,756,0,0.00010380557796452194,0.010188502259552479,0.026095330715179443,0.03321659192442894,0.9575443267822266,0
separate_e2e,43,large,6295,1,0.0002915259974543005,0.017074132338166237,0.024359673261642456,0.13481445610523224,0.8191874027252197,0
separate_e2e,43,large,6295,0,2.803728307299025e-07,0.0005295024602673948,0.030146121978759766,0.13985760509967804,0.8758600950241089,0
separate_e2e,43,large,6295,2,0.0010869300458580256,0.03296862170100212,0.05694325268268585,0.1946893036365509,0.6965193152427673,0
separate_e2e,43,large,9072,0,0.00012943980982527137,0.011377161368727684,0.02682170271873474,0.06785883009433746,0.91902095079422,1
separate_e2e,43,medium,9032,0,0.0044687651097774506,0.06684882193803787,0.03306853771209717,0.3614826202392578,0.2101357877254486,0
separate_e2e,43,large,9032,2,0.0002984681341331452,0.017276231199502945,0.030535906553268433,0.09829343855381012,0.8726970553398132,0
separate_e2e,43,large,9032,1,0.00037543600774370134,0.019376171752810478,0.007163912057876587,0.01941387727856636,0.8930314779281616,0
separate_e2e,43,large,4168,0,0.001290762098506093,0.0359271764755249,0.009670764207839966,0.04016166925430298,0.8100466728210449,0
separate_e2e,43,large,4168,1,0.007331628818064928,0.08562493324279785,0.025753676891326904,0.10267753154039383,0.28786754608154297,1
separate_e2e,43,large,7691,0,0.00029115169309079647,0.017063166946172714,0.012037932872772217,0.024011904373764992,0.9128328561782837,1
separate_e2e,43,large,140,1,0.0008092113421298563,0.028446640819311142,0.004134178161621094,0.0067494530230760574,0.8764021992683411,0
separate_e2e,43,large,140,0,0.020164649933576584,0.14200228452682495,0.055738359689712524,0.11090178042650223,0.5498057007789612,0
separate_e2e,43,medium,6855,2,5.6572134781163186e-05,0.00752144493162632,0.01280280202627182,0.08000091463327408,0.7956543564796448,1
separate_e2e,43,medium,6855,1,0.0005156174884177744,0.02270721271634102,0.03543423116207123,0.2982637882232666,0.6019784212112427,1
separate_e2e,43,large,6855,0,0.001932923449203372,0.04396502673625946,0.07963299751281738,0.10067955404520035,0.8641048073768616,0
separate_e2e,43,medium,2063,3,0.00018770614406093955,0.013700589537620544,0.00891546905040741,0.06543798744678497,0.7630850672721863,1
separate_e2e,43,large,2063,5,0.0007134483894333243,0.026710454374551773,0.12099170684814453,0.3575110137462616,0.7017964720726013,1
separate_e2e,43,large,2063,4,0.00020889451843686402,0.014453183859586716,0.05580046772956848,0.1510675847530365,0.8647933006286621,1
separate_e2e,43,large,2063,0,1.0358109648223035e-05,0.003218401689082384,0.04516202211380005,0.07780714333057404,0.9265776872634888,0
separate_e2e,43,medium,2063,1,0.0016223799902945757,0.04027877748012543,0.022853344678878784,0.17299404740333557,0.5480536818504333,1
separate_e2e,43,large,2063,6,0.007790704723447561,0.08826497197151184,0.04416443407535553,0.1767049878835678,0.49410656094551086,1
separate_e2e,43,medium,2063,2,0.003674489911645651,0.06061756983399391,0.05706813186407089,0.4702901244163513,0.25953832268714905,0
separate_e2e,43,large,9776,1,0.002024575835093856,0.04499528557062149,0.10514938831329346,0.20626306533813477,0.766112208366394,1
separate_e2e,43,large,9776,0,0.00014658558939117938,0.01210725400596857,0.0743604302406311,0.2619072198867798,0.7899062037467957,1
separate_e2e,43,large,9776,2,0.0001261035504285246,0.011229583993554115,0.09845885634422302,0.3606305718421936,0.6661456227302551,1
separate_e2e,43,large,2129,1,0.0007890439592301846,0.02808992564678192,0.024722784757614136,0.08794538676738739,0.7503448724746704,0
separate_e2e,43,large,2129,0,8.11565259937197e-05,0.009008691646158695,0.018984287977218628,0.08121791481971741,0.8996376395225525,0
separate_e2e,43,large,2129,2,0.0023218069691210985,0.04818513244390488,0.0811634361743927,0.2555769979953766,0.6282070279121399,0
separate_e2e,43,large,2129,3,5.3839616157347336e-05,0.007337548304349184,0.07770025730133057,0.1842244565486908,0.8389662504196167,0
separate_e2e,43,medium,6348,0,0.0003147428506053984,0.017740992829203606,0.009930938482284546,0.05821835249662399,0.7576810121536255,0
separate_e2e,43,large,6348,1,9.73195128608495e-05,0.009865065105259418,0.026772260665893555,0.04113165661692619,0.955336332321167,0
separate_e2e,43,large,2940,0,0.00028903444763273,0.017001012340188026,0.01737651228904724,0.05936333164572716,0.8844868540763855,0
separate_e2e,43,small,2940,1,0.00027054655947722495,0.01644830033183098,0.05215160921216011,1.1214263439178467,0.4419367015361786,0
separate_e2e,43,medium,2940,4,2.553859303588979e-06,0.0015980799216777086,0.012397795915603638,0.20313580334186554,0.8025915026664734,0
separate_e2e,43,small,2940,2,0.0003008612839039415,0.017345353960990906,0.07092683017253876,1.3899142742156982,0.3492297828197479,0
separate_e2e,43,medium,2940,5,6.453086825786158e-05,0.00803311076015234,0.023964904248714447,0.18915627896785736,0.8318970203399658,0
separate_e2e,43,large,2940,6,0.001529104309156537,0.03910376504063606,0.01708441972732544,0.0345049723982811,0.8222835659980774,1
separate_e2e,43,small,2940,3,0.00017489987658336759,0.013224971480667591,0.013495929539203644,0.21531714498996735,0.5754590034484863,0
separate_e2e,43,large,4100,0,6.433381349779665e-05,0.008020835928618908,0.09262171387672424,0.2546938955783844,0.7916342616081238,0
separate_e2e,43,large,2953,1,0.0008115157252177596,0.02848711423575878,0.013323381543159485,0.068097323179245,0.7353132963180542,0
separate_e2e,43,large,2953,2,0.0020133182406425476,0.04487001523375511,0.02373705804347992,0.08371348679065704,0.7901332974433899,0
separate_e2e,43,medium,2953,4,0.00022675957006867975,0.015058537945151329,0.028005927801132202,0.1759321391582489,0.8032171726226807,0
separate_e2e,43,large,2953,3,0.0005228926311247051,0.02286684513092041,0.031906694173812866,0.07376150786876678,0.8743789792060852,0
separate_e2e,43,large,2953,0,0.0003513494157232344,0.018744317814707756,0.013362467288970947,0.0763690397143364,0.8667311668395996,0
separate_e2e,43,medium,8933,2,0.00033198503660969436,0.018220456317067146,0.06615858525037766,0.5183089971542358,0.5404587984085083,0
separate_e2e,43,large,8933,0,0.004336465150117874,0.0658518448472023,0.11892405152320862,0.3537367582321167,0.6586675047874451,0
separate_e2e,43,medium,8933,1,1.979508306249045e-05,0.004449166357517242,0.12228314578533173,1.1407803297042847,0.4166281819343567,0
separate_e2e,43,large,763,0,0.00040675539639778435,0.020168177783489227,0.038357436656951904,0.07836754620075226,0.8624177575111389,0
separate_e2e,43,medium,754,2,0.0013561671366915107,0.03682617470622063,0.07979419827461243,0.6975114941596985,0.3120262622833252,0
separate_e2e,43,small,754,3,0.0003669370780698955,0.019155601039528847,0.030257578939199448,0.4845401346683502,0.3771061599254608,0
separate_e2e,43,medium,754,0,6.844160088803619e-05,0.008272944018244743,0.03638160228729248,0.13969966769218445,0.8528445363044739,0
separate_e2e,43,small,754,1,0.002415406284853816,0.049146782606840134,0.036196645349264145,0.6752424240112305,0.23184028267860413,0
separate_e2e,43,large,9942,0,0.00014203284808900207,0.011917753145098686,0.07078865170478821,0.16627927124500275,0.8338560461997986,1
separate_e2e,43,large,9942,2,5.3524279792327434e-05,0.007316029164940119,0.044564664363861084,0.09304364770650864,0.9085901975631714,1
separate_e2e,43,large,9942,1,0.0003522452898323536,0.018768198788166046,0.026349008083343506,0.03154143691062927,0.9381489157676697,1
separate_e2e,43,large,2567,0,0.0005616521812044084,0.02369920164346695,0.02480870485305786,0.031780026853084564,0.9162738919258118,0
separate_e2e,43,large,9869,0,4.811701364815235e-05,0.006936642806977034,0.011156916618347168,0.012304116040468216,0.9817070960998535,1
separate_e2e,43,large,5579,1,0.002117384225130081,0.046015042811632156,0.06912404298782349,0.15227991342544556,0.6566608548164368,0
separate_e2e,43,large,5579,0,1.6577490896452218e-05,0.004071546718478203,0.004193902015686035,0.013328135944902897,0.9533374905586243,0
separate_e2e,43,large,4464,0,0.00018637847097124904,0.01365204993635416,0.011512503027915955,0.04290270432829857,0.914533257484436,0
separate_e2e,43,medium,4464,2,8.050704491324723e-05,0.008972572162747383,0.02248285710811615,0.2423553466796875,0.757154643535614,0
separate_e2e,43,large,4464,1,3.300130629213527e-05,0.005744676571339369,0.014096945524215698,0.033060453832149506,0.9488523006439209,1
separate_e2e,43,large,4020,0,0.0006010732613503933,0.024516794830560684,0.02618686854839325,0.07989367842674255,0.7762572169303894,1
separate_e2e,43,medium,4020,1,9.85645892797038e-05,0.009927970357239246,0.036050863564014435,0.5498022437095642,0.6281693577766418,1
separate_e2e,43,large,4020,2,2.906110603362322e-05,0.005390835460275412,0.03959774971008301,0.14266438782215118,0.8620754480361938,0
separate_e2e,43,large,3116,0,7.033416477497667e-05,0.00838654674589634,0.019303202629089355,0.025251327082514763,0.9648621082305908,0
separate_e2e,43,small,865,6,1.26514651128673e-05,0.0035568897146731615,0.02668788656592369,0.8633789420127869,0.5015071630477905,0
separate_e2e,43,medium,865,1,1.5574034478049725e-05,0.0039463951252400875,0.04980930685997009,0.34283310174942017,0.6977383494377136,1
separate_e2e,43,large,865,4,0.0008928771712817252,0.029881050810217857,0.061038315296173096,0.22279946506023407,0.7378050088882446,1
separate_e2e,43,large,865,0,0.0004742089076898992,0.021776339039206505,0.029722318053245544,0.13473419845104218,0.7811944484710693,0
separate_e2e,43,medium,865,5,3.1429179216502234e-05,0.005606173537671566,0.01933276653289795,0.1342553198337555,0.8452779650688171,1
separate_e2e,43,large,865,7,5.868834341526963e-05,0.007660831790417433,0.030894219875335693,0.06201378256082535,0.9405996799468994,1
separate_e2e,43,large,865,8,0.0003129076212644577,0.017689194530248642,0.06499999761581421,0.17034946382045746,0.8430812954902649,1
separate_e2e,43,medium,865,2,8.192786481231451e-05,0.009051401168107986,0.00399528443813324,0.015042096376419067,0.8956379890441895,1
separate_e2e,43,medium,865,3,6.871140794828534e-05,0.008289234712719917,0.06884568184614182,0.41684412956237793,0.6534740328788757,1
separate_e2e,43,small,2845,3,1.8209944983027526e-06,0.001349442289210856,0.09396752715110779,2.179058074951172,0.229071706533432,0
separate_e2e,43,medium,2845,2,0.00014740608457941562,0.0121410908177495,0.23083558678627014,3.0821897983551025,0.16979806125164032,0
separate_e2e,43,small,2845,0,0.001618091482669115,0.04022550955414772,0.0469990000128746,1.0371321439743042,0.19205185770988464,0
separate_e2e,43,small,2845,4,0.00011638880096143112,0.010788364335894585,0.1021454781293869,2.352830410003662,0.22335806488990784,0
separate_e2e,43,large,2845,1,0.0006038391729816794,0.02457313984632492,0.04475244879722595,0.18138405680656433,0.8189225196838379,0
separate_e2e,43,small,2845,5,0.0002965821768157184,0.017221560701727867,0.10892373323440552,2.609025001525879,0.18881994485855103,0
separate_e2e,43,large,9537,1,0.0010177826043218374,0.031902704387903214,0.030872821807861328,0.04600635915994644,0.8773255348205566,1
separate_e2e,43,small,9537,0,0.013501436449587345,0.1161956787109375,0.009980503469705582,0.13321098685264587,0.0,1
separate_e2e,43,large,5146,7,5.9650279581546783e-05,0.007723359391093254,0.022963404655456543,0.06201757490634918,0.9035089015960693,1
separate_e2e,43,large,5146,0,0.0009495381964370608,0.030814576894044876,0.10025909543037415,0.3009490966796875,0.7195736169815063,0
separate_e2e,43,large,5146,3,0.0010259486734867096,0.03203043341636658,0.04020953178405762,0.21503406763076782,0.6561422348022461,0
separate_e2e,43,large,5146,1,5.7654902775539085e-05,0.00759308272972703,0.013075456023216248,0.05286464840173721,0.9143341779708862,0
separate_e2e,43,large,5146,6,0.0009160322370007634,0.03026602417230606,0.02099005877971649,0.07806241512298584,0.8120052218437195,1
separate_e2e,43,large,5146,5,0.0001252867659786716,0.01119315717369318,0.028646394610404968,0.06820926815271378,0.9351348876953125,1
separate_e2e,43,large,5146,2,0.00017093450878746808,0.013074192218482494,0.004858165979385376,0.02115529403090477,0.906553328037262,0
separate_e2e,43,large,5146,4,0.0005873639020137489,0.024235591292381287,0.0865745097398758,0.4264519512653351,0.7001223564147949,0
separate_e2e,43,large,5146,8,6.5145744883921e-05,0.008071291260421276,0.06951026618480682,0.3512735664844513,0.7351084351539612,1
separate_e2e,43,large,5146,9,0.00017839952488429844,0.013356628827750683,0.020413130521774292,0.07434190064668655,0.8680831789970398,1
separate_e2e,43,small,4585,9,0.00039161797030828893,0.01978933997452259,0.0018540993332862854,0.02081700786948204,0.3412522077560425,0
separate_e2e,43,medium,4585,2,0.0009471229277551174,0.030775362625718117,0.008387267589569092,0.05838727205991745,0.584703803062439,0
separate_e2e,43,medium,4585,11,0.00011535824160091579,0.010740495286881924,0.02186574786901474,0.32343560457229614,0.6484169363975525,0
separate_e2e,43,medium,4585,1,7.601612014696002e-05,0.008718722499907017,0.020071305334568024,0.15336018800735474,0.8431660532951355,0
separate_e2e,43,small,4585,8,0.0017315478762611747,0.04161187261343002,0.033763639628887177,0.5915279388427734,0.20712444186210632,0
separate_e2e,43,small,4585,7,5.3996154747437686e-05,0.0073482077568769455,0.07455351948738098,1.4156582355499268,0.36804887652397156,0
separate_e2e,43,medium,4585,3,0.0008886436698958278,0.02981012687087059,0.03234494477510452,0.32298704981803894,0.47254300117492676,0
separate_e2e,43,medium,4585,4,0.0008306391537189484,0.028820810839533806,0.013808377087116241,0.11781772971153259,0.5133854746818542,0
separate_e2e,43,small,4585,12,0.00038348487578332424,0.01958277076482773,0.04226747155189514,0.8393301367759705,0.40072739124298096,0
separate_e2e,43,medium,4585,5,1.0777008583318093e-06,0.001038123737089336,0.010834768414497375,0.1323968470096588,0.8669556975364685,0
separate_e2e,43,small,4585,10,0.003666754113510251,0.06055372953414917,0.06564674526453018,1.2138862609863281,0.14148017764091492,0
separate_e2e,43,medium,4585,0,5.585886538028717e-05,0.007473879028111696,0.017425015568733215,0.08489393442869186,0.863157331943512,0
separate_e2e,43,small,4585,6,0.00021969983936287463,0.014822275377810001,0.06537036597728729,1.088399887084961,0.40405991673469543,0
separate_e2e,43,small,5239,3,0.00013201043475419283,0.01148957945406437,0.08114853501319885,1.507567048072815,0.34386205673217773,1
separate_e2e,43,medium,5239,1,0.004371449816972017,0.06611694395542145,0.14573484659194946,1.418381690979004,0.2833741307258606,1
separate_e2e,43,large,5239,0,0.00013970761210657656,0.011819797568023205,0.027004152536392212,0.07122870534658432,0.9107453227043152,1
separate_e2e,43,medium,5239,2,0.00036575394915416837,0.019124694168567657,0.01995224505662918,0.27011752128601074,0.5301259160041809,1
separate_e2e,43,large,3145,0,0.0012082374887540936,0.03475971147418022,0.03356128931045532,0.049637120217084885,0.8721886277198792,1
separate_e2e,43,large,3145,1,0.0007395708817057312,0.027195053175091743,0.025289386510849,0.04323254153132439,0.9019913077354431,1
separate_e2e,43,medium,2520,0,0.0002859829692170024,0.016911031678318977,0.03837043046951294,0.18382640182971954,0.7709969878196716,0
separate_e2e,43,medium,2520,3,5.277339369058609e-06,0.002297246130183339,0.01298920065164566,0.11810149252414703,0.8822193145751953,1
separate_e2e,43,small,2520,2,3.023099634447135e-05,0.005498271901160479,0.018338970839977264,0.24533498287200928,0.7767879962921143,0
separate_e2e,43,medium,2520,4,3.149119584122673e-05,0.0056117018684744835,0.025288477540016174,0.18251344561576843,0.8405742645263672,1
separate_e2e,43,small,2520,1,3.7579654872388346e-06,0.0019385472405701876,0.024519823491573334,0.3743618130683899,0.6928401589393616,0
separate_e2e,43,large,7256,1,4.282318695914e-05,0.006543942727148533,0.019836559891700745,0.08382554352283478,0.9201265573501587,1
separate_e2e,43,large,7256,0,0.0002823204267770052,0.016802392899990082,0.019577696919441223,0.10654408484697342,0.8106951713562012,0
separate_e2e,43,large,7256,2,1.5016079487395473e-05,0.0038750586099922657,0.030476778745651245,0.05987754836678505,0.9334787130355835,1
baseline,44,medium,6381,16,2.673202834557742e-05,0.005170302465558052,0.06822532415390015,0.5536253452301025,0.6221606135368347,1
baseline,44,medium,6381,10,8.105149390758015e-06,0.0028469543904066086,0.014032747596502304,0.1374802142381668,0.8622625470161438,1
baseline,44,medium,6381,9,2.339738239243161e-05,0.004837084095925093,0.02091015875339508,0.16918562352657318,0.8540893197059631,1
baseline,44,medium,6381,5,0.00010648930037859827,0.010319365188479424,0.048335425555706024,0.14975956082344055,0.8540168404579163,1
baseline,44,large,6381,7,0.00016612705076113343,0.012889028526842594,0.02605035901069641,0.1576036512851715,0.8272011876106262,1
baseline,44,medium,6381,13,0.0019616945646703243,0.044291019439697266,0.11268045008182526,0.6328490972518921,0.5028578639030457,0
baseline,44,large,6381,12,0.0005128624034114182,0.02264646627008915,0.3331274390220642,0.5255168080329895,0.6332827806472778,0
baseline,44,large,6381,1,0.00023121919366531074,0.01520589366555214,0.04705120623111725,0.16752074658870697,0.8293753266334534,1
baseline,44,large,6381,14,0.000807178788818419,0.0284108929336071,0.14496278762817383,0.6404286026954651,0.4560926556587219,1
baseline,44,medium,6381,15,4.3095518776681274e-05,0.00656471773982048,0.03649991750717163,0.28303974866867065,0.771307647228241,1
baseline,44,large,6381,6,3.264626138843596e-05,0.005713690537959337,0.03718569874763489,0.1306130588054657,0.8821402788162231,1
baseline,44,small,6381,11,9.220846550306305e-05,0.00960252434015274,0.06407032907009125,0.9274578094482422,0.4668256938457489,1
baseline,44,small,6381,8,0.0002104660088662058,0.014507446438074112,0.017182838171720505,0.23273569345474243,0.6043823957443237,1
baseline,44,large,6381,3,6.72861497150734e-05,0.008202813565731049,0.04532252252101898,0.16581852734088898,0.8036693334579468,1
baseline,44,large,6381,2,0.0006171507993713021,0.024842519313097,0.07164335250854492,0.20641294121742249,0.8041506409645081,1
baseline,44,medium,6381,4,2.0553414287860505e-05,0.004533587489277124,0.0175434872508049,0.17280931770801544,0.8501927256584167,1
baseline,44,small,6381,0,0.000110679364297539,0.010520425625145435,0.017441775649785995,0.16536560654640198,0.7958239316940308,0
baseline,44,medium,4537,5,0.00014169517089612782,0.011903578415513039,0.03375847637653351,0.15245454013347626,0.8119635581970215,0
baseline,44,medium,4537,3,0.000283057801425457,0.016824321821331978,0.030212879180908203,0.18760259449481964,0.7720944881439209,0
baseline,44,large,4537,4,0.00038796881563030183,0.019696924835443497,0.06821960210800171,0.24146243929862976,0.7858844995498657,0
baseline,44,large,4537,6,0.0013648183085024357,0.03694344684481621,0.0864863246679306,0.3849674463272095,0.6815205216407776,1
baseline,44,large,4537,2,0.00017348883557133377,0.013171516358852386,0.033155351877212524,0.09800147265195847,0.8915378451347351,0
baseline,44,large,4537,1,5.028245141147636e-05,0.007091011852025986,0.011561006307601929,0.039848823100328445,0.938744306564331,0
baseline,44,large,4537,0,0.00026081918622367084,0.016149897128343582,0.01103353500366211,0.022890061140060425,0.908290445804596,0
baseline,44,large,9896,0,0.0005107363685965538,0.0225994773209095,0.029791444540023804,0.06457091122865677,0.8717441558837891,0
baseline,44,large,7223,0,0.00039943840238265693,0.019985955208539963,0.007601022720336914,0.010375487618148327,0.9433621168136597,1
baseline,44,large,1977,0,0.0016223343554884195,0.04027821123600006,0.03908151388168335,0.06471763551235199,0.8371855616569519,0
baseline,44,medium,5606,3,8.556839020457119e-05,0.009250318631529808,0.07262985408306122,0.5474737882614136,0.6173421740531921,1
baseline,44,medium,5606,4,0.001457023317925632,0.03817097470164299,0.0491839200258255,0.34543585777282715,0.36745205521583557,1
baseline,44,large,5606,2,0.0018579319585114717,0.04310373589396477,0.19701820611953735,0.27823901176452637,0.7398689985275269,1
baseline,44,large,5606,0,0.00012116634025005624,0.011007558554410934,0.055667147040367126,0.2162395417690277,0.81456059217453,0
baseline,44,large,5606,1,3.178370388923213e-05,0.00563770392909646,0.07540270686149597,0.13442674279212952,0.8725406527519226,1
baseline,44,large,8368,1,0.00018334004562348127,0.013540311716496944,0.07908704876899719,0.1655995100736618,0.8393738269805908,1
baseline,44,large,8368,0,0.02337377704679966,0.1528848558664322,0.10694092512130737,0.12451817840337753,0.6128949522972107,0
baseline,44,medium,6852,2,0.00018379515677224845,0.01355710718780756,0.10704059898853302,0.7628901600837708,0.5185586810112,1
baseline,44,large,6852,0,0.0002376866468694061,0.015417089685797691,0.033627599477767944,0.08964551240205765,0.8880922794342041,0
baseline,44,large,6852,1,0.0004200251423753798,0.02049451507627964,0.029932498931884766,0.09870515763759613,0.8531008362770081,1
baseline,44,large,5879,0,0.00038460828363895416,0.019611433148384094,0.05554324388504028,0.09136757999658585,0.9097771048545837,1
baseline,44,medium,4439,2,9.187234536511824e-05,0.009585006162524223,0.03392941504716873,0.3777211606502533,0.6684478521347046,0
baseline,44,medium,4439,3,0.0003986315568909049,0.019965760409832,0.06259631365537643,0.4763132929801941,0.49391379952430725,0
baseline,44,medium,4439,0,0.023490959778428078,0.15326760709285736,0.028856858611106873,0.159310445189476,0.0,1
baseline,44,medium,4439,1,0.0013118223287165165,0.03621908649802208,0.14540401101112366,0.8954191207885742,0.299856036901474,0
baseline,44,medium,3369,0,4.691914000432007e-05,0.006849754601716995,0.02425537258386612,0.2571708559989929,0.7932786345481873,1
baseline,44,large,3369,2,0.00038554755155928433,0.019635364413261414,0.21137726306915283,0.2653438448905945,0.7621728181838989,0
baseline,44,medium,3369,1,0.00034891098039224744,0.01867915876209736,0.04192810133099556,0.47982800006866455,0.6374993324279785,1
baseline,44,small,3369,3,0.008966546505689621,0.09469185024499893,0.21068629622459412,3.085866928100586,0.13557203114032745,0
baseline,44,small,6062,1,4.499345232034102e-05,0.006707715801894665,0.00950830802321434,0.14481665194034576,0.7856026887893677,1
baseline,44,large,6062,0,6.93719630362466e-05,0.008328983560204506,0.02412700653076172,0.05361531674861908,0.9459230899810791,1
baseline,44,small,6062,2,0.00013222293637227267,0.011498822830617428,0.056362081319093704,1.0751259326934814,0.4425099194049835,1
baseline,44,large,740,1,0.00045152168604545295,0.021249039098620415,0.04193006455898285,0.1382870078086853,0.7872670888900757,0
baseline,44,large,740,0,0.00027031381614506245,0.0164412222802639,0.011323779821395874,0.04819513484835625,0.8874814510345459,0
baseline,44,large,4031,0,0.0002550242643337697,0.015969479456543922,0.029441893100738525,0.07234905660152435,0.8894193172454834,1
baseline,44,medium,4031,2,0.0001266977924387902,0.011256011202931404,0.023976363241672516,0.1673160046339035,0.7290724515914917,0
baseline,44,large,4031,1,0.00036025530425831676,0.018980393186211586,0.02521151304244995,0.03567666560411453,0.9369438886642456,0
baseline,44,large,9724,0,0.0007122334209270775,0.026687702164053917,0.011194109916687012,0.012236095033586025,0.9360412359237671,1
baseline,44,large,7062,0,0.00021536576969083399,0.01467534527182579,0.01761561632156372,0.019981171935796738,0.9595209956169128,0
baseline,44,large,9755,0,0.001363534014672041,0.036926060914993286,0.11891251802444458,0.16634446382522583,0.7826746106147766,0
baseline,44,large,9755,1,3.149900658172555e-05,0.005612397566437721,0.028708815574645996,0.12653402984142303,0.8710106015205383,1
baseline,44,large,3808,0,0.0005456164362840354,0.023358434438705444,0.08901643753051758,0.09190879762172699,0.8998156189918518,0
baseline,44,large,5478,0,0.0006793970242142677,0.026065245270729065,0.04793637990951538,0.064803846180439,0.9084450602531433,0
baseline,44,large,5478,1,0.0011082394048571587,0.033290229737758636,0.04581370949745178,0.1929253488779068,0.7640053629875183,1
baseline,44,large,5478,2,0.0004571789759211242,0.021381743252277374,0.06016305088996887,0.09383668750524521,0.8573206067085266,1
baseline,44,large,5478,3,0.0008238130831159651,0.02870214357972145,0.048637762665748596,0.11759715527296066,0.8624680638313293,0
baseline,44,large,7905,0,1.3505252354661934e-05,0.00367494928650558,0.08205574750900269,0.13120713829994202,0.8764596581459045,1
baseline,44,large,8633,0,4.215373701299541e-05,0.006492590997368097,0.011507421731948853,0.037634797394275665,0.9488511085510254,0
baseline,44,large,8633,2,0.0002575852267909795,0.0160494614392519,0.04731178283691406,0.11081629991531372,0.8816785216331482,0
baseline,44,medium,8633,1,0.00039251946145668626,0.019812103360891342,0.038018420338630676,0.13510683178901672,0.7178406715393066,0
baseline,44,large,8633,3,0.0006282499525696039,0.025064915418624878,0.07051879167556763,0.08962017297744751,0.8995125889778137,0
baseline,44,large,1918,0,0.00028186937561258674,0.016788965091109276,0.05183858424425125,0.28422948718070984,0.7613731622695923,1
baseline,44,large,1918,1,0.0003017155104316771,0.017369959503412247,0.04365745186805725,0.247334823012352,0.7890653610229492,1
baseline,44,large,4405,1,0.0013653208734467626,0.0369502492249012,0.10565873980522156,0.24951408803462982,0.7338857650756836,0
baseline,44,large,4405,2,0.000317603989969939,0.017821447923779488,0.14124703407287598,0.39592212438583374,0.7099761962890625,1
baseline,44,large,4405,3,0.004165890626609325,0.0645437091588974,0.13539084792137146,0.36350977420806885,0.6559349298477173,1
baseline,44,large,4405,0,0.0005126926116645336,0.022642716765403748,0.09809917211532593,0.17041511833667755,0.8465514183044434,0
baseline,44,large,8443,0,0.0019478644244372845,0.04413461685180664,0.05582529306411743,0.14930163323879242,0.7280247211456299,0
baseline,44,large,6654,0,0.00012157175660831854,0.011025958694517612,0.041484832763671875,0.05155601352453232,0.9506173133850098,0
baseline,44,large,6654,1,4.867099050898105e-05,0.006976459641009569,0.049465686082839966,0.14425048232078552,0.8703897595405579,1
baseline,44,large,6654,2,0.00027687699184753,0.016639621928334236,0.030418187379837036,0.09413322806358337,0.8743066787719727,1
baseline,44,large,1938,0,0.0004364499181974679,0.020891383290290833,0.0036274194717407227,0.003819354809820652,0.9400773048400879,1
baseline,44,large,6190,0,0.003921186551451683,0.06261938065290451,0.053415656089782715,0.07643294334411621,0.7896919846534729,0
baseline,44,large,5214,0,0.004322172608226538,0.06574323028326035,0.005640208721160889,0.006134689785540104,0.8480469584465027,0
baseline,44,large,6020,0,0.0005140310968272388,0.022672254592180252,0.024607062339782715,0.032709889113903046,0.9155752658843994,0
baseline,44,medium,6020,1,6.088743612053804e-05,0.007803040090948343,0.0254070945084095,0.12132199108600616,0.8132314682006836,0
baseline,44,large,9192,0,0.0037525882944464684,0.06125837191939354,0.07551354169845581,0.09263280034065247,0.8389591574668884,0
baseline,44,large,849,0,0.004894382786005735,0.0699598640203476,0.05648583173751831,0.11958600580692291,0.7137923240661621,0
baseline,44,medium,3003,3,4.728091153083369e-05,0.006876111496239901,0.09747181087732315,0.4922860562801361,0.5721036195755005,1
baseline,44,large,3003,2,0.00020134660007897764,0.014189665205776691,0.15099486708641052,0.7249829173088074,0.4035930037498474,1
baseline,44,large,3003,0,0.0019724795129150152,0.044412605464458466,0.0533299446105957,0.159622460603714,0.7272891402244568,1
baseline,44,large,3003,1,0.0021140421740710735,0.045978713780641556,0.07890170812606812,0.2154885232448578,0.7325363159179688,1
baseline,44,large,7900,0,6.330006726784632e-05,0.007956134155392647,0.03363370895385742,0.10122106224298477,0.9037134051322937,0
baseline,44,large,7900,1,0.00286599388346076,0.05353497713804245,0.04040956497192383,0.040673598647117615,0.8606706261634827,0
baseline,44,medium,8095,0,0.0005116669926792383,0.022620057687163353,0.11000873148441315,0.9436444044113159,0.48716115951538086,0
baseline,44,large,8095,1,0.00016564501856919378,0.012870315462350845,0.04194101691246033,0.05790885537862778,0.9331595301628113,0
baseline,44,large,3781,0,0.0004696972027886659,0.021672498434782028,0.054685235023498535,0.08776801824569702,0.8982148766517639,1
baseline,44,large,3781,1,0.00025843584444373846,0.016075940802693367,0.038635969161987305,0.05285099893808365,0.9280953407287598,1
baseline,44,medium,3781,2,0.00017445400590077043,0.013208103366196156,0.045811425894498825,0.4606010913848877,0.5884556174278259,1
baseline,44,large,5588,0,9.735202183946967e-05,0.009866712614893913,0.0044481754302978516,0.018749741837382317,0.9037621021270752,1
baseline,44,large,8628,2,0.0007709033088758588,0.027765145525336266,0.05312091112136841,0.07163700461387634,0.8920350670814514,0
baseline,44,medium,8628,1,0.02872074395418167,0.16947194933891296,0.09930707514286041,0.5423592925071716,0.0,1
baseline,44,large,8628,3,0.0007584849954582751,0.027540605515241623,0.042670249938964844,0.05307714268565178,0.8904823660850525,1
baseline,44,large,8628,0,0.0015663584927096963,0.03957724571228027,0.03756427764892578,0.12458362430334091,0.6981513500213623,1
baseline,44,large,5314,0,0.0009645351674407721,0.0310569666326046,0.021763324737548828,0.026174288243055344,0.8982375860214233,0
baseline,44,small,8292,3,6.121682235971093e-05,0.007824118249118328,0.09047175943851471,2.2683463096618652,0.22061166167259216,0
baseline,44,medium,8292,1,0.0004674932570196688,0.021621592342853546,0.06919798254966736,1.0471199750900269,0.44683706760406494,0
baseline,44,small,8292,5,0.00047070696018636227,0.021695781499147415,0.12672753632068634,7.920475959777832,0.040645286440849304,0
baseline,44,medium,8292,0,0.0008230354869738221,0.028688594698905945,0.0357896089553833,0.4635234773159027,0.4538866877555847,0
baseline,44,small,8292,2,4.884500594926067e-05,0.006988920271396637,0.10166218876838684,2.007411003112793,0.2522543966770172,0
baseline,44,small,8292,4,0.0005567809566855431,0.023596206679940224,0.05810926854610443,2.7751545906066895,0.16681456565856934,0
baseline,44,large,8338,0,0.005085873883217573,0.07131531089544296,0.24842897057533264,0.4606332778930664,0.5926700830459595,0
baseline,44,large,6949,0,0.00017881192616187036,0.013372058048844337,0.09673845767974854,0.11376170814037323,0.8884271383285522,0
baseline,44,large,7154,0,0.0005615089903585613,0.023696180433034897,0.04788652062416077,0.11045173555612564,0.8646209239959717,1
baseline,44,large,5940,1,0.0006749402964487672,0.02597961388528347,0.08335353434085846,0.2707485258579254,0.6895360946655273,1
baseline,44,large,5940,2,0.00014397386985365301,0.011998911388218403,0.00963398814201355,0.031260136514902115,0.9023073315620422,1
baseline,44,large,5940,5,0.0003648778365459293,0.01910177618265152,0.03261956572532654,0.1199742928147316,0.8494588732719421,1
baseline,44,large,5940,4,0.0006679929210804403,0.025845559313893318,0.0631268173456192,0.19566544890403748,0.7876216173171997,1
baseline,44,large,5940,3,0.00025271286722272635,0.01589694432914257,0.03453817963600159,0.09654831886291504,0.881485104560852,1
baseline,44,large,5940,0,0.00019666337175294757,0.014023671858012676,0.03738665580749512,0.050335176289081573,0.9124987721443176,1
baseline,44,large,851,1,0.00016086713003460318,0.012683340348303318,0.05248185992240906,0.17855414748191833,0.8317568898200989,1
baseline,44,large,851,0,0.00016974929894786328,0.013028787449002266,0.0679730474948883,0.12301149219274521,0.8859432935714722,0
baseline,44,medium,2047,0,0.0007912164437584579,0.028128569945693016,0.11474619060754776,0.8451128005981445,0.4808425009250641,0
baseline,44,medium,6404,0,0.0002289737167302519,0.015131877735257149,0.04795871675014496,0.41632282733917236,0.6512239575386047,0
baseline,44,large,7536,1,0.0025338069535791874,0.05033693462610245,0.11987736821174622,0.19153918325901031,0.7844856977462769,0
baseline,44,large,7536,0,0.0002170494553865865,0.014732598327100277,0.021418839693069458,0.04183367267251015,0.9117852449417114,0
baseline,44,large,8252,0,6.057954306015745e-05,0.007783286273479462,0.036867231130599976,0.0770869180560112,0.9241219758987427,0
baseline,44,large,1206,1,0.00030533099197782576,0.017473723739385605,0.037481702864170074,0.24682262539863586,0.7746208310127258,0
baseline,44,large,1206,0,0.0008423402323387563,0.029023097828030586,0.01508304476737976,0.05201924592256546,0.8025680184364319,1
baseline,44,large,4121,1,0.0002705705992411822,0.016449030488729477,0.03669638931751251,0.13634389638900757,0.8417967557907104,1
baseline,44,large,4121,0,0.00013760554429609329,0.011730538681149483,0.03420838713645935,0.17699085175991058,0.7886791825294495,1
baseline,44,medium,4121,2,0.00013594001939054579,0.011659331619739532,0.041221559047698975,0.2265625298023224,0.80640709400177,1
baseline,44,small,4857,5,4.705454921349883e-05,0.00685963174328208,0.009854767471551895,0.153042271733284,0.7170748710632324,1
baseline,44,large,4857,13,0.000988404848612845,0.031438905745744705,0.16716507077217102,0.44658979773521423,0.5800672173500061,1
baseline,44,small,4857,4,0.00015615894517395645,0.01249635685235262,0.044539354741573334,0.8074617385864258,0.47137972712516785,1
baseline,44,medium,4857,8,0.0004972335882484913,0.02229873463511467,0.0299694761633873,0.2083398699760437,0.6011396050453186,0
baseline,44,medium,4857,2,8.37385086924769e-05,0.009150874800980091,0.03059123456478119,0.24212148785591125,0.7048928141593933,1
baseline,44,large,4857,0,0.00011720236216206104,0.01082600373774767,0.0249079167842865,0.05831422284245491,0.9331358075141907,1
baseline,44,large,4857,12,0.000332624651491642,0.018238000571727753,0.02441692352294922,0.05809183046221733,0.8885716199874878,1
baseline,44,large,4857,11,0.00022450019605457783,0.014983330853283405,0.01726248860359192,0.048768170177936554,0.9061769247055054,0
baseline,44,large,4857,6,0.000512854487169534,0.022646291181445122,0.10331770777702332,0.21440273523330688,0.7939905524253845,0
baseline,44,medium,4857,9,0.00043697789078578353,0.020904015749692917,0.008253060281276703,0.0705467164516449,0.642503023147583,0
baseline,44,medium,4857,7,0.0027955351397395134,0.05287282168865204,0.08130639046430588,0.4695090651512146,0.3829413652420044,0
baseline,44,small,4857,10,0.000278881547274068,0.016699746251106262,0.030515868216753006,0.6307734847068787,0.5419130921363831,1
baseline,44,small,4857,3,4.146651554037817e-05,0.006439449731260538,0.015280861407518387,0.3315669000148773,0.6953630447387695,1
baseline,44,large,4857,1,0.0004750325751956552,0.0217952411621809,0.0445401668548584,0.07604573667049408,0.8803701400756836,1
baseline,44,medium,4857,14,6.296575884334743e-05,0.007935096509754658,0.023508943617343903,0.06175926327705383,0.8633632063865662,0
baseline,44,large,3759,1,3.2803258363856e-05,0.005727413110435009,0.020587384700775146,0.06229916960000992,0.9140875935554504,1
baseline,44,large,3759,0,0.00015947646170388907,0.012628398835659027,0.0116654634475708,0.041372150182724,0.9076209664344788,1
baseline,44,medium,3759,3,0.00011100134724983945,0.010535717941820621,0.02016317844390869,0.09564054757356644,0.8508828282356262,0
baseline,44,large,3759,2,0.00026725977659225464,0.016348082572221756,0.03274628520011902,0.0907740518450737,0.8945637345314026,1
baseline,44,large,5057,0,6.944461347302422e-05,0.008333343081176281,0.04203462600708008,0.09892655164003372,0.9096097946166992,0
baseline,44,medium,5057,2,0.0001495334436185658,0.012228386476635933,0.018873363733291626,0.1253666877746582,0.818972110748291,0
baseline,44,large,5057,1,0.00012727220018859953,0.011281497776508331,0.002451092004776001,0.00569891557097435,0.9509027600288391,1
baseline,44,large,6296,0,9.342817065771669e-05,0.009665824472904205,0.0829462856054306,0.15569612383842468,0.8606584072113037,1
baseline,44,large,6296,2,6.9581059506163e-05,0.008341526612639427,0.07551303505897522,0.13039928674697876,0.8826262950897217,1
baseline,44,large,6296,1,0.0010623480193316936,0.032593682408332825,0.022977083921432495,0.04505404084920883,0.7927114963531494,1
baseline,44,large,3351,0,0.0010838984744623303,0.032922614365816116,0.11347633600234985,0.16765451431274414,0.8521900177001953,1
baseline,44,large,3673,1,0.001318034715950489,0.03630474954843521,0.026518791913986206,0.0618254728615284,0.8813556432723999,0
baseline,44,large,3673,0,0.0006627103430218995,0.025743160396814346,0.06337660551071167,0.1042579784989357,0.9055361151695251,0
baseline,44,large,3330,0,7.524531247327104e-05,0.00867440551519394,0.03763219714164734,0.11633163690567017,0.8870134949684143,0
baseline,44,medium,3330,1,0.000134423011331819,0.011594093404710293,0.008947670459747314,0.05622299015522003,0.838738203048706,1
baseline,44,medium,3838,5,0.0022540499921888113,0.047476835548877716,0.06462077051401138,0.656274139881134,0.31168827414512634,1
baseline,44,medium,3838,4,0.002364169806241989,0.0486227311193943,0.02372290939092636,0.23924081027507782,0.3472220301628113,1
baseline,44,large,3838,1,0.00011690425890265033,0.010812227614223957,0.0394306480884552,0.11263525485992432,0.8976094722747803,1
baseline,44,large,3838,2,0.00017307915550190955,0.013155954889953136,0.0515269935131073,0.10490873456001282,0.8976931571960449,1
baseline,44,large,3838,3,6.831157952547073e-05,0.00826508179306984,0.10390917956829071,0.28336572647094727,0.7278371453285217,1
baseline,44,large,3838,0,0.00012085855996701866,0.010993569158017635,0.0329972505569458,0.08608908951282501,0.9136879444122314,1
baseline,44,large,6759,0,0.00028635846683755517,0.016922129318118095,0.00485992431640625,0.006160924676805735,0.9549709558486938,0
baseline,44,medium,1532,8,0.00027336954372003675,0.01653389073908329,0.07813674211502075,1.1817131042480469,0.41634324193000793,1
baseline,44,medium,1532,0,6.538909656228498e-05,0.008086352609097958,0.022064432501792908,0.1396709382534027,0.862905740737915,1
baseline,44,medium,1532,3,5.3915311582386494e-05,0.007342704571783543,0.04086790233850479,0.27531784772872925,0.7268662452697754,0
baseline,44,small,1532,5,0.0035830927081406116,0.05985894054174423,0.049497418105602264,0.8314384818077087,0.18736658990383148,0
baseline,44,small,1532,1,0.0002691295521799475,0.016405168920755386,0.10875587165355682,1.3961397409439087,0.3515450656414032,1
baseline,44,medium,1532,2,0.00016292015789076686,0.012764018028974533,0.020940959453582764,0.16113056242465973,0.7775574922561646,0
baseline,44,small,1532,6,0.0010725236497819424,0.03274940699338913,0.025375299155712128,0.3261460065841675,0.28540846705436707,0
baseline,44,small,1532,9,0.00035114624188281596,0.018738895654678345,0.016356606036424637,0.24959072470664978,0.6275908946990967,1
baseline,44,medium,1532,4,7.903630466898903e-05,0.008890236727893353,0.0414765402674675,0.40336835384368896,0.7032926678657532,0
baseline,44,medium,1532,7,4.726893894257955e-05,0.006875241175293922,0.0349060520529747,0.2624998688697815,0.758820116519928,1
baseline,44,large,3886,0,0.0004591242759488523,0.021427186205983162,0.04298919439315796,0.07525813579559326,0.9122264385223389,0
baseline,44,large,3335,4,0.002914693206548691,0.05398789793252945,0.06961974501609802,0.2441992163658142,0.6428180932998657,1
baseline,44,large,3335,3,0.001068577985279262,0.032689109444618225,0.0196475088596344,0.037421874701976776,0.8256237506866455,1
baseline,44,large,3335,5,6.064720219001174e-05,0.00778763135895133,0.15243138372898102,0.5463955402374268,0.5353761911392212,0
baseline,44,medium,3335,6,0.0005501444102264941,0.02345515787601471,0.06076500564813614,0.48234835267066956,0.6742637157440186,1
baseline,44,large,3335,1,1.7586036847205833e-05,0.004193570930510759,0.06950639188289642,0.33140701055526733,0.6786224246025085,1
baseline,44,medium,3335,0,1.77748006535694e-05,0.004216017201542854,0.009461283683776855,0.03972320258617401,0.9523022770881653,1
baseline,44,medium,3335,2,0.003304649144411087,0.05748607963323593,0.052901506423950195,0.2881857752799988,0.32491520047187805,1
baseline,44,large,5065,0,0.00031480489997193217,0.017742741852998734,0.06132739782333374,0.0814906507730484,0.9153165221214294,0
baseline,44,large,5253,0,0.0002658172161318362,0.016303902491927147,0.01415175199508667,0.021310636773705482,0.945378303527832,0
baseline,44,large,4281,0,0.0005249883397482336,0.02291262336075306,0.05845606327056885,0.11158497631549835,0.8847257494926453,0
baseline,44,medium,4281,1,0.0019349991343915462,0.04398862645030022,0.1690412014722824,0.7484766840934753,0.5639736652374268,1
baseline,44,large,1758,0,0.0206042118370533,0.14354167878627777,0.054190099239349365,0.19971176981925964,0.044550999999046326,0
baseline,44,large,1758,1,0.0007489409181289375,0.02736678533256054,0.10485702753067017,0.17700451612472534,0.8441887497901917,1
baseline,44,large,756,0,1.6008449165383354e-05,0.004001055844128132,0.022931933403015137,0.02874874323606491,0.9718512892723083,0
baseline,44,large,6295,1,0.00010024748189607635,0.010012366808950901,0.0223768949508667,0.12287601083517075,0.8340794444084167,0
baseline,44,large,6295,0,0.0007009727414697409,0.02647588960826397,0.025326326489448547,0.12409939616918564,0.7551016211509705,0
baseline,44,large,6295,2,5.593825699179433e-05,0.007479188032448292,0.04080092906951904,0.1716490089893341,0.8516779541969299,0
baseline,44,large,9072,0,0.013952245004475117,0.11811961978673935,0.17623519897460938,0.39686089754104614,0.5484225749969482,1
baseline,44,medium,9032,0,0.0015243194065988064,0.039042532444000244,0.046528592705726624,0.4796607196331024,0.4574061334133148,0
baseline,44,large,9032,2,0.0006226188852451742,0.02495233155786991,0.05624109506607056,0.16358673572540283,0.8279266357421875,0
baseline,44,large,9032,1,0.000814623839687556,0.02854161523282528,0.013124853372573853,0.03522377461194992,0.8421509861946106,0
baseline,44,large,4168,0,1.3072462024865672e-05,0.0036155860871076584,0.10331965982913971,0.325467050075531,0.6990401148796082,0
baseline,44,large,4168,1,0.01917857676744461,0.13848674297332764,0.03601685166358948,0.18086445331573486,0.43486732244491577,1
baseline,44,large,7691,0,0.00023187808983493596,0.015227544121444225,0.012724846601486206,0.02232924848794937,0.9343293905258179,0
baseline,44,large,140,1,0.007415172643959522,0.0861113965511322,0.10983487963676453,0.2416885942220688,0.6308750510215759,0
baseline,44,large,140,0,0.0024261516518890858,0.04925598204135895,0.1428784430027008,0.37790656089782715,0.709577202796936,0
baseline,44,large,6855,0,0.004349061753600836,0.06594741344451904,0.07144111394882202,0.09659643471240997,0.8048486113548279,0
baseline,44,medium,6855,2,1.7177801055368036e-05,0.004144611302763224,0.028332360088825226,0.1291566640138626,0.876227617263794,1
baseline,44,medium,6855,1,0.0006193527369759977,0.02488679811358452,0.0476444736123085,0.3512372374534607,0.5566200017929077,1
baseline,44,large,2063,4,2.022976150328759e-05,0.004497750662267208,0.03581060469150543,0.10603097081184387,0.9018424153327942,1
baseline,44,large,2063,6,0.002249737735837698,0.047431401908397675,0.0389329195022583,0.17444166541099548,0.5868610143661499,1
baseline,44,medium,2063,3,0.0013319129357114434,0.0364953838288784,0.04667225480079651,0.31427401304244995,0.5461379289627075,1
baseline,44,large,2063,5,0.004019422456622124,0.06339891254901886,0.04316255450248718,0.13754406571388245,0.6460093855857849,1
baseline,44,medium,2063,1,0.0002214427659055218,0.01488095335662365,0.028118088841438293,0.21384179592132568,0.7739059329032898,1
baseline,44,large,2063,0,0.0023710608948022127,0.048693541437387466,0.024716228246688843,0.05050205439329147,0.7908267378807068,0
baseline,44,medium,2063,2,0.003051270032301545,0.055238302797079086,0.042439527809619904,0.35082733631134033,0.30219534039497375,1
baseline,44,large,9776,0,0.0018993271514773369,0.043581269681453705,0.09205138683319092,0.23364683985710144,0.7286608219146729,1
baseline,44,large,9776,1,0.004912152420729399,0.07008674740791321,0.11439129710197449,0.1773264855146408,0.7121921181678772,0
baseline,44,large,9776,2,0.00025749733322300017,0.01604672335088253,0.022130489349365234,0.0749828964471817,0.8523455262184143,1
baseline,44,large,2129,3,0.00020077127555850893,0.014169378206133842,0.004685342311859131,0.013462399132549763,0.9001574516296387,0
baseline,44,large,2129,0,0.001307132886722684,0.03615429252386093,0.033844009041786194,0.12979459762573242,0.7159468531608582,0
baseline,44,large,2129,1,4.195626388536766e-05,0.0064773657359182835,0.07594563066959381,0.30961307883262634,0.7535845637321472,0
baseline,44,large,2129,2,0.0006983803468756378,0.026426887139678,0.05939251184463501,0.16710662841796875,0.7289761900901794,0
baseline,44,medium,6348,0,0.00014017944340594113,0.011839739978313446,0.01324145495891571,0.08380018174648285,0.8560715913772583,0
baseline,44,large,6348,1,0.00020826909167226404,0.01443153154104948,0.05263388156890869,0.09131769090890884,0.9093675017356873,0
baseline,44,small,2940,3,0.00010440788901178166,0.010218017734587193,0.010566923767328262,0.1621805727481842,0.6879587173461914,0
baseline,44,small,2940,2,0.00043252253090031445,0.02079717628657818,0.06947821378707886,1.3385218381881714,0.36385342478752136,0
baseline,44,large,2940,0,0.00015243416419252753,0.012346423231065273,0.024595290422439575,0.047376662492752075,0.9455773234367371,0
baseline,44,large,2940,6,3.122803900623694e-05,0.00558820553123951,0.0570426881313324,0.12949050962924957,0.8833408355712891,1
baseline,44,medium,2940,5,9.157731983577833e-05,0.009569603949785233,0.032836318016052246,0.18767181038856506,0.841149628162384,0
baseline,44,medium,2940,4,0.00012691551819443703,0.011265678331255913,0.012224383652210236,0.1577102392911911,0.6261293888092041,0
baseline,44,small,2940,1,0.0010140169179067016,0.0318436324596405,0.04332226887345314,0.8933696746826172,0.2563292980194092,0
baseline,44,large,4100,0,0.0005299887852743268,0.023021485656499863,0.09841006994247437,0.2840472161769867,0.767385721206665,0
baseline,44,large,2953,1,0.00036332596209831536,0.01906111091375351,0.0744229108095169,0.19918188452720642,0.818792998790741,0
baseline,44,large,2953,3,0.00021373337949626148,0.014619623310863972,0.03266814351081848,0.07378517091274261,0.9039191603660583,0
baseline,44,large,2953,2,0.00042455538641661406,0.02060474269092083,0.04261393845081329,0.1055855005979538,0.8930002450942993,0
baseline,44,large,2953,0,0.0011928024468943477,0.034536972641944885,0.03489816188812256,0.1339501440525055,0.7896384596824646,0
baseline,44,medium,2953,4,0.0001573015470057726,0.012541991658508778,0.034870654344558716,0.21609821915626526,0.7288185954093933,0
baseline,44,medium,8933,2,0.0007915972382761538,0.02813533879816532,0.10400138795375824,0.8136533498764038,0.34136199951171875,0
baseline,44,large,8933,0,0.0010606194846332073,0.03256715461611748,0.09001070261001587,0.26860183477401733,0.7421234846115112,0
baseline,44,medium,8933,1,0.002467251382768154,0.04967143386602402,0.09857067465782166,0.8858933448791504,0.3626331090927124,0
baseline,44,large,763,0,0.000634552154224366,0.025190318003296852,0.03568241000175476,0.1067904531955719,0.8503809571266174,0
baseline,44,medium,754,2,0.0011598099954426289,0.034055981785058975,0.03167232871055603,0.2718248665332794,0.555573582649231,0
baseline,44,small,754,1,0.0015372452326118946,0.03920771926641464,0.03914652019739151,0.7262016534805298,0.30477431416511536,0
baseline,44,small,754,3,5.8380301197757944e-05,0.007640700321644545,0.034149762243032455,0.49494436383247375,0.6433338522911072,0
baseline,44,medium,754,0,0.0004575139901135117,0.02138957753777504,0.026305049657821655,0.10251560807228088,0.831268846988678,0
baseline,44,large,9942,1,0.002365217311307788,0.048633500933647156,0.029007792472839355,0.031459785997867584,0.8575094938278198,1
baseline,44,large,9942,0,5.8451303630135953e-05,0.007645345292985439,0.07896432280540466,0.15314370393753052,0.8628295063972473,1
baseline,44,large,9942,2,0.00015852022625040263,0.012590481899678707,0.027739226818084717,0.045821987092494965,0.9440101385116577,1
baseline,44,large,2567,0,0.000454497552709654,0.02131894789636135,0.02870708703994751,0.04108833149075508,0.9291607141494751,0
baseline,44,large,9869,0,0.0004224314179737121,0.020553136244416237,0.020119786262512207,0.027025429531931877,0.9400123357772827,1
baseline,44,large,5579,0,0.000683390477206558,0.026141738519072533,0.0687042623758316,0.31894025206565857,0.7254278659820557,0
baseline,44,large,5579,1,0.0013652571942657232,0.036949388682842255,0.03735235333442688,0.10390797257423401,0.7436105012893677,0
baseline,44,large,4464,0,8.839371002977714e-05,0.009401792660355568,0.007367685437202454,0.02394380047917366,0.8944552540779114,0
baseline,44,medium,4464,2,5.8315290516475216e-05,0.0076364451088011265,0.057850781828165054,0.6459535360336304,0.457351416349411,0
baseline,44,large,4464,1,6.102348561398685e-05,0.007811753079295158,0.0018646717071533203,0.005945467855781317,0.9496236443519592,1
baseline,44,medium,4020,1,0.00010078930063173175,0.01003938727080822,0.04209497570991516,0.6760050058364868,0.5612799525260925,1
baseline,44,large,4020,2,2.0019231214973843e-06,0.0014148933114483953,0.012459531426429749,0.04449567198753357,0.9571192264556885,0
baseline,44,large,4020,0,0.000696894247084856,0.026398753747344017,0.012237206101417542,0.03965818136930466,0.8341919183731079,1
baseline,44,large,3116,0,0.00015019986312836409,0.012255605310201645,0.05216062068939209,0.06997528672218323,0.9193574786186218,0
baseline,44,large,865,7,1.8923077504950925e-07,0.00043500663014128804,0.027721554040908813,0.039485689252614975,0.9616893529891968,1
baseline,44,small,865,6,0.0002826917916536331,0.01681344024837017,0.013240007683634758,0.42226558923721313,0.25498995184898376,0
baseline,44,medium,865,3,0.00023354272707365453,0.015282104723155499,0.06491690129041672,0.32522088289260864,0.6842944622039795,1
baseline,44,large,865,4,4.001029083156027e-05,0.006325368769466877,0.05935502052307129,0.2143327295780182,0.8192911148071289,1
baseline,44,large,865,0,0.0010384407360106707,0.03222484514117241,0.0217440128326416,0.08216512203216553,0.6769670844078064,0
baseline,44,medium,865,2,9.781366679817438e-05,0.009890079498291016,0.02408134937286377,0.15061882138252258,0.8631455898284912,1
baseline,44,medium,865,1,3.113517595920712e-05,0.005579890217632055,0.04944026470184326,0.28904032707214355,0.7634286880493164,1
baseline,44,large,865,8,0.0005708875833079219,0.02389325387775898,0.06652267277240753,0.206224262714386,0.814591646194458,1
baseline,44,medium,865,5,2.1543459297390655e-05,0.004641493316739798,0.018931210041046143,0.13146673142910004,0.8806196451187134,1
baseline,44,small,2845,3,9.085657802643254e-05,0.009531871415674686,0.10771432518959045,2.4815521240234375,0.1994139701128006,0
baseline,44,small,2845,0,0.0007204234134405851,0.026840703561902046,0.05369943007826805,1.0123600959777832,0.27390503883361816,0
baseline,44,small,2845,4,0.00030627771047875285,0.01750079169869423,0.11690056324005127,2.689455986022949,0.1929153949022293,0
baseline,44,small,2845,5,0.001293616951443255,0.035966888070106506,0.11831856518983841,2.8260178565979004,0.17227371037006378,0
baseline,44,large,2845,1,9.351924745715223e-06,0.00305809173732996,0.11672195792198181,0.476919025182724,0.6636886596679688,0
baseline,44,medium,2845,2,0.006506058387458324,0.0806601420044899,0.05581673979759216,0.747124195098877,0.05430743843317032,0
baseline,44,large,9537,1,0.0006287327269092202,0.025074543431401253,0.05084475874900818,0.08365534245967865,0.8870061039924622,0
baseline,44,small,9537,0,0.011334083043038845,0.10646165162324905,0.056796178221702576,0.6465837359428406,0.07506967335939407,1
baseline,44,large,5146,9,0.000350578804500401,0.018723750486969948,0.049234285950660706,0.11797687411308289,0.8824915885925293,1
baseline,44,large,5146,6,6.73850008752197e-05,0.008208836428821087,0.03495967388153076,0.11649373918771744,0.8911620378494263,1
baseline,44,large,5146,8,0.000172750253113918,0.0131434490904212,0.03293110430240631,0.15023458003997803,0.854913592338562,1
baseline,44,large,5146,1,0.000411551765864715,0.020286738872528076,0.020700380206108093,0.09529541432857513,0.786099910736084,0
baseline,44,large,5146,5,0.00019281639833934605,0.013885834254324436,0.057404592633247375,0.18485835194587708,0.8422271013259888,1
baseline,44,large,5146,0,2.0674002371379174e-05,0.0045468672178685665,0.010982677340507507,0.02293388545513153,0.9590488076210022,0
baseline,44,large,5146,2,3.595479574869387e-05,0.00599623192101717,0.019128113985061646,0.06897873431444168,0.8987225294113159,0
baseline,44,large,5146,3,0.00012873849482275546,0.011346298269927502,0.03121933341026306,0.1832922101020813,0.8249209523200989,0
baseline,44,large,5146,7,0.00014331276179291308,0.01197133120149374,0.018751338124275208,0.026956573128700256,0.8532909154891968,1
baseline,44,large,5146,4,0.0004888011608272791,0.02210884727537632,0.01483491063117981,0.04208793863654137,0.8152020573616028,0
baseline,44,small,4585,9,0.000802589172963053,0.028330005705356598,0.019317779690027237,0.27156275510787964,0.40715324878692627,0
baseline,44,small,4585,6,0.0034597881603986025,0.0588199645280838,0.047529708594083786,0.7894667983055115,0.12036294490098953,0
baseline,44,medium,4585,11,0.0029584397561848164,0.054391540586948395,0.0750456303358078,1.1512477397918701,0.267145037651062,0
baseline,44,small,4585,7,2.5764347810763866e-05,0.005075859371572733,0.06511977314949036,1.3879106044769287,0.40163490176200867,0
baseline,44,medium,4585,4,0.00021420526900328696,0.014635752886533737,0.028459295630455017,0.26513928174972534,0.687923014163971,0
baseline,44,small,4585,12,0.0001517582859378308,0.012319020926952362,0.10986090451478958,2.1808993816375732,0.22987720370292664,0
baseline,44,medium,4585,2,0.00016501273785252124,0.012845728546380997,0.06023538112640381,0.42235252261161804,0.6428406238555908,0
baseline,44,medium,4585,0,9.730456076795235e-05,0.009864307008683681,0.018193721771240234,0.11551688611507416,0.8272003531455994,0
baseline,44,small,4585,8,0.004210734274238348,0.06489016860723495,0.1395006775856018,3.758317232131958,0.13118596374988556,0
baseline,44,medium,4585,3,0.000414887850638479,0.020368795841932297,0.15907074511051178,1.5655995607376099,0.31652480363845825,0
baseline,44,medium,4585,5,0.00018374959472566843,0.013555427081882954,0.0522947758436203,0.6396119594573975,0.5490679740905762,0
baseline,44,medium,4585,1,0.00035278184805065393,0.018782487139105797,0.026184022426605225,0.19990673661231995,0.6746110916137695,0
baseline,44,small,4585,10,0.0055096750147640705,0.07422718405723572,0.05150711163878441,0.9593694806098938,0.023861505091190338,0
baseline,44,medium,5239,2,0.00016354821855202317,0.012788597494363785,0.057868592441082,0.8517427444458008,0.4918966591358185,1
baseline,44,medium,5239,1,0.04072871431708336,0.20181356370449066,0.08074513077735901,1.2769362926483154,0.0,1
baseline,44,large,5239,0,0.0002703578502405435,0.016442561522126198,0.034718483686447144,0.10280147939920425,0.8888774514198303,1
baseline,44,small,5239,3,0.0006997832097113132,0.02645341493189335,0.0835600197315216,1.5357412099838257,0.2983019948005676,1
baseline,44,large,3145,1,4.4440850615501404e-05,0.006666397210210562,0.02249997854232788,0.04480019956827164,0.9562448263168335,1
baseline,44,large,3145,0,0.002193822292611003,0.04683825746178627,0.03161722421646118,0.045462384819984436,0.8615468144416809,1
baseline,44,small,2520,1,0.00018230214482173324,0.013501930981874466,0.04260565713047981,0.6780113577842712,0.5521363615989685,0
baseline,44,medium,2520,3,1.7254917111131363e-05,0.004153904039412737,0.025224946439266205,0.17091116309165955,0.8373246192932129,1
baseline,44,small,2520,2,0.0001161963155027479,0.010779439471662045,0.05146857723593712,0.6849391460418701,0.5560481548309326,0
baseline,44,medium,2520,4,3.087751611019485e-05,0.0055567543022334576,0.022795166820287704,0.13315030932426453,0.826568067073822,1
baseline,44,medium,2520,0,0.00015470589278265834,0.01243808213621378,0.03464750200510025,0.19077526032924652,0.784626305103302,0
baseline,44,large,7256,1,0.000881964573636651,0.02969788759946823,0.04558548331260681,0.25259527564048767,0.7283057570457458,1
baseline,44,large,7256,0,0.0007493250304833055,0.027373801916837692,0.013304293155670166,0.05716920644044876,0.6853249073028564,0
baseline,44,large,7256,2,6.521748582599685e-05,0.008075734600424767,0.018929079174995422,0.12073024362325668,0.8855059146881104,1
shared_detach,44,medium,6381,13,4.6191784349502996e-05,0.0067964536137878895,0.08893541991710663,0.4608035981655121,0.6488081812858582,0
shared_detach,44,medium,6381,5,6.318464875221252e-05,0.007948877289891243,0.02479008585214615,0.10824253410100937,0.9003693461418152,1
shared_detach,44,large,6381,14,0.0012287001591175795,0.0350528210401535,0.04036812484264374,0.18423432111740112,0.6974301338195801,0
shared_detach,44,medium,6381,4,0.00023350554693024606,0.01528088841587305,0.027853935956954956,0.26133814454078674,0.7234334945678711,1
shared_detach,44,large,6381,12,0.0005860251258127391,0.024207955226302147,0.20416834950447083,0.3233441412448883,0.684083878993988,0
shared_detach,44,medium,6381,10,8.148442429956049e-05,0.009026871994137764,0.019615840166807175,0.192236065864563,0.7204565405845642,1
shared_detach,44,medium,6381,9,0.0019224070711061358,0.04384526237845421,0.10791544616222382,0.46742933988571167,0.5475712418556213,1
shared_detach,44,small,6381,11,0.00017524827853776515,0.01323813758790493,0.03665158897638321,0.6229037046432495,0.5798191428184509,1
shared_detach,44,large,6381,2,0.002877739490941167,0.0536445677280426,0.07433488965034485,0.2009279727935791,0.6762791872024536,1
shared_detach,44,large,6381,3,0.00015271370648406446,0.012357738800346851,0.054714128375053406,0.2260284125804901,0.785927951335907,1
shared_detach,44,large,6381,1,9.170014527626336e-05,0.009576018899679184,0.06376715004444122,0.23260046541690826,0.7746012210845947,1
shared_detach,44,medium,6381,16,0.00019068928668275476,0.013809029012918472,0.020990438759326935,0.17685964703559875,0.7462811470031738,1
shared_detach,44,small,6381,0,0.0006367848254740238,0.02523459494113922,0.007491178810596466,0.08458498120307922,0.5907076001167297,0
shared_detach,44,large,6381,7,0.000457994727184996,0.02140081115067005,0.03787308931350708,0.2223566323518753,0.7322524785995483,1
shared_detach,44,small,6381,8,0.0005477372906170785,0.02340378798544407,0.02945612743496895,0.27528896927833557,0.5479233264923096,1
shared_detach,44,large,6381,6,6.535911234095693e-05,0.008084498345851898,0.027644678950309753,0.1323106288909912,0.8687682747840881,1
shared_detach,44,medium,6381,15,0.000188164267456159,0.01371729839593172,0.04018998146057129,0.29855725169181824,0.7395199537277222,1
shared_detach,44,medium,4537,5,3.3718963095452636e-05,0.005806803237646818,0.02512650191783905,0.19230498373508453,0.8258906602859497,0
shared_detach,44,large,4537,0,0.00020786716777365655,0.014417598955333233,0.03428611159324646,0.06798660010099411,0.8905206918716431,0
shared_detach,44,large,4537,4,0.001537528820335865,0.03921133652329445,0.015491217374801636,0.05635841190814972,0.6881320476531982,0
shared_detach,44,large,4537,6,0.0038436639588326216,0.06199729070067406,0.16753441095352173,0.5149223804473877,0.6356201767921448,1
shared_detach,44,large,4537,1,1.3886307897337247e-05,0.003726433729752898,0.01592983305454254,0.046015165746212006,0.9523515105247498,0
shared_detach,44,large,4537,2,0.00011993265798082575,0.01095137745141983,0.030636191368103027,0.08211186528205872,0.9191927313804626,0
shared_detach,44,medium,4537,3,0.00038238902925513685,0.01955476962029934,0.035669147968292236,0.22103872895240784,0.7136840224266052,0
shared_detach,44,large,9896,0,9.22427570912987e-05,0.009604309685528278,0.016021907329559326,0.037714600563049316,0.9326250553131104,0
shared_detach,44,large,7223,0,7.594277121825144e-05,0.008714514784514904,0.012746751308441162,0.014843584969639778,0.9695864319801331,1
shared_detach,44,large,1977,0,0.0018252318259328604,0.042722731828689575,0.028208792209625244,0.04674612730741501,0.8552660346031189,0
shared_detach,44,large,5606,1,0.003302144818007946,0.05746429041028023,0.08885782957077026,0.1757778376340866,0.7504096627235413,1
shared_detach,44,medium,5606,3,0.001059019472450018,0.032542578876018524,0.09218422323465347,0.6214314699172974,0.5632429122924805,1
shared_detach,44,medium,5606,4,0.00010672330972738564,0.010330697521567345,0.05632955580949783,0.43366092443466187,0.6754249334335327,1
shared_detach,44,large,5606,0,0.0008390271686948836,0.028965964913368225,0.0972079485654831,0.3649522662162781,0.7151917219161987,0
shared_detach,44,large,5606,2,0.0008587792981415987,0.02930493652820587,0.07668101787567139,0.10114240646362305,0.8594175577163696,1
shared_detach,44,large,8368,0,0.0069688851945102215,0.0834798514842987,0.08009082078933716,0.09210582077503204,0.7359362840652466,0
shared_detach,44,large,8368,1,0.00012485978368204087,0.011174067854881287,0.03286433219909668,0.05347501486539841,0.9354881644248962,1
shared_detach,44,medium,6852,2,0.0003146581002511084,0.01773860491812229,0.0984731912612915,0.6615241765975952,0.5874245762825012,1
shared_detach,44,large,6852,1,0.0010620071552693844,0.032588452100753784,0.019477277994155884,0.07188718020915985,0.8021997213363647,1
shared_detach,44,large,6852,0,0.00012390756455715746,0.011131377890706062,0.04016336798667908,0.10233717411756516,0.8635054230690002,0
shared_detach,44,large,5879,0,0.0004643137799575925,0.021547941491007805,0.013301074504852295,0.015682637691497803,0.922720730304718,1
shared_detach,44,medium,4439,2,9.65677281783428e-06,0.0031075349543243647,0.03003518283367157,0.4343329966068268,0.6839843392372131,1
shared_detach,44,medium,4439,0,0.00033090965007431805,0.01819092221558094,0.18152940273284912,0.9418820142745972,0.2592514753341675,1
shared_detach,44,medium,4439,1,0.0014501571422442794,0.03808093070983887,0.054091617465019226,0.29526716470718384,0.5088524222373962,1
shared_detach,44,medium,4439,3,0.00024776061763986945,0.01574041321873665,0.05369088798761368,0.5088874101638794,0.5257514119148254,1
shared_detach,44,small,3369,3,0.0002310379350092262,0.015199932269752026,0.2877959609031677,3.9216108322143555,0.13618426024913788,0
shared_detach,44,medium,3369,1,2.540047034926829e-07,0.0005039888201281428,0.011835157871246338,0.20196272432804108,0.8308174014091492,1
shared_detach,44,medium,3369,0,6.701780421281001e-06,0.002588779665529728,0.029230326414108276,0.233830988407135,0.805381178855896,1
shared_detach,44,large,3369,2,0.0022189412266016006,0.047105640172958374,0.04877197742462158,0.06122837960720062,0.8518489599227905,0
shared_detach,44,small,6062,1,3.594867666834034e-05,0.005995721556246281,0.001560695469379425,0.023440781980752945,0.8628839254379272,1
shared_detach,44,large,6062,0,6.354317156365141e-05,0.007971396669745445,0.043130725622177124,0.08555338531732559,0.9194911122322083,1
shared_detach,44,small,6062,2,7.430437835864723e-05,0.008619998581707478,0.05422770604491234,1.049486756324768,0.45217081904411316,1
shared_detach,44,large,740,0,0.00020914015476591885,0.014461678452789783,0.018190741539001465,0.03779756650328636,0.9129483699798584,0
shared_detach,44,large,740,1,0.00010566525452304631,0.010279360227286816,0.037801533937454224,0.14234058558940887,0.8602966070175171,0
shared_detach,44,large,4031,0,0.00035959138767793775,0.01896289549767971,0.01863473653793335,0.04422798007726669,0.8989840745925903,0
shared_detach,44,medium,4031,2,0.0001968804281204939,0.014031408354640007,0.011433601379394531,0.08171144127845764,0.7383477091789246,1
shared_detach,44,large,4031,1,0.0009085463243536651,0.030142102390527725,0.04273718595504761,0.050858572125434875,0.9007708430290222,0
shared_detach,44,large,9724,0,0.0007095127366483212,0.026636680588126183,0.03924804925918579,0.04296604171395302,0.9248150587081909,1
shared_detach,44,large,7062,0,0.000630362774245441,0.02510702610015869,0.061618030071258545,0.06954824179410934,0.9230501651763916,0
shared_detach,44,large,9755,1,1.907852856675163e-05,0.0043678972870111465,0.02536056935787201,0.10615486651659012,0.8977035284042358,1
shared_detach,44,large,9755,0,0.0007148698787204921,0.026737051084637642,0.02051413059234619,0.0318932980298996,0.9110295176506042,0
shared_detach,44,large,3808,0,0.0013127890415489674,0.03623243048787117,0.03993254899978638,0.04706863686442375,0.9125080704689026,0
shared_detach,44,large,5478,2,0.00014684216876048595,0.012117845006287098,0.022400081157684326,0.04294842854142189,0.9372012615203857,1
shared_detach,44,large,5478,1,0.00018491101218387485,0.013598199002444744,0.040976136922836304,0.16657517850399017,0.8453051447868347,1
shared_detach,44,large,5478,0,3.8596852391492575e-05,0.006212636362761259,0.06261485815048218,0.08921385556459427,0.9164320230484009,0
shared_detach,44,large,5478,3,0.0014533413341268897,0.038122713565826416,0.14096753299236298,0.2805589735507965,0.6006679534912109,1
shared_detach,44,large,7905,0,0.0021990127861499786,0.046893633902072906,0.02668023109436035,0.04747295007109642,0.8236432671546936,1
shared_detach,44,large,8633,0,0.0010076048783957958,0.03174279257655144,0.021402299404144287,0.08225890249013901,0.7576379179954529,0
shared_detach,44,medium,8633,1,0.0003381278074812144,0.018388252705335617,0.04474806785583496,0.20456106960773468,0.7934920787811279,0
shared_detach,44,large,8633,2,0.008339332416653633,0.09131994843482971,0.057926058769226074,0.12166562676429749,0.7216281890869141,1
shared_detach,44,large,8633,3,0.0010088718263432384,0.0317627415060997,0.099066823720932,0.15117806196212769,0.8607279658317566,0
shared_detach,44,large,1918,1,6.38436249573715e-05,0.007990220561623573,0.012288451194763184,0.07025951892137527,0.9125617146492004,1
shared_detach,44,large,1918,0,0.001610468840226531,0.040130648761987686,0.0844079852104187,0.28402847051620483,0.6367054581642151,1
shared_detach,44,large,4405,2,0.0017615370452404022,0.041970670223236084,0.10174953937530518,0.3034271001815796,0.6976514458656311,1
shared_detach,44,large,4405,1,0.0029119974933564663,0.05396292731165886,0.07176017761230469,0.12237998098134995,0.7805734872817993,1
shared_detach,44,large,4405,3,0.0004583117552101612,0.021408217027783394,0.02338087558746338,0.06396600604057312,0.8637598752975464,1
shared_detach,44,large,4405,0,0.0027239650953561068,0.05219161882996559,0.0300561785697937,0.053252220153808594,0.8291248083114624,0
shared_detach,44,large,8443,0,0.003861706703901291,0.06214263290166855,0.06533956527709961,0.1752103716135025,0.6780837774276733,1
shared_detach,44,large,6654,2,0.0008225229103118181,0.028679659590125084,0.0023476481437683105,0.007077536545693874,0.8024178147315979,1
shared_detach,44,large,6654,0,2.9268694561324082e-05,0.005410055164247751,0.014072179794311523,0.017937488853931427,0.9789220094680786,1
shared_detach,44,large,6654,1,0.00015694808098487556,0.012527892366051674,0.05098715424537659,0.14040058851242065,0.8714555501937866,1
shared_detach,44,large,1938,0,0.0006538070156238973,0.025569649413228035,0.02644360065460205,0.029711473733186722,0.9270442724227905,1
shared_detach,44,large,6190,0,0.0015466685872524977,0.0393277071416378,0.038044750690460205,0.05420781672000885,0.866925835609436,0
shared_detach,44,large,5214,0,3.7262964269757504e-06,0.0019303617300465703,0.062429189682006836,0.06997667253017426,0.9334851503372192,0
shared_detach,44,medium,6020,1,1.5233531485137064e-05,0.003903015749529004,0.040008388459682465,0.13893486559391022,0.7901725172996521,1
shared_detach,44,large,6020,0,0.00015332645853050053,0.012382506392896175,0.022391796112060547,0.03210276737809181,0.9546629786491394,0
shared_detach,44,large,9192,0,0.0012676708865910769,0.035604365170001984,0.029165923595428467,0.03590657189488411,0.9093852639198303,0
shared_detach,44,large,849,0,0.004339632112532854,0.06587588787078857,0.06266972422599792,0.12950938940048218,0.7318508625030518,0
shared_detach,44,medium,3003,3,0.0017752121202647686,0.04213326796889305,0.08424343168735504,0.3907155692577362,0.5113217234611511,1
shared_detach,44,large,3003,2,0.010447641834616661,0.10221370309591293,0.024945825338363647,0.10470126569271088,0.27613726258277893,1
shared_detach,44,large,3003,0,0.0007689106278121471,0.02772923745214939,0.0785859227180481,0.21631331741809845,0.7913399934768677,1
shared_detach,44,large,3003,1,0.010725912638008595,0.10356598347425461,0.01612028479576111,0.051093459129333496,0.561286449432373,1
shared_detach,44,large,7900,1,0.014147987589240074,0.11894531548023224,0.15539896488189697,0.15625114738941193,0.7578677535057068,0
shared_detach,44,large,7900,0,0.0002990307111758739,0.017292505130171776,0.02341330051422119,0.06444588303565979,0.8999037742614746,0
shared_detach,44,medium,8095,0,0.0023868398275226355,0.04885529354214668,0.1783597320318222,1.791589379310608,0.35757339000701904,0
shared_detach,44,large,8095,1,0.00020077932276763022,0.0141696622595191,0.019144147634506226,0.04413807764649391,0.9335846304893494,0
shared_detach,44,large,3781,0,0.0010217955568805337,0.03196553885936737,0.04807943105697632,0.07255015522241592,0.8783032298088074,1
shared_detach,44,medium,3781,2,7.045055826893076e-05,0.008393483236432076,0.0273575559258461,0.2762449085712433,0.6923353672027588,1
shared_detach,44,large,3781,1,0.0006205433746799827,0.024910708889365196,0.04858320951461792,0.07972733676433563,0.881432056427002,1
shared_detach,44,large,5588,0,6.31611401331611e-05,0.007947398349642754,0.005484670400619507,0.02335808426141739,0.9171373248100281,1
shared_detach,44,large,8628,3,0.00016828883963171393,0.012972618453204632,0.051952898502349854,0.09583361446857452,0.9063499569892883,1
shared_detach,44,large,8628,2,0.009366699494421482,0.09678170830011368,0.11935591697692871,0.15930218994617462,0.7486205697059631,1
shared_detach,44,medium,8628,1,0.011383652687072754,0.10669419914484024,0.06207829713821411,0.34000691771507263,0.1256900131702423,0
shared_detach,44,large,8628,0,0.0012278155190870166,0.035040199756622314,0.050102412700653076,0.1663990616798401,0.756811797618866,1
shared_detach,44,large,5314,0,0.0007061176002025604,0.026572873815894127,0.06478321552276611,0.09206347912549973,0.9017216563224792,0
shared_detach,44,small,8292,3,1.2120926839997992e-05,0.003481512190774083,0.08375421911478043,2.0976638793945312,0.23906326293945312,0
shared_detach,44,small,8292,5,0.00020483051775954664,0.014311901293694973,0.1587435007095337,9.921476364135742,0.028252817690372467,0
shared_detach,44,small,8292,2,0.0011345120146870613,0.03368251770734787,0.09437157213687897,1.8499467372894287,0.27252864837646484,0
shared_detach,44,medium,8292,0,3.246090273023583e-06,0.0018016909016296268,0.01991073042154312,0.25216707587242126,0.7870160937309265,0
shared_detach,44,medium,8292,1,6.526734068756923e-05,0.008078820072114468,0.0319892093539238,0.37513038516044617,0.659665584564209,0
shared_detach,44,small,8292,4,0.0003019121359102428,0.01737561821937561,0.04067927598953247,1.9328681230545044,0.1997579038143158,0
shared_detach,44,large,8338,0,0.0007787253707647324,0.027905650436878204,0.08646512031555176,0.12929180264472961,0.8788977861404419,0
shared_detach,44,large,6949,0,0.001194191281683743,0.034557074308395386,0.07443374395370483,0.09724025428295135,0.8639100790023804,0
shared_detach,44,large,7154,0,1.2357986634015106e-05,0.0035153927747160196,0.005256682634353638,0.008827520534396172,0.9876135587692261,1
shared_detach,44,large,5940,1,0.00031150152790360153,0.01764940656721592,0.08502399921417236,0.278372585773468,0.7141644954681396,1
shared_detach,44,large,5940,0,1.1633034773694817e-05,0.003410723526030779,0.03628459572792053,0.061081815510988235,0.9398413300514221,1
shared_detach,44,large,5940,3,0.0002083729050355032,0.01443512737751007,0.044133156538009644,0.12981180846691132,0.8573651909828186,1
shared_detach,44,large,5940,4,0.0005302432109601796,0.02302701026201248,0.022977396845817566,0.08240959793329239,0.8457360863685608,1
shared_detach,44,large,5940,5,1.8911947336164303e-05,0.004348787013441324,0.013824909925460815,0.04247273504734039,0.9566813111305237,1
shared_detach,44,large,5940,2,0.00020018684153910726,0.014148740097880363,0.052942320704460144,0.1525600701570511,0.8450696468353271,1
shared_detach,44,large,851,0,0.000705334881786257,0.02655814215540886,0.03472056984901428,0.06304597854614258,0.8867923021316528,0
shared_detach,44,large,851,1,0.0002245860523544252,0.014986195601522923,0.07856637239456177,0.23620736598968506,0.8078894019126892,1
shared_detach,44,medium,2047,0,0.0017598269041627645,0.0419502891600132,0.13650652766227722,1.072803258895874,0.3940524160861969,0
shared_detach,44,medium,6404,0,0.0013641506666317582,0.03693440929055214,0.007437601685523987,0.06633275002241135,0.5074566602706909,0
shared_detach,44,large,7536,0,0.00012306132703088224,0.011093300767242908,0.049986064434051514,0.09762902557849884,0.9041930437088013,0
shared_detach,44,large,7536,1,0.005687409546226263,0.07541491836309433,0.14711853861808777,0.2595140337944031,0.696826159954071,1
shared_detach,44,large,8252,0,4.9388399929739535e-05,0.007027687970548868,0.03626734018325806,0.043878037482500076,0.93096524477005,0
shared_detach,44,large,1206,1,0.00013357491116039455,0.011557461693882942,0.02621246874332428,0.11170139163732529,0.7985504269599915,0
shared_detach,44,large,1206,0,8.520390110788867e-06,0.0029189707711338997,0.029357731342315674,0.10220371186733246,0.8977075219154358,1
shared_detach,44,medium,4121,2,0.0005069315084256232,0.02251513861119747,0.056845635175704956,0.28857603669166565,0.7627672553062439,1
shared_detach,44,large,4121,1,5.006545325159095e-05,0.007075694389641285,0.009813964366912842,0.022327838465571404,0.9277156591415405,1
shared_detach,44,large,4121,0,4.8819965741131455e-05,0.006987128406763077,0.08128908276557922,0.33997148275375366,0.6875399947166443,1
shared_detach,44,medium,4857,14,0.0008041128166951239,0.02835688367486,0.015410549938678741,0.0458981990814209,0.559424638748169,0
shared_detach,44,large,4857,11,0.0006624703528359532,0.02573850005865097,0.017559051513671875,0.05787722021341324,0.8320715427398682,1
shared_detach,44,large,4857,13,6.402416329365224e-05,0.008001510053873062,0.11284121870994568,0.2989374101161957,0.720088541507721,1
shared_detach,44,medium,4857,8,0.00046363507863134146,0.02153218723833561,0.0426870733499527,0.26279565691947937,0.5194590091705322,0
shared_detach,44,large,4857,0,0.00034128979314118624,0.018474029377102852,0.032969504594802856,0.05000610277056694,0.9423162937164307,1
shared_detach,44,medium,4857,2,0.00012205804523546249,0.011047988198697567,0.007181201130151749,0.09915293753147125,0.7736030220985413,1
shared_detach,44,large,4857,6,0.0002572460216470063,0.016038890928030014,0.02062857151031494,0.046411022543907166,0.9119448661804199,0
shared_detach,44,small,4857,5,6.412743096007034e-05,0.008007960394024849,0.009368687868118286,0.13759289681911469,0.7118982672691345,1
shared_detach,44,small,4857,4,0.00012317557411734015,0.011098449118435383,0.05201607942581177,0.9249956011772156,0.4707067012786865,1
shared_detach,44,large,4857,12,0.00040766230085864663,0.02019064873456955,0.04583460092544556,0.14795993268489838,0.8431301712989807,1
shared_detach,44,medium,4857,7,0.0015226186951622367,0.03902074694633484,0.05715961754322052,0.3434309661388397,0.5147188305854797,0
shared_detach,44,small,4857,10,8.36422696011141e-05,0.009145614691078663,0.024952322244644165,0.6176313161849976,0.616697371006012,1
shared_detach,44,small,4857,3,0.00018129603995475918,0.01346462219953537,0.024534594267606735,0.4431335926055908,0.6025011539459229,1
shared_detach,44,medium,4857,9,0.0013010615948587656,0.03607023134827614,0.058065950870513916,0.46684154868125916,0.4105902910232544,0
shared_detach,44,large,4857,1,0.0005448134616017342,0.023341240361332893,0.0164375901222229,0.02736034244298935,0.8442560434341431,1
shared_detach,44,large,3759,0,0.0001286379265366122,0.011341866105794907,0.03307843208312988,0.11009597033262253,0.8996676802635193,1
shared_detach,44,large,3759,1,5.7538105465937406e-05,0.007585387676954269,0.010315820574760437,0.042008087038993835,0.9386615753173828,1
shared_detach,44,large,3759,2,3.905618723365478e-05,0.0062494948506355286,0.03344777226448059,0.0960945412516594,0.9029152393341064,1
shared_detach,44,medium,3759,3,0.00026548566529527307,0.016293730586767197,0.008169472217559814,0.04929310828447342,0.7930130362510681,0
shared_detach,44,large,5057,1,7.785572961438447e-06,0.00279026385396719,0.011236459016799927,0.026478443294763565,0.973660409450531,1
shared_detach,44,medium,5057,2,6.923220644239336e-05,0.008320589549839497,0.007798522710800171,0.04182657599449158,0.8677331805229187,0
shared_detach,44,large,5057,0,0.0003328999737277627,0.018245546147227287,0.010255306959152222,0.019807208329439163,0.892926812171936,0
shared_detach,44,large,6296,1,3.8002686778781936e-05,0.0061646318063139915,0.013545721769332886,0.02222120761871338,0.9529691934585571,1
shared_detach,44,large,6296,2,0.0003415929968468845,0.018482234328985214,0.041433185338974,0.050375282764434814,0.9271493554115295,1
shared_detach,44,large,6296,0,0.0004190635518170893,0.02047104202210903,0.05009469389915466,0.16783574223518372,0.8394719958305359,1
shared_detach,44,large,3351,0,0.00020513599156402051,0.014322569593787193,0.028955936431884766,0.04109693318605423,0.9178686738014221,1
shared_detach,44,large,3673,0,0.00016623151896055788,0.012893080711364746,0.021058082580566406,0.03813028708100319,0.9466185569763184,0
shared_detach,44,large,3673,1,0.0008600609144195914,0.029326794669032097,0.09888753294944763,0.12595269083976746,0.8283106684684753,0
shared_detach,44,medium,3330,1,0.00023311705444939435,0.015268171206116676,0.017032772302627563,0.10571789741516113,0.8096271753311157,1
shared_detach,44,large,3330,0,7.591899338876829e-05,0.008713150396943092,0.024844303727149963,0.09262882173061371,0.9011219143867493,1
shared_detach,44,large,3838,1,0.00017808840493671596,0.013344977051019669,0.040345072746276855,0.13412755727767944,0.8688857555389404,1
shared_detach,44,medium,3838,5,0.0002662050537765026,0.016315791755914688,0.04472072422504425,0.6250709891319275,0.5816003084182739,1
shared_detach,44,medium,3838,4,0.0016303489683195949,0.040377579629421234,0.11626873910427094,0.7745411396026611,0.4437965750694275,1
shared_detach,44,large,3838,3,0.00015008945774752647,0.01225110050290823,0.03101712465286255,0.08938007056713104,0.9096405506134033,1
shared_detach,44,large,3838,0,0.0003861802979372442,0.019651470705866814,0.039268672466278076,0.09091395139694214,0.8866475224494934,1
shared_detach,44,large,3838,2,0.00010202916018897668,0.010100948624312878,0.04929828643798828,0.08900590240955353,0.8928889036178589,1
shared_detach,44,large,6759,0,0.00027162779588252306,0.01648113504052162,0.059819161891937256,0.0839330404996872,0.9186930060386658,0
shared_detach,44,medium,1532,4,4.842932685278356e-05,0.006959118414670229,0.017879821360111237,0.19608968496322632,0.7873480319976807,0
shared_detach,44,small,1532,6,0.0003102442715317011,0.01761375181376934,0.021169424057006836,0.5427080392837524,0.4639287292957306,0
shared_detach,44,medium,1532,0,8.084025466814637e-06,0.0028432421386241913,0.06179732829332352,0.4247008264064789,0.6167774200439453,1
shared_detach,44,medium,1532,7,0.0002490048063918948,0.01577988639473915,0.04034542292356491,0.25407281517982483,0.7925084233283997,1
shared_detach,44,medium,1532,8,0.00022055962472222745,0.014851249754428864,0.046375494450330734,0.33930304646492004,0.5608352422714233,1
shared_detach,44,small,1532,5,0.0003029272484127432,0.01740480586886406,0.02086404711008072,0.43696293234825134,0.4631195664405823,0
shared_detach,44,medium,1532,2,5.828868233948015e-05,0.007634702604264021,0.018642030656337738,0.12446869164705276,0.8039142489433289,0
shared_detach,44,medium,1532,3,0.00015081869787536561,0.012280826456844807,0.08141937851905823,0.5148909687995911,0.5466963052749634,0
shared_detach,44,small,1532,1,0.0005738163599744439,0.023954464122653008,0.07128051668405533,0.9675796627998352,0.4672509729862213,1
shared_detach,44,small,1532,9,2.00616068468662e-06,0.0014163900632411242,0.014510560780763626,0.21266385912895203,0.8053233027458191,1
shared_detach,44,large,3886,0,0.00044326152419671416,0.021053776144981384,0.07078307867050171,0.1364695429801941,0.8675246238708496,0
shared_detach,44,large,3335,3,0.00025671275216154754,0.01602225750684738,0.07566869258880615,0.17081396281719208,0.8501791954040527,1
shared_detach,44,large,3335,1,0.0035414418671280146,0.059510014951229095,0.04768937826156616,0.1505230963230133,0.5999990105628967,1
shared_detach,44,medium,3335,6,0.0002860818640328944,0.01691395416855812,0.08460312336683273,0.6239668726921082,0.594440221786499,1
shared_detach,44,large,3335,5,0.001427210052497685,0.03777843341231346,0.15405476093292236,0.5201582908630371,0.6409028172492981,0
shared_detach,44,medium,3335,0,0.00021758637740276754,0.014750809408724308,0.022810742259025574,0.13530521094799042,0.7991629242897034,1
shared_detach,44,large,3335,4,0.0005795485340058804,0.02407381497323513,0.17653514444828033,0.6602283716201782,0.5670976042747498,1
shared_detach,44,medium,3335,2,0.0012862298171967268,0.03586404770612717,0.027317911386489868,0.1977953463792801,0.4590124487876892,1
shared_detach,44,large,5065,0,0.0004951578448526561,0.022252142429351807,0.026733756065368652,0.031973741948604584,0.9196635484695435,0
shared_detach,44,large,5253,0,0.0001787168439477682,0.013368502259254456,0.012600421905517578,0.019146490842103958,0.9555286169052124,0
shared_detach,44,medium,4281,1,0.0015540490858256817,0.03942142799496651,0.06335486471652985,0.5502176880836487,0.3676619529724121,1
shared_detach,44,large,4281,0,0.00011332471331115812,0.010645408183336258,0.10984987020492554,0.20928220450878143,0.8254271149635315,0
shared_detach,44,large,1758,0,0.013120508752763271,0.11454478651285172,0.02899309992790222,0.16559970378875732,0.19779326021671295,0
shared_detach,44,large,1758,1,0.0005322618526406586,0.0230708010494709,0.055433183908462524,0.08691513538360596,0.8895511627197266,1
shared_detach,44,large,756,0,0.0001779835729394108,0.01334104873239994,0.023780405521392822,0.02787856012582779,0.951970100402832,0
shared_detach,44,large,6295,1,0.00014539762923959643,0.012058094143867493,0.029137656092643738,0.13776084780693054,0.797813355922699,0
shared_detach,44,large,6295,2,0.0001616502704564482,0.012714175507426262,0.03195220232009888,0.10377596318721771,0.8689738512039185,0
shared_detach,44,large,6295,0,0.00022213459305930883,0.01490418054163456,0.030374765396118164,0.14217281341552734,0.8188551664352417,0
shared_detach,44,large,9072,0,0.00010284936433890834,0.010141467675566673,0.04527720808982849,0.1253204494714737,0.8795239329338074,1
shared_detach,44,medium,9032,0,0.00035634933738037944,0.018877217546105385,0.03415632247924805,0.3491898477077484,0.7009967565536499,0
shared_detach,44,large,9032,2,0.001009516534395516,0.03177288919687271,0.05519700050354004,0.15632888674736023,0.7661032676696777,0
shared_detach,44,large,9032,1,5.9219793911324814e-05,0.007695439737290144,0.06887072324752808,0.17949849367141724,0.8292871713638306,0
shared_detach,44,large,4168,1,0.000357069046003744,0.01889627054333687,0.1287301629781723,0.3660319745540619,0.6078272461891174,1
shared_detach,44,large,4168,0,0.0019239215180277824,0.04386252909898758,0.04667098820209503,0.12928473949432373,0.6559647917747498,0
shared_detach,44,large,7691,0,0.0009023098973557353,0.03003847412765026,0.013413220643997192,0.02589476853609085,0.8569445610046387,1
shared_detach,44,large,140,1,0.00014759210171177983,0.012148749083280563,0.0382058322429657,0.08282855153083801,0.9233894944190979,0
shared_detach,44,large,140,0,0.004975402262061834,0.0705365315079689,0.04759383201599121,0.13765160739421844,0.5477142333984375,0
shared_detach,44,large,6855,0,0.006053215358406305,0.07780241221189499,0.04546523094177246,0.04899432510137558,0.7732133269309998,0
shared_detach,44,medium,6855,2,8.733324648346752e-05,0.009345225989818573,0.017913557589054108,0.08758547902107239,0.7812529802322388,1
shared_detach,44,medium,6855,1,4.831515980185941e-05,0.006950910668820143,0.007733240723609924,0.05845831334590912,0.8694255948066711,1
shared_detach,44,large,2063,6,0.002048100344836712,0.04525594413280487,0.05220384895801544,0.22021789848804474,0.6369954347610474,1
shared_detach,44,medium,2063,3,0.0010468794498592615,0.03235551714897156,0.00976400077342987,0.06959566473960876,0.6142451763153076,1
shared_detach,44,medium,2063,2,0.00023377424804493785,0.015289678238332272,0.03561489284038544,0.31057268381118774,0.6544125080108643,1
shared_detach,44,large,2063,5,0.00115170085337013,0.03393671661615372,0.11253643035888672,0.3092043995857239,0.7342513799667358,1
shared_detach,44,large,2063,4,0.0002300730557180941,0.015168159268796444,0.052270978689193726,0.12282426655292511,0.83432936668396,1
shared_detach,44,large,2063,0,0.00043725353316403925,0.020910607650876045,0.02288973331451416,0.042317796498537064,0.8988033533096313,0
shared_detach,44,medium,2063,1,0.0001616951049072668,0.012715939432382584,0.009746238589286804,0.0772256851196289,0.7862493991851807,1
shared_detach,44,large,9776,0,0.0003114092396572232,0.0176467914134264,0.08193385601043701,0.29536181688308716,0.752029538154602,1
shared_detach,44,large,9776,1,0.0008046519360505044,0.028366386890411377,0.15376943349838257,0.21861043572425842,0.7367480993270874,0
shared_detach,44,large,9776,2,0.00045551956281997263,0.02134290337562561,0.029194459319114685,0.10750937461853027,0.8225765228271484,1
shared_detach,44,large,2129,3,0.0003294605412520468,0.018151048570871353,0.0037727653980255127,0.009984306059777737,0.8842483162879944,0
shared_detach,44,large,2129,2,0.003921963274478912,0.06262557953596115,0.07276225090026855,0.20986586809158325,0.5458616018295288,0
shared_detach,44,large,2129,0,0.00023347605019807816,0.015279923565685749,0.017336487770080566,0.06433020532131195,0.8316284418106079,0
shared_detach,44,large,2129,1,0.00031779453274793923,0.01782679185271263,0.08612160384654999,0.33574968576431274,0.7349288463592529,0
shared_detach,44,medium,6348,0,0.00021144654601812363,0.014541201293468475,0.04738768935203552,0.2349148988723755,0.7937718033790588,0
shared_detach,44,large,6348,1,0.00010563894466031343,0.010278080590069294,0.03738725185394287,0.05645673722028732,0.932901918888092,0
shared_detach,44,small,2940,3,9.577403397997841e-05,0.009786420501768589,0.019063550978899002,0.2760189175605774,0.6467927098274231,0
shared_detach,44,small,2940,1,1.593245724507142e-05,0.00399154843762517,0.015988748520612717,0.18224935233592987,0.7554279565811157,0
shared_detach,44,small,2940,2,0.0014023099793121219,0.037447430193424225,0.03412198647856712,0.6113753318786621,0.21416495740413666,0
shared_detach,44,large,2940,0,0.00011614951654337347,0.010777268558740616,0.02218043804168701,0.06028096377849579,0.9152931571006775,0
shared_detach,44,medium,2940,5,0.000331224815454334,0.018199583515524864,0.014364808797836304,0.07383415102958679,0.7782273292541504,0
shared_detach,44,large,2940,6,7.551064481958747e-05,0.008689685724675655,0.02096077799797058,0.030857272446155548,0.9463135600090027,1
shared_detach,44,medium,2940,4,4.1423663788009435e-05,0.00643612165004015,0.014407940208911896,0.2074119746685028,0.7514272928237915,0
shared_detach,44,large,4100,0,0.0010583436815068126,0.03253219276666641,0.06678202748298645,0.1977647840976715,0.7780630588531494,0
shared_detach,44,medium,2953,4,0.0003250237787142396,0.018028415739536285,0.07559715211391449,0.48088255524635315,0.6503614187240601,0
shared_detach,44,large,2953,1,0.0011684163473546505,0.0341821052134037,0.028007924556732178,0.1618734896183014,0.7638550996780396,0
shared_detach,44,large,2953,2,0.0009381731506437063,0.030629612505435944,0.030719995498657227,0.10479024052619934,0.8236091136932373,0
shared_detach,44,large,2953,0,0.0005342468502931297,0.023113779723644257,0.04396526515483856,0.1516617238521576,0.7144972085952759,0
shared_detach,44,large,2953,3,0.0004391591646708548,0.020956125110387802,0.05743005871772766,0.11307985335588455,0.8159013986587524,0
shared_detach,44,medium,8933,1,0.000529745826497674,0.02301620878279209,0.023586414754390717,0.22094547748565674,0.598297655582428,0
shared_detach,44,medium,8933,2,0.0007971848826855421,0.028234463185071945,0.062268972396850586,0.48598048090934753,0.4757958650588989,0
shared_detach,44,large,8933,0,0.007303896360099316,0.08546283841133118,0.11899721622467041,0.3551265299320221,0.6182588934898376,0
shared_detach,44,large,763,0,0.00038937924546189606,0.019732695072889328,0.04545155167579651,0.12086411565542221,0.8719596862792969,0
shared_detach,44,medium,754,0,0.0004450491978786886,0.021096188575029373,0.06735260784626007,0.2706078290939331,0.7758120894432068,0
shared_detach,44,small,754,3,0.00021914354874752462,0.014803498052060604,0.033459365367889404,0.5176491141319275,0.5221434831619263,0
shared_detach,44,medium,754,2,0.0012433475349098444,0.0352611318230629,0.058120518922805786,0.5057376027107239,0.3823307752609253,0
shared_detach,44,small,754,1,0.0018468158086761832,0.04297459498047829,0.02615049108862877,0.4845449924468994,0.28161123394966125,0
shared_detach,44,large,9942,1,0.00024211381969507784,0.015560006722807884,0.03368574380874634,0.04175189882516861,0.9491347074508667,1
shared_detach,44,large,9942,0,0.0008229457889683545,0.02868703193962574,0.038678884506225586,0.07900626957416534,0.8551959991455078,1
shared_detach,44,large,9942,2,0.00013691469212062657,0.011701054871082306,0.0231609046459198,0.030652962625026703,0.957048237323761,1
shared_detach,44,large,2567,0,0.00017154774104710668,0.013097623363137245,0.014690577983856201,0.02102501504123211,0.9564093947410583,0
shared_detach,44,large,9869,0,0.00487641291692853,0.06983131915330887,0.02553844451904297,0.03317509964108467,0.8071451783180237,1
shared_detach,44,large,5579,0,7.76394699641969e-06,0.0027863860595971346,0.03871336579322815,0.1243213415145874,0.8657640814781189,0
shared_detach,44,large,5579,1,0.007461458444595337,0.08637973666191101,0.005540817975997925,0.01624118536710739,0.5232990384101868,0
shared_detach,44,medium,4464,2,4.676548996940255e-05,0.006838529836386442,0.020032986998558044,0.28165677189826965,0.6966300010681152,0
shared_detach,44,large,4464,1,6.277989450609311e-05,0.007923376746475697,0.0062004029750823975,0.015053651295602322,0.9569923281669617,1
shared_detach,44,large,4464,0,0.00011401870142435655,0.01067795418202877,0.012232944369316101,0.06325969099998474,0.8866114020347595,0
shared_detach,44,large,4020,0,0.00042892390047200024,0.020710477605462074,0.03506441414356232,0.11456173658370972,0.8323154449462891,1
shared_detach,44,medium,4020,1,8.121722203213722e-05,0.00901206023991108,0.046200044453144073,0.6764069199562073,0.5755202174186707,1
shared_detach,44,large,4020,2,9.126155055128038e-05,0.0095530916005373,0.03378303349018097,0.09682297706604004,0.8544065356254578,0
shared_detach,44,large,3116,0,0.00373821216635406,0.06114092096686363,0.03505563735961914,0.04528232291340828,0.8201642036437988,1
shared_detach,44,large,865,7,0.00011119392002001405,0.01054485235363245,0.0279674232006073,0.05649534612894058,0.9142726063728333,1
shared_detach,44,large,865,4,0.0020842179656028748,0.04565323516726494,0.020776033401489258,0.06923042237758636,0.6461255550384521,1
shared_detach,44,large,865,0,6.860352004878223e-05,0.00828272383660078,0.06251047551631927,0.2483258843421936,0.7588926553726196,0
shared_detach,44,medium,865,5,8.962974970927462e-05,0.009467299096286297,0.033352166414260864,0.23161225020885468,0.7592789530754089,1
shared_detach,44,small,865,6,5.648649676004425e-05,0.007515749894082546,0.03444429114460945,0.8657044172286987,0.487483412027359,0
shared_detach,44,medium,865,2,0.00024232814030256122,0.015566891990602016,0.0306386798620224,0.2007838785648346,0.801464855670929,1
shared_detach,44,medium,865,1,0.00011127891775686294,0.010548882186412811,0.0342428982257843,0.17763695120811462,0.8465601205825806,1
shared_detach,44,medium,865,3,9.222503285855055e-05,0.009603386744856834,0.04091028869152069,0.1709701418876648,0.8021057844161987,1
shared_detach,44,large,865,8,0.0010028013493865728,0.031667038798332214,0.08741709589958191,0.28436654806137085,0.7259554266929626,1
shared_detach,44,small,2845,5,0.0006392934592440724,0.02528425306081772,0.12232229858636856,2.9209017753601074,0.1669643223285675,0
shared_detach,44,medium,2845,2,0.0021138470619916916,0.04597659409046173,0.01165509968996048,0.1551729440689087,0.1842598170042038,0
shared_detach,44,small,2845,0,0.0018549467204138637,0.04306909069418907,0.03708772361278534,0.8811492323875427,0.1654481589794159,0
shared_detach,44,small,2845,3,0.00013094698078930378,0.011443207040429115,0.11143481731414795,2.557971477508545,0.193325012922287,0
shared_detach,44,large,2845,1,0.00012241791409906,0.011064263060688972,0.05001622438430786,0.21235743165016174,0.8012745976448059,0
shared_detach,44,small,2845,4,0.00039730098797008395,0.01993240974843502,0.11402948945760727,2.6276490688323975,0.1991432160139084,0
shared_detach,44,large,9537,1,0.0013292046496644616,0.03645825758576393,0.008984267711639404,0.013914556242525578,0.8610774874687195,0
shared_detach,44,small,9537,0,0.005152152385562658,0.07177849858999252,0.08180602639913559,1.1022815704345703,0.20756736397743225,1
shared_detach,44,large,5146,7,1.0368044968345203e-05,0.003219944890588522,0.039904966950416565,0.07315638661384583,0.9269304275512695,1
shared_detach,44,large,5146,6,0.0013185846619307995,0.036312319338321686,0.011392921209335327,0.051665566861629486,0.6548623442649841,1
shared_detach,44,large,5146,3,0.0003370724443811923,0.018359532579779625,0.06026835739612579,0.21157728135585785,0.8181523084640503,0
shared_detach,44,large,5146,1,3.971876503783278e-05,0.006302282679826021,0.06858143210411072,0.25463539361953735,0.7738505601882935,0
shared_detach,44,large,5146,5,2.30151490541175e-05,0.004797410685569048,0.009869366884231567,0.04519179090857506,0.9486048221588135,1
shared_detach,44,large,5146,9,0.0005251525435596704,0.02291620709002018,0.032839760184288025,0.0993465781211853,0.8794107437133789,1
shared_detach,44,large,5146,2,0.0005067187594249845,0.022510414943099022,0.015424028038978577,0.045667748898267746,0.7311943769454956,0
shared_detach,44,large,5146,0,0.0008754004957154393,0.029587168246507645,0.07918621599674225,0.2485971748828888,0.6804515719413757,0
shared_detach,44,large,5146,4,0.00014659568842034787,0.012107670307159424,0.05139343440532684,0.18301481008529663,0.8403286933898926,0
shared_detach,44,large,5146,8,0.0003474013356026262,0.01863870583474636,0.0025363415479660034,0.009272045455873013,0.9195268750190735,1
shared_detach,44,medium,4585,3,0.0015192057471722364,0.038976989686489105,0.035716935992240906,0.373014897108078,0.387448787689209,0
shared_detach,44,medium,4585,2,0.0005715764709748328,0.02390766516327858,0.024618521332740784,0.17173276841640472,0.6457128524780273,0
shared_detach,44,medium,4585,5,9.078014409169555e-05,0.009527861140668392,0.019065916538238525,0.22739292681217194,0.7259248495101929,0
shared_detach,44,medium,4585,4,0.00045959543786011636,0.021438177675008774,0.011889755725860596,0.11469186842441559,0.5900590419769287,0
shared_detach,44,medium,4585,1,0.0010887671960517764,0.03299647197127342,0.011029943823814392,0.07600763440132141,0.5624411106109619,0
shared_detach,44,small,4585,8,0.0013546454720199108,0.03680551052093506,0.0342281199991703,0.5894254446029663,0.31040850281715393,0
shared_detach,44,small,4585,12,0.0002145625330740586,0.0146479532122612,0.02526950091123581,0.501523494720459,0.4753532409667969,0
shared_detach,44,medium,4585,11,0.0003177828621119261,0.017826465889811516,0.020960010588169098,0.3022247850894928,0.4961628019809723,0
shared_detach,44,small,4585,6,0.00025685166474431753,0.016026591882109642,0.018285833299160004,0.3189219832420349,0.5490520000457764,0
shared_detach,44,small,4585,7,0.00033040711423382163,0.018177103251218796,0.044854626059532166,0.7933964729309082,0.34328606724739075,0
shared_detach,44,small,4585,10,0.0024333843030035496,0.04932934418320656,0.08359560370445251,1.5011215209960938,0.21710330247879028,0
shared_detach,44,small,4585,9,0.00038161501288414,0.019534969702363014,0.0316108837723732,0.3555208444595337,0.6145820617675781,0
shared_detach,44,medium,4585,0,8.585914201830747e-07,0.000926602107938379,0.023058846592903137,0.12253975123167038,0.8829198479652405,0
shared_detach,44,large,5239,0,0.0008543958538211882,0.02923005074262619,0.06370452046394348,0.16161814332008362,0.8013820052146912,1
shared_detach,44,small,5239,3,5.911108019063249e-05,0.007688372861593962,0.09999962896108627,1.8454139232635498,0.28391990065574646,1
shared_detach,44,medium,5239,1,0.056402258574962616,0.23749159276485443,0.1652311384677887,1.75746750831604,0.0,1
shared_detach,44,medium,5239,2,0.0001107612915802747,0.010524319484829903,0.03573663532733917,0.5647940039634705,0.5468078851699829,1
shared_detach,44,large,3145,0,0.00036324490793049335,0.019058985635638237,0.031891465187072754,0.046074412763118744,0.9257661700248718,1
shared_detach,44,large,3145,1,1.6134841644088738e-05,0.004016819875687361,0.04537132382392883,0.07033063471317291,0.9181632399559021,1
shared_detach,44,medium,2520,3,8.854795305524021e-05,0.009409992024302483,0.017421044409275055,0.1299295574426651,0.8164799809455872,1
shared_detach,44,medium,2520,4,6.964676140341908e-05,0.008345463313162327,0.02867133915424347,0.19976264238357544,0.8274031281471252,1
shared_detach,44,medium,2520,0,0.0008499015239067376,0.029153071343898773,0.04406139999628067,0.22113370895385742,0.7518650889396667,0
shared_detach,44,small,2520,1,0.0001136617865995504,0.010661228559911251,0.04702169448137283,0.7468328475952148,0.5466068387031555,0
shared_detach,44,small,2520,2,0.00014566410391125828,0.012069138698279858,0.023622240871191025,0.3516685664653778,0.6096606850624084,0
shared_detach,44,large,7256,1,0.00015442226140294224,0.012426675297319889,0.05141246318817139,0.2859192192554474,0.7771264910697937,1
shared_detach,44,large,7256,2,0.0001268407650059089,0.011262360960245132,0.019691869616508484,0.08881278336048126,0.895090639591217,1
shared_detach,44,large,7256,0,2.3046839487506077e-05,0.00480071222409606,0.06338468194007874,0.2649300694465637,0.7819306254386902,0
shared_e2e,44,medium,6381,4,3.297684315839433e-06,0.0018159527098760009,0.0022763460874557495,0.025560230016708374,0.9517832398414612,1
shared_e2e,44,small,6381,0,0.0005866048159077764,0.024219926446676254,0.027900639921426773,0.4498439431190491,0.5277809500694275,0
shared_e2e,44,large,6381,12,0.0014930851757526398,0.03864046186208725,0.12776771187782288,0.204614520072937,0.7338355779647827,0
shared_e2e,44,small,6381,8,0.0003415600804146379,0.018481343984603882,0.056479133665561676,0.7517497539520264,0.5291675329208374,1
shared_e2e,44,medium,6381,5,0.0005207523354329169,0.022819997742772102,0.015168316662311554,0.07306373864412308,0.817734956741333,1
shared_e2e,44,large,6381,7,0.00011995067325187847,0.010952199809253216,0.04338051378726959,0.18680629134178162,0.8298394680023193,1
shared_e2e,44,large,6381,3,0.00037471120595000684,0.019357457756996155,0.052624717354774475,0.22967040538787842,0.7923889756202698,1
shared_e2e,44,medium,6381,9,0.0005186622147448361,0.02277415618300438,0.04315553605556488,0.1823803186416626,0.7146807312965393,1
shared_e2e,44,small,6381,11,4.989081935491413e-05,0.0070633431896567345,0.05067037418484688,0.7390761375427246,0.5331785082817078,1
shared_e2e,44,large,6381,2,0.001238645170815289,0.03519438952207565,0.04636645317077637,0.11708321422338486,0.8248443603515625,1
shared_e2e,44,medium,6381,13,0.00025708344765007496,0.016033822670578957,0.014761462807655334,0.09631739556789398,0.8125988841056824,0
shared_e2e,44,medium,6381,15,2.4705304895178415e-06,0.0015717921778559685,0.024657338857650757,0.21232596039772034,0.8168213367462158,1
shared_e2e,44,medium,6381,10,7.52453433960909e-06,0.0027430884074419737,0.013901203870773315,0.11675557494163513,0.8493893146514893,1
shared_e2e,44,large,6381,6,0.00011871950846398249,0.010895848274230957,0.03286484628915787,0.19766104221343994,0.8066530823707581,1
shared_e2e,44,large,6381,1,0.0001508083223598078,0.012280403636395931,0.030100569128990173,0.11951091885566711,0.8817558288574219,1
shared_e2e,44,medium,6381,16,0.00011338957847328857,0.010648454539477825,0.05019108206033707,0.38712257146835327,0.7067496180534363,1
shared_e2e,44,large,6381,14,6.507548096124083e-05,0.008066937327384949,0.04623706638813019,0.23663575947284698,0.7669755220413208,1
shared_e2e,44,medium,4537,3,0.001016719383187592,0.031886037439107895,0.09085077047348022,0.5628461241722107,0.5374629497528076,0
shared_e2e,44,medium,4537,5,1.4420433217310347e-05,0.003797424491494894,0.01631501317024231,0.10304411500692368,0.9042096138000488,0
shared_e2e,44,large,4537,1,0.0002030076866503805,0.014248076826334,0.02119585871696472,0.046740733087062836,0.8594930171966553,0
shared_e2e,44,large,4537,4,0.0011771940626204014,0.03431026265025139,0.03418239951133728,0.13170425593852997,0.7281150221824646,0
shared_e2e,44,large,4537,2,3.275061317253858e-05,0.005722815170884132,0.0456448495388031,0.1401582807302475,0.8766189813613892,0
shared_e2e,44,large,4537,6,0.0012356959050521255,0.03515246510505676,0.1617949903011322,0.7264567613601685,0.5715848803520203,1
shared_e2e,44,large,4537,0,0.001091577229090035,0.03303902596235275,0.011781543493270874,0.025830628350377083,0.8248361945152283,0
shared_e2e,44,large,9896,0,0.00018376110529061407,0.013555851764976978,0.025322407484054565,0.05927097052335739,0.9289237856864929,0
shared_e2e,44,large,7223,0,1.826636798796244e-05,0.004273917060345411,0.02024376392364502,0.02742040902376175,0.9685428738594055,1
shared_e2e,44,large,1977,0,0.00011120724957436323,0.010545484721660614,0.06892460584640503,0.11418695002794266,0.8947252631187439,0
shared_e2e,44,medium,5606,3,1.2857632100349292e-05,0.0035857539623975754,0.07981598377227783,0.5699946880340576,0.6103469133377075,1
shared_e2e,44,large,5606,2,0.0023410129360854626,0.04838401451706886,0.16664785146713257,0.23334796726703644,0.7873804569244385,1
shared_e2e,44,large,5606,0,0.0008111521601676941,0.028480732813477516,0.028308197855949402,0.09226453304290771,0.8394214510917664,0
shared_e2e,44,large,5606,1,0.0010781626915559173,0.03283538669347763,0.03148961067199707,0.04324924945831299,0.8563116192817688,1
shared_e2e,44,medium,5606,4,0.0006326247821561992,0.02515203319489956,0.043143294751644135,0.3056197762489319,0.4863284230232239,1
shared_e2e,44,large,8368,0,0.03071083128452301,0.17524506151676178,0.22346454858779907,0.29856014251708984,0.6033644080162048,0
shared_e2e,44,large,8368,1,0.00044108997099101543,0.021002141758799553,0.019615203142166138,0.03584134206175804,0.905025839805603,1
shared_e2e,44,medium,6852,2,3.2186129828915e-05,0.005673282314091921,0.09793791174888611,0.6684098243713379,0.5882715582847595,1
shared_e2e,44,large,6852,0,9.38281518756412e-05,0.009686493314802647,0.04768601059913635,0.1209678053855896,0.8888492584228516,0
shared_e2e,44,large,6852,1,0.00010069823474623263,0.010034850798547268,0.016167014837265015,0.06174317002296448,0.9120844006538391,1
shared_e2e,44,large,5879,0,0.00018968878430314362,0.013772754929959774,0.021636009216308594,0.024897754192352295,0.9488344788551331,1
shared_e2e,44,medium,4439,1,3.966496660723351e-05,0.0062980130314826965,0.1164594367146492,0.582578182220459,0.4431872069835663,0
shared_e2e,44,medium,4439,3,0.0013684055302292109,0.036991965025663376,0.07148358970880508,0.6830124855041504,0.3811171054840088,0
shared_e2e,44,medium,4439,0,0.0002509817131794989,0.01584240235388279,0.16046234965324402,0.8216519355773926,0.3254154324531555,0
shared_e2e,44,medium,4439,2,0.00018589923274703324,0.013634487055242062,0.04234715551137924,0.6303918361663818,0.5757441520690918,1
shared_e2e,44,large,3369,2,0.0006815828965045512,0.026107141748070717,0.013743937015533447,0.017252884805202484,0.9145604968070984,0
shared_e2e,44,medium,3369,1,2.3603131921845488e-05,0.004858305677771568,0.03886072710156441,0.4019234776496887,0.6991481184959412,1
shared_e2e,44,small,3369,3,0.0038238633424043655,0.061837393790483475,0.10888639092445374,1.5845335721969604,0.22483447194099426,0
shared_e2e,44,medium,3369,0,1.9349476133356802e-05,0.004398804157972336,0.03582059592008591,0.44314777851104736,0.6903768181800842,1
shared_e2e,44,small,6062,1,6.178778130561113e-05,0.007860520854592323,0.016385529190301895,0.17373675107955933,0.798988401889801,1
shared_e2e,44,small,6062,2,5.486574809765443e-05,0.007407141849398613,0.027375753968954086,0.6008090972900391,0.5766396522521973,1
shared_e2e,44,large,6062,0,2.4216455130954273e-05,0.004921021871268749,0.031060904264450073,0.09369117021560669,0.9097850918769836,1
shared_e2e,44,large,740,1,0.00026473012985661626,0.016270529478788376,0.019844308495521545,0.0540187731385231,0.9129179120063782,0
shared_e2e,44,large,740,0,5.178064384381287e-05,0.007195876911282539,0.017501547932624817,0.0376717634499073,0.9554835557937622,0
shared_e2e,44,large,4031,1,0.0003260246885474771,0.018056154251098633,0.03169125318527222,0.034710243344306946,0.9543222188949585,0
shared_e2e,44,large,4031,0,0.0005428572185337543,0.02329929731786251,0.06535309553146362,0.15083038806915283,0.8222187757492065,0
shared_e2e,44,medium,4031,2,7.375189306912944e-05,0.008587892167270184,0.03334122896194458,0.31287357211112976,0.761451005935669,0
shared_e2e,44,large,9724,0,9.221945219906047e-05,0.009603096172213554,0.002755105495452881,0.0029555598739534616,0.9779371023178101,1
shared_e2e,44,large,7062,0,0.00041214481461793184,0.020301349461078644,0.04193854331970215,0.04771019145846367,0.9204554557800293,0
shared_e2e,44,large,9755,0,0.00014362197543960065,0.011984238401055336,0.029112935066223145,0.04315442591905594,0.9431279897689819,0
shared_e2e,44,large,9755,1,0.0001932518498506397,0.01390150561928749,0.05180889368057251,0.2043144702911377,0.814146876335144,1
shared_e2e,44,large,3808,0,0.004300308413803577,0.06557673960924149,0.025247693061828613,0.029200002551078796,0.8196260929107666,0
shared_e2e,44,large,5478,3,0.002036666264757514,0.0451294407248497,0.15146274864673615,0.33213675022125244,0.5403003096580505,1
shared_e2e,44,large,5478,1,0.00011056082439608872,0.010514791123569012,0.04270730912685394,0.12037627398967743,0.8711691498756409,1
shared_e2e,44,large,5478,0,4.955099575454369e-05,0.007039246615022421,0.029097318649291992,0.04215862229466438,0.9552961587905884,0
shared_e2e,44,large,5478,2,2.3052234610076994e-05,0.00480127427726984,0.059708237648010254,0.12064117193222046,0.8838686347007751,1
shared_e2e,44,large,7905,0,0.0017677095020189881,0.04204413667321205,0.03702843189239502,0.06412477046251297,0.8373401761054993,1
shared_e2e,44,large,8633,0,3.51401581610844e-06,0.00187457085121423,0.020036309957504272,0.0696999579668045,0.9331903457641602,0
shared_e2e,44,medium,8633,1,0.0001681470894254744,0.012967154383659363,0.046862199902534485,0.18514275550842285,0.7905833721160889,0
shared_e2e,44,large,8633,2,0.0013494295999407768,0.03673458471894264,0.09866026043891907,0.15255828201770782,0.8043067455291748,0
shared_e2e,44,large,8633,3,0.013322115875780582,0.11542147397994995,0.034119755029678345,0.048008911311626434,0.7303022742271423,0
shared_e2e,44,large,1918,0,0.00012553160195238888,0.011204089038074017,0.03935828059911728,0.17758269608020782,0.8283315300941467,1
shared_e2e,44,large,1918,1,0.00011954443471040577,0.010933637619018555,0.012241601943969727,0.07707040011882782,0.861250638961792,1
shared_e2e,44,large,4405,1,0.0038193746004253626,0.06180109083652496,0.0428045392036438,0.08034449070692062,0.700905978679657,0
shared_e2e,44,large,4405,2,0.0008084618020802736,0.028433462604880333,0.1300235390663147,0.329723596572876,0.7344689965248108,0
shared_e2e,44,large,4405,0,3.9826638385420665e-05,0.006310835015028715,0.10898095369338989,0.182673841714859,0.8396193981170654,0
shared_e2e,44,large,4405,3,0.00036595945130102336,0.01913006603717804,0.03196901082992554,0.0871717631816864,0.8676726818084717,1
shared_e2e,44,large,8443,0,0.0002085169544443488,0.014440116472542286,0.031734347343444824,0.08491455018520355,0.8995578289031982,1
shared_e2e,44,large,6654,2,0.0003181354550179094,0.017836352810263634,0.025148719549179077,0.07540202140808105,0.8790730237960815,1
shared_e2e,44,large,6654,1,0.00013400791794992983,0.01157617848366499,0.01967671513557434,0.06173932924866676,0.8930312991142273,1
shared_e2e,44,large,6654,0,0.00027783296536654234,0.016668321564793587,0.03915280103683472,0.05018182098865509,0.9340023398399353,0
shared_e2e,44,large,1938,0,9.413865336682647e-05,0.00970250740647316,0.011095285415649414,0.012296818196773529,0.9733447432518005,1
shared_e2e,44,large,6190,0,0.005162700545042753,0.0718519315123558,0.1296594738960266,0.18582592904567719,0.7754117846488953,0
shared_e2e,44,large,5214,0,0.00593595951795578,0.07704517990350723,0.05517995357513428,0.06482886523008347,0.7891541719436646,0
shared_e2e,44,medium,6020,1,8.36016406537965e-05,0.009143393486738205,0.013202458620071411,0.07360722124576569,0.9096017479896545,0
shared_e2e,44,large,6020,0,0.00017632506205700338,0.013278745114803314,0.01210176944732666,0.019058197736740112,0.9495369791984558,1
shared_e2e,44,large,9192,0,0.0012974858982488513,0.036020632833242416,0.008272409439086914,0.011697347275912762,0.9078652858734131,0
shared_e2e,44,large,849,0,0.00014555994130205363,0.012064822018146515,0.10214442014694214,0.18434137105941772,0.8391085863113403,0
shared_e2e,44,large,3003,0,0.0062427641823887825,0.07901116460561752,0.0729057788848877,0.20862475037574768,0.5449472069740295,1
shared_e2e,44,medium,3003,3,0.0029733770061284304,0.05452867969870567,0.0691547691822052,0.3594750761985779,0.5430988669395447,1
shared_e2e,44,large,3003,2,0.003175116842612624,0.056348174810409546,0.09227994084358215,0.4094809591770172,0.5299577713012695,1
shared_e2e,44,large,3003,1,0.0018378691747784615,0.042870376259088516,0.11018121242523193,0.28315162658691406,0.6614447832107544,1
shared_e2e,44,large,7900,0,4.255218664184213e-05,0.006523203570395708,0.01878926157951355,0.06363702565431595,0.9202055931091309,0
shared_e2e,44,large,7900,1,0.0006072361138649285,0.024642162024974823,0.013753175735473633,0.013829383067786694,0.9335612058639526,1
shared_e2e,44,medium,8095,0,0.001634945860132575,0.04043446481227875,0.20088708400726318,1.024735450744629,0.21965987980365753,0
shared_e2e,44,large,8095,1,0.00020901553216390312,0.014457369223237038,0.037656933069229126,0.08414552360773087,0.8877333402633667,0
shared_e2e,44,large,3781,0,0.00020569101616274565,0.014341931790113449,0.011901438236236572,0.017502784729003906,0.945655882358551,1
shared_e2e,44,medium,3781,2,0.00013148623111192137,0.011466744355857372,0.020787283778190613,0.21127428114414215,0.7243683338165283,1
shared_e2e,44,large,3781,1,0.00017005542758852243,0.013040530495345592,0.0370197594165802,0.047297172248363495,0.9531022906303406,1
shared_e2e,44,large,5588,0,1.0471277164469939e-05,0.0032359352335333824,0.021210387349128723,0.09004198014736176,0.9153748154640198,1
shared_e2e,44,large,8628,2,3.3329120924463496e-05,0.005773137789219618,0.05048561096191406,0.06809036433696747,0.9330113530158997,0
shared_e2e,44,large,8628,0,0.00168521236628294,0.041051339358091354,0.060187071561813354,0.20393389463424683,0.6929280757904053,1
shared_e2e,44,medium,8628,1,0.007566889747977257,0.08698786795139313,0.04420729726552963,0.3082239627838135,0.15572327375411987,0
shared_e2e,44,large,8628,3,0.0010023950599133968,0.03166062384843826,0.04474648833274841,0.08219823241233826,0.8633803725242615,1
shared_e2e,44,large,5314,0,0.001334505039267242,0.03653087839484215,0.039773523807525635,0.044564004987478256,0.8875830769538879,0
shared_e2e,44,small,8292,2,0.00028578026103787124,0.016905035823583603,0.08400997519493103,1.6419031620025635,0.31044837832450867,0
shared_e2e,44,small,8292,5,0.0008537194225937128,0.029218478128314018,0.16730424761772156,10.456521987915039,0.025798356160521507,0
shared_e2e,44,medium,8292,0,0.00025863799965009093,0.016082225367426872,0.020013362169265747,0.24842257797718048,0.6335648894309998,0
shared_e2e,44,small,8292,3,2.3681186576141044e-06,0.0015388692263513803,0.13999728858470917,3.5393424034118652,0.13357311487197876,0
shared_e2e,44,medium,8292,1,3.5701719752978534e-05,0.005975091829895973,0.03000001236796379,0.3637714982032776,0.716456413269043,0
shared_e2e,44,small,8292,4,0.0004310825024731457,0.020762525498867035,0.039857134222984314,1.8967838287353516,0.15512700378894806,0
shared_e2e,44,large,8338,0,0.0003166658279951662,0.017795106396079063,0.16910794377326965,0.31535670161247253,0.7110790610313416,0
shared_e2e,44,large,6949,0,0.0008285460062325001,0.02878447435796261,0.049157798290252686,0.058528557419776917,0.8854237198829651,1
shared_e2e,44,large,7154,0,0.00010621421097312123,0.010306027717888355,0.04491040110588074,0.08847233653068542,0.9182116985321045,1
shared_e2e,44,large,5940,4,0.000562427390832454,0.0237155519425869,0.010999977588653564,0.032451510429382324,0.8127753734588623,1
shared_e2e,44,large,5940,1,6.868428317829967e-05,0.008287598378956318,0.016527146100997925,0.04882743954658508,0.9418583512306213,1
shared_e2e,44,large,5940,5,4.811751932720654e-05,0.006936679128557444,0.026523858308792114,0.11084543168544769,0.8850752711296082,1
shared_e2e,44,large,5940,0,0.00041568363667465746,0.020388321951031685,0.026092886924743652,0.04267887771129608,0.9361944198608398,1
shared_e2e,44,large,5940,3,3.947034201701172e-05,0.006282542832195759,0.03498801589012146,0.08667989075183868,0.9172545671463013,1
shared_e2e,44,large,5940,2,1.1274192729615606e-05,0.003357706358656287,0.01414024829864502,0.04366059601306915,0.9543545246124268,1
shared_e2e,44,large,851,1,0.00014765157538931817,0.012151196599006653,0.05344328284263611,0.15701603889465332,0.8613274097442627,1
shared_e2e,44,large,851,0,0.00022413619444705546,0.014971178956329823,0.07430371642112732,0.1505107581615448,0.8680148124694824,0
shared_e2e,44,medium,2047,0,0.0005558637203648686,0.0235767625272274,0.14511406421661377,1.2201056480407715,0.4041655957698822,0
shared_e2e,44,medium,6404,0,0.00018862792057916522,0.013734187930822372,0.04845382273197174,0.39158615469932556,0.5637599229812622,0
shared_e2e,44,large,7536,1,0.0001672752550803125,0.012933493591845036,0.09852626919746399,0.18220391869544983,0.8201833963394165,0
shared_e2e,44,large,7536,0,0.00019085712847299874,0.013815104961395264,0.08466446399688721,0.16536027193069458,0.8550442457199097,0
shared_e2e,44,large,8252,0,0.00010463831131346524,0.01022928673774004,0.0221710205078125,0.05254484713077545,0.939724862575531,0
shared_e2e,44,large,1206,1,0.00016142915410455316,0.012705476954579353,0.022454380989074707,0.045577146112918854,0.9103218913078308,0
shared_e2e,44,large,1206,0,0.00017003480752464384,0.013039739802479744,0.013422757387161255,0.045155204832553864,0.9133584499359131,1
shared_e2e,44,large,4121,1,0.0006722723483107984,0.02592821605503559,0.033083513379096985,0.1011776477098465,0.828407883644104,1
shared_e2e,44,large,4121,0,0.00010563591058598831,0.010277933441102505,0.06245359778404236,0.28836381435394287,0.7268776297569275,0
shared_e2e,44,medium,4121,2,0.0002979405107907951,0.017260953783988953,0.0406314879655838,0.24994435906410217,0.751013457775116,1
shared_e2e,44,small,4857,5,2.3429520297213458e-05,0.0048404051922261715,0.009337145835161209,0.1085750013589859,0.782890260219574,1
shared_e2e,44,medium,4857,8,0.000522037036716938,0.022848129272460938,0.030780360102653503,0.2485465407371521,0.615734875202179,0
shared_e2e,44,small,4857,4,7.679064583498985e-05,0.008763027377426624,0.048665158450603485,0.8721990585327148,0.488300621509552,1
shared_e2e,44,medium,4857,2,7.480203930754215e-05,0.008648817427456379,0.031845271587371826,0.2556420564651489,0.6925310492515564,1
shared_e2e,44,large,4857,13,0.002482019132003188,0.04981986805796623,0.15192484855651855,0.3806176483631134,0.6638246178627014,1
shared_e2e,44,large,4857,0,0.0002998586860485375,0.017316428944468498,0.04976123571395874,0.10611920058727264,0.9003564119338989,1
shared_e2e,44,large,4857,12,0.00023318432795349509,0.015270373784005642,0.020185202360153198,0.04586819186806679,0.8876774311065674,0
shared_e2e,44,large,4857,6,0.001632555853575468,0.040404897183179855,0.05225065350532532,0.10725866258144379,0.7608650922775269,0
shared_e2e,44,large,4857,1,0.00012686054105870426,0.01126323826611042,0.00593838095664978,0.013235106132924557,0.9226921200752258,1
shared_e2e,44,small,4857,3,0.00034113251604139805,0.01846977323293686,0.0334198996424675,0.7086900472640991,0.467783659696579,1
shared_e2e,44,medium,4857,9,0.00014916931104380637,0.012213489040732384,0.016662754118442535,0.14247024059295654,0.7514762282371521,0
shared_e2e,44,small,4857,10,0.00036747424746863544,0.01916961744427681,0.03969462960958481,0.3091091811656952,0.43711644411087036,1
shared_e2e,44,large,4857,11,0.0006973939016461372,0.02640821598470211,0.07319909334182739,0.16173002123832703,0.8439269065856934,1
shared_e2e,44,medium,4857,14,0.00032548164017498493,0.018041109666228294,0.014752931892871857,0.13697950541973114,0.8010022640228271,0
shared_e2e,44,medium,4857,7,0.001423935522325337,0.037735071033239365,0.04569767415523529,0.26619359850883484,0.5869021415710449,0
shared_e2e,44,large,3759,0,0.0004301766457501799,0.020740700885653496,0.010884284973144531,0.01739424280822277,0.8350407481193542,1
shared_e2e,44,large,3759,2,0.0001560225646244362,0.012490899302065372,0.007424592971801758,0.016793401911854744,0.9346140027046204,1
shared_e2e,44,medium,3759,3,7.247195753734559e-05,0.00851304642856121,0.01600097119808197,0.06804618239402771,0.9208241105079651,0
shared_e2e,44,large,3759,1,0.0002135732356691733,0.014614145271480083,0.022526994347572327,0.03738710284233093,0.9467817544937134,1
shared_e2e,44,large,5057,1,9.166299423668534e-05,0.00957407895475626,0.04150912165641785,0.10288926959037781,0.9052155017852783,1
shared_e2e,44,medium,5057,2,1.2591905033332296e-05,0.003548507345840335,0.010048344731330872,0.06187933683395386,0.9285789132118225,0
shared_e2e,44,large,5057,0,8.529772458132356e-05,0.009235676378011703,0.04072090983390808,0.08188661932945251,0.9197804927825928,0
shared_e2e,44,large,6296,1,0.0007800157181918621,0.027928762137889862,0.011755108833312988,0.030062580481171608,0.8213140964508057,1
shared_e2e,44,large,6296,2,0.00030325271654874086,0.0174141526222229,0.05253159999847412,0.11935262382030487,0.8796849846839905,1
shared_e2e,44,large,6296,0,7.342614844674245e-05,0.008568906225264072,0.03521545231342316,0.10936646908521652,0.898693323135376,1
shared_e2e,44,large,3351,0,9.258455975214019e-07,0.0009622087236493826,0.031617164611816406,0.04669827222824097,0.9552173614501953,1
shared_e2e,44,large,3673,0,0.0004926795954816043,0.022196387872099876,0.031832098960876465,0.05716569721698761,0.9089518189430237,0
shared_e2e,44,large,3673,1,0.0003208967682439834,0.017913591116666794,0.030077248811721802,0.0745081901550293,0.9105687737464905,0
shared_e2e,44,large,3330,0,3.841782472591149e-06,0.0019600465893745422,0.02047485113143921,0.069071926176548,0.9344621896743774,1
shared_e2e,44,medium,3330,1,3.015663241967559e-05,0.00549150537699461,0.01626986265182495,0.08742339164018631,0.9129893779754639,1
shared_e2e,44,large,3838,1,0.0001908370031742379,0.013814376667141914,0.0354805588722229,0.10438065230846405,0.884110152721405,1
shared_e2e,44,medium,3838,4,0.000980509677901864,0.03131309151649475,0.03200814127922058,0.10184678435325623,0.6616755127906799,1
shared_e2e,44,large,3838,2,3.562402707757428e-05,0.005968586541712284,0.03746086359024048,0.11323780566453934,0.887848973274231,1
shared_e2e,44,medium,3838,5,0.0011285949731245637,0.03359456732869148,0.05172371864318848,0.4668046236038208,0.4119088649749756,1
shared_e2e,44,large,3838,3,0.0003393866936676204,0.018422450870275497,0.0652451366186142,0.18650829792022705,0.8212715983390808,1
shared_e2e,44,large,3838,0,3.9138354622991756e-05,0.006256065331399441,0.03715413808822632,0.06871533393859863,0.9346908926963806,1
shared_e2e,44,large,6759,0,1.2687183698290028e-05,0.0035619072150439024,0.02254307270050049,0.02732267789542675,0.9721661806106567,0
shared_e2e,44,medium,1532,3,0.00013913839939050376,0.011795694008469582,0.04553473740816116,0.2880575954914093,0.7246587872505188,0
shared_e2e,44,medium,1532,8,0.00013133369793649763,0.011460091918706894,0.07451006770133972,1.0070219039916992,0.4518429636955261,1
shared_e2e,44,small,1532,5,0.0017375621246173978,0.04168407618999481,0.020138096064329147,0.4732201397418976,0.10585246235132217,0
shared_e2e,44,medium,1532,4,4.6838238631607965e-05,0.006843846756964922,0.005288921296596527,0.04928770288825035,0.8329287171363831,0
shared_e2e,44,small,1532,1,0.00034185199183411896,0.018489239737391472,0.04687634855508804,0.6320046782493591,0.5099384188652039,1
shared_e2e,44,small,1532,6,4.191197513137013e-05,0.006473945919424295,0.017774011939764023,0.3760033845901489,0.6448827385902405,0
shared_e2e,44,medium,1532,0,0.0001510883739683777,0.012291801162064075,0.03457764536142349,0.20864681899547577,0.6903570294380188,1
shared_e2e,44,medium,1532,7,0.0005073706270195544,0.022524889558553696,0.06897269934415817,0.4064427614212036,0.7058601975440979,1
shared_e2e,44,medium,1532,2,6.559622124768794e-05,0.008099148981273174,0.034469619393348694,0.2480551153421402,0.7838939428329468,0
shared_e2e,44,small,1532,9,0.0003246855631005019,0.01801903359591961,0.01801743358373642,0.3087915778160095,0.423909455537796,1
shared_e2e,44,large,3886,0,0.00012240151409059763,0.011063521727919579,0.04265552759170532,0.09022221714258194,0.9031116366386414,0
shared_e2e,44,medium,3335,6,0.0003890555235557258,0.019724490121006966,0.06415537744760513,0.5625301003456116,0.6224486231803894,1
shared_e2e,44,large,3335,5,0.0035300501622259617,0.059414226561784744,0.2557939291000366,0.852623462677002,0.5392987728118896,0
shared_e2e,44,large,3335,3,0.0004113696049898863,0.02028224803507328,0.029308557510375977,0.0529606007039547,0.8846057653427124,1
shared_e2e,44,medium,3335,0,0.00019698381947819144,0.014035092666745186,0.02850884199142456,0.11592477560043335,0.7619763612747192,1
shared_e2e,44,large,3335,4,0.001090780133381486,0.033026959747076035,0.0479760468006134,0.16350796818733215,0.7987163662910461,1
shared_e2e,44,medium,3335,2,0.005436594597995281,0.07373327016830444,0.12279122322797775,0.584865391254425,0.20297904312610626,0
shared_e2e,44,large,3335,1,0.0026730000972747803,0.05170106515288353,0.047110870480537415,0.22797498106956482,0.5331932902336121,1
shared_e2e,44,large,5065,0,0.0011787968687713146,0.03433361276984215,0.06632435321807861,0.08441680669784546,0.9009898900985718,0
shared_e2e,44,large,5253,0,0.00011030190216843039,0.010502471588551998,0.0279618501663208,0.046425871551036835,0.9389833211898804,0
shared_e2e,44,medium,4281,1,4.286007606424391e-05,0.006546760909259319,0.03248600661754608,0.24694538116455078,0.7624627351760864,1
shared_e2e,44,large,4281,0,0.00014419345825444907,0.012008057907223701,0.029490649700164795,0.05235006660223007,0.9369370937347412,0
shared_e2e,44,large,1758,0,0.008545092307031155,0.092439666390419,0.06219515949487686,0.3132968246936798,0.20209041237831116,0
shared_e2e,44,large,1758,1,0.00023223363677971065,0.015239213593304157,0.0389862060546875,0.05506429448723793,0.9179761409759521,1
shared_e2e,44,large,756,0,0.00037633811007253826,0.019399436190724373,0.06631290912628174,0.0700654685497284,0.8827922940254211,0
shared_e2e,44,large,6295,1,0.0002232940896647051,0.01494302786886692,0.025925442576408386,0.14143382012844086,0.8310451507568359,0
shared_e2e,44,large,6295,2,0.0010880444897338748,0.032985519617795944,0.07050223648548126,0.26454365253448486,0.6829072833061218,0
shared_e2e,44,large,6295,0,2.6881798476097174e-05,0.0051847659051418304,0.04746487736701965,0.20026624202728271,0.8223693370819092,0
shared_e2e,44,large,9072,0,0.008380798622965813,0.09154669940471649,0.20991584658622742,0.4314100742340088,0.6241113543510437,1
shared_e2e,44,large,9032,1,0.00128131452947855,0.03579545393586159,0.029264062643051147,0.07710413634777069,0.8167896866798401,0
shared_e2e,44,medium,9032,0,0.0008597895503044128,0.029322167858481407,0.022517960518598557,0.2644517421722412,0.34218427538871765,0
shared_e2e,44,large,9032,2,0.0004142455873079598,0.020353024825453758,0.03315150737762451,0.1047036275267601,0.8425605893135071,0
shared_e2e,44,large,4168,0,0.0003845049941446632,0.01960879936814308,0.03852874040603638,0.1029970645904541,0.8016389012336731,0
shared_e2e,44,large,4168,1,0.0029522485565394163,0.054334599524736404,0.04808327555656433,0.14297504723072052,0.5393944382667542,1
shared_e2e,44,large,7691,0,2.0045201381435618e-05,0.004477186594158411,0.031084030866622925,0.06144149228930473,0.9392817616462708,1
shared_e2e,44,large,140,1,0.0005670018726959825,0.02381180040538311,0.08579069375991821,0.16093067824840546,0.842400848865509,0
shared_e2e,44,large,140,0,0.013077800162136555,0.11435820907354355,0.19538149237632751,0.3692017197608948,0.6785469055175781,0
shared_e2e,44,medium,6855,2,3.4871332900365815e-05,0.005905195605009794,0.012505173683166504,0.06662176549434662,0.8312395215034485,1
shared_e2e,44,medium,6855,1,0.0003713962796609849,0.019271643832325935,0.04009538143873215,0.34770336747169495,0.6478989720344543,1
shared_e2e,44,large,6855,0,0.0012963642366230488,0.03600505739450455,0.05677574872970581,0.07282485067844391,0.8927321434020996,0
shared_e2e,44,large,2063,5,6.03100943408208e-06,0.0024558112490922213,0.02179005742073059,0.06959595531225204,0.9341235756874084,1
shared_e2e,44,large,2063,6,0.00810184981673956,0.09001027792692184,0.04102666676044464,0.1949940025806427,0.4140099585056305,1
shared_e2e,44,large,2063,0,0.0009056080016307533,0.030093321576714516,0.11969339847564697,0.20986579358577728,0.8191931843757629,0
shared_e2e,44,medium,2063,2,0.002480034250766039,0.04979994148015976,0.011067502200603485,0.09578505158424377,0.33943793177604675,1
shared_e2e,44,large,2063,4,0.00017455093620810658,0.01321177277714014,0.07875123620033264,0.23611333966255188,0.7999893426895142,0
shared_e2e,44,medium,2063,3,0.0011684157652780414,0.034182097762823105,0.03274258226156235,0.2328210175037384,0.557893693447113,1
shared_e2e,44,medium,2063,1,0.0018740585073828697,0.0432903990149498,0.03801107406616211,0.29268836975097656,0.49341195821762085,1
shared_e2e,44,large,9776,1,0.03052758052945137,0.17472143471240997,0.009277105331420898,0.017697501927614212,0.4513656795024872,0
shared_e2e,44,large,9776,2,0.0005812552408315241,0.024109235033392906,0.021016597747802734,0.07805722951889038,0.8238428235054016,1
shared_e2e,44,large,9776,0,0.00103157595731318,0.03211815655231476,0.030720174312591553,0.10666581243276596,0.7778090834617615,1
shared_e2e,44,large,2129,0,0.00012667779810726643,0.011255123652517796,0.027476295828819275,0.13319751620292664,0.8438315391540527,0
shared_e2e,44,large,2129,3,2.7365560526959598e-05,0.00523121003061533,0.013704657554626465,0.033779703080654144,0.9580901861190796,0
shared_e2e,44,large,2129,2,0.009081530384719372,0.09529706090688705,0.1123608946800232,0.39655447006225586,0.47241199016571045,0
shared_e2e,44,large,2129,1,0.0006471461383625865,0.02543906681239605,0.03532649576663971,0.1056593656539917,0.7708343267440796,0
shared_e2e,44,medium,6348,0,0.00012833799701184034,0.011328635737299919,0.03735917806625366,0.19556626677513123,0.8238149881362915,0
shared_e2e,44,large,6348,1,0.00017112816567532718,0.013081596232950687,0.03399622440338135,0.054739296436309814,0.9432563781738281,0
shared_e2e,44,small,2940,2,0.0009062926983460784,0.03010469488799572,0.038459405303001404,0.7058866024017334,0.24884633719921112,0
shared_e2e,44,small,2940,3,4.666222594096325e-05,0.006830975413322449,0.01382589340209961,0.20381540060043335,0.7388389706611633,0
shared_e2e,44,large,2940,0,0.0005602073506452143,0.023668698966503143,0.01750338077545166,0.03933511674404144,0.8373019695281982,0
shared_e2e,44,small,2940,1,8.55557227623649e-05,0.009249634109437466,0.03624663129448891,0.7426905035972595,0.53399658203125,0
shared_e2e,44,large,2940,6,3.4867598515120335e-06,0.0018672867445275187,0.033193379640579224,0.07468608766794205,0.9302775263786316,1
shared_e2e,44,medium,2940,5,8.516404705005698e-06,0.002918287878856063,0.027963466942310333,0.18753015995025635,0.8362067341804504,0
shared_e2e,44,medium,2940,4,2.2539712517755106e-05,0.004747600760310888,0.0062921978533267975,0.10523584485054016,0.8156665563583374,0
shared_e2e,44,large,4100,0,0.0005289098480716348,0.022998040542006493,0.03212624788284302,0.08721257001161575,0.8049823045730591,0
shared_e2e,44,medium,2953,4,0.00024255993776023388,0.015574336051940918,0.021514371037483215,0.13563650846481323,0.7993775606155396,0
shared_e2e,44,large,2953,2,0.0001532735041109845,0.012380368076264858,0.061310574412345886,0.14492641389369965,0.8587074279785156,0
shared_e2e,44,large,2953,1,0.003582739271223545,0.05985598638653755,0.02833569049835205,0.07271780073642731,0.6897066831588745,0
shared_e2e,44,large,2953,0,0.001639224705286324,0.040487341582775116,0.00811515748500824,0.05838458612561226,0.7262536287307739,0
shared_e2e,44,large,2953,3,0.0007381922332569957,0.027169693261384964,0.02697843313217163,0.06286194920539856,0.8609433174133301,0
shared_e2e,44,medium,8933,2,0.0009406261378899217,0.03066962957382202,0.017814382910728455,0.1392548382282257,0.5159064531326294,0
shared_e2e,44,medium,8933,1,0.0023122343700379133,0.04808569699525833,0.12761501967906952,1.2253066301345825,0.3704147934913635,0
shared_e2e,44,large,8933,0,0.005142971407622099,0.07171451300382614,0.07194563746452332,0.21387311816215515,0.6405559778213501,0
shared_e2e,44,large,763,0,0.00012873034575022757,0.011345939710736275,0.03908702731132507,0.10789705812931061,0.894197940826416,0
shared_e2e,44,medium,754,2,0.0015114694833755493,0.03887762129306793,0.09344568103551865,0.8153259754180908,0.27439630031585693,0
shared_e2e,44,small,754,3,0.0013875291915610433,0.03724955394864082,0.00683719664812088,0.10848686099052429,0.2809740900993347,1
shared_e2e,44,small,754,1,0.0003856058756355196,0.0196368508040905,0.042385268956422806,0.7389746308326721,0.5000599026679993,0
shared_e2e,44,medium,754,0,0.001146978815086186,0.03386707603931427,0.012358039617538452,0.041914068162441254,0.7766726613044739,0
shared_e2e,44,large,9942,0,6.631192081840709e-05,0.008143213577568531,0.049738943576812744,0.09643430262804031,0.9097226858139038,1
shared_e2e,44,large,9942,2,0.0018450882053002715,0.04295448958873749,0.027364522218704224,0.05711355805397034,0.8347998857498169,1
shared_e2e,44,large,9942,1,5.9486970712896436e-05,0.007712779566645622,0.006537258625030518,0.00719497911632061,0.9741066694259644,1
shared_e2e,44,large,2567,0,0.0007145715062506497,0.026731470599770546,0.023133933544158936,0.03291987255215645,0.9149749875068665,0
shared_e2e,44,large,9869,0,0.0003636253240983933,0.019068961963057518,0.05678445100784302,0.07302498072385788,0.9276357293128967,1
shared_e2e,44,large,5579,1,0.001546508981846273,0.03932567685842514,0.037664055824279785,0.11799927055835724,0.7332552671432495,0
shared_e2e,44,large,5579,0,0.00041070111910812557,0.020265761762857437,0.03549785912036896,0.16340771317481995,0.80094975233078,0
shared_e2e,44,medium,4464,2,2.0233119357726537e-05,0.004498124122619629,0.04733051732182503,0.5930081605911255,0.48242780566215515,0
shared_e2e,44,large,4464,1,5.150106881046668e-05,0.007176424376666546,0.020160824060440063,0.05902542173862457,0.932675302028656,1
shared_e2e,44,large,4464,0,6.1840250964451116e-06,0.0024867700412869453,0.031233549118041992,0.07820209115743637,0.9152792692184448,0
shared_e2e,44,medium,4020,1,9.59467506618239e-05,0.009795241057872772,0.04664194583892822,0.7450439929962158,0.5577148199081421,1
shared_e2e,44,large,4020,2,8.008415170479566e-05,0.00894897524267435,0.029847413301467896,0.09359192103147507,0.8986150026321411,0
shared_e2e,44,large,4020,0,0.0007349962252192199,0.027110813185572624,0.009416714310646057,0.03778325393795967,0.7723813056945801,1
shared_e2e,44,large,3116,0,0.0006235440960153937,0.02497086487710476,0.021500349044799805,0.02792792208492756,0.9158022999763489,0
shared_e2e,44,medium,865,1,0.00024006521562114358,0.015494038350880146,0.03886353224515915,0.2889508008956909,0.7199786901473999,1
shared_e2e,44,large,865,8,0.0002698890748433769,0.016428301110863686,0.058019623160362244,0.1819455623626709,0.8358128666877747,1
shared_e2e,44,large,865,0,0.00023373922158498317,0.015288532711565495,0.024199172854423523,0.10795234888792038,0.8336584568023682,0
shared_e2e,44,medium,865,5,0.00014225076301954687,0.011926892213523388,0.020195618271827698,0.14024734497070312,0.8022392988204956,0
shared_e2e,44,large,865,7,8.698897727299482e-05,0.00932678859680891,0.007659733295440674,0.02001548558473587,0.9359414577484131,1
shared_e2e,44,small,865,6,0.00044383006752468646,0.02106727473437786,0.030621912330389023,1.2138597965240479,0.2908543348312378,0
shared_e2e,44,large,865,4,6.147144449641928e-05,0.007840372622013092,0.03858375549316406,0.15156452357769012,0.8522149324417114,1
shared_e2e,44,medium,865,2,1.4479396668320987e-06,0.0012033036909997463,0.023549512028694153,0.15642958879470825,0.8635863065719604,1
shared_e2e,44,medium,865,3,0.001414361409842968,0.03760799765586853,0.020531028509140015,0.08966027945280075,0.6931425333023071,1
shared_e2e,44,small,2845,0,0.001016632653772831,0.031884677708148956,0.030399098992347717,0.6520982980728149,0.23552283644676208,0
shared_e2e,44,small,2845,5,0.00028607790591195226,0.01691383682191372,0.12741953134536743,3.0340728759765625,0.16143740713596344,0
shared_e2e,44,small,2845,3,0.00012142294144723564,0.011019207537174225,0.12317588180303574,2.826889991760254,0.17248569428920746,0
shared_e2e,44,large,2845,1,0.0015386175364255905,0.03922521695494652,0.041426852345466614,0.176782488822937,0.7163705229759216,0
shared_e2e,44,small,2845,4,0.0004184638964943588,0.02045639045536518,0.04906260967254639,1.1300837993621826,0.37967851758003235,0
shared_e2e,44,medium,2845,2,0.0005184729816392064,0.022770002484321594,0.09313900768756866,1.2392381429672241,0.34459131956100464,0
shared_e2e,44,small,9537,0,0.03334248811006546,0.1825992614030838,0.039283331483602524,0.39752131700515747,0.0,1
shared_e2e,44,large,9537,1,0.0012950588716194034,0.03598692640662193,0.004360496997833252,0.006225943099707365,0.8595489859580994,1
shared_e2e,44,large,5146,8,2.303078508703038e-05,0.004799040034413338,0.028099149465560913,0.07816945016384125,0.9230091571807861,1
shared_e2e,44,large,5146,0,6.909327930770814e-05,0.00831223651766777,0.01870502531528473,0.08320081979036331,0.8984701633453369,0
shared_e2e,44,large,5146,6,0.0009878437267616391,0.03142997995018959,0.03795619308948517,0.09888486564159393,0.8599284291267395,1
shared_e2e,44,large,5146,7,2.1967818611301482e-05,0.004686983767896891,0.010621637105941772,0.02204534411430359,0.9597055912017822,1
shared_e2e,44,large,5146,2,0.00028530912823043764,0.01689109578728676,0.02153836190700531,0.11009620875120163,0.7881678938865662,0
shared_e2e,44,large,5146,1,0.00030851244810037315,0.017564522102475166,0.012916848063468933,0.061671096831560135,0.8240187764167786,0
shared_e2e,44,large,5146,9,0.0017465351847931743,0.04179156944155693,0.04843299090862274,0.10534508526325226,0.807906985282898,1
shared_e2e,44,large,5146,3,0.00013468031829688698,0.011605184525251389,0.04452390968799591,0.2172832041978836,0.8169170022010803,0
shared_e2e,44,large,5146,5,0.0001719573774607852,0.013113251887261868,0.013831213116645813,0.05473187938332558,0.8524279594421387,1
shared_e2e,44,large,5146,4,0.0006661468069069088,0.025809820741415024,0.01707187294960022,0.07298360764980316,0.753543496131897,0
shared_e2e,44,small,4585,6,0.00026091444306075573,0.016152845695614815,0.03169510141015053,0.5676231384277344,0.5106358528137207,0
shared_e2e,44,small,4585,12,0.005033006891608238,0.0709436908364296,0.03477151319384575,0.691309928894043,0.0,0
shared_e2e,44,small,4585,8,0.0009712164755910635,0.031164346262812614,0.03283748775720596,0.6859380006790161,0.3841868042945862,0
shared_e2e,44,small,4585,9,5.469451934914105e-06,0.002338686026632786,0.017039742320775986,0.3336944282054901,0.7395029664039612,0
shared_e2e,44,medium,4585,11,9.422337825526483e-06,0.0030695826280862093,0.016354531049728394,0.23963236808776855,0.796842634677887,0
shared_e2e,44,medium,4585,2,0.0005505094304680824,0.023462938144803047,0.0309150367975235,0.20691150426864624,0.677341878414154,0
shared_e2e,44,small,4585,7,3.721111352206208e-05,0.006100091151893139,0.06270089000463486,1.153011441230774,0.420462042093277,0
shared_e2e,44,medium,4585,1,5.514372969628312e-05,0.007425882387906313,0.03215120732784271,0.24309411644935608,0.7638439536094666,0
shared_e2e,44,medium,4585,0,7.2686857492954005e-06,0.0026960500981658697,0.018193215131759644,0.09342595189809799,0.9076035022735596,0
shared_e2e,44,medium,4585,3,0.0014561552088707685,0.038159601390361786,0.07927672564983368,0.784833550453186,0.42958930134773254,0
shared_e2e,44,medium,4585,4,3.54778348992113e-05,0.005956327077001333,0.04344186931848526,0.4023994207382202,0.6467710733413696,0
shared_e2e,44,medium,4585,5,0.0019969299901276827,0.044687021523714066,0.0091843381524086,0.10599889606237411,0.2866375148296356,0
shared_e2e,44,small,4585,10,0.0035355007275938988,0.059460077434778214,0.07289975881576538,1.330033540725708,0.1280568391084671,0
shared_e2e,44,large,5239,0,0.0017274604178965092,0.041562728583812714,0.016633838415145874,0.026963327080011368,0.7590227723121643,1
shared_e2e,44,medium,5239,1,0.0008041659602895379,0.028357820585370064,0.06594547629356384,0.7476668357849121,0.4395371377468109,1
shared_e2e,44,small,5239,3,0.0001641281705815345,0.012811251915991306,0.08661714196205139,1.616702914237976,0.33000585436820984,1
shared_e2e,44,medium,5239,2,7.865895895520225e-05,0.0088689886033535,0.04590357840061188,0.7298390865325928,0.5502918362617493,1
shared_e2e,44,large,3145,1,0.0006778121460229158,0.026034826412796974,0.04221731424331665,0.08000226318836212,0.8519160151481628,1
shared_e2e,44,large,3145,0,0.00031630205921828747,0.017784882336854935,0.04057437181472778,0.05917256325483322,0.9302625060081482,1
shared_e2e,44,small,2520,1,5.426283678389154e-06,0.0023294384591281414,0.03231208026409149,0.509795606136322,0.647526204586029,0
shared_e2e,44,medium,2520,4,6.733612826792523e-05,0.008205858990550041,0.03834671527147293,0.2778305113315582,0.7213320136070251,1
shared_e2e,44,medium,2520,3,3.090097152380622e-06,0.00175786716863513,0.020342901349067688,0.0894043892621994,0.9160686135292053,1
shared_e2e,44,small,2520,2,7.819304300937802e-05,0.008842683397233486,0.03419793024659157,0.4125981330871582,0.6597287058830261,0
shared_e2e,44,medium,2520,0,8.793311280896887e-06,0.002965351799502969,0.025032393634319305,0.16102825105190277,0.8573521971702576,0
shared_e2e,44,large,7256,0,8.294372673844919e-05,0.009107344783842564,0.053253039717674255,0.21574556827545166,0.8166680932044983,0
shared_e2e,44,large,7256,1,0.00010697275138227269,0.010342762805521488,0.03007487952709198,0.09624870121479034,0.873907208442688,1
shared_e2e,44,large,7256,2,9.67528103501536e-05,0.009836300276219845,0.020549073815345764,0.04566187411546707,0.8447462320327759,1
separate_e2e,44,large,6381,3,2.5567042030161247e-05,0.005056386347860098,0.02994854748249054,0.1343788206577301,0.8785300254821777,1
separate_e2e,44,medium,6381,5,0.00012887775665149093,0.011352433823049068,0.003115043044090271,0.009674528613686562,0.8817371129989624,1
separate_e2e,44,large,6381,7,8.794324094196782e-05,0.009377805516123772,0.03847678005695343,0.19203676283359528,0.8084489703178406,1
separate_e2e,44,small,6381,11,0.00041225648601539433,0.020304100587964058,0.04829441010951996,0.7844408750534058,0.41248175501823425,1
separate_e2e,44,small,6381,0,0.00011442304094089195,0.010696870274841785,0.009855758398771286,0.12067343294620514,0.7974026203155518,0
separate_e2e,44,medium,6381,13,0.00025933037977665663,0.01610373891890049,0.1232358068227768,0.573827862739563,0.4863016605377197,0
separate_e2e,44,small,6381,8,0.00018013942462857813,0.013421602547168732,0.024332374334335327,0.259281188249588,0.5700547099113464,1
separate_e2e,44,medium,6381,9,8.390823495574296e-05,0.009160144254565239,0.011359021067619324,0.07605431973934174,0.8731505274772644,1
separate_e2e,44,large,6381,12,0.00037412691744975746,0.019342361018061638,0.04987427592277527,0.09032260626554489,0.9156134128570557,0
separate_e2e,44,medium,6381,10,1.894986053230241e-05,0.0043531437404453754,0.015616517513990402,0.1671922653913498,0.8397848606109619,1
separate_e2e,44,large,6381,1,0.00022239642567001283,0.014912961982190609,0.05268162488937378,0.18130019307136536,0.8309866189956665,1
separate_e2e,44,large,6381,2,0.001398621592670679,0.03739814832806587,0.0556003600358963,0.126510351896286,0.8237522840499878,1
separate_e2e,44,medium,6381,16,5.2404366215341724e-06,0.0022891999687999487,0.03021971881389618,0.26428258419036865,0.7848951816558838,1
separate_e2e,44,large,6381,6,4.472907312447205e-05,0.006687979679554701,0.02770344913005829,0.17473286390304565,0.826867938041687,1
separate_e2e,44,large,6381,14,0.0011945622973144054,0.03456243872642517,0.160178542137146,0.6911364793777466,0.4264766275882721,1
separate_e2e,44,medium,6381,4,8.291347512567881e-06,0.002879470121115446,0.0036273300647735596,0.036446746438741684,0.9220577478408813,1
separate_e2e,44,medium,6381,15,5.332673390512355e-05,0.007302515674382448,0.020372971892356873,0.15267601609230042,0.8353503346443176,1
separate_e2e,44,medium,4537,3,0.0014720752369612455,0.038367632776498795,0.19952674210071564,1.2355877161026,0.3842198848724365,0
separate_e2e,44,large,4537,0,0.0001439444749848917,0.011997686699032784,0.022489547729492188,0.05101967602968216,0.929564893245697,0
separate_e2e,44,large,4537,6,0.00016799810691736639,0.012961408123373985,0.07053568959236145,0.3856377899646759,0.7143244743347168,1
separate_e2e,44,medium,4537,5,3.713741307365126e-06,0.0019271069904789329,0.01938857138156891,0.10158640146255493,0.9059964418411255,0
separate_e2e,44,large,4537,4,0.000588577997405082,0.0242606271058321,0.026330798864364624,0.08978702127933502,0.8248411417007446,0
separate_e2e,44,large,4537,1,0.00015199412882793695,0.012328590266406536,0.05506017804145813,0.14358603954315186,0.8488855957984924,0
separate_e2e,44,large,4537,2,0.00010381556785432622,0.010188992135226727,0.031939536333084106,0.09499113261699677,0.8928557634353638,0
separate_e2e,44,large,9896,0,0.0004278136184439063,0.02068365551531315,0.009431511163711548,0.021969502791762352,0.8830062747001648,0
separate_e2e,44,large,7223,0,0.00030362739926204085,0.01742490753531456,0.04843229055404663,0.06433388590812683,0.9395326375961304,1
separate_e2e,44,large,1977,0,0.0009241656516678631,0.030400093644857407,0.042076945304870605,0.0697232037782669,0.8740701675415039,1
separate_e2e,44,medium,5606,3,0.0008550193160772324,0.029240712523460388,0.026072606444358826,0.21935445070266724,0.6140016913414001,1
separate_e2e,44,large,5606,2,0.004670420195907354,0.0683404728770256,0.09959834814071655,0.1281585395336151,0.7780430316925049,1
separate_e2e,44,large,5606,0,0.0009253902826458216,0.030420228838920593,0.11973568797111511,0.5001842379570007,0.6101498603820801,0
separate_e2e,44,medium,5606,4,0.001426679315045476,0.03777140751481056,0.059825070202350616,0.501595675945282,0.40170514583587646,1
separate_e2e,44,large,5606,1,0.00033677357714623213,0.018351390957832336,0.12870025634765625,0.23655793070793152,0.7807127237319946,1
separate_e2e,44,large,8368,0,0.0018612685380503535,0.043142423033714294,0.15023815631866455,0.18535125255584717,0.8231875896453857,0
separate_e2e,44,large,8368,1,0.00010320569708710536,0.010159020312130451,0.07611754536628723,0.1555255651473999,0.8565547466278076,1
separate_e2e,44,medium,6852,2,0.0010513548040762544,0.032424602657556534,0.08740794658660889,0.5849841237068176,0.6177780628204346,1
separate_e2e,44,large,6852,1,1.5047675333335064e-05,0.003879133379086852,0.057451337575912476,0.19112640619277954,0.8345456123352051,1
separate_e2e,44,large,6852,0,0.00020033038163091987,0.014153811149299145,0.05540195107460022,0.13821958005428314,0.8158851265907288,0
separate_e2e,44,large,5879,0,0.0006437800475396216,0.02537282183766365,0.025568485260009766,0.03689676523208618,0.9212465882301331,1
separate_e2e,44,medium,4439,2,6.33615127298981e-05,0.007959994487464428,0.005130141973495483,0.05449702963232994,0.7423492074012756,1
separate_e2e,44,medium,4439,1,5.617988063022494e-05,0.0074953241273760796,0.07947523891925812,0.4660440981388092,0.5832306146621704,1
separate_e2e,44,medium,4439,0,0.0002451093168929219,0.015655968338251114,0.08642552047967911,0.4987061619758606,0.5628409385681152,1
separate_e2e,44,medium,4439,3,0.0007515086908824742,0.027413658797740936,0.029374264180660248,0.24078971147537231,0.3592563569545746,1
separate_e2e,44,large,3369,2,0.0008204217883758247,0.028643006458878517,0.11607897281646729,0.14568594098091125,0.852312445640564,0
separate_e2e,44,medium,3369,0,1.2470398360164836e-05,0.0035313451662659645,0.022845175117254257,0.2836175560951233,0.7777801752090454,1
separate_e2e,44,small,3369,3,0.00143821956589818,0.037923865020275116,0.2033015787601471,3.1372337341308594,0.15213517844676971,0
separate_e2e,44,medium,3369,1,0.0007752575911581516,0.027843447402119637,0.01671702414751053,0.11014838516712189,0.565986156463623,1
separate_e2e,44,small,6062,1,5.611892629531212e-05,0.0074912565760314465,0.007432799786329269,0.10447581112384796,0.8071056604385376,1
separate_e2e,44,large,6062,0,4.25345788244158e-05,0.00652185408398509,0.022556275129318237,0.05840553715825081,0.9438350200653076,1
separate_e2e,44,small,6062,2,1.476370744057931e-05,0.0038423570804297924,0.04568866267800331,0.8196683526039124,0.51076740026474,1
separate_e2e,44,large,740,1,7.926239777589217e-05,0.008902942761778831,0.022288277745246887,0.08023242652416229,0.9115017056465149,0
separate_e2e,44,large,740,0,8.121617429424077e-05,0.009012001566588879,0.017055407166481018,0.05075034499168396,0.9352219104766846,0
separate_e2e,44,large,4031,0,0.0012431159848347306,0.03525784984230995,0.0788240134716034,0.16345477104187012,0.82765793800354,0
separate_e2e,44,large,4031,1,0.00022192570031620562,0.014897170476615429,0.00765681266784668,0.008979668840765953,0.9538776278495789,1
separate_e2e,44,medium,4031,2,0.00010525533434702083,0.010259401984512806,0.043181389570236206,0.3745260536670685,0.7079172730445862,0
separate_e2e,44,large,9724,0,0.0002866100985556841,0.016929563134908676,0.020955145359039307,0.023330925032496452,0.9505339860916138,1
separate_e2e,44,large,7062,0,0.0003329297178424895,0.01824636198580265,0.0035260915756225586,0.003892649197950959,0.9501240253448486,0
separate_e2e,44,large,9755,1,4.0330687625100836e-05,0.006350644864141941,0.040152862668037415,0.1250675767660141,0.8649518489837646,1
separate_e2e,44,large,9755,0,9.098007285501808e-05,0.009538347832858562,0.03886157274246216,0.0604168102145195,0.9366028904914856,0
separate_e2e,44,large,3808,0,0.0011423149844631553,0.03379815071821213,0.01370704174041748,0.014724714681506157,0.905859112739563,0
separate_e2e,44,large,5478,3,0.0010587170254439116,0.03253793343901634,0.13713708519935608,0.30425330996513367,0.5933850407600403,0
separate_e2e,44,large,5478,1,1.891828651423566e-05,0.004349515773355961,0.029224708676338196,0.0864788293838501,0.9188321232795715,1
separate_e2e,44,large,5478,0,0.0001331553066847846,0.011539294384419918,0.04027599096298218,0.059294331818819046,0.9248967170715332,0
separate_e2e,44,large,5478,2,0.00031306740129366517,0.017693711444735527,0.02829602360725403,0.0510249137878418,0.921530544757843,1
separate_e2e,44,large,7905,0,0.0001324712357018143,0.011509614996612072,0.01775151491165161,0.03007371351122856,0.9542752504348755,1
separate_e2e,44,large,8633,0,0.0006853562663309276,0.02617930993437767,0.040380656719207764,0.1380496323108673,0.7787784337997437,0
separate_e2e,44,medium,8633,1,0.00015651869762223214,0.012510742992162704,0.08308809995651245,0.34248626232147217,0.7230080962181091,0
separate_e2e,44,large,8633,2,0.002316033933311701,0.048125188797712326,0.054888129234313965,0.12253938615322113,0.7969150543212891,0
separate_e2e,44,large,8633,3,0.007039626128971577,0.08390247821807861,0.04369869828224182,0.07511664927005768,0.7736902236938477,0
separate_e2e,44,large,1918,0,0.0004690667556133121,0.021657949313521385,0.03986165672540665,0.2480292022228241,0.7348676919937134,1
separate_e2e,44,large,1918,1,3.807426764979027e-05,0.006170434877276421,0.015158921480178833,0.1076386421918869,0.885560929775238,1
separate_e2e,44,large,4405,2,9.969302482204512e-05,0.009984639473259449,0.10842737555503845,0.3087296783924103,0.7608211040496826,0
separate_e2e,44,large,4405,0,3.21130282827653e-05,0.0056668356992304325,0.029612958431243896,0.0495794340968132,0.9522050619125366,0
separate_e2e,44,large,4405,3,0.0002786227851174772,0.01669199764728546,0.029303014278411865,0.07796262949705124,0.8966013193130493,1
separate_e2e,44,large,4405,1,0.009392661973834038,0.09691574424505234,0.07822147011756897,0.13450700044631958,0.558465838432312,0
separate_e2e,44,large,8443,0,0.0003730021708179265,0.0193132646381855,0.07273164391517639,0.19500763714313507,0.8103089928627014,1
separate_e2e,44,large,6654,1,0.0006787674501538277,0.026053166016936302,0.0897621214389801,0.22990432381629944,0.7681082487106323,1
separate_e2e,44,large,6654,2,2.727147330006119e-05,0.005222209729254246,0.06651300191879272,0.19554315507411957,0.8302518725395203,1
separate_e2e,44,large,6654,0,7.724126771790907e-05,0.00878870114684105,0.03426390886306763,0.04296663776040077,0.9545271992683411,0
separate_e2e,44,large,1938,0,2.8526501409942284e-06,0.0016889789840206504,0.009894967079162598,0.010892010293900967,0.9882233738899231,0
separate_e2e,44,large,6190,0,0.0021532834507524967,0.04640348628163338,0.10659050941467285,0.1507733166217804,0.8222272396087646,0
separate_e2e,44,large,5214,0,0.00016796842101030052,0.012960263527929783,0.059011757373809814,0.06480729579925537,0.932932436466217,0
separate_e2e,44,large,6020,0,4.2044689507747535e-06,0.002050480106845498,0.043981969356536865,0.0600925087928772,0.9425645470619202,0
separate_e2e,44,medium,6020,1,4.2674841097323224e-05,0.006532598286867142,0.04653649777173996,0.16245481371879578,0.8413391709327698,0
separate_e2e,44,large,9192,0,0.004256352316588163,0.06524072587490082,0.04307126998901367,0.060349833220243454,0.8171067833900452,0
separate_e2e,44,large,849,0,0.002005328657105565,0.04478089511394501,0.03723058104515076,0.06689517199993134,0.8059409856796265,0
separate_e2e,44,medium,3003,3,0.0013641390250995755,0.036934252828359604,0.07964363694190979,0.36539509892463684,0.6274595260620117,1
separate_e2e,44,large,3003,2,0.006589650176465511,0.08117666095495224,0.048194825649261475,0.24031850695610046,0.4940785765647888,1
separate_e2e,44,large,3003,0,0.0008618722204118967,0.029357660561800003,0.014652878046035767,0.03913479670882225,0.8496705889701843,1
separate_e2e,44,large,3003,1,0.0021608350798487663,0.04648478329181671,0.04450404644012451,0.13811425864696503,0.7196047306060791,1
separate_e2e,44,large,7900,1,2.1205125449341722e-05,0.004604902118444443,0.012630701065063477,0.012745797634124756,0.9813585877418518,0
separate_e2e,44,large,7900,0,0.0003317832015454769,0.018214916810393333,0.03511524200439453,0.10409902781248093,0.8725149631500244,0
separate_e2e,44,medium,8095,0,0.0004891518619842827,0.022116778418421745,0.21314257383346558,1.110213041305542,0.18396161496639252,0
separate_e2e,44,large,8095,1,2.6085583158419468e-05,0.005107404664158821,0.012392997741699219,0.026468545198440552,0.9593160152435303,0
separate_e2e,44,large,3781,1,7.118640496628359e-05,0.008437203243374825,0.038868844509124756,0.0605274997651577,0.940919041633606,1
separate_e2e,44,medium,3781,2,0.00010957568156300113,0.010467840358614922,0.03914529085159302,0.3838726580142975,0.6755006313323975,1
separate_e2e,44,large,3781,0,0.00022378406720235944,0.014959413558244705,0.04071402549743652,0.06262750178575516,0.9306272864341736,1
separate_e2e,44,large,5588,0,1.738694845698774e-05,0.0041697658598423,0.02139735221862793,0.09062007069587708,0.9159667491912842,1
separate_e2e,44,medium,8628,1,0.024039296433329582,0.15504610538482666,0.07479076087474823,0.41447436809539795,0.0,1
separate_e2e,44,large,8628,2,0.0007586500141769648,0.027543602511286736,0.10270404815673828,0.14010563492774963,0.856038510799408,0
separate_e2e,44,large,8628,0,0.0006766697042621672,0.026012875139713287,0.08436772227287292,0.287064790725708,0.7349448204040527,1
separate_e2e,44,large,8628,3,0.0003034217224922031,0.017419004812836647,0.03648972511291504,0.06439077854156494,0.9199386835098267,1
separate_e2e,44,large,5314,0,0.0007693849038332701,0.02773778885602951,0.01350325345993042,0.018067702651023865,0.9132294058799744,0
separate_e2e,44,medium,8292,1,0.00021166683291085064,0.014548773877322674,0.030427400022745132,0.42656347155570984,0.5934668183326721,0
separate_e2e,44,small,8292,2,0.000359560624929145,0.018962083384394646,0.09218944609165192,1.8316502571105957,0.2735746204853058,0
separate_e2e,44,small,8292,3,0.00014731094415765256,0.012137171812355518,0.07322246581315994,1.858273983001709,0.2742118835449219,0
separate_e2e,44,small,8292,4,8.916597289498895e-05,0.009442773647606373,0.026626618579030037,1.270603060722351,0.38394156098365784,0
separate_e2e,44,medium,8292,0,0.0002686952066142112,0.016391925513744354,0.019477322697639465,0.25562071800231934,0.6473096013069153,0
separate_e2e,44,small,8292,5,0.0016411076067015529,0.04051058739423752,0.1131240725517273,7.070259094238281,0.02763262949883938,0
separate_e2e,44,large,8338,0,5.6375454732915387e-05,0.007508358918130398,0.07705587148666382,0.13381367921829224,0.873630166053772,0
separate_e2e,44,large,6949,0,5.792114825453609e-05,0.007610594388097525,0.018483519554138184,0.02235771156847477,0.9752055406570435,0
separate_e2e,44,large,7154,0,0.0008404734544456005,0.02899092063307762,0.025928348302841187,0.04120447486639023,0.8380365967750549,1
separate_e2e,44,large,5940,3,7.137819920899346e-05,0.008448561653494835,0.030449390411376953,0.058054082095623016,0.9150707125663757,1
separate_e2e,44,large,5940,5,0.00015981754404492676,0.01264189649373293,0.023605704307556152,0.06121554225683212,0.8597946763038635,1
separate_e2e,44,large,5940,4,0.0005794685566797853,0.024072153493762016,0.054481327533721924,0.21128495037555695,0.7575756907463074,1
separate_e2e,44,large,5940,1,5.732413046644069e-05,0.007571270223706961,0.046240419149398804,0.09465557336807251,0.9004306793212891,1
separate_e2e,44,large,5940,0,0.0001815988653106615,0.013475862331688404,0.027042090892791748,0.04114927351474762,0.9312243461608887,1
separate_e2e,44,large,5940,2,5.538516415981576e-05,0.007442120928317308,0.021442875266075134,0.07178424298763275,0.9293328523635864,1
separate_e2e,44,large,851,1,0.0005924735451117158,0.024340778589248657,0.08097657561302185,0.2661641240119934,0.7653498649597168,1
separate_e2e,44,large,851,0,1.4643987924500834e-05,0.0038267464842647314,0.10866954922676086,0.2228061854839325,0.8118165135383606,0
separate_e2e,44,medium,2047,0,0.005135624203830957,0.0716632679104805,0.09071534126996994,0.6151180267333984,0.25898826122283936,0
separate_e2e,44,medium,6404,0,4.996579446014948e-05,0.0070686484687030315,0.01891360431909561,0.1864360272884369,0.7799038887023926,0
separate_e2e,44,large,7536,1,0.004648020025342703,0.06817638874053955,0.11784914135932922,0.2214769423007965,0.7181165814399719,1
separate_e2e,44,large,7536,0,1.5456165783689357e-05,0.0039314329624176025,0.007052183151245117,0.013773794285953045,0.9781826734542847,0
separate_e2e,44,large,8252,0,0.0001230256602866575,0.011091693304479122,0.02158147096633911,0.030410591512918472,0.9627700448036194,0
separate_e2e,44,large,1206,0,0.0009542630286887288,0.03089114837348461,0.036782145500183105,0.11387494951486588,0.7983989715576172,1
separate_e2e,44,large,1206,1,0.0001798784069251269,0.013411875814199448,0.04963523894548416,0.2060820758342743,0.798748254776001,0
separate_e2e,44,large,4121,1,0.00027000816771760583,0.01643192581832409,0.021837741136550903,0.0750669538974762,0.8803548216819763,1
separate_e2e,44,large,4121,0,6.397524703061208e-05,0.0079984525218606,0.04707629978656769,0.22782649099826813,0.7797006964683533,1
separate_e2e,44,medium,4121,2,0.00016581109957769513,0.012876765802502632,0.05702891945838928,0.32017865777015686,0.7431040406227112,0
separate_e2e,44,small,4857,4,5.3291361837182194e-05,0.007300093304365873,0.023664694279432297,0.37867826223373413,0.7069680094718933,1
separate_e2e,44,medium,4857,2,8.165769395418465e-05,0.009036464616656303,0.0376465879380703,0.2459874451160431,0.7064894437789917,1
separate_e2e,44,large,4857,13,0.005222843028604984,0.07226923853158951,0.17555704712867737,0.409820556640625,0.6874406337738037,1
separate_e2e,44,small,4857,3,0.00012206038809381425,0.011048094369471073,0.014864742755889893,0.36890608072280884,0.6198036074638367,1
separate_e2e,44,large,4857,0,0.00017744071374181658,0.013320687226951122,0.06670418381690979,0.18594574928283691,0.8387578129768372,1
separate_e2e,44,large,4857,12,0.0012499274453148246,0.035354312509298325,0.06393912434577942,0.11479733884334564,0.802804708480835,1
separate_e2e,44,medium,4857,9,0.0017381104407832026,0.0416906513273716,0.06142663210630417,0.4866311252117157,0.3848855495452881,0
separate_e2e,44,medium,4857,8,1.6216339645325206e-05,0.0040269517339766026,0.07644306123256683,0.5369649529457092,0.5307851433753967,0
separate_e2e,44,small,4857,10,0.00023383635561913252,0.015291708521544933,0.008756019175052643,0.17455920577049255,0.5019888281822205,1
separate_e2e,44,large,4857,11,0.0005206569330766797,0.022817907854914665,0.029581010341644287,0.06204116344451904,0.8459628820419312,0
separate_e2e,44,large,4857,6,0.00014786844258196652,0.01216011680662632,0.05521783232688904,0.1161285787820816,0.8701689839363098,0
separate_e2e,44,large,4857,1,0.00011697242007358,0.010815379209816456,0.053720623254776,0.12265847623348236,0.888075590133667,1
separate_e2e,44,medium,4857,14,1.400381552230101e-05,0.0037421672604978085,0.054375991225242615,0.1927238255739212,0.8164834976196289,1
separate_e2e,44,small,4857,5,8.356632315553725e-05,0.009141461923718452,0.00909372791647911,0.17198199033737183,0.6688476204872131,1
separate_e2e,44,medium,4857,7,0.0010024970397353172,0.0316622331738472,0.06883598864078522,0.3973971903324127,0.6119753122329712,0
separate_e2e,44,medium,3759,3,1.1029536835849285e-05,0.0033210746478289366,0.01083366572856903,0.051397211849689484,0.9407010078430176,0
separate_e2e,44,large,3759,1,3.5028482670895755e-05,0.005918486509472132,0.022405222058296204,0.07291777431964874,0.9245558381080627,1
separate_e2e,44,large,3759,2,6.816305540269241e-05,0.008256091736257076,0.027885109186172485,0.06103169173002243,0.936427891254425,1
separate_e2e,44,large,3759,0,0.00011297193850623444,0.01062882598489523,0.01504334807395935,0.033216655254364014,0.9025771021842957,1
separate_e2e,44,large,5057,0,0.0003935708664357662,0.019838619977235794,0.04847845435142517,0.09033055603504181,0.8964862823486328,0
separate_e2e,44,large,5057,1,0.0006047895294614136,0.02459246851503849,0.03581511974334717,0.1092497780919075,0.8608723282814026,1
separate_e2e,44,medium,5057,2,2.3009430151432753e-05,0.004796814639121294,0.007773369550704956,0.042309924960136414,0.9377860426902771,0
separate_e2e,44,large,6296,2,0.00029677432030439377,0.017227139323949814,0.05879226326942444,0.13009533286094666,0.8844252228736877,1
separate_e2e,44,large,6296,1,5.620440424536355e-05,0.007496959529817104,0.011081546545028687,0.018851451575756073,0.9483314156532288,1
separate_e2e,44,large,6296,0,0.0004415690782479942,0.021013544872403145,0.021809369325637817,0.07818029820919037,0.8456206917762756,1
separate_e2e,44,large,3351,0,2.9974868084536865e-05,0.0054749310947954655,0.015384018421173096,0.025109251961112022,0.9648097157478333,1
separate_e2e,44,large,3673,0,1.0660409316187724e-05,0.0032650281209498644,0.012861490249633789,0.022251270711421967,0.9781219363212585,0
separate_e2e,44,large,3673,1,6.243740790523589e-05,0.007901734672486782,0.033121705055236816,0.08640750497579575,0.9198005795478821,0
separate_e2e,44,medium,3330,1,5.345874888007529e-05,0.007311549037694931,0.012996762990951538,0.0677727609872818,0.875044047832489,1
separate_e2e,44,large,3330,0,0.0001276693365070969,0.011299085803329945,0.012973785400390625,0.047024041414260864,0.9197769165039062,0
separate_e2e,44,large,3838,3,0.00021585958893410861,0.014692161232233047,0.028188496828079224,0.09970244020223618,0.8951786756515503,1
separate_e2e,44,large,3838,2,4.125363193452358e-05,0.006422899197787046,0.01526215672492981,0.02782539650797844,0.9519797563552856,1
separate_e2e,44,large,3838,0,0.00011124572483822703,0.010547309182584286,0.0317557156085968,0.07399387657642365,0.9249677062034607,1
separate_e2e,44,medium,3838,4,0.0009386669262312353,0.030637672170996666,0.14136821031570435,0.8832479119300842,0.49106696248054504,1
separate_e2e,44,large,3838,1,0.00015183180221356452,0.01232200488448143,0.03194594383239746,0.07961829751729965,0.9202550053596497,1
separate_e2e,44,medium,3838,5,0.0003832447691820562,0.01957663893699646,0.04849446564912796,0.5013710260391235,0.6023339033126831,1
separate_e2e,44,large,6759,0,0.00019095874449703842,0.01381878275424242,0.0240933895111084,0.030972622334957123,0.9477753639221191,0
separate_e2e,44,medium,1532,3,0.0007766713388264179,0.02786882407963276,0.05884435772895813,0.40269771218299866,0.5159180164337158,0
separate_e2e,44,medium,1532,0,8.126198372337967e-05,0.009014543145895004,0.026950933039188385,0.1654650717973709,0.8067455887794495,1
separate_e2e,44,small,1532,6,9.031018998939544e-05,0.009503167122602463,0.03067740797996521,0.9134289026260376,0.518555223941803,0
separate_e2e,44,medium,1532,7,0.0005180452717468143,0.022760607302188873,0.0778677761554718,0.39695727825164795,0.7012951374053955,1
separate_e2e,44,small,1532,9,0.00041024459642358124,0.02025449648499489,0.024721182882785797,0.31477653980255127,0.5879218578338623,1
separate_e2e,44,small,1532,5,0.00019744894234463573,0.014051652513444424,0.04961569607257843,1.0789189338684082,0.3994778096675873,0
separate_e2e,44,medium,1532,8,0.00018537099822424352,0.01361510157585144,0.05300875008106232,0.4475775361061096,0.5588701367378235,1
separate_e2e,44,medium,1532,4,3.212396040908061e-05,0.005667800083756447,0.012696966528892517,0.13330453634262085,0.8594930768013,0
separate_e2e,44,small,1532,1,0.00017065250722225755,0.013063403777778149,0.04458367079496384,0.6527587175369263,0.5166388154029846,1
separate_e2e,44,medium,1532,2,0.00027081475127488375,0.016456449404358864,0.013823777437210083,0.1142413318157196,0.7463715672492981,0
separate_e2e,44,large,3886,0,0.00019479665206745267,0.013956957496702671,0.00868082046508789,0.015862315893173218,0.9372013807296753,0
separate_e2e,44,large,3335,4,0.0018760488601401448,0.04331338033080101,0.04787176847457886,0.1489710956811905,0.6847375631332397,1
separate_e2e,44,medium,3335,0,0.00022490837727673352,0.014996945858001709,0.008546307682991028,0.04064922034740448,0.8490084409713745,1
separate_e2e,44,large,3335,3,0.00040877287392504513,0.020218132063746452,0.06506958603858948,0.1180248111486435,0.8753889203071594,1
separate_e2e,44,medium,3335,6,0.0005261572659946978,0.022938117384910583,0.0745876207947731,0.4800611138343811,0.6710467338562012,1
separate_e2e,44,medium,3335,2,0.019101383164525032,0.13820774853229523,0.12686848640441895,0.7736142873764038,0.0,1
separate_e2e,44,large,3335,1,0.00017340757767669857,0.013168430887162685,0.05590258538722992,0.28102773427963257,0.7066198587417603,1
separate_e2e,44,large,3335,5,0.005574656650424004,0.07466362416744232,0.1500423401594162,0.5193328857421875,0.4467221200466156,0
separate_e2e,44,large,5065,0,2.877306360460352e-05,0.005364052951335907,0.05305838584899902,0.07181240618228912,0.9320458769798279,0
separate_e2e,44,large,5253,0,2.4300472432514653e-05,0.004929550923407078,0.015575230121612549,0.024287883192300797,0.9749521017074585,0
separate_e2e,44,large,4281,0,0.0007649791659787297,0.027658257633447647,0.012230634689331055,0.02132871374487877,0.8809307217597961,0
separate_e2e,44,medium,4281,1,0.0007304918253794312,0.027027612552046776,0.005615681409835815,0.051142193377017975,0.6479616165161133,1
separate_e2e,44,large,1758,1,0.0028741841670125723,0.05361142009496689,0.02822476625442505,0.04553152248263359,0.8544933199882507,1
separate_e2e,44,large,1758,0,0.024567872285842896,0.1567414253950119,0.04989081621170044,0.2334168553352356,0.05108923465013504,0
separate_e2e,44,large,756,0,0.0005520611302927136,0.023495981469750404,0.06942224502563477,0.08950898051261902,0.9073533415794373,0
separate_e2e,44,large,6295,1,0.0003815613454207778,0.019533595070242882,0.02947947382926941,0.1608772724866867,0.7669963836669922,0
separate_e2e,44,large,6295,2,0.00024406702141277492,0.015622644685208797,0.04469195008277893,0.16561830043792725,0.8258357048034668,0
separate_e2e,44,large,6295,0,0.0001378675369778648,0.01174170058220625,0.038147032260894775,0.14250695705413818,0.8449667096138,0
separate_e2e,44,large,9072,0,0.006806456949561834,0.08250125497579575,0.17116928100585938,0.3363953232765198,0.6781062483787537,1
separate_e2e,44,large,9032,1,0.0007579999510198832,0.02753179892897606,0.0240689218044281,0.0641830712556839,0.8289979100227356,0
separate_e2e,44,large,9032,2,0.0003882683231495321,0.019704526290297508,0.03296166658401489,0.09201425313949585,0.8603017926216125,0
separate_e2e,44,medium,9032,0,0.0006728908629156649,0.025940140709280968,0.023626863956451416,0.25723549723625183,0.5185227990150452,0
separate_e2e,44,large,4168,1,0.0005885657155886292,0.024260373786091805,0.024798065423965454,0.095955491065979,0.7832213640213013,1
separate_e2e,44,large,4168,0,3.5716377169592306e-05,0.0059763179160654545,0.035084739327430725,0.09408567100763321,0.8965329527854919,0
separate_e2e,44,large,7691,0,0.0003464682959020138,0.018613658845424652,0.036532700061798096,0.05980141460895538,0.9348278045654297,0
separate_e2e,44,large,140,1,0.0008842592360451818,0.02973649650812149,0.04230034351348877,0.05965820327401161,0.8674939870834351,0
separate_e2e,44,large,140,0,0.008802028372883797,0.09381912648677826,0.08699707686901093,0.1824851930141449,0.6711216568946838,0
separate_e2e,44,medium,6855,2,4.889151568931993e-06,0.0022111425641924143,0.038706518709659576,0.1803654134273529,0.8215405941009521,1
separate_e2e,44,medium,6855,1,0.00013032343122176826,0.011415928602218628,0.029025904834270477,0.22767911851406097,0.7742190957069397,1
separate_e2e,44,large,6855,0,0.004899975843727589,0.0699998289346695,0.02840501070022583,0.03701574355363846,0.8195077180862427,0
separate_e2e,44,large,2063,0,0.00023911305470392108,0.015463280491530895,0.06873318552970886,0.14621850848197937,0.8225004076957703,0
separate_e2e,44,medium,2063,2,0.0020092155318707228,0.0448242723941803,0.114967942237854,1.0497087240219116,0.4744707942008972,1
separate_e2e,44,large,2063,4,0.0013799188891425729,0.03714726120233536,0.05183751881122589,0.18458512425422668,0.7331964373588562,1
separate_e2e,44,large,2063,6,0.0017752685816958547,0.042133934795856476,0.046746253967285156,0.19353152811527252,0.644030749797821,1
separate_e2e,44,medium,2063,1,0.00035030985600315034,0.018716566264629364,0.016897864639759064,0.12668433785438538,0.7515241503715515,1
separate_e2e,44,medium,2063,3,0.0010888406541198492,0.03299758583307266,0.029083922505378723,0.20373448729515076,0.5272052884101868,1
separate_e2e,44,large,2063,5,0.0006105537759140134,0.024709386751055717,0.02408754825592041,0.0719594955444336,0.8473177552223206,1
separate_e2e,44,large,9776,1,0.022686073556542397,0.15061897039413452,0.03719988465309143,0.07783292979001999,0.5460309982299805,0
separate_e2e,44,large,9776,2,0.0003529576933942735,0.018787167966365814,0.06599803268909454,0.22846223413944244,0.7619829773902893,1
separate_e2e,44,large,9776,0,0.0010599498637020588,0.03255687281489372,0.037119895219802856,0.12888213992118835,0.7916776537895203,1
separate_e2e,44,large,2129,1,0.0031314059160649776,0.05595896765589714,0.08857689797878265,0.3617570698261261,0.5847399234771729,0
separate_e2e,44,large,2129,2,0.0020778810139745474,0.045583780854940414,0.06341177225112915,0.21391230821609497,0.6722062230110168,0
separate_e2e,44,large,2129,0,0.0004697499971371144,0.021673716604709625,0.011323556303977966,0.054425306618213654,0.7800632119178772,0
separate_e2e,44,large,2129,3,0.000807531934697181,0.028417106717824936,0.028675168752670288,0.07985709607601166,0.8412768840789795,0
separate_e2e,44,large,6348,1,0.00026802608044818044,0.016371501609683037,0.04078030586242676,0.07048570364713669,0.8971204161643982,0
separate_e2e,44,medium,6348,0,0.00022782699670642614,0.015093939378857613,0.0736284852027893,0.23938125371932983,0.7704719305038452,0
separate_e2e,44,small,2940,1,0.0001757913560140878,0.013258633203804493,0.04255411773920059,0.7283039689064026,0.482651025056839,0
separate_e2e,44,large,2940,0,0.000673779402859509,0.02595726028084755,0.014410793781280518,0.02725052274763584,0.8225542306900024,0
separate_e2e,44,small,2940,2,0.00010786688653752208,0.010385898873209953,0.06261436641216278,1.2643086910247803,0.37620866298675537,0
separate_e2e,44,large,2940,6,4.355114469944965e-06,0.002086891094222665,0.005375504493713379,0.008306805044412613,0.9888458251953125,1
separate_e2e,44,small,2940,3,4.6158922486938536e-05,0.006794035900384188,0.013991478830575943,0.21509313583374023,0.7364176511764526,0
separate_e2e,44,medium,2940,5,0.00024369249877054244,0.015610652975738049,0.044887542724609375,0.2765975296497345,0.7739482522010803,0
separate_e2e,44,medium,2940,4,1.1602023732848465e-05,0.003406174248084426,0.010816279798746109,0.17983606457710266,0.827802300453186,0
separate_e2e,44,large,4100,0,0.0007880189223214984,0.028071675449609756,0.016937702894210815,0.04791312292218208,0.8017552495002747,0
separate_e2e,44,large,2953,1,2.75991769740358e-05,0.005253491923213005,0.06297142803668976,0.1506686955690384,0.8558247089385986,0
separate_e2e,44,large,2953,3,0.00013383010809775442,0.011568496003746986,0.022008508443832397,0.0431133508682251,0.946113109588623,0
separate_e2e,44,large,2953,2,0.0018532425165176392,0.04304930195212364,0.08558939397335052,0.20323438942432404,0.7996301054954529,0
separate_e2e,44,large,2953,0,1.0868463505175896e-05,0.003296735230833292,0.03147116303443909,0.07611269503831863,0.8978137373924255,0
separate_e2e,44,medium,2953,4,0.00031896529253572226,0.017859598621726036,0.012071594595909119,0.07968287169933319,0.7605077028274536,0
separate_e2e,44,medium,8933,1,0.0004069464630447328,0.02017291449010372,0.03746214509010315,0.35578134655952454,0.6024662852287292,0
separate_e2e,44,large,8933,0,0.002569597214460373,0.05069119483232498,0.13699185848236084,0.4096285104751587,0.6831586956977844,0
separate_e2e,44,medium,8933,2,0.0011449168669059873,0.033836621791124344,0.05878061056137085,0.45682358741760254,0.5433971285820007,0
separate_e2e,44,large,763,0,3.2618961995467544e-05,0.005711301229894161,0.04388737678527832,0.13734498620033264,0.8732166290283203,0
separate_e2e,44,medium,754,0,0.001045081065967679,0.032327715307474136,0.023763522505760193,0.10092560201883316,0.7399275898933411,0
separate_e2e,44,small,754,1,0.00017677171854302287,0.0132955526933074,0.011015832424163818,0.2302478402853012,0.5764095187187195,0
separate_e2e,44,medium,754,2,0.0005727897514589131,0.02393302693963051,0.14397290349006653,1.2378051280975342,0.44143205881118774,0
separate_e2e,44,small,754,3,5.426656571216881e-05,0.007366584613919258,0.013077180832624435,0.21777157485485077,0.7238782048225403,1
separate_e2e,44,large,9942,1,2.6386305762571283e-05,0.005136760417371988,0.03344792127609253,0.0424342006444931,0.9583128690719604,1
separate_e2e,44,large,9942,0,0.00037803195300512016,0.019443044438958168,0.05310356616973877,0.12064548581838608,0.8384109139442444,1
separate_e2e,44,large,9942,2,3.336325607961044e-05,0.00577609334141016,0.009614348411560059,0.018148738890886307,0.9728536009788513,1
separate_e2e,44,large,2567,0,0.000340434315148741,0.018450861796736717,0.015555918216705322,0.018306057900190353,0.9336866736412048,0
separate_e2e,44,large,9869,0,0.00021793873747810721,0.014762748032808304,0.012876927852630615,0.016751008108258247,0.9511198997497559,1
separate_e2e,44,large,5579,1,0.00033822175464592874,0.018390806391835213,0.024767011404037476,0.07788756489753723,0.8752797842025757,0
separate_e2e,44,large,5579,0,6.005935574648902e-05,0.007749797310680151,0.015754714608192444,0.060527317225933075,0.9083014130592346,0
separate_e2e,44,large,4464,1,0.00010402695625089109,0.01019936054944992,0.01333242654800415,0.032930970191955566,0.9316102862358093,1
separate_e2e,44,medium,4464,2,0.00011225433263462037,0.010595014318823814,0.02777775004506111,0.3448021411895752,0.6588963866233826,0
separate_e2e,44,large,4464,0,0.00017343813669867814,0.013169591315090656,0.031246185302734375,0.10419700294733047,0.8584647178649902,0
separate_e2e,44,medium,4020,1,2.93581688310951e-05,0.00541831785812974,0.035825565457344055,0.5000904202461243,0.6495630741119385,1
separate_e2e,44,large,4020,2,6.620231579290703e-05,0.008136480115354061,0.023654669523239136,0.07338803261518478,0.9307503700256348,0
separate_e2e,44,large,4020,0,0.0005865461425855756,0.024218713864684105,0.03913003206253052,0.1446746587753296,0.8010106682777405,1
separate_e2e,44,large,3116,0,0.007357608061283827,0.08577650040388107,0.18815338611602783,0.23558852076530457,0.7439406514167786,0
separate_e2e,44,medium,865,1,6.883411697344854e-05,0.008296633139252663,0.07327670603990555,0.4621617794036865,0.6311480402946472,1
separate_e2e,44,large,865,7,5.140024222782813e-05,0.00716939615085721,0.018778681755065918,0.05141420289874077,0.9462503790855408,1
separate_e2e,44,small,865,6,0.0003056764544453472,0.017483605071902275,0.04356798157095909,1.6459499597549438,0.313927561044693,0
separate_e2e,44,large,865,8,0.000821746769361198,0.028666125610470772,0.04540383815765381,0.1575327217578888,0.7827816009521484,1
separate_e2e,44,medium,865,5,8.115497621474788e-05,0.00900860596448183,0.024485155940055847,0.17003579437732697,0.815843939781189,1
separate_e2e,44,large,865,0,0.0002916099620051682,0.017076591029763222,0.03243426978588104,0.137756809592247,0.8286493420600891,0
separate_e2e,44,medium,865,2,9.61610785452649e-05,0.009806175716221333,0.02056872844696045,0.09271150827407837,0.8352537751197815,1
separate_e2e,44,large,865,4,0.000485839816974476,0.022041775286197662,0.021437138319015503,0.08021460473537445,0.8102287650108337,1
separate_e2e,44,medium,865,3,0.00031706903246231377,0.017806433141231537,0.08602766692638397,0.4576410949230194,0.6210049986839294,1
separate_e2e,44,medium,2845,2,0.0007293554954230785,0.02700658328831196,0.06774017214775085,0.9059857130050659,0.45288267731666565,0
separate_e2e,44,small,2845,3,0.0006811817293055356,0.02609945833683014,0.120849609375,2.7748284339904785,0.17616666853427887,0
separate_e2e,44,large,2845,1,0.0005966766620986164,0.024426965042948723,0.06258957087993622,0.2600414454936981,0.7041041254997253,0
separate_e2e,44,small,2845,4,0.00022729282500222325,0.015076234005391598,0.11679081618785858,2.6891167163848877,0.19357159733772278,0
separate_e2e,44,small,2845,5,0.0001295454567298293,0.011381804011762142,0.13069039583206177,3.1137213706970215,0.15609830617904663,0
separate_e2e,44,small,2845,0,0.0006990066030994058,0.02643873356282711,0.03375047445297241,0.7592644691467285,0.3182300329208374,0
separate_e2e,44,large,9537,1,0.0006913858815096319,0.026294218376278877,0.03824949264526367,0.05991648882627487,0.911278486251831,0
separate_e2e,44,small,9537,0,0.010159839875996113,0.10079602897167206,0.026361096650362015,0.3331487774848938,0.05247597396373749,1
separate_e2e,44,large,5146,3,0.00012798543320968747,0.011313064955174923,0.027796149253845215,0.17447970807552338,0.8514090180397034,0
separate_e2e,44,large,5146,6,0.001134529011324048,0.033682771027088165,0.055634915828704834,0.11149711906909943,0.868905246257782,1
separate_e2e,44,large,5146,1,4.098448698641732e-05,0.006401912774890661,0.0439988374710083,0.13682080805301666,0.875299870967865,0
separate_e2e,44,large,5146,5,0.00019049644470214844,0.01380204502493143,0.039975300431251526,0.18056869506835938,0.8448989987373352,1
separate_e2e,44,large,5146,0,0.00013766453776042908,0.011733053252100945,0.038003578782081604,0.16007405519485474,0.8334683179855347,0
separate_e2e,44,large,5146,4,0.00011952189379371703,0.010932606644928455,0.03182683885097504,0.13729768991470337,0.877458930015564,0
separate_e2e,44,large,5146,2,0.00010259883129037917,0.010129108093678951,0.024194881319999695,0.0818941593170166,0.9178328514099121,0
separate_e2e,44,large,5146,8,9.792386117624119e-05,0.009895648807287216,0.0426812618970871,0.13956168293952942,0.8747565746307373,1
separate_e2e,44,large,5146,7,4.6538534661522135e-05,0.006821915972977877,0.028125569224357605,0.0654001384973526,0.9008623957633972,1
separate_e2e,44,large,5146,9,0.0002633359399624169,0.01622762903571129,0.04357089102268219,0.1893463432788849,0.8360323309898376,1
separate_e2e,44,small,4585,8,0.0028340716380625963,0.05323600023984909,0.02425972744822502,0.5908952951431274,0.2242134064435959,0
separate_e2e,44,medium,4585,11,0.001233154209330678,0.035116296261548996,0.07377804815769196,1.1258577108383179,0.4168250560760498,0
separate_e2e,44,medium,4585,2,0.0008544956799596548,0.029231758788228035,0.03249254822731018,0.21877366304397583,0.6005524396896362,0
separate_e2e,44,medium,4585,5,0.0004299613065086305,0.02073550783097744,0.0986429899930954,1.1962615251541138,0.41848960518836975,0
separate_e2e,44,medium,4585,4,0.0001389979152008891,0.011789737269282341,0.016881108283996582,0.12353290617465973,0.8229457139968872,0
separate_e2e,44,medium,4585,1,2.488746577000711e-05,0.004988733679056168,0.01727321743965149,0.1337043046951294,0.8700647950172424,0
separate_e2e,44,small,4585,10,0.00492025027051568,0.07014449685811996,0.05811409652233124,1.0493640899658203,0.033032022416591644,0
separate_e2e,44,medium,4585,3,0.0014663749607279897,0.038293275982141495,0.09695592522621155,0.9924391508102417,0.42445144057273865,0
separate_e2e,44,small,4585,9,0.0002691430854611099,0.016405580565333366,0.020287852734327316,0.26323390007019043,0.43591105937957764,0
separate_e2e,44,medium,4585,0,8.303766662720591e-05,0.009112500585615635,0.009931683540344238,0.059051331132650375,0.8488257527351379,0
separate_e2e,44,small,4585,7,7.881817873567343e-05,0.008877960033714771,0.03768862411379814,0.8820912837982178,0.5275839567184448,0
separate_e2e,44,small,4585,6,0.0002348314446862787,0.015324210748076439,0.05780603364109993,0.9916037917137146,0.4476138949394226,0
separate_e2e,44,small,4585,12,0.00010930832650046796,0.010455062612891197,0.09411637485027313,1.870497465133667,0.27499616146087646,0
separate_e2e,44,medium,5239,2,0.00017790685524232686,0.013338172808289528,0.060710519552230835,0.8649371862411499,0.5021516680717468,1
separate_e2e,44,medium,5239,1,0.003256194991990924,0.05706308037042618,0.08186013251543045,1.0862070322036743,0.3172553777694702,1
separate_e2e,44,small,5239,3,0.0003199963248334825,0.017888441681861877,0.07428162544965744,1.3916858434677124,0.3748972713947296,1
separate_e2e,44,large,5239,0,0.00026909055304713547,0.016403980553150177,0.04193559288978577,0.09905602782964706,0.879817545413971,1
separate_e2e,44,large,3145,0,2.4249691705335863e-05,0.004924397449940443,0.1316353678703308,0.19229917228221893,0.8322717547416687,1
separate_e2e,44,large,3145,1,0.00034928080276586115,0.018689054995775223,0.05197259783744812,0.09599753469228745,0.8979927897453308,1
separate_e2e,44,medium,2520,3,4.1661998693598434e-05,0.0064546107314527035,0.029872357845306396,0.0933111384510994,0.8221021294593811,1
separate_e2e,44,small,2520,1,0.00022072478896006942,0.014856809750199318,0.08014574646949768,1.3604841232299805,0.3564184308052063,0
separate_e2e,44,medium,2520,0,7.922468648757786e-05,0.008900824934244156,0.04066648334264755,0.17767798900604248,0.7888444662094116,0
separate_e2e,44,small,2520,2,6.016468978486955e-05,0.007756589911878109,0.031031284481287003,0.4402431845664978,0.6492765545845032,0
separate_e2e,44,medium,2520,4,9.92460991255939e-06,0.0031503348145633936,0.04749048501253128,0.3341434597969055,0.7360159754753113,1
separate_e2e,44,large,7256,0,0.00023255906125996262,0.015249887481331825,0.038707733154296875,0.1715116798877716,0.8388981819152832,0
separate_e2e,44,large,7256,1,9.249800496036187e-05,0.009617588482797146,0.04488946497440338,0.19541648030281067,0.8345441818237305,1
separate_e2e,44,large,7256,2,0.00018816598458215594,0.01371736079454422,0.03986917436122894,0.0871688723564148,0.7582316398620605,1
